,ground_truth,prediction
0,0.05740741,0.049505264
1,0.060493827,0.05212955
2,0.04197531,0.053231016
3,0.052469134,0.06637005
4,0.044444446,0.052079674
5,0.061728396,0.054498084
6,0.05617284,0.041189164
7,0.06666667,0.051168814
8,0.07777778,0.070148215
9,0.05185185,0.053372487
10,0.045679014,0.050741777
11,0.055555556,0.048602752
12,0.05,0.044639762
13,0.048765432,0.05962684
14,0.05617284,0.058316197
15,0.03888889,0.061610967
16,0.038271606,0.04372485
17,0.04197531,0.057528008
18,0.05493827,0.059375137
19,0.05308642,0.05338767
20,0.0654321,0.06276345
21,0.04506173,0.06028992
22,0.033950616,0.05198746
23,0.08765432,0.071595356
24,0.11851852,0.070510395
25,0.05185185,0.06452548
26,0.04382716,0.047762573
27,0.033333335,0.05417298
28,0.06851852,0.08005727
29,0.06481481,0.058384873
30,0.047530863,0.04520259
31,0.05,0.05704297
32,0.03580247,0.06584061
33,0.075925924,0.06569532
34,0.052469134,0.0608726
35,0.087037034,0.056658138
36,0.050617285,0.055579573
37,0.05123457,0.04013154
38,0.05740741,0.051930547
39,0.047530863,0.053038627
40,0.048148148,0.046660896
41,0.07530864,0.06771569
42,0.06975309,0.062408075
43,0.042592593,0.052788164
44,0.05185185,0.056213193
45,0.038271606,0.05759619
46,0.047530863,0.052681953
47,0.0345679,0.04469139
48,0.035185184,0.0646539
49,0.09197531,0.062914096
50,0.061728396,0.033202797
51,0.07037037,0.06433776
52,0.07654321,0.061853684
53,0.05,0.048146516
54,0.038271606,0.054551244
55,0.04506173,0.06185837
56,0.07777778,0.07391332
57,0.06111111,0.040605806
58,0.043209877,0.07242531
59,0.042592593,0.059001923
60,0.033950616,0.063058876
61,0.058641974,0.055843167
62,0.037037037,0.049038514
63,0.07962963,0.07479946
64,0.1,0.08325822
65,0.053703703,0.051114045
66,0.049382716,0.058826014
67,0.04382716,0.057426535
68,0.032098766,0.054201327
69,0.061728396,0.055074323
70,0.05185185,0.049401097
71,0.04197531,0.06563426
72,0.11234568,0.08660155
73,0.062962964,0.06230694
74,0.063580245,0.039672554
75,0.052469134,0.053444713
76,0.098148145,0.06383684
77,0.04074074,0.055414736
78,0.055555556,0.042788222
79,0.05,0.06250658
80,0.058641974,0.047152482
81,0.048765432,0.045205086
82,0.054320987,0.039024495
83,0.047530863,0.05331429
84,0.03888889,0.06529629
85,0.05740741,0.061482556
86,0.06728395,0.065819114
87,0.055555556,0.053561345
88,0.04197531,0.060736015
89,0.039506175,0.071453795
90,0.083333336,0.069762304
91,0.060493827,0.061619516
92,0.07160494,0.077546164
93,0.046296295,0.0486283
94,0.06234568,0.06298387
95,0.04382716,0.052707516
96,0.046296295,0.046228062
97,0.040123455,0.061506644
98,0.046296295,0.045412347
99,0.05185185,0.053128004
100,0.040123455,0.05694467
101,0.03580247,0.053133838
102,0.046296295,0.060671873
103,0.044444446,0.049807847
104,0.043209877,0.053266086
105,0.043209877,0.055710733
106,0.05802469,0.05543351
107,0.045679014,0.040820986
108,0.050617285,0.056374393
109,0.04074074,0.051709443
110,0.048765432,0.046679936
111,0.07160494,0.05772735
112,0.046296295,0.055950314
113,0.05740741,0.046949692
114,0.041358024,0.055764183
115,0.045679014,0.055163488
116,0.07160494,0.06404209
117,0.04506173,0.05095268
118,0.049382716,0.061443992
119,0.056790125,0.0491828
120,0.053703703,0.05581048
121,0.04691358,0.05952982
122,0.04691358,0.04855708
123,0.097530864,0.09487413
124,0.04382716,0.053775154
125,0.06975309,0.06273279
126,0.048765432,0.06383565
127,0.044444446,0.052870587
128,0.05740741,0.04064949
129,0.06234568,0.059781685
130,0.05802469,0.051815383
131,0.048765432,0.06213449
132,0.07098766,0.0577721
133,0.05802469,0.051071584
134,0.12407407,0.07543012
135,0.052469134,0.06477054
136,0.053703703,0.060346864
137,0.05617284,0.059776172
138,0.03765432,0.05022767
139,0.06851852,0.050347015
140,0.03765432,0.058388487
141,0.059876543,0.060126513
142,0.042592593,0.052159134
143,0.05308642,0.04944644
144,0.072222225,0.079374194
145,0.055555556,0.051162906
146,0.0654321,0.06513052
147,0.0654321,0.046350226
148,0.048765432,0.05470676
149,0.045679014,0.04563699
150,0.053703703,0.03140852
151,0.04506173,0.051138982
152,0.05185185,0.06599702
153,0.041358024,0.04457341
154,0.1425926,0.10300599
155,0.058641974,0.05482783
156,0.05493827,0.056122668
157,0.043209877,0.064655945
158,0.04506173,0.050199956
159,0.0654321,0.055160135
160,0.04382716,0.04987178
161,0.048148148,0.05684957
162,0.04382716,0.047868177
163,0.07777778,0.06785761
164,0.05617284,0.04522538
165,0.07901235,0.06614733
166,0.05123457,0.057924807
167,0.06419753,0.045493223
168,0.05123457,0.054994673
169,0.05,0.057974145
170,0.084567904,0.0779915
171,0.036419753,0.06067735
172,0.05925926,0.04929223
173,0.045679014,0.057045907
174,0.063580245,0.06648022
175,0.05,0.061267763
176,0.05123457,0.04718609
177,0.04506173,0.070816055
178,0.052469134,0.058075085
179,0.05617284,0.046420738
180,0.05123457,0.04047601
181,0.056790125,0.05213506
182,0.05802469,0.036785364
183,0.036419753,0.048847467
184,0.042592593,0.0570241
185,0.049382716,0.04916744
186,0.05617284,0.048898786
187,0.050617285,0.041204162
188,0.052469134,0.055639163
189,0.08888889,0.098009154
190,0.046296295,0.04980183
191,0.05123457,0.06615229
192,0.05617284,0.052158207
193,0.06111111,0.04272233
194,0.046296295,0.0551944
195,0.061728396,0.06594664
196,0.05617284,0.06647015
197,0.05,0.06898066
198,0.040123455,0.05912006
199,0.038271606,0.05573617
200,0.07160494,0.053405676
201,0.043209877,0.061711267
202,0.05185185,0.06313129
203,0.047530863,0.052712634
204,0.058641974,0.038486697
205,0.048765432,0.046436675
206,0.049382716,0.059992097
207,0.052469134,0.048112873
208,0.04382716,0.057015494
209,0.059876543,0.042898424
210,0.04506173,0.04853961
211,0.053703703,0.051818952
212,0.084567904,0.06984818
213,0.05802469,0.051536594
214,0.055555556,0.043914407
215,0.046296295,0.05134453
216,0.048148148,0.044152357
217,0.044444446,0.04727967
218,0.040123455,0.06461495
219,0.05308642,0.052706905
220,0.048148148,0.049050473
221,0.04382716,0.05519218
222,0.05,0.053290583
223,0.19197531,0.10533452
224,0.06851852,0.064003564
225,0.04691358,0.046527423
226,0.06790123,0.0649738
227,0.048148148,0.05389205
228,0.037037037,0.057142965
229,0.03580247,0.06398894
230,0.049382716,0.052100636
231,0.046296295,0.05641307
232,0.055555556,0.052054595
233,0.053703703,0.055742867
234,0.060493827,0.05512122
235,0.06111111,0.041152984
236,0.050617285,0.055519097
237,0.04197531,0.051204316
238,0.055555556,0.045469403
239,0.048148148,0.059364945
240,0.054320987,0.04160236
241,0.04074074,0.06411825
242,0.05123457,0.05732485
243,0.03765432,0.036662757
244,0.049382716,0.054554403
245,0.04197531,0.055995114
246,0.055555556,0.053640183
247,0.056790125,0.044768207
248,0.050617285,0.04895463
249,0.07716049,0.065039575
250,0.072839506,0.067688055
251,0.04382716,0.05427157
252,0.035185184,0.05783204
253,0.04691358,0.050194457
254,0.044444446,0.059469216
255,0.05493827,0.06491963
256,0.05740741,0.053757966
257,0.07160494,0.061959237
258,0.041358024,0.06117624
259,0.043209877,0.05799067
260,0.04074074,0.049747005
261,0.05,0.05452177
262,0.031481482,0.07514223
263,0.041358024,0.048317097
264,0.047530863,0.03425792
265,0.056790125,0.054111436
266,0.07160494,0.08327931
267,0.086419754,0.07105902
268,0.084567904,0.07807015
269,0.10123457,0.1098297
270,0.039506175,0.06765984
271,0.03765432,0.053649515
272,0.03888889,0.059544593
273,0.07530864,0.07294841
274,0.03580247,0.054400563
275,0.05185185,0.05352301
276,0.060493827,0.04218577
277,0.061728396,0.053744566
278,0.039506175,0.057627756
279,0.050617285,0.05445189
280,0.06111111,0.05771713
281,0.044444446,0.06610869
282,0.055555556,0.059546076
283,0.06604938,0.061625265
284,0.05617284,0.05659546
285,0.04382716,0.053312488
286,0.04197531,0.053185605
287,0.047530863,0.03917671
288,0.046296295,0.053421505
289,0.04691358,0.053592786
290,0.060493827,0.051922455
291,0.04506173,0.053522557
292,0.10246914,0.061251536
293,0.047530863,0.05235689
294,0.09012346,0.07382927
295,0.06604938,0.07276375
296,0.056790125,0.058884848
297,0.045679014,0.05451171
298,0.044444446,0.05138988
299,0.058641974,0.05542571
300,0.03765432,0.058292523
301,0.05123457,0.059748277
302,0.050617285,0.05601488
303,0.06419753,0.06831216
304,0.04074074,0.063380115
305,0.043209877,0.04870405
306,0.12530865,0.08044483
307,0.0691358,0.05647869
308,0.05,0.046086926
309,0.07962963,0.05176071
310,0.058641974,0.06802381
311,0.0345679,0.065772854
312,0.048765432,0.048289344
313,0.074691355,0.08237068
314,0.054320987,0.06019284
315,0.058641974,0.054847766
316,0.054320987,0.051308356
317,0.08024691,0.08091892
318,0.05925926,0.059830554
319,0.043209877,0.036353067
320,0.044444446,0.05337423
321,0.054320987,0.05442778
322,0.11111111,0.047727592
323,0.022839507,0.06771041
324,0.05123457,0.05949355
325,0.048148148,0.042754337
326,0.047530863,0.05631349
327,0.038271606,0.06968484
328,0.060493827,0.0730454
329,0.043209877,0.06091109
330,0.046296295,0.058964256
331,0.08395062,0.07490283
332,0.0691358,0.0578952
333,0.06790123,0.05776669
334,0.048148148,0.05833885
335,0.05740741,0.041164413
336,0.052469134,0.053136528
337,0.050617285,0.055968843
338,0.03888889,0.06490582
339,0.03765432,0.05012496
340,0.046296295,0.061289623
341,0.05925926,0.044604197
342,0.05493827,0.053861964
343,0.07098766,0.06358841
344,0.061728396,0.057242233
345,0.048148148,0.060819507
346,0.053703703,0.05470308
347,0.042592593,0.05836063
348,0.07160494,0.07094514
349,0.06666667,0.05659083
350,0.035185184,0.060247295
351,0.054320987,0.06191361
352,0.072222225,0.06147746
353,0.058641974,0.047711615
354,0.050617285,0.05101321
355,0.054320987,0.063648686
356,0.035185184,0.06307889
357,0.052469134,0.048357673
358,0.056790125,0.06644666
359,0.043209877,0.039399333
360,0.040123455,0.05143914
361,0.06481481,0.0635564
362,0.056790125,0.044643655
363,0.050617285,0.053619333
364,0.053703703,0.039396614
365,0.047530863,0.057270706
366,0.047530863,0.049345657
367,0.05,0.050730795
368,0.052469134,0.05575922
369,0.053703703,0.05972994
370,0.072839506,0.052640587
371,0.053703703,0.053564638
372,0.048148148,0.053974412
373,0.08765432,0.059423782
374,0.048148148,0.059959084
375,0.05308642,0.055717744
376,0.049382716,0.053563587
377,0.08271605,0.07933393
378,0.036419753,0.05620283
379,0.046296295,0.055252835
380,0.04691358,0.046694122
381,0.043209877,0.042275466
382,0.04074074,0.03538377
383,0.055555556,0.04889644
384,0.042592593,0.046583742
385,0.046296295,0.042255543
386,0.05802469,0.06836611
387,0.046296295,0.054648247
388,0.050617285,0.0660964
389,0.058641974,0.053131685
390,0.06481481,0.06428526
391,0.055555556,0.04811299
392,0.047530863,0.04170371
393,0.05925926,0.062311452
394,0.049382716,0.053116024
395,0.03580247,0.07134248
396,0.062962964,0.055405118
397,0.04506173,0.05091571
398,0.0691358,0.06427427
399,0.0654321,0.07425172
400,0.10185185,0.078273416
401,0.05185185,0.047458656
402,0.047530863,0.054349788
403,0.053703703,0.0759227
404,0.06666667,0.048986733
405,0.042592593,0.054566294
406,0.06790123,0.05905683
407,0.045679014,0.050584033
408,0.05185185,0.067186125
409,0.04197531,0.059157446
410,0.08395062,0.06609197
411,0.05185185,0.05434241
412,0.0691358,0.0648842
413,0.058641974,0.04900816
414,0.04197531,0.05754888
415,0.06111111,0.054378465
416,0.05185185,0.05819302
417,0.04382716,0.051366657
418,0.07716049,0.053696636
419,0.048148148,0.056517594
420,0.058641974,0.038373515
421,0.05185185,0.04784293
422,0.045679014,0.05117172
423,0.061728396,0.053676043
424,0.045679014,0.05263108
425,0.05123457,0.042571187
426,0.05617284,0.04727508
427,0.033333335,0.055654034
428,0.039506175,0.05340275
429,0.15061729,0.073364004
430,0.03580247,0.047076292
431,0.050617285,0.06660889
432,0.05,0.05890152
433,0.04382716,0.04278197
434,0.053703703,0.052371614
435,0.058641974,0.06849292
436,0.04197531,0.054305613
437,0.047530863,0.06665054
438,0.040123455,0.056497164
439,0.074691355,0.0669019
440,0.055555556,0.0471307
441,0.04074074,0.056361414
442,0.04382716,0.05428624
443,0.074691355,0.059387445
444,0.046296295,0.05371829
445,0.048765432,0.048513457
446,0.037037037,0.091322534
447,0.06419753,0.078033164
448,0.055555556,0.054412875
449,0.044444446,0.066277914
450,0.1617284,0.08012152
451,0.045679014,0.05868022
452,0.047530863,0.062049285
453,0.05925926,0.05814316
454,0.056790125,0.055000037
455,0.04506173,0.051293805
456,0.04074074,0.062204413
457,0.074074075,0.064422034
458,0.049382716,0.058879547
459,0.05,0.05150222
460,0.046296295,0.046258137
461,0.056790125,0.06264274
462,0.04691358,0.053244166
463,0.058641974,0.054884836
464,0.052469134,0.054026723
465,0.05185185,0.056878865
466,0.049382716,0.053063154
467,0.06604938,0.06039992
468,0.04074074,0.04393792
469,0.050617285,0.04584506
470,0.05123457,0.049719736
471,0.044444446,0.048307322
472,0.041358024,0.059927538
473,0.06419753,0.06548171
474,0.06728395,0.052931413
475,0.05740741,0.049426906
476,0.05123457,0.052500144
477,0.052469134,0.047500655
478,0.041358024,0.0589357
479,0.04691358,0.04944171
480,0.053703703,0.04524859
481,0.054320987,0.053282753
482,0.059876543,0.059688255
483,0.054320987,0.044189483
484,0.05185185,0.052862212
485,0.07777778,0.06899051
486,0.047530863,0.05335599
487,0.06481481,0.06767404
488,0.049382716,0.054141346
489,0.05,0.054653734
490,0.04506173,0.050667576
491,0.048148148,0.05637798
492,0.12469136,0.06530959
493,0.072839506,0.062147804
494,0.05740741,0.044641934
495,0.05493827,0.059498664
496,0.062962964,0.065530375
497,0.05493827,0.038320206
498,0.0654321,0.054377444
499,0.043209877,0.05033534
500,0.12716049,0.06239944
501,0.04197531,0.05786495
502,0.04506173,0.043154158
503,0.052469134,0.041588336
504,0.03888889,0.061529502
505,0.044444446,0.05782587
506,0.044444446,0.06221161
507,0.06604938,0.063766435
508,0.052469134,0.059356153
509,0.062962964,0.050500326
510,0.05185185,0.04781522
511,0.08765432,0.07909418
512,0.048148148,0.055937648
513,0.048765432,0.06305591
514,0.046296295,0.053559475
515,0.041358024,0.04794263
516,0.058641974,0.060750686
517,0.052469134,0.057883106
518,0.045679014,0.057322405
519,0.11111111,0.098004125
520,0.045679014,0.060249463
521,0.05802469,0.04841499
522,0.048765432,0.05377631
523,0.04074074,0.057590738
524,0.04691358,0.058013096
525,0.05925926,0.050381646
526,0.05185185,0.04362771
527,0.045679014,0.05309347
528,0.063580245,0.06500967
529,0.07530864,0.07824331
530,0.07160494,0.058934815
531,0.05308642,0.05047244
532,0.05,0.058153763
533,0.044444446,0.058987774
534,0.06728395,0.06691751
535,0.045679014,0.06540629
536,0.053703703,0.05858158
537,0.053703703,0.049335025
538,0.055555556,0.048079103
539,0.05308642,0.04483036
540,0.05123457,0.056545258
541,0.048148148,0.03761691
542,0.05493827,0.03051836
543,0.04382716,0.06432525
544,0.055555556,0.05915174
545,0.041358024,0.043539472
546,0.043209877,0.049964085
547,0.041358024,0.062037423
548,0.040123455,0.06466772
549,0.06234568,0.048082165
550,0.074691355,0.0745076
551,0.046296295,0.055993482
552,0.06481481,0.059701625
553,0.03888889,0.055854283
554,0.04382716,0.0571454
555,0.04074074,0.053299822
556,0.074691355,0.05347737
557,0.049382716,0.05671207
558,0.06111111,0.037956417
559,0.038271606,0.05007027
560,0.05123457,0.0563429
561,0.07345679,0.05451736
562,0.041358024,0.06307562
563,0.04382716,0.046756662
564,0.047530863,0.046386316
565,0.05802469,0.053803228
566,0.041358024,0.058879085
567,0.045679014,0.05526641
568,0.052469134,0.056732804
569,0.05740741,0.03615603
570,0.048148148,0.04887417
571,0.042592593,0.0569117
572,0.048148148,0.054354712
573,0.03580247,0.057577025
574,0.039506175,0.053613015
575,0.05,0.055302285
576,0.086419754,0.07964257
577,0.097530864,0.0744824
578,0.03765432,0.05098217
579,0.05123457,0.056181174
580,0.05740741,0.056352604
581,0.0691358,0.043810718
582,0.043209877,0.048932582
583,0.052469134,0.03276658
584,0.04691358,0.056670867
585,0.044444446,0.056736223
586,0.07037037,0.05359015
587,0.053703703,0.054846093
588,0.045679014,0.05699581
589,0.046296295,0.060240887
590,0.048148148,0.05990155
591,0.05740741,0.049400836
592,0.042592593,0.04952568
593,0.05123457,0.037927404
594,0.04197531,0.0634371
595,0.04506173,0.048265785
596,0.056790125,0.048129067
597,0.04382716,0.063921124
598,0.042592593,0.040528297
599,0.048765432,0.040733345
600,0.038271606,0.06866146
601,0.05925926,0.049810395
602,0.048148148,0.05620248
603,0.045679014,0.05371368
604,0.049382716,0.05408871
605,0.05123457,0.053444076
606,0.05493827,0.054537266
607,0.06481481,0.06834604
608,0.045679014,0.057070225
609,0.06975309,0.051337656
610,0.059876543,0.062819764
611,0.054320987,0.04609631
612,0.072839506,0.06258345
613,0.050617285,0.049643748
614,0.049382716,0.04711716
615,0.048765432,0.050349627
616,0.16296296,0.12112303
617,0.0691358,0.061218113
618,0.04691358,0.07018358
619,0.048765432,0.056454595
620,0.054320987,0.038872637
621,0.05308642,0.05921229
622,0.05308642,0.058772087
623,0.05,0.06617031
624,0.08148148,0.063182786
625,0.043209877,0.042934127
626,0.06728395,0.07766747
627,0.042592593,0.0608904
628,0.04506173,0.055003703
629,0.045679014,0.058667645
630,0.075925924,0.057697088
631,0.10987654,0.09677169
632,0.043209877,0.05871962
633,0.12160494,0.08021756
634,0.054320987,0.04724677
635,0.07716049,0.069729105
636,0.04197531,0.050148197
637,0.050617285,0.05619964
638,0.09691358,0.06793789
639,0.13148148,0.085872404
640,0.05,0.04614321
641,0.04506173,0.04505696
642,0.046296295,0.053738534
643,0.03765432,0.054002076
644,0.09074074,0.06663662
645,0.052469134,0.059996367
646,0.03580247,0.048957765
647,0.04074074,0.06360793
648,0.043209877,0.057076283
649,0.058641974,0.03768468
650,0.04691358,0.048693642
651,0.049382716,0.06369761
652,0.04691358,0.05128722
653,0.05,0.060120404
654,0.046296295,0.051152922
655,0.044444446,0.051499195
656,0.056790125,0.05704242
657,0.052469134,0.05651994
658,0.052469134,0.038468964
659,0.061728396,0.062218145
660,0.05123457,0.05592577
661,0.048765432,0.05409339
662,0.056790125,0.045727126
663,0.05493827,0.047168948
664,0.049382716,0.05855065
665,0.06419753,0.05135171
666,0.048148148,0.03697408
667,0.041358024,0.048781835
668,0.056790125,0.054673582
669,0.05925926,0.04574529
670,0.05,0.05041151
671,0.038271606,0.06220489
672,0.059876543,0.055693835
673,0.047530863,0.06302865
674,0.11296296,0.06165089
675,0.04506173,0.050765235
676,0.06666667,0.050884396
677,0.05740741,0.06141126
678,0.046296295,0.05752091
679,0.041358024,0.04997492
680,0.046296295,0.052483935
681,0.04691358,0.051533252
682,0.062962964,0.063614145
683,0.041358024,0.06161038
684,0.04506173,0.051298033
685,0.10987654,0.04045347
686,0.05123457,0.043096617
687,0.044444446,0.053504586
688,0.04691358,0.04444976
689,0.053703703,0.06439878
690,0.056790125,0.051684722
691,0.050617285,0.058846302
692,0.058641974,0.039957605
693,0.049382716,0.036407143
694,0.061728396,0.048622876
695,0.07037037,0.062092204
696,0.04691358,0.046807803
697,0.047530863,0.063668385
698,0.04074074,0.06547156
699,0.07530864,0.07204391
700,0.07530864,0.058014452
701,0.04506173,0.060830936
702,0.07530864,0.045773555
703,0.049382716,0.055667743
704,0.04074074,0.06756609
705,0.04691358,0.049913026
706,0.053703703,0.04743603
707,0.04382716,0.040313475
708,0.046296295,0.050441638
709,0.050617285,0.044361934
710,0.06111111,0.05460266
711,0.107407406,0.057579346
712,0.07098766,0.07272736
713,0.1,0.07678394
714,0.047530863,0.057973377
715,0.061728396,0.057369575
716,0.048148148,0.048395112
717,0.05,0.05149863
718,0.048765432,0.052615765
719,0.044444446,0.049588643
720,0.047530863,0.050295398
721,0.047530863,0.05215884
722,0.06728395,0.08078847
723,0.050617285,0.05722356
724,0.049382716,0.055006675
725,0.05185185,0.044123054
726,0.06975309,0.053869337
727,0.05740741,0.04828863
728,0.04506173,0.04595761
729,0.085185185,0.07008724
730,0.05123457,0.04892274
731,0.052469134,0.055854276
732,0.05123457,0.060089126
733,0.03271605,0.05728288
734,0.10432099,0.10153462
735,0.05617284,0.06309656
736,0.044444446,0.06735618
737,0.04197531,0.056551278
738,0.05740741,0.056713715
739,0.083333336,0.08676624
740,0.06728395,0.117012106
741,0.04691358,0.05444278
742,0.05123457,0.05343706
743,0.07037037,0.06584795
744,0.041358024,0.049268126
745,0.08395062,0.08808136
746,0.07716049,0.06478307
747,0.04506173,0.05765894
748,0.03765432,0.04566311
749,0.054320987,0.046353936
750,0.049382716,0.038988143
751,0.04074074,0.052070066
752,0.041358024,0.051488653
753,0.048148148,0.05652032
754,0.07345679,0.043727525
755,0.05925926,0.06578615
756,0.043209877,0.054346755
757,0.04074074,0.05021873
758,0.046296295,0.053324353
759,0.048148148,0.04646995
760,0.048765432,0.05256661
761,0.04691358,0.050661124
762,0.056790125,0.047012523
763,0.07530864,0.06830619
764,0.032098766,0.056890313
765,0.04197531,0.060699284
766,0.05740741,0.057233915
767,0.046296295,0.039036274
768,0.0808642,0.05594078
769,0.11728395,0.09187841
770,0.046296295,0.043034684
771,0.043209877,0.0690635
772,0.048765432,0.044142574
773,0.11172839,0.09043649
774,0.06481481,0.05152279
775,0.05925926,0.043452032
776,0.05185185,0.060722478
777,0.053703703,0.04417173
778,0.074691355,0.060612753
779,0.04197531,0.07017164
780,0.046296295,0.06378785
781,0.053703703,0.05697778
782,0.06111111,0.05013074
783,0.056790125,0.054342113
784,0.048765432,0.047293853
785,0.05185185,0.056624368
786,0.061728396,0.048649028
787,0.06419753,0.077866726
788,0.0654321,0.0673856
789,0.11296296,0.08980298
790,0.039506175,0.04797517
791,0.049382716,0.047761515
792,0.049382716,0.058306307
793,0.05,0.05499412
794,0.048148148,0.040585816
795,0.05493827,0.051325426
796,0.046296295,0.060360108
797,0.047530863,0.056327216
798,0.04691358,0.052175898
799,0.055555556,0.063176945
800,0.060493827,0.0432904
801,0.041358024,0.050936718
802,0.045679014,0.053426575
803,0.04074074,0.047454685
804,0.05308642,0.055511177
805,0.036419753,0.05826904
806,0.05123457,0.03716909
807,0.049382716,0.0506742
808,0.0691358,0.061621934
809,0.061728396,0.048250034
810,0.05185185,0.0353615
811,0.042592593,0.039918043
812,0.048148148,0.051701814
813,0.048148148,0.060135253
814,0.04382716,0.053609654
815,0.055555556,0.062459387
816,0.03580247,0.057554428
817,0.053703703,0.04228779
818,0.04691358,0.06351287
819,0.030246913,0.057700396
820,0.047530863,0.05552111
821,0.046296295,0.054298025
822,0.05308642,0.052539714
823,0.048148148,0.05730614
824,0.06604938,0.06175799
825,0.033950616,0.04894472
826,0.05,0.068887964
827,0.048148148,0.06213947
828,0.058641974,0.040095344
829,0.037037037,0.055719987
830,0.05925926,0.06943973
831,0.046296295,0.04520505
832,0.07716049,0.055751055
833,0.072222225,0.06442483
834,0.04506173,0.060946092
835,0.050617285,0.051393725
836,0.0808642,0.06990656
837,0.044444446,0.055127285
838,0.04382716,0.053970225
839,0.048148148,0.06645048
840,0.056790125,0.040672004
841,0.047530863,0.05209706
842,0.03888889,0.065628886
843,0.14320987,0.09537612
844,0.054320987,0.05507016
845,0.048148148,0.059803978
846,0.11604938,0.059672575
847,0.043209877,0.05101829
848,0.05308642,0.04443133
849,0.048148148,0.05416225
850,0.060493827,0.051886395
851,0.047530863,0.046346605
852,0.048765432,0.05026328
853,0.062962964,0.069368586
854,0.059876543,0.063810654
855,0.052469134,0.050301787
856,0.056790125,0.06086412
857,0.10308642,0.09263347
858,0.05308642,0.06561451
859,0.05617284,0.04380869
860,0.06604938,0.091013364
861,0.06666667,0.07381011
862,0.042592593,0.048499957
863,0.075925924,0.08372878
864,0.047530863,0.04245217
865,0.095679015,0.06506013
866,0.047530863,0.050846793
867,0.06666667,0.050419293
868,0.098148145,0.059841283
869,0.04691358,0.046267122
870,0.050617285,0.043611832
871,0.049382716,0.058427095
872,0.05185185,0.03924621
873,0.039506175,0.052332178
874,0.07098766,0.07428019
875,0.03765432,0.055091947
876,0.04382716,0.053654514
877,0.04506173,0.060206898
878,0.061728396,0.055291235
879,0.041358024,0.053472184
880,0.054320987,0.055970967
881,0.04197531,0.06806347
882,0.083333336,0.07397182
883,0.042592593,0.0646602
884,0.05123457,0.06721665
885,0.10925926,0.10676691
886,0.04382716,0.05753073
887,0.0691358,0.071925625
888,0.040123455,0.05142252
889,0.054320987,0.0564498
890,0.07777778,0.080738775
891,0.045679014,0.05281645
892,0.050617285,0.064008534
893,0.0654321,0.04520355
894,0.048765432,0.039515972
895,0.05,0.0436588
896,0.060493827,0.041380666
897,0.059876543,0.051497795
898,0.046296295,0.04741913
899,0.05308642,0.0522881
900,0.05123457,0.05140689
901,0.06111111,0.052262787
902,0.04506173,0.041799128
903,0.053703703,0.05423755
904,0.042592593,0.055736043
905,0.06790123,0.051936742
906,0.053703703,0.044813238
907,0.1537037,0.09951973
908,0.036419753,0.07419599
909,0.043209877,0.059162874
910,0.048148148,0.07067348
911,0.04382716,0.06584143
912,0.050617285,0.058893025
913,0.09382716,0.05422385
914,0.05185185,0.050296143
915,0.044444446,0.064132124
916,0.05493827,0.05200982
917,0.05740741,0.049457088
918,0.055555556,0.049059257
919,0.04506173,0.054762468
920,0.042592593,0.047776714
921,0.062962964,0.062204413
922,0.06666667,0.064609304
923,0.05185185,0.050163418
924,0.083333336,0.07086082
925,0.04197531,0.055773336
926,0.061728396,0.05488096
927,0.05185185,0.06319986
928,0.04197531,0.065375745
929,0.074691355,0.06595585
930,0.055555556,0.05193256
931,0.0654321,0.053660177
932,0.038271606,0.054664746
933,0.07160494,0.056860697
934,0.044444446,0.049650326
935,0.052469134,0.03977558
936,0.05493827,0.061359867
937,0.04506173,0.051969
938,0.048148148,0.07044576
939,0.037037037,0.06120999
940,0.050617285,0.041094616
941,0.04197531,0.059938006
942,0.05308642,0.05987058
943,0.05308642,0.04294464
944,0.07716049,0.06498703
945,0.05185185,0.05938296
946,0.049382716,0.052128896
947,0.050617285,0.055864356
948,0.03580247,0.05578638
949,0.04197531,0.04751639
950,0.05,0.06379175
951,0.05185185,0.049118556
952,0.044444446,0.06704925
953,0.04506173,0.06765902
954,0.045679014,0.055211134
955,0.04506173,0.056408763
956,0.05740741,0.064954236
957,0.06481481,0.059427507
958,0.04074074,0.06088902
959,0.04691358,0.050837606
960,0.042592593,0.044624932
961,0.05493827,0.04412903
962,0.043209877,0.05193176
963,0.046296295,0.045893952
964,0.07098766,0.070181236
965,0.046296295,0.050679713
966,0.049382716,0.050232865
967,0.053703703,0.044605225
968,0.07037037,0.065206595
969,0.108024694,0.08104382
970,0.04506173,0.05470904
971,0.062962964,0.08465578
972,0.05185185,0.059013374
973,0.047530863,0.053055838
974,0.07654321,0.065148674
975,0.05123457,0.049191587
976,0.10925926,0.085191846
977,0.045679014,0.051200226
978,0.05493827,0.04601039
979,0.04197531,0.058677047
980,0.05617284,0.05689872
981,0.045679014,0.039489254
982,0.05,0.052570373
983,0.048765432,0.05767402
984,0.04382716,0.048526637
985,0.045679014,0.040010177
986,0.09876543,0.081860304
987,0.042592593,0.050347097
988,0.06419753,0.055371936
989,0.04382716,0.04759915
990,0.059876543,0.05759243
991,0.0345679,0.058886327
992,0.047530863,0.046360917
993,0.048765432,0.05701222
994,0.07160494,0.06567739
995,0.06481481,0.065610126
996,0.053703703,0.039456815
997,0.05308642,0.057099313
998,0.05493827,0.053475384
999,0.06790123,0.05619955
1000,0.04074074,0.045151353
1001,0.04691358,0.061809573
1002,0.053703703,0.05178667
1003,0.03888889,0.054818466
1004,0.05185185,0.062965795
1005,0.046296295,0.05081897
1006,0.05185185,0.04489495
1007,0.08148148,0.066872954
1008,0.053703703,0.05054722
1009,0.0691358,0.05593738
1010,0.059876543,0.058823854
1011,0.05,0.047073156
1012,0.043209877,0.05127155
1013,0.05185185,0.054523274
1014,0.056790125,0.053660013
1015,0.048765432,0.07361753
1016,0.038271606,0.062864095
1017,0.05493827,0.046043925
1018,0.033950616,0.051007085
1019,0.05740741,0.044711813
1020,0.048148148,0.053605873
1021,0.044444446,0.053731374
1022,0.05617284,0.04582651
1023,0.049382716,0.043403305
1024,0.05493827,0.054905534
1025,0.052469134,0.040441513
1026,0.11234568,0.09240666
1027,0.043209877,0.050458007
1028,0.06666667,0.060591713
1029,0.052469134,0.038940504
1030,0.10123457,0.0783595
1031,0.04382716,0.049215816
1032,0.055555556,0.054261185
1033,0.07037037,0.06855647
1034,0.055555556,0.054297544
1035,0.1308642,0.12173393
1036,0.08888889,0.052457124
1037,0.04506173,0.053818557
1038,0.06481481,0.052023366
1039,0.042592593,0.05124156
1040,0.072839506,0.06417764
1041,0.043209877,0.054784335
1042,0.058641974,0.040790603
1043,0.0654321,0.048466183
1044,0.048148148,0.05201701
1045,0.045679014,0.050943412
1046,0.05740741,0.046198606
1047,0.044444446,0.049826704
1048,0.06419753,0.060403526
1049,0.05493827,0.053929433
1050,0.05802469,0.045967117
1051,0.04691358,0.07494597
1052,0.05617284,0.056399412
1053,0.050617285,0.05550599
1054,0.053703703,0.053813025
1055,0.19567901,0.05627597
1056,0.0654321,0.061542302
1057,0.04382716,0.05045086
1058,0.048148148,0.051112317
1059,0.05185185,0.060750246
1060,0.13580246,0.11890893
1061,0.05308642,0.055631936
1062,0.049382716,0.055530414
1063,0.048765432,0.05014219
1064,0.037037037,0.07254148
1065,0.044444446,0.04861577
1066,0.054320987,0.05609764
1067,0.07777778,0.07088782
1068,0.032098766,0.052259803
1069,0.050617285,0.057375535
1070,0.042592593,0.04902844
1071,0.05308642,0.04178661
1072,0.05185185,0.053930946
1073,0.05185185,0.05507207
1074,0.048148148,0.0551274
1075,0.06666667,0.06225747
1076,0.06481481,0.06226583
1077,0.05493827,0.058686666
1078,0.049382716,0.045828186
1079,0.048765432,0.062198497
1080,0.05308642,0.05216287
1081,0.049382716,0.051885225
1082,0.061728396,0.055376418
1083,0.050617285,0.05350206
1084,0.039506175,0.058499888
1085,0.043209877,0.050145302
1086,0.07839506,0.06147231
1087,0.0654321,0.062967926
1088,0.04074074,0.053937763
1089,0.048148148,0.024281412
1090,0.04691358,0.052720994
1091,0.055555556,0.054330453
1092,0.04074074,0.047912158
1093,0.05925926,0.047984287
1094,0.043209877,0.05605056
1095,0.050617285,0.060558423
1096,0.05,0.05930332
1097,0.052469134,0.061152473
1098,0.045679014,0.056254223
1099,0.046296295,0.054776937
1100,0.074691355,0.059499234
1101,0.040123455,0.057052813
1102,0.046296295,0.0480614
1103,0.056790125,0.048533358
1104,0.05740741,0.047464795
1105,0.06234568,0.06418269
1106,0.09074074,0.076036595
1107,0.05123457,0.04533913
1108,0.06481481,0.07974395
1109,0.05308642,0.06938733
1110,0.062962964,0.09414256
1111,0.055555556,0.047810663
1112,0.06666667,0.06843082
1113,0.04506173,0.06036453
1114,0.049382716,0.047399268
1115,0.0691358,0.059657477
1116,0.10555556,0.06128557
1117,0.0654321,0.042182863
1118,0.07716049,0.0629282
1119,0.048765432,0.03773439
1120,0.10987654,0.090322234
1121,0.045679014,0.046650104
1122,0.11296296,0.07729843
1123,0.045679014,0.05473988
1124,0.048148148,0.0633218
1125,0.1574074,0.082276985
1126,0.072839506,0.09684274
1127,0.04197531,0.053892277
1128,0.056790125,0.052831754
1129,0.048765432,0.054668006
1130,0.035185184,0.045110196
1131,0.048148148,0.04807888
1132,0.04506173,0.048639953
1133,0.046296295,0.052682534
1134,0.05123457,0.044033885
1135,0.048148148,0.049613953
1136,0.05740741,0.056865964
1137,0.03888889,0.06635418
1138,0.050617285,0.05302278
1139,0.062962964,0.06073731
1140,0.04506173,0.05344299
1141,0.049382716,0.047514968
1142,0.058641974,0.06220922
1143,0.095679015,0.06437869
1144,0.049382716,0.055101
1145,0.037037037,0.04615272
1146,0.05740741,0.045313045
1147,0.054320987,0.055875774
1148,0.053703703,0.053622916
1149,0.028395062,0.066770986
1150,0.050617285,0.049391933
1151,0.0691358,0.098675504
1152,0.04197531,0.052707955
1153,0.04074074,0.0660758
1154,0.049382716,0.062075503
1155,0.048765432,0.049744256
1156,0.047530863,0.046610482
1157,0.05925926,0.049334638
1158,0.05740741,0.046180077
1159,0.0345679,0.062380277
1160,0.048148148,0.043122083
1161,0.04691358,0.048594527
1162,0.042592593,0.055752844
1163,0.048148148,0.050646342
1164,0.05308642,0.054937378
1165,0.06419753,0.050203435
1166,0.0654321,0.075703256
1167,0.08024691,0.07701752
1168,0.058641974,0.052449644
1169,0.04382716,0.043091394
1170,0.05617284,0.052177176
1171,0.06111111,0.06365029
1172,0.05802469,0.042917937
1173,0.05123457,0.05357018
1174,0.048765432,0.048484154
1175,0.043209877,0.05837547
1176,0.043209877,0.06705926
1177,0.048765432,0.056604996
1178,0.06851852,0.036398776
1179,0.032098766,0.047562562
1180,0.05185185,0.06176929
1181,0.054320987,0.03350246
1182,0.06851852,0.053380035
1183,0.030246913,0.056440968
1184,0.048765432,0.04499492
1185,0.03580247,0.045703605
1186,0.0808642,0.0633164
1187,0.041358024,0.06231956
1188,0.095679015,0.085016415
1189,0.06666667,0.04984235
1190,0.048765432,0.0567396
1191,0.05308642,0.06969441
1192,0.072222225,0.055960312
1193,0.07962963,0.05209343
1194,0.030246913,0.06236869
1195,0.044444446,0.045993134
1196,0.053703703,0.04702788
1197,0.072839506,0.06661053
1198,0.05925926,0.059237435
1199,0.07098766,0.09040306
1200,0.04506173,0.07277065
1201,0.05185185,0.042000458
1202,0.052469134,0.059567936
1203,0.0654321,0.073378384
1204,0.05185185,0.05370246
1205,0.048765432,0.059370637
1206,0.059876543,0.054600153
1207,0.042592593,0.046743356
1208,0.05185185,0.060384184
1209,0.05185185,0.056268826
1210,0.063580245,0.04992357
1211,0.07530864,0.06046137
1212,0.05740741,0.049585156
1213,0.05,0.06270469
1214,0.062962964,0.09381421
1215,0.05123457,0.053929146
1216,0.06790123,0.06789251
1217,0.053703703,0.056829408
1218,0.055555556,0.053017773
1219,0.05123457,0.060473725
1220,0.045679014,0.05327285
1221,0.05493827,0.05412408
1222,0.048765432,0.05361308
1223,0.06975309,0.048775546
1224,0.05308642,0.053474903
1225,0.040123455,0.04645452
1226,0.05617284,0.071453884
1227,0.07962963,0.062219292
1228,0.041358024,0.05543392
1229,0.03580247,0.060958482
1230,0.050617285,0.049670257
1231,0.030864198,0.067058675
1232,0.086419754,0.06091547
1233,0.061728396,0.04361239
1234,0.05,0.04466597
1235,0.045679014,0.07050286
1236,0.04074074,0.06589869
1237,0.08271605,0.073134966
1238,0.043209877,0.048331574
1239,0.05123457,0.053924114
1240,0.053703703,0.045046292
1241,0.052469134,0.060198434
1242,0.05185185,0.060187377
1243,0.030864198,0.07345084
1244,0.053703703,0.04404159
1245,0.05617284,0.057713598
1246,0.038271606,0.061849825
1247,0.05,0.05695934
1248,0.053703703,0.049702555
1249,0.043209877,0.051059883
1250,0.043209877,0.05300244
1251,0.046296295,0.06150511
1252,0.045679014,0.050062917
1253,0.05308642,0.053118087
1254,0.05185185,0.045043014
1255,0.06234568,0.051655866
1256,0.08148148,0.06296313
1257,0.046296295,0.050821513
1258,0.05,0.05079215
1259,0.0691358,0.060804516
1260,0.05185185,0.048276715
1261,0.042592593,0.05157236
1262,0.06481481,0.057215363
1263,0.055555556,0.058298714
1264,0.047530863,0.04417005
1265,0.05308642,0.057478927
1266,0.049382716,0.055001885
1267,0.08395062,0.085882634
1268,0.05925926,0.048530996
1269,0.040123455,0.052345887
1270,0.031481482,0.053914003
1271,0.04506173,0.05263132
1272,0.04691358,0.05805758
1273,0.06111111,0.04461874
1274,0.09691358,0.05686623
1275,0.05308642,0.031102352
1276,0.049382716,0.046651028
1277,0.075925924,0.05760403
1278,0.04197531,0.049166694
1279,0.060493827,0.05161193
1280,0.042592593,0.044155926
1281,0.04506173,0.05039215
1282,0.054320987,0.06478287
1283,0.05,0.046289913
1284,0.047530863,0.052532718
1285,0.049382716,0.05729024
1286,0.05123457,0.043193847
1287,0.043209877,0.0526094
1288,0.05802469,0.038653433
1289,0.07530864,0.062708214
1290,0.05,0.049999967
1291,0.05308642,0.056943282
1292,0.07901235,0.048337117
1293,0.095679015,0.086238265
1294,0.049382716,0.043637566
1295,0.06481481,0.05585642
1296,0.056790125,0.041741222
1297,0.041358024,0.054462872
1298,0.05617284,0.050624408
1299,0.07777778,0.05716428
1300,0.060493827,0.060188048
1301,0.047530863,0.0485178
1302,0.07654321,0.060811028
1303,0.06790123,0.056607768
1304,0.052469134,0.047012225
1305,0.07654321,0.06911865
1306,0.043209877,0.040977716
1307,0.04382716,0.045070365
1308,0.049382716,0.0596828
1309,0.048148148,0.057177186
1310,0.036419753,0.07478224
1311,0.052469134,0.04873896
1312,0.049382716,0.056238342
1313,0.043209877,0.05933536
1314,0.04074074,0.050900556
1315,0.058641974,0.0627872
1316,0.03765432,0.048461504
1317,0.04506173,0.0504245
1318,0.044444446,0.05604601
1319,0.039506175,0.0664404
1320,0.043209877,0.056589022
1321,0.05493827,0.05690889
1322,0.048148148,0.054511726
1323,0.04197531,0.042714193
1324,0.054320987,0.042804897
1325,0.05308642,0.053495437
1326,0.060493827,0.05185858
1327,0.050617285,0.06266366
1328,0.07839506,0.054453883
1329,0.052469134,0.061537877
1330,0.04691358,0.046988912
1331,0.050617285,0.06369457
1332,0.05,0.041401416
1333,0.06666667,0.07372387
1334,0.047530863,0.056503087
1335,0.055555556,0.026737876
1336,0.04506173,0.05295333
1337,0.050617285,0.05568281
1338,0.044444446,0.056464605
1339,0.042592593,0.054783344
1340,0.040123455,0.052350476
1341,0.05493827,0.05718755
1342,0.06481481,0.04697647
1343,0.05308642,0.061960526
1344,0.10617284,0.072467364
1345,0.058641974,0.050514624
1346,0.056790125,0.054781407
1347,0.07098766,0.070087805
1348,0.05123457,0.056833833
1349,0.05617284,0.05100666
1350,0.050617285,0.060483873
1351,0.05,0.050406445
1352,0.05740741,0.051870808
1353,0.046296295,0.056529284
1354,0.054320987,0.046516202
1355,0.05493827,0.06216143
1356,0.05740741,0.04995711
1357,0.0654321,0.084103584
1358,0.04506173,0.048083037
1359,0.05185185,0.04958885
1360,0.053703703,0.05162286
1361,0.048148148,0.058976993
1362,0.095679015,0.06316182
1363,0.04197531,0.046708345
1364,0.0808642,0.09014772
1365,0.055555556,0.056489483
1366,0.048148148,0.05833543
1367,0.07098766,0.091991484
1368,0.060493827,0.055267952
1369,0.060493827,0.04909859
1370,0.07098766,0.06323059
1371,0.11604938,0.07642971
1372,0.048765432,0.053447194
1373,0.045679014,0.056964397
1374,0.044444446,0.059610248
1375,0.05740741,0.07066079
1376,0.07530864,0.07186209
1377,0.03888889,0.05786717
1378,0.062962964,0.07607312
1379,0.07839506,0.06775144
1380,0.06666667,0.07143745
1381,0.045679014,0.045822583
1382,0.05308642,0.061065778
1383,0.052469134,0.050354123
1384,0.04506173,0.053155206
1385,0.04691358,0.044699714
1386,0.04197531,0.05951908
1387,0.054320987,0.0659032
1388,0.041358024,0.057422996
1389,0.052469134,0.04225356
1390,0.07160494,0.054002807
1391,0.06666667,0.10046087
1392,0.04382716,0.046709903
1393,0.043209877,0.05973059
1394,0.043209877,0.054867975
1395,0.046296295,0.05020702
1396,0.05617284,0.038827665
1397,0.050617285,0.047163717
1398,0.05617284,0.05283427
1399,0.05802469,0.05188317
1400,0.06111111,0.049217314
1401,0.07839506,0.059415042
1402,0.05802469,0.04867702
1403,0.05802469,0.04922013
1404,0.055555556,0.058837265
1405,0.042592593,0.053100206
1406,0.05493827,0.048333753
1407,0.050617285,0.048663862
1408,0.046296295,0.046804063
1409,0.09506173,0.06539243
1410,0.047530863,0.058865912
1411,0.062962964,0.07453269
1412,0.041358024,0.050640568
1413,0.049382716,0.05673474
1414,0.063580245,0.045909315
1415,0.11604938,0.07526083
1416,0.046296295,0.051110327
1417,0.05493827,0.059561208
1418,0.056790125,0.049276162
1419,0.05308642,0.061750084
1420,0.048765432,0.039727636
1421,0.06728395,0.059075996
1422,0.042592593,0.06765445
1423,0.04691358,0.04541643
1424,0.038271606,0.061168686
1425,0.045679014,0.052057177
1426,0.061728396,0.046489812
1427,0.050617285,0.062178597
1428,0.056790125,0.049723364
1429,0.04074074,0.05605363
1430,0.05925926,0.05561729
1431,0.063580245,0.048055395
1432,0.072222225,0.067246586
1433,0.05308642,0.06223221
1434,0.04197531,0.048194207
1435,0.040123455,0.04858488
1436,0.048765432,0.06824693
1437,0.053703703,0.064878486
1438,0.050617285,0.031047408
1439,0.040123455,0.05857391
1440,0.10617284,0.06457369
1441,0.045679014,0.06604405
1442,0.05123457,0.05530347
1443,0.043209877,0.05652602
1444,0.05123457,0.05843707
1445,0.07345679,0.07023287
1446,0.10185185,0.06914514
1447,0.054320987,0.062990464
1448,0.075925924,0.06469846
1449,0.041358024,0.052892506
1450,0.05,0.048079208
1451,0.05123457,0.04734935
1452,0.106790125,0.068118945
1453,0.050617285,0.054822356
1454,0.085185185,0.071558766
1455,0.075925924,0.05364181
1456,0.04506173,0.043624677
1457,0.055555556,0.04048323
1458,0.047530863,0.0444884
1459,0.05123457,0.052680522
1460,0.04691358,0.046443775
1461,0.035185184,0.044670455
1462,0.07654321,0.056725256
1463,0.06728395,0.04824754
1464,0.05,0.04583001
1465,0.05925926,0.050879024
1466,0.06111111,0.059070174
1467,0.060493827,0.037520394
1468,0.049382716,0.052880093
1469,0.053703703,0.054547466
1470,0.05,0.055395417
1471,0.05308642,0.055474997
1472,0.055555556,0.048771232
1473,0.05123457,0.05805649
1474,0.04506173,0.0586726
1475,0.08395062,0.07204299
1476,0.08024691,0.07724103
1477,0.07530864,0.068893835
1478,0.05308642,0.05528274
1479,0.040123455,0.050423637
1480,0.037037037,0.05372501
1481,0.05617284,0.04378183
1482,0.049382716,0.05684014
1483,0.055555556,0.048980653
1484,0.05802469,0.05563905
1485,0.047530863,0.045342542
1486,0.035185184,0.061594725
1487,0.054320987,0.0566445
1488,0.05308642,0.050525732
1489,0.035185184,0.05082906
1490,0.05123457,0.050205268
1491,0.050617285,0.044960193
1492,0.049382716,0.04706948
1493,0.053703703,0.049461786
1494,0.08209877,0.17561767
1495,0.048765432,0.06086026
1496,0.043209877,0.056608498
1497,0.033950616,0.05320598
1498,0.05740741,0.05647494
1499,0.1037037,0.06919798
1500,0.061728396,0.053485736
1501,0.063580245,0.06726352
1502,0.04691358,0.049445048
1503,0.047530863,0.05909738
1504,0.05308642,0.05857481
1505,0.07901235,0.061860412
1506,0.06419753,0.052643422
1507,0.050617285,0.04939208
1508,0.06975309,0.059591174
1509,0.05925926,0.038889885
1510,0.047530863,0.05258894
1511,0.094444446,0.09209594
1512,0.063580245,0.06282969
1513,0.042592593,0.057310537
1514,0.022839507,0.05964624
1515,0.1037037,0.06438943
1516,0.049382716,0.075035416
1517,0.07160494,0.07632588
1518,0.048148148,0.05434677
1519,0.05740741,0.040695958
1520,0.047530863,0.045782655
1521,0.04197531,0.059989825
1522,0.086419754,0.07176426
1523,0.03765432,0.0441501
1524,0.05185185,0.052024975
1525,0.054320987,0.050381295
1526,0.050617285,0.04353621
1527,0.046296295,0.06387758
1528,0.063580245,0.0464722
1529,0.044444446,0.051099382
1530,0.04382716,0.044520892
1531,0.058641974,0.0472451
1532,0.05493827,0.055737592
1533,0.087037034,0.06916182
1534,0.052469134,0.058208212
1535,0.05308642,0.054748155
1536,0.063580245,0.056573242
1537,0.045679014,0.06207324
1538,0.044444446,0.034102708
1539,0.06419753,0.0641364
1540,0.05925926,0.054799005
1541,0.085802466,0.08596067
1542,0.045679014,0.05174619
1543,0.046296295,0.057156324
1544,0.05617284,0.04544919
1545,0.050617285,0.058098234
1546,0.048765432,0.04227466
1547,0.05308642,0.037041694
1548,0.04506173,0.052031375
1549,0.05123457,0.05438833
1550,0.04074074,0.054664038
1551,0.044444446,0.053049073
1552,0.10925926,0.051275376
1553,0.048765432,0.05300906
1554,0.0654321,0.07310499
1555,0.042592593,0.05299794
1556,0.045679014,0.03956923
1557,0.055555556,0.055510245
1558,0.05,0.042382576
1559,0.07654321,0.05981821
1560,0.058641974,0.051377155
1561,0.040123455,0.05020772
1562,0.049382716,0.063572586
1563,0.046296295,0.041077934
1564,0.048148148,0.05173143
1565,0.03765432,0.04546012
1566,0.038271606,0.051925153
1567,0.0691358,0.08489563
1568,0.06234568,0.062396858
1569,0.044444446,0.06553076
1570,0.039506175,0.07429101
1571,0.046296295,0.064521976
1572,0.042592593,0.05429607
1573,0.044444446,0.052676126
1574,0.053703703,0.048729792
1575,0.0691358,0.06410289
1576,0.08888889,0.067431994
1577,0.048148148,0.04907044
1578,0.06666667,0.06220655
1579,0.048148148,0.058984414
1580,0.04197531,0.06653014
1581,0.05617284,0.054203376
1582,0.10123457,0.06963799
1583,0.049382716,0.055473283
1584,0.048148148,0.04381246
1585,0.04197531,0.067798875
1586,0.047530863,0.036001883
1587,0.05925926,0.04127483
1588,0.06666667,0.05814143
1589,0.036419753,0.06639615
1590,0.039506175,0.058627762
1591,0.052469134,0.05226057
1592,0.05,0.058279626
1593,0.08765432,0.07658346
1594,0.045679014,0.06170839
1595,0.055555556,0.042222224
1596,0.06790123,0.058630846
1597,0.05123457,0.04809687
1598,0.05,0.058943965
1599,0.06728395,0.06493188
1600,0.09012346,0.07099308
1601,0.03580247,0.054378778
1602,0.038271606,0.05217178
1603,0.05308642,0.05322066
1604,0.048148148,0.04964608
1605,0.042592593,0.04693775
1606,0.07962963,0.06698881
1607,0.05,0.05492702
1608,0.13148148,0.06412865
1609,0.045679014,0.06173241
1610,0.046296295,0.058293372
1611,0.049382716,0.054846793
1612,0.053703703,0.037547573
1613,0.053703703,0.05077631
1614,0.05925926,0.058567815
1615,0.04506173,0.05721567
1616,0.048148148,0.051124007
1617,0.03888889,0.06587492
1618,0.072839506,0.08214981
1619,0.04197531,0.050504375
1620,0.06975309,0.07617857
1621,0.052469134,0.061162233
1622,0.05185185,0.053895302
1623,0.04506173,0.057666086
1624,0.044444446,0.055815883
1625,0.045679014,0.050669722
1626,0.05123457,0.05317583
1627,0.05123457,0.05532353
1628,0.13024691,0.082038805
1629,0.056790125,0.06019742
1630,0.050617285,0.064949535
1631,0.04197531,0.045143783
1632,0.05617284,0.05192118
1633,0.05617284,0.03908304
1634,0.06975309,0.057305925
1635,0.042592593,0.060272418
1636,0.04506173,0.048153087
1637,0.039506175,0.06616426
1638,0.05493827,0.070166156
1639,0.048148148,0.07058747
1640,0.072839506,0.06870994
1641,0.07037037,0.07161075
1642,0.06481481,0.064902134
1643,0.06419753,0.0581028
1644,0.07098766,0.068188936
1645,0.044444446,0.050675884
1646,0.05740741,0.046098083
1647,0.05802469,0.05180362
1648,0.059876543,0.05687969
1649,0.04691358,0.0460677
1650,0.0345679,0.056031823
1651,0.07098766,0.06909323
1652,0.03580247,0.045224376
1653,0.07901235,0.063231185
1654,0.05802469,0.057687238
1655,0.044444446,0.04957252
1656,0.052469134,0.060637236
1657,0.108024694,0.08445806
1658,0.048765432,0.049510717
1659,0.054320987,0.053777862
1660,0.049382716,0.053862784
1661,0.055555556,0.062455013
1662,0.053703703,0.06490042
1663,0.036419753,0.048404485
1664,0.058641974,0.051985506
1665,0.046296295,0.055710703
1666,0.04197531,0.03662678
1667,0.048148148,0.056384273
1668,0.050617285,0.048641093
1669,0.07530864,0.059096098
1670,0.048765432,0.057984114
1671,0.05123457,0.041551203
1672,0.044444446,0.051510543
1673,0.033333335,0.04124713
1674,0.032098766,0.04508178
1675,0.04506173,0.07119598
1676,0.052469134,0.055616133
1677,0.07037037,0.06822091
1678,0.04382716,0.052059993
1679,0.050617285,0.040974066
1680,0.042592593,0.05050643
1681,0.03271605,0.07142621
1682,0.046296295,0.05618862
1683,0.043209877,0.06351615
1684,0.054320987,0.038643166
1685,0.04691358,0.04828383
1686,0.05123457,0.035348296
1687,0.048148148,0.058380827
1688,0.050617285,0.05190587
1689,0.050617285,0.039521813
1690,0.072839506,0.06353773
1691,0.05493827,0.061888605
1692,0.05,0.04671049
1693,0.05123457,0.0538219
1694,0.05,0.04773476
1695,0.041358024,0.053439997
1696,0.04197531,0.04295066
1697,0.059876543,0.04211607
1698,0.06975309,0.06932934
1699,0.037037037,0.054507688
1700,0.038271606,0.04405132
1701,0.11111111,0.07366152
1702,0.03765432,0.058517195
1703,0.03888889,0.07105515
1704,0.06419753,0.0626698
1705,0.039506175,0.051157698
1706,0.06419753,0.052077584
1707,0.04691358,0.045326803
1708,0.049382716,0.054448836
1709,0.074691355,0.0599878
1710,0.05,0.04802522
1711,0.0808642,0.07043657
1712,0.062962964,0.07346204
1713,0.044444446,0.04657364
1714,0.1580247,0.15261205
1715,0.060493827,0.03953813
1716,0.054320987,0.050162166
1717,0.05308642,0.037403665
1718,0.046296295,0.049242012
1719,0.049382716,0.04517225
1720,0.054320987,0.05628884
1721,0.062962964,0.06891446
1722,0.041358024,0.052073333
1723,0.052469134,0.05831229
1724,0.045679014,0.042317018
1725,0.045679014,0.06354429
1726,0.04691358,0.051688254
1727,0.041358024,0.04749976
1728,0.07160494,0.06184704
1729,0.048148148,0.052476317
1730,0.07839506,0.060653295
1731,0.05925926,0.07221441
1732,0.05617284,0.045642942
1733,0.058641974,0.037898637
1734,0.06481481,0.06127964
1735,0.049382716,0.056560814
1736,0.047530863,0.042321526
1737,0.04382716,0.052135162
1738,0.049382716,0.060187533
1739,0.04197531,0.068487436
1740,0.04506173,0.051126733
1741,0.05308642,0.0561795
1742,0.045679014,0.05624715
1743,0.049382716,0.05130086
1744,0.044444446,0.054486316
1745,0.04691358,0.055021733
1746,0.061728396,0.04392746
1747,0.054320987,0.05581207
1748,0.19938272,0.12975132
1749,0.050617285,0.052253537
1750,0.053703703,0.064438105
1751,0.050617285,0.057301804
1752,0.05308642,0.04849489
1753,0.04382716,0.05756879
1754,0.055555556,0.05415716
1755,0.048765432,0.056403585
1756,0.045679014,0.059159465
1757,0.04197531,0.06689015
1758,0.04506173,0.06798576
1759,0.047530863,0.051784717
1760,0.040123455,0.04229015
1761,0.049382716,0.05961682
1762,0.0691358,0.07139138
1763,0.043209877,0.054114122
1764,0.05308642,0.042534992
1765,0.052469134,0.05449608
1766,0.047530863,0.054035798
1767,0.046296295,0.052457694
1768,0.052469134,0.06199657
1769,0.04691358,0.04281962
1770,0.03765432,0.047180884
1771,0.05617284,0.057557736
1772,0.052469134,0.060023338
1773,0.0654321,0.06530483
1774,0.13333334,0.07150296
1775,0.06851852,0.03940346
1776,0.06481481,0.05188833
1777,0.050617285,0.052048564
1778,0.043209877,0.044567145
1779,0.04691358,0.048645355
1780,0.045679014,0.052110024
1781,0.063580245,0.06129431
1782,0.039506175,0.053360373
1783,0.06728395,0.05797317
1784,0.04382716,0.05598388
1785,0.044444446,0.05970286
1786,0.049382716,0.05574154
1787,0.06234568,0.060591444
1788,0.09135803,0.082214415
1789,0.050617285,0.04704973
1790,0.045679014,0.03842333
1791,0.055555556,0.06303203
1792,0.04074074,0.055428
1793,0.07037037,0.056655467
1794,0.07160494,0.05894272
1795,0.052469134,0.05427637
1796,0.036419753,0.062285006
1797,0.04506173,0.049779154
1798,0.049382716,0.053162955
1799,0.054320987,0.045044452
1800,0.043209877,0.06376591
1801,0.052469134,0.043220907
1802,0.053703703,0.050931975
1803,0.08271605,0.1010502
1804,0.047530863,0.045158252
1805,0.05925926,0.055823162
1806,0.059876543,0.06199889
1807,0.059876543,0.04255797
1808,0.05123457,0.09335912
1809,0.049382716,0.05514857
1810,0.05185185,0.05986075
1811,0.042592593,0.060450345
1812,0.044444446,0.057626173
1813,0.035185184,0.05935934
1814,0.042592593,0.06561406
1815,0.06111111,0.06925223
1816,0.04197531,0.05681825
1817,0.044444446,0.04653979
1818,0.054320987,0.03975188
1819,0.04506173,0.057260245
1820,0.05740741,0.065771386
1821,0.05308642,0.045880232
1822,0.047530863,0.05383885
1823,0.04506173,0.060813695
1824,0.05617284,0.06450198
1825,0.03888889,0.042173207
1826,0.059876543,0.045480087
1827,0.048765432,0.049525738
1828,0.058641974,0.049946196
1829,0.041358024,0.052642882
1830,0.06728395,0.0621589
1831,0.05493827,0.061721325
1832,0.04197531,0.056195363
1833,0.054320987,0.033765003
1834,0.055555556,0.058339834
1835,0.043209877,0.048767224
1836,0.054320987,0.052102357
1837,0.05617284,0.05887925
1838,0.041358024,0.05294804
1839,0.0654321,0.08659286
1840,0.085802466,0.071175426
1841,0.05,0.046370655
1842,0.04382716,0.062013157
1843,0.062962964,0.05835277
1844,0.049382716,0.06121543
1845,0.056790125,0.037414342
1846,0.047530863,0.04838192
1847,0.06728395,0.06376621
1848,0.047530863,0.062364653
1849,0.107407406,0.08148481
1850,0.053703703,0.054837957
1851,0.04691358,0.07339601
1852,0.042592593,0.050268456
1853,0.04382716,0.036737964
1854,0.05123457,0.061433934
1855,0.049382716,0.075694665
1856,0.033950616,0.077983916
1857,0.05,0.047146056
1858,0.036419753,0.06355206
1859,0.0345679,0.06383656
1860,0.06234568,0.053542405
1861,0.06604938,0.06117832
1862,0.046296295,0.047670115
1863,0.048148148,0.05355101
1864,0.048765432,0.049139403
1865,0.1037037,0.04798284
1866,0.04691358,0.052440375
1867,0.04691358,0.041174673
1868,0.0654321,0.062498145
1869,0.18703704,0.22166225
1870,0.10061728,0.0698569
1871,0.10617284,0.054196917
1872,0.052469134,0.048115097
1873,0.050617285,0.048950747
1874,0.06234568,0.056619123
1875,0.054320987,0.04875008
1876,0.04506173,0.054150615
1877,0.05493827,0.040686473
1878,0.03271605,0.05387023
1879,0.063580245,0.06831223
1880,0.072839506,0.052687813
1881,0.04382716,0.046681397
1882,0.053703703,0.05298005
1883,0.049382716,0.037196964
1884,0.05,0.04267203
1885,0.059876543,0.05924253
1886,0.07839506,0.07101919
1887,0.06666667,0.055693276
1888,0.085185185,0.07795066
1889,0.09012346,0.080146596
1890,0.087037034,0.0603163
1891,0.050617285,0.05708211
1892,0.0654321,0.05515644
1893,0.09259259,0.07367986
1894,0.041358024,0.06472179
1895,0.05,0.046291985
1896,0.03580247,0.062380314
1897,0.05123457,0.050159834
1898,0.03580247,0.05494058
1899,0.049382716,0.053993538
1900,0.048765432,0.05497092
1901,0.05123457,0.053333055
1902,0.04197531,0.046324242
1903,0.059876543,0.09111085
1904,0.09938271,0.078225136
1905,0.04382716,0.059553504
1906,0.04197531,0.06608582
1907,0.05,0.054936886
1908,0.04691358,0.05866138
1909,0.074691355,0.062528506
1910,0.050617285,0.061795466
1911,0.048148148,0.056236073
1912,0.05,0.056937322
1913,0.047530863,0.044715874
1914,0.04506173,0.03846112
1915,0.040123455,0.061418124
1916,0.037037037,0.048917532
1917,0.04074074,0.052605018
1918,0.045679014,0.048543856
1919,0.04382716,0.05642038
1920,0.042592593,0.056858674
1921,0.039506175,0.060748536
1922,0.05740741,0.053025603
1923,0.049382716,0.047834903
1924,0.062962964,0.05456777
1925,0.050617285,0.046211243
1926,0.055555556,0.054300148
1927,0.060493827,0.05198998
1928,0.06790123,0.05959457
1929,0.047530863,0.04695352
1930,0.058641974,0.052838705
1931,0.05185185,0.054251425
1932,0.040123455,0.0629058
1933,0.048148148,0.060576662
1934,0.09938271,0.07605642
1935,0.046296295,0.038631745
1936,0.043209877,0.07309422
1937,0.053703703,0.039417304
1938,0.05740741,0.051497735
1939,0.04691358,0.050452814
1940,0.047530863,0.056059845
1941,0.059876543,0.051823698
1942,0.047530863,0.04908625
1943,0.042592593,0.061716467
1944,0.058641974,0.059683982
1945,0.04382716,0.055128478
1946,0.04691358,0.059560165
1947,0.052469134,0.05284897
1948,0.09074074,0.061552465
1949,0.04691358,0.067641705
1950,0.049382716,0.04388641
1951,0.04506173,0.060527243
1952,0.05185185,0.05831635
1953,0.055555556,0.052917942
1954,0.05925926,0.05942446
1955,0.047530863,0.05971022
1956,0.046296295,0.0586446
1957,0.05740741,0.04656522
1958,0.07345679,0.06903428
1959,0.048148148,0.057273358
1960,0.1388889,0.10650973
1961,0.1382716,0.08482421
1962,0.048765432,0.048243828
1963,0.04197531,0.051076457
1964,0.05,0.048103187
1965,0.05308642,0.082475916
1966,0.050617285,0.04009179
1967,0.043209877,0.042831764
1968,0.048765432,0.04867138
1969,0.033333335,0.046004303
1970,0.05925926,0.05224114
1971,0.04691358,0.06121441
1972,0.05,0.052390628
1973,0.042592593,0.053864546
1974,0.047530863,0.052268703
1975,0.05185185,0.04669611
1976,0.09259259,0.06356706
1977,0.04382716,0.054818362
1978,0.047530863,0.05027473
1979,0.08148148,0.06384948
1980,0.063580245,0.043891266
1981,0.042592593,0.06163452
1982,0.058641974,0.072479255
1983,0.047530863,0.04258322
1984,0.05308642,0.056761652
1985,0.049382716,0.035357848
1986,0.038271606,0.048493817
1987,0.05185185,0.05633913
1988,0.05185185,0.051278852
1989,0.08148148,0.084664755
1990,0.049382716,0.0538662
1991,0.045679014,0.049994685
1992,0.049382716,0.049895488
1993,0.11234568,0.0729773
1994,0.05740741,0.061647043
1995,0.15864198,0.065756336
1996,0.098148145,0.08602774
1997,0.05925926,0.078680046
1998,0.06111111,0.0443983
1999,0.050617285,0.048419744
2000,0.059876543,0.045829996
2001,0.054320987,0.054164045
2002,0.05308642,0.048867248
2003,0.037037037,0.055785693
2004,0.05308642,0.039247125
2005,0.06481481,0.06985593
2006,0.059876543,0.056536138
2007,0.042592593,0.04831756
2008,0.04506173,0.06779376
2009,0.048765432,0.059668057
2010,0.098148145,0.099890955
2011,0.05123457,0.058830835
2012,0.05493827,0.03784609
2013,0.0345679,0.047341853
2014,0.05123457,0.051867127
2015,0.048148148,0.058462508
2016,0.048148148,0.05329281
2017,0.04506173,0.0488113
2018,0.03271605,0.053621404
2019,0.05185185,0.053621322
2020,0.04506173,0.035306536
2021,0.03765432,0.055294406
2022,0.04197531,0.06710842
2023,0.046296295,0.048251525
2024,0.048765432,0.056203604
2025,0.10432099,0.0817039
2026,0.09382716,0.0736959
2027,0.053703703,0.043145016
2028,0.053703703,0.04421238
2029,0.04691358,0.051804252
2030,0.063580245,0.06808008
2031,0.047530863,0.08397064
2032,0.084567904,0.07234835
2033,0.048148148,0.05745089
2034,0.05493827,0.046209343
2035,0.06419753,0.060862042
2036,0.04506173,0.06410128
2037,0.04691358,0.048233517
2038,0.45679012,0.104801595
2039,0.08395062,0.07610081
2040,0.060493827,0.04047303
2041,0.083333336,0.07128884
2042,0.07160494,0.070296034
2043,0.038271606,0.050446436
2044,0.1037037,0.07562563
2045,0.06111111,0.065624654
2046,0.04382716,0.068423174
2047,0.03580247,0.05271855
2048,0.11234568,0.06053704
2049,0.053703703,0.053353123
2050,0.030864198,0.046363134
2051,0.043209877,0.0617593
2052,0.07345679,0.06936778
2053,0.046296295,0.04362973
2054,0.10061728,0.07163486
2055,0.0654321,0.05934082
2056,0.058641974,0.04767397
2057,0.07962963,0.06558302
2058,0.054320987,0.041906193
2059,0.09197531,0.062134482
2060,0.05740741,0.05990453
2061,0.063580245,0.06556019
2062,0.05308642,0.05969072
2063,0.044444446,0.04968153
2064,0.06111111,0.052124687
2065,0.04691358,0.06117154
2066,0.060493827,0.08165342
2067,0.054320987,0.059846997
2068,0.04691358,0.06615821
2069,0.107407406,0.08925086
2070,0.09320988,0.0635283
2071,0.053703703,0.033307806
2072,0.07839506,0.066443935
2073,0.043209877,0.048940025
2074,0.041358024,0.045472875
2075,0.072222225,0.060534753
2076,0.12469136,0.08022186
2077,0.05123457,0.049538583
2078,0.08888889,0.075211555
2079,0.13395062,0.09153315
2080,0.05617284,0.056462437
2081,0.03765432,0.042104557
2082,0.047530863,0.06896943
2083,0.054320987,0.05359655
2084,0.05123457,0.050842024
2085,0.04506173,0.05315897
2086,0.0654321,0.06941521
2087,0.0654321,0.064409934
2088,0.06234568,0.055858683
2089,0.060493827,0.05748093
2090,0.03580247,0.07254796
2091,0.06975309,0.10002011
2092,0.050617285,0.056593604
2093,0.04691358,0.049346015
2094,0.05308642,0.053518273
2095,0.05185185,0.04840222
2096,0.046296295,0.05107636
2097,0.044444446,0.057534337
2098,0.05185185,0.05225406
2099,0.050617285,0.05945365
2100,0.049382716,0.057309054
2101,0.046296295,0.05873556
2102,0.052469134,0.05134116
2103,0.04074074,0.04817418
2104,0.085802466,0.07941256
2105,0.05185185,0.045406707
2106,0.05740741,0.044578716
2107,0.05,0.044809088
2108,0.05185185,0.052578427
2109,0.05308642,0.043176018
2110,0.053703703,0.051799282
2111,0.05308642,0.054313526
2112,0.039506175,0.057778433
2113,0.10617284,0.058408644
2114,0.05740741,0.05887717
2115,0.044444446,0.056542635
2116,0.060493827,0.044085428
2117,0.047530863,0.055402905
2118,0.058641974,0.046487287
2119,0.07160494,0.070223995
2120,0.042592593,0.055743627
2121,0.058641974,0.04143337
2122,0.054320987,0.060606703
2123,0.087037034,0.062071744
2124,0.046296295,0.04837194
2125,0.04506173,0.053586423
2126,0.05740741,0.05230742
2127,0.037037037,0.06327371
2128,0.041358024,0.05812308
2129,0.063580245,0.06348209
2130,0.06975309,0.03330864
2131,0.11728395,0.102256835
2132,0.03888889,0.058828503
2133,0.048148148,0.07028626
2134,0.05185185,0.043475524
2135,0.05123457,0.057238847
2136,0.05493827,0.046975657
2137,0.043209877,0.060363203
2138,0.075925924,0.057945505
2139,0.05617284,0.04761702
2140,0.05,0.05319258
2141,0.06419753,0.06190587
2142,0.043209877,0.060988575
2143,0.05185185,0.047345996
2144,0.045679014,0.052216887
2145,0.055555556,0.060060844
2146,0.05740741,0.069230914
2147,0.05740741,0.04133486
2148,0.050617285,0.029056959
2149,0.074691355,0.0846736
2150,0.050617285,0.03760186
2151,0.061728396,0.03399694
2152,0.048148148,0.046572156
2153,0.05740741,0.05500018
2154,0.052469134,0.047834598
2155,0.05308642,0.05312385
2156,0.052469134,0.044561252
2157,0.0882716,0.08849436
2158,0.059876543,0.060857773
2159,0.074074075,0.07396157
2160,0.062962964,0.0679979
2161,0.0691358,0.05119516
2162,0.03580247,0.042723533
2163,0.039506175,0.05147042
2164,0.05308642,0.054419655
2165,0.05308642,0.060709126
2166,0.05308642,0.07677884
2167,0.06790123,0.06869009
2168,0.04074074,0.052575804
2169,0.061728396,0.058932997
2170,0.04197531,0.0547679
2171,0.047530863,0.0629617
2172,0.10246914,0.14644639
2173,0.05802469,0.04286147
2174,0.05185185,0.04906579
2175,0.047530863,0.042072713
2176,0.09320988,0.04433529
2177,0.06666667,0.05726922
2178,0.04506173,0.05280841
2179,0.045679014,0.06494612
2180,0.04506173,0.053606883
2181,0.05493827,0.045525476
2182,0.035185184,0.054424673
2183,0.050617285,0.0511174
2184,0.05,0.049314346
2185,0.0654321,0.052073415
2186,0.046296295,0.053199697
2187,0.14506173,0.07548043
2188,0.053703703,0.042387396
2189,0.08765432,0.061107878
2190,0.08024691,0.060175426
2191,0.03888889,0.06934744
2192,0.048765432,0.053709656
2193,0.05123457,0.051944137
2194,0.06666667,0.06313823
2195,0.039506175,0.052485928
2196,0.052469134,0.05863864
2197,0.04691358,0.054636963
2198,0.056790125,0.039863497
2199,0.047530863,0.035082743
2200,0.048148148,0.041260213
2201,0.05,0.06293726
2202,0.053703703,0.04147768
2203,0.1425926,0.13810909
2204,0.053703703,0.05088844
2205,0.05617284,0.064664036
2206,0.055555556,0.0547871
2207,0.042592593,0.05385089
2208,0.06481481,0.049043223
2209,0.048148148,0.043619648
2210,0.043209877,0.049667023
2211,0.044444446,0.049864106
2212,0.04691358,0.056545496
2213,0.045679014,0.059146434
2214,0.03765432,0.052926682
2215,0.044444446,0.049464233
2216,0.04197531,0.052060746
2217,0.04691358,0.056804672
2218,0.03580247,0.045077763
2219,0.052469134,0.055459127
2220,0.08209877,0.058225892
2221,0.054320987,0.059567817
2222,0.05493827,0.048091218
2223,0.048148148,0.05424321
2224,0.048148148,0.049321584
2225,0.047530863,0.05162388
2226,0.059876543,0.041449413
2227,0.06851852,0.06012938
2228,0.048765432,0.0433726
2229,0.03888889,0.07571773
2230,0.04382716,0.053182885
2231,0.040123455,0.074179925
2232,0.04506173,0.044550598
2233,0.06604938,0.06933993
2234,0.119753085,0.061148047
2235,0.05617284,0.05492367
2236,0.044444446,0.0637535
2237,0.041358024,0.06540192
2238,0.050617285,0.05302006
2239,0.075925924,0.070687905
2240,0.074074075,0.074368566
2241,0.05185185,0.060807087
2242,0.06234568,0.058282256
2243,0.031481482,0.05014818
2244,0.042592593,0.055958487
2245,0.043209877,0.047946997
2246,0.072222225,0.061601803
2247,0.108024694,0.08250526
2248,0.050617285,0.0510192
2249,0.05123457,0.058335
2250,0.050617285,0.04402615
2251,0.04691358,0.03967175
2252,0.038271606,0.049283832
2253,0.050617285,0.060891822
2254,0.08271605,0.0674489
2255,0.033333335,0.059331775
2256,0.04506173,0.05940232
2257,0.032098766,0.040052205
2258,0.06234568,0.06280986
2259,0.049382716,0.05683578
2260,0.05617284,0.06743191
2261,0.05308642,0.05815611
2262,0.05740741,0.045911323
2263,0.052469134,0.04186409
2264,0.09074074,0.05162405
2265,0.05493827,0.063577384
2266,0.06234568,0.055533975
2267,0.0654321,0.07008442
2268,0.06234568,0.07157987
2269,0.050617285,0.041850418
2270,0.05123457,0.06537719
2271,0.06481481,0.05950894
2272,0.05802469,0.04433695
2273,0.042592593,0.04480174
2274,0.042592593,0.04728669
2275,0.06419753,0.058358558
2276,0.07530864,0.07154871
2277,0.04197531,0.04989776
2278,0.049382716,0.06650711
2279,0.02962963,0.04837984
2280,0.05493827,0.046816684
2281,0.0654321,0.059482932
2282,0.046296295,0.054380998
2283,0.06419753,0.058959708
2284,0.061728396,0.04883296
2285,0.046296295,0.05867338
2286,0.02962963,0.0522165
2287,0.04382716,0.04336513
2288,0.0691358,0.06625834
2289,0.075925924,0.07026394
2290,0.04197531,0.051854305
2291,0.042592593,0.05884812
2292,0.21049383,0.09113408
2293,0.06419753,0.06437041
2294,0.06234568,0.06184932
2295,0.05802469,0.059567004
2296,0.04382716,0.06261277
2297,0.07098766,0.05338584
2298,0.04197531,0.05167578
2299,0.04382716,0.047669217
2300,0.041358024,0.0555496
2301,0.04382716,0.052837633
2302,0.048765432,0.056500964
2303,0.054320987,0.05452414
2304,0.02654321,0.06796913
2305,0.1037037,0.094309986
2306,0.04691358,0.05942467
2307,0.062962964,0.057233065
2308,0.05123457,0.04476066
2309,0.048765432,0.061361898
2310,0.049382716,0.04944872
2311,0.05493827,0.056917474
2312,0.15864198,0.11645051
2313,0.063580245,0.061157435
2314,0.045679014,0.044684075
2315,0.06728395,0.07989627
2316,0.05185185,0.050906323
2317,0.04691358,0.055173546
2318,0.05617284,0.05422563
2319,0.06111111,0.055049993
2320,0.040123455,0.0648731
2321,0.10308642,0.064148724
2322,0.037037037,0.04947143
2323,0.042592593,0.045440033
2324,0.053703703,0.03759644
2325,0.04506173,0.064739645
2326,0.04382716,0.056205273
2327,0.04506173,0.040951893
2328,0.048765432,0.049325936
2329,0.074691355,0.06420936
2330,0.05925926,0.060077608
2331,0.044444446,0.057530835
2332,0.10061728,0.060722847
2333,0.0654321,0.06924309
2334,0.09382716,0.07020067
2335,0.054320987,0.051425353
2336,0.0654321,0.06564647
2337,0.033950616,0.050286077
2338,0.042592593,0.056018345
2339,0.04382716,0.065032646
2340,0.048148148,0.06112759
2341,0.04197531,0.054394305
2342,0.09506173,0.06129086
2343,0.04691358,0.051474277
2344,0.061728396,0.04225705
2345,0.060493827,0.050894164
2346,0.044444446,0.05546671
2347,0.031481482,0.05470506
2348,0.05493827,0.064370796
2349,0.05123457,0.0472838
2350,0.055555556,0.05446235
2351,0.05308642,0.06821079
2352,0.053703703,0.043327063
2353,0.040123455,0.04839798
2354,0.042592593,0.058950633
2355,0.060493827,0.049676657
2356,0.05123457,0.05043752
2357,0.05925926,0.046059713
2358,0.045679014,0.0637179
2359,0.048765432,0.061646618
2360,0.06666667,0.05705253
2361,0.058641974,0.06488204
2362,0.072839506,0.07520513
2363,0.05123457,0.04707651
2364,0.054320987,0.05842942
2365,0.056790125,0.049542725
2366,0.07098766,0.06540496
2367,0.059876543,0.05019833
2368,0.052469134,0.04918112
2369,0.06419753,0.06119875
2370,0.074074075,0.06913574
2371,0.05740741,0.06684166
2372,0.05,0.0532506
2373,0.050617285,0.05470074
2374,0.048148148,0.055676773
2375,0.04382716,0.05118919
2376,0.046296295,0.053520694
2377,0.053703703,0.050800078
2378,0.06111111,0.040334284
2379,0.048765432,0.06072355
2380,0.04691358,0.050199874
2381,0.05740741,0.052013405
2382,0.05123457,0.05010169
2383,0.044444446,0.051571272
2384,0.05,0.051190108
2385,0.094444446,0.089794725
2386,0.11296296,0.07463876
2387,0.060493827,0.05099289
2388,0.042592593,0.056142673
2389,0.04691358,0.05596648
2390,0.060493827,0.050949745
2391,0.05,0.046643578
2392,0.05617284,0.060387187
2393,0.05617284,0.05641511
2394,0.043209877,0.04891053
2395,0.1308642,0.10703929
2396,0.0882716,0.06630178
2397,0.06728395,0.08153053
2398,0.05123457,0.055545136
2399,0.07962963,0.065448
2400,0.05123457,0.061642386
2401,0.054320987,0.052595228
2402,0.07345679,0.06666575
2403,0.036419753,0.0472313
2404,0.06481481,0.06374022
2405,0.06975309,0.065841556
2406,0.044444446,0.0531234
2407,0.062962964,0.0718638
2408,0.04691358,0.047260493
2409,0.06851852,0.07649924
2410,0.05925926,0.051942557
2411,0.047530863,0.059904113
2412,0.048148148,0.03371182
2413,0.05740741,0.04954037
2414,0.0808642,0.06543611
2415,0.04506173,0.061867133
2416,0.053703703,0.05356632
2417,0.046296295,0.065214664
2418,0.041358024,0.05447437
2419,0.07901235,0.04196456
2420,0.05,0.044527806
2421,0.04382716,0.05053331
2422,0.04691358,0.051925853
2423,0.038271606,0.063273065
2424,0.042592593,0.037610218
2425,0.04074074,0.059013084
2426,0.056790125,0.048651606
2427,0.04382716,0.048795044
2428,0.03271605,0.0587058
2429,0.06666667,0.06916112
2430,0.063580245,0.047576737
2431,0.03765432,0.05344323
2432,0.047530863,0.05812414
2433,0.054320987,0.052250415
2434,0.05740741,0.0672648
2435,0.03888889,0.06557935
2436,0.045679014,0.045937523
2437,0.053703703,0.05944132
2438,0.040123455,0.040178552
2439,0.048765432,0.062321864
2440,0.048765432,0.056369565
2441,0.074074075,0.067478515
2442,0.053703703,0.062780365
2443,0.04691358,0.065574676
2444,0.07654321,0.074023366
2445,0.052469134,0.060617544
2446,0.11172839,0.12638311
2447,0.050617285,0.045334674
2448,0.04074074,0.06204693
2449,0.048765432,0.041664287
2450,0.04506173,0.062410384
2451,0.062962964,0.06669952
2452,0.054320987,0.06118165
2453,0.063580245,0.06548638
2454,0.06419753,0.060748853
2455,0.045679014,0.059330508
2456,0.06851852,0.062172875
2457,0.047530863,0.068274565
2458,0.060493827,0.053670995
2459,0.084567904,0.0721062
2460,0.05123457,0.049280427
2461,0.04506173,0.060702413
2462,0.04197531,0.050262265
2463,0.1574074,0.12837371
2464,0.056790125,0.045619465
2465,0.042592593,0.06418033
2466,0.07037037,0.066757075
2467,0.045679014,0.040465124
2468,0.15308642,0.053220693
2469,0.05308642,0.058474693
2470,0.085185185,0.06337048
2471,0.15246913,0.10681184
2472,0.045679014,0.05082807
2473,0.04197531,0.054362565
2474,0.04074074,0.052312218
2475,0.05123457,0.070434235
2476,0.044444446,0.049529284
2477,0.033950616,0.05750072
2478,0.033333335,0.060883783
2479,0.06481481,0.06277688
2480,0.05123457,0.063698396
2481,0.050617285,0.050227467
2482,0.063580245,0.06513086
2483,0.05617284,0.044366814
2484,0.05123457,0.045186102
2485,0.0345679,0.047864236
2486,0.04197531,0.06466682
2487,0.05123457,0.06207317
2488,0.043209877,0.06959483
2489,0.05308642,0.048495457
2490,0.042592593,0.05690363
2491,0.0654321,0.07078244
2492,0.0654321,0.06494736
2493,0.04506173,0.052754417
2494,0.072222225,0.042465083
2495,0.05185185,0.05035784
2496,0.09197531,0.05379293
2497,0.056790125,0.07015937
2498,0.06728395,0.054281794
2499,0.056790125,0.045971103
2500,0.05740741,0.03736496
2501,0.04197531,0.045589305
2502,0.05,0.055225566
2503,0.039506175,0.04016923
2504,0.06851852,0.079670295
2505,0.05802469,0.04989805
2506,0.08148148,0.06284369
2507,0.05,0.060920473
2508,0.05123457,0.038161293
2509,0.04074074,0.04901865
2510,0.061728396,0.042247847
2511,0.05802469,0.05334635
2512,0.050617285,0.042256102
2513,0.04506173,0.04341867
2514,0.04506173,0.051638212
2515,0.05123457,0.04697194
2516,0.060493827,0.04587847
2517,0.03765432,0.05074466
2518,0.062962964,0.062015474
2519,0.052469134,0.055139095
2520,0.043209877,0.06421366
2521,0.05123457,0.040335238
2522,0.10925926,0.07708955
2523,0.047530863,0.047721982
2524,0.045679014,0.04766534
2525,0.097530864,0.1045815
2526,0.08888889,0.07142863
2527,0.11728395,0.066380516
2528,0.085802466,0.08271615
2529,0.05185185,0.057753503
2530,0.06728395,0.07175782
2531,0.048765432,0.056132674
2532,0.061728396,0.055820845
2533,0.07777778,0.08073051
2534,0.055555556,0.06141275
2535,0.05,0.045791503
2536,0.05123457,0.052010722
2537,0.052469134,0.05167193
2538,0.05123457,0.057306975
2539,0.04691358,0.049270667
2540,0.044444446,0.053589292
2541,0.05740741,0.039649174
2542,0.04197531,0.06787162
2543,0.05123457,0.06328817
2544,0.06111111,0.06216885
2545,0.04506173,0.053234495
2546,0.035185184,0.048976213
2547,0.04506173,0.04783003
2548,0.045679014,0.055225313
2549,0.05308642,0.047458276
2550,0.044444446,0.050575733
2551,0.052469134,0.052593276
2552,0.06234568,0.054606467
2553,0.05,0.06880752
2554,0.052469134,0.05674395
2555,0.048148148,0.033861846
2556,0.055555556,0.047423244
2557,0.043209877,0.053219456
2558,0.045679014,0.060357615
2559,0.055555556,0.057047278
2560,0.046296295,0.051808372
2561,0.04691358,0.06383431
2562,0.04691358,0.04493554
2563,0.05802469,0.052549656
2564,0.055555556,0.04829678
2565,0.049382716,0.04932951
2566,0.04691358,0.048607856
2567,0.05925926,0.04208355
2568,0.05802469,0.051416986
2569,0.050617285,0.059865564
2570,0.042592593,0.05834675
2571,0.054320987,0.05696077
2572,0.047530863,0.053783692
2573,0.040123455,0.065666944
2574,0.049382716,0.057809994
2575,0.050617285,0.05274743
2576,0.04506173,0.05299621
2577,0.039506175,0.04995381
2578,0.060493827,0.047927715
2579,0.049382716,0.051802844
2580,0.05802469,0.05720541
2581,0.063580245,0.048331935
2582,0.07037037,0.085409395
2583,0.06234568,0.06981042
2584,0.047530863,0.04506308
2585,0.046296295,0.060345545
2586,0.042592593,0.055421926
2587,0.05308642,0.057863973
2588,0.061728396,0.04537029
2589,0.054320987,0.06470753
2590,0.05308642,0.061331186
2591,0.04382716,0.044228613
2592,0.053703703,0.04956034
2593,0.05123457,0.06390422
2594,0.055555556,0.04800076
2595,0.04382716,0.052404687
2596,0.10493827,0.06547603
2597,0.052469134,0.05682613
2598,0.04506173,0.061657347
2599,0.048148148,0.06621428
2600,0.036419753,0.048574008
2601,0.055555556,0.051754117
2602,0.049382716,0.05411195
2603,0.05,0.03686676
2604,0.06790123,0.062593386
2605,0.06481481,0.06397705
2606,0.045679014,0.038934574
2607,0.045679014,0.048665613
2608,0.05802469,0.03615226
2609,0.06604938,0.057609797
2610,0.048765432,0.05270715
2611,0.05,0.049439512
2612,0.04197531,0.04870516
2613,0.056790125,0.046822146
2614,0.040123455,0.054989196
2615,0.042592593,0.05235675
2616,0.056790125,0.054165035
2617,0.036419753,0.062463038
2618,0.05617284,0.057476513
2619,0.059876543,0.06369865
2620,0.041358024,0.0602742
2621,0.045679014,0.049870588
2622,0.05802469,0.05744671
2623,0.048765432,0.047192983
2624,0.04382716,0.054266144
2625,0.049382716,0.06081806
2626,0.05617284,0.04743582
2627,0.054320987,0.05451061
2628,0.083333336,0.06271708
2629,0.049382716,0.0586868
2630,0.047530863,0.051281422
2631,0.048148148,0.055629726
2632,0.059876543,0.049156103
2633,0.053703703,0.055276863
2634,0.050617285,0.05364244
2635,0.072839506,0.07121611
2636,0.06419753,0.063022316
2637,0.07777778,0.05117455
2638,0.056790125,0.045283616
2639,0.03765432,0.05595979
2640,0.05925926,0.06927347
2641,0.04691358,0.055815563
2642,0.05185185,0.051104955
2643,0.049382716,0.049556922
2644,0.059876543,0.048226282
2645,0.05123457,0.061200872
2646,0.043209877,0.067518964
2647,0.04382716,0.044929475
2648,0.053703703,0.06110926
2649,0.049382716,0.05679667
2650,0.05493827,0.04748194
2651,0.048148148,0.05455301
2652,0.05308642,0.04763459
2653,0.042592593,0.067601986
2654,0.05617284,0.06197107
2655,0.04382716,0.053522434
2656,0.05308642,0.043702796
2657,0.09691358,0.098851115
2658,0.05617284,0.01922962
2659,0.054320987,0.060380355
2660,0.041358024,0.06713463
2661,0.05,0.06598067
2662,0.029012345,0.04662618
2663,0.05740741,0.06511526
2664,0.040123455,0.06283221
2665,0.06604938,0.06554351
2666,0.094444446,0.052411728
2667,0.07037037,0.063474745
2668,0.047530863,0.061750032
2669,0.063580245,0.06617279
2670,0.052469134,0.03928131
2671,0.07962963,0.07689549
2672,0.04691358,0.064373985
2673,0.04382716,0.046437137
2674,0.042592593,0.056775406
2675,0.036419753,0.066060945
2676,0.06666667,0.0626674
2677,0.047530863,0.041095987
2678,0.05123457,0.07597261
2679,0.061728396,0.05532381
2680,0.048765432,0.041748405
2681,0.06419753,0.054221213
2682,0.063580245,0.06403915
2683,0.050617285,0.058255702
2684,0.042592593,0.046751417
2685,0.048765432,0.048945993
2686,0.05123457,0.040713295
2687,0.053703703,0.048323896
2688,0.05493827,0.06276559
2689,0.04197531,0.062453404
2690,0.055555556,0.062981725
2691,0.04197531,0.048827253
2692,0.08395062,0.07292606
2693,0.050617285,0.03380035
2694,0.119135804,0.0929197
2695,0.053703703,0.053245872
2696,0.05740741,0.05111795
2697,0.12160494,0.08568216
2698,0.04506173,0.066784054
2699,0.07901235,0.0686219
2700,0.06666667,0.05729346
2701,0.054320987,0.03616283
2702,0.05185185,0.049145073
2703,0.043209877,0.047193922
2704,0.06851852,0.0569802
2705,0.03765432,0.035105847
2706,0.054320987,0.04863581
2707,0.04691358,0.048884325
2708,0.052469134,0.06502341
2709,0.04382716,0.062417433
2710,0.05,0.060711764
2711,0.052469134,0.05658053
2712,0.062962964,0.07236117
2713,0.05,0.05413629
2714,0.041358024,0.046982676
2715,0.05123457,0.04755134
2716,0.046296295,0.055749804
2717,0.047530863,0.046016715
2718,0.047530863,0.050731495
2719,0.05308642,0.053736977
2720,0.048148148,0.064234495
2721,0.046296295,0.068057485
2722,0.046296295,0.052689373
2723,0.044444446,0.047553897
2724,0.059876543,0.057245098
2725,0.048148148,0.053924456
2726,0.050617285,0.045947105
2727,0.08765432,0.064381756
2728,0.04691358,0.05972196
2729,0.094444446,0.09808468
2730,0.050617285,0.047462285
2731,0.036419753,0.050265685
2732,0.030864198,0.0672744
2733,0.072839506,0.06852647
2734,0.050617285,0.054475695
2735,0.09876543,0.08730755
2736,0.05802469,0.06885627
2737,0.05740741,0.060682222
2738,0.041358024,0.058234364
2739,0.036419753,0.044504352
2740,0.040123455,0.05764071
2741,0.052469134,0.053147398
2742,0.056790125,0.06728315
2743,0.05123457,0.05291505
2744,0.06851852,0.05244714
2745,0.04506173,0.05807382
2746,0.056790125,0.056938272
2747,0.04506173,0.058868147
2748,0.061728396,0.050713725
2749,0.039506175,0.06577801
2750,0.039506175,0.053193137
2751,0.04506173,0.064988166
2752,0.09135803,0.08171751
2753,0.046296295,0.04238697
2754,0.059876543,0.049243055
2755,0.060493827,0.050696947
2756,0.04074074,0.07099605
2757,0.059876543,0.053678297
2758,0.0691358,0.07431905
2759,0.054320987,0.04855792
2760,0.061728396,0.03447915
2761,0.048765432,0.05702419
2762,0.03271605,0.061648726
2763,0.055555556,0.06329454
2764,0.108641975,0.07411162
2765,0.06728395,0.07705717
2766,0.047530863,0.06428507
2767,0.09012346,0.05744435
2768,0.025925925,0.056301057
2769,0.029012345,0.052471586
2770,0.06728395,0.07716358
2771,0.0808642,0.07580447
2772,0.048148148,0.065327734
2773,0.044444446,0.060261793
2774,0.052469134,0.06520066
2775,0.038271606,0.04565694
2776,0.052469134,0.05919209
2777,0.060493827,0.04843819
2778,0.06728395,0.0592324
2779,0.05493827,0.053322647
2780,0.049382716,0.062869795
2781,0.044444446,0.0486185
2782,0.0691358,0.06463139
2783,0.05617284,0.043388102
2784,0.043209877,0.061599433
2785,0.061728396,0.0465587
2786,0.083333336,0.065501764
2787,0.072222225,0.08378259
2788,0.060493827,0.05236391
2789,0.119135804,0.06588967
2790,0.060493827,0.06598445
2791,0.0654321,0.06451604
2792,0.043209877,0.04886745
2793,0.056790125,0.052894816
2794,0.05185185,0.047606252
2795,0.040123455,0.06496753
2796,0.07345679,0.06776266
2797,0.05493827,0.04541561
2798,0.0691358,0.06711975
2799,0.05123457,0.050831974
2800,0.04506173,0.048460297
2801,0.117901236,0.06149243
2802,0.055555556,0.06033136
2803,0.052469134,0.055366248
2804,0.050617285,0.05046624
2805,0.041358024,0.055001035
2806,0.050617285,0.060547136
2807,0.045679014,0.05615069
2808,0.05123457,0.0474682
2809,0.048765432,0.046401463
2810,0.06234568,0.06848216
2811,0.06975309,0.065537974
2812,0.049382716,0.058368474
2813,0.07839506,0.060174383
2814,0.053703703,0.046100006
2815,0.054320987,0.050678372
2816,0.055555556,0.0588248
2817,0.039506175,0.041067034
2818,0.06666667,0.064216584
2819,0.03888889,0.07039921
2820,0.055555556,0.04638523
2821,0.052469134,0.041688457
2822,0.062962964,0.05314507
2823,0.045679014,0.048495352
2824,0.053703703,0.05857473
2825,0.048765432,0.059831962
2826,0.048148148,0.06712869
2827,0.06111111,0.04729037
2828,0.048148148,0.047942273
2829,0.09691358,0.08533156
2830,0.045679014,0.057396658
2831,0.052469134,0.045218483
2832,0.05617284,0.05752193
2833,0.046296295,0.05788491
2834,0.04691358,0.0565361
2835,0.04691358,0.04366041
2836,0.06666667,0.054612674
2837,0.09382716,0.054066505
2838,0.06666667,0.055226155
2839,0.05185185,0.0522739
2840,0.045679014,0.05712626
2841,0.048765432,0.06075175
2842,0.06790123,0.060360253
2843,0.05185185,0.053009238
2844,0.15432099,0.15278186
2845,0.06975309,0.060684234
2846,0.062962964,0.056811742
2847,0.05185185,0.058390792
2848,0.059876543,0.04881195
2849,0.06234568,0.04529029
2850,0.03888889,0.05579174
2851,0.05123457,0.049784206
2852,0.046296295,0.055277195
2853,0.038271606,0.049519166
2854,0.046296295,0.051393315
2855,0.05123457,0.04263781
2856,0.05617284,0.058102548
2857,0.06604938,0.044852883
2858,0.05308642,0.06335122
2859,0.05493827,0.053546146
2860,0.05,0.049895644
2861,0.075925924,0.066588506
2862,0.052469134,0.05070564
2863,0.05185185,0.046952173
2864,0.048765432,0.05649683
2865,0.10185185,0.0583347
2866,0.03888889,0.05007357
2867,0.1388889,0.07315312
2868,0.052469134,0.063040726
2869,0.053703703,0.0543404
2870,0.042592593,0.05194947
2871,0.049382716,0.07320429
2872,0.04197531,0.052852318
2873,0.05308642,0.048620284
2874,0.05123457,0.043520182
2875,0.42037037,0.13967557
2876,0.05493827,0.064319566
2877,0.061728396,0.061965935
2878,0.032098766,0.060550466
2879,0.06111111,0.040606722
2880,0.07901235,0.05740173
2881,0.085802466,0.06379854
2882,0.048765432,0.06602335
2883,0.052469134,0.05073922
2884,0.045679014,0.058538076
2885,0.044444446,0.0561928
2886,0.14567901,0.09209785
2887,0.049382716,0.06677694
2888,0.063580245,0.0423522
2889,0.049382716,0.062137216
2890,0.043209877,0.06340821
2891,0.07654321,0.049377546
2892,0.046296295,0.06627432
2893,0.048148148,0.0676802
2894,0.12716049,0.07933189
2895,0.06481481,0.055241436
2896,0.047530863,0.049615037
2897,0.062962964,0.07127748
2898,0.05308642,0.05263561
2899,0.05,0.05593718
2900,0.041358024,0.059384584
2901,0.052469134,0.05814094
2902,0.038271606,0.056560226
2903,0.06419753,0.03677895
2904,0.05,0.049624108
2905,0.04506173,0.051073775
2906,0.050617285,0.06187731
2907,0.04382716,0.048246447
2908,0.06790123,0.106097594
2909,0.04691358,0.050243393
2910,0.047530863,0.05907564
2911,0.06234568,0.064149216
2912,0.06111111,0.054141536
2913,0.1617284,0.10933456
2914,0.04506173,0.05123566
2915,0.049382716,0.05947095
2916,0.048148148,0.053427033
2917,0.05308642,0.046373792
2918,0.04197531,0.056232214
2919,0.050617285,0.06885229
2920,0.046296295,0.046410084
2921,0.040123455,0.036402352
2922,0.053703703,0.055681005
2923,0.046296295,0.050269812
2924,0.053703703,0.046768636
2925,0.044444446,0.056872286
2926,0.050617285,0.05545623
2927,0.055555556,0.062726565
2928,0.058641974,0.05866019
2929,0.048765432,0.0462704
2930,0.056790125,0.05274295
2931,0.035185184,0.0507768
2932,0.041358024,0.054139636
2933,0.048148148,0.0483915
2934,0.049382716,0.06148144
2935,0.07037037,0.07066253
2936,0.05925926,0.048780426
2937,0.048765432,0.045294426
2938,0.06728395,0.06296581
2939,0.05740741,0.05945474
2940,0.049382716,0.06076695
2941,0.07777778,0.06359029
2942,0.048148148,0.064080365
2943,0.045679014,0.051239524
2944,0.047530863,0.062151104
2945,0.05123457,0.04988554
2946,0.06790123,0.054230075
2947,0.033333335,0.036626797
2948,0.05185185,0.048401438
2949,0.06419753,0.05691977
2950,0.042592593,0.061722346
2951,0.061728396,0.04697133
2952,0.062962964,0.047289703
2953,0.044444446,0.06092459
2954,0.03765432,0.038611323
2955,0.04382716,0.03851059
2956,0.04074074,0.04942538
2957,0.04506173,0.049895182
2958,0.06666667,0.060213342
2959,0.036419753,0.06441942
2960,0.072839506,0.06561108
2961,0.043209877,0.04735468
2962,0.061728396,0.03982395
2963,0.054320987,0.047316488
2964,0.10185185,0.05480887
2965,0.03888889,0.07688903
2966,0.048765432,0.059386283
2967,0.07654321,0.16240986
2968,0.075925924,0.063453615
2969,0.048148148,0.046738356
2970,0.048765432,0.056161165
2971,0.049382716,0.059176616
2972,0.04382716,0.055439547
2973,0.053703703,0.042141676
2974,0.072222225,0.061959177
2975,0.052469134,0.053632792
2976,0.06728395,0.068253234
2977,0.06975309,0.070481434
2978,0.045679014,0.06398331
2979,0.053703703,0.054575592
2980,0.04506173,0.060825333
2981,0.12469136,0.10749455
2982,0.047530863,0.054721452
2983,0.055555556,0.04390619
2984,0.03888889,0.046926744
2985,0.0654321,0.052128673
2986,0.04382716,0.051208064
2987,0.050617285,0.03621889
2988,0.04691358,0.04927271
2989,0.063580245,0.056242913
2990,0.09074074,0.07858408
2991,0.054320987,0.046143994
2992,0.045679014,0.053158924
2993,0.054320987,0.057869498
2994,0.04506173,0.04671638
2995,0.048148148,0.04426328
2996,0.046296295,0.057674147
2997,0.062962964,0.051999465
2998,0.035185184,0.0675216
2999,0.06604938,0.058020957
3000,0.048148148,0.06510691
3001,0.04197531,0.044319987
3002,0.05123457,0.04748237
3003,0.1808642,0.11637843
3004,0.05493827,0.06248661
3005,0.061728396,0.045041762
3006,0.047530863,0.04992626
3007,0.05185185,0.04057078
3008,0.08209877,0.06503284
3009,0.045679014,0.057743683
3010,0.045679014,0.04913488
3011,0.045679014,0.04869862
3012,0.058641974,0.057031743
3013,0.036419753,0.068976745
3014,0.05493827,0.067863375
3015,0.048148148,0.061283126
3016,0.04382716,0.059224732
3017,0.07530864,0.05380416
3018,0.048148148,0.06376076
3019,0.049382716,0.04647866
3020,0.06666667,0.0659769
3021,0.04197531,0.04833199
3022,0.045679014,0.048892617
3023,0.048148148,0.052524738
3024,0.055555556,0.054730177
3025,0.05617284,0.048332393
3026,0.050617285,0.057797648
3027,0.048148148,0.060827024
3028,0.048765432,0.05374755
3029,0.07037037,0.047280185
3030,0.05185185,0.05573666
3031,0.05493827,0.05853165
3032,0.05802469,0.054289073
3033,0.062962964,0.06048149
3034,0.06111111,0.036397777
3035,0.038271606,0.05535821
3036,0.048765432,0.056899533
3037,0.04691358,0.046297707
3038,0.050617285,0.050111644
3039,0.05925926,0.056899846
3040,0.045679014,0.055068184
3041,0.05493827,0.053764947
3042,0.042592593,0.058282584
3043,0.0808642,0.0774232
3044,0.04506173,0.058811776
3045,0.049382716,0.057401165
3046,0.053703703,0.04374662
3047,0.05617284,0.065299734
3048,0.05123457,0.04538139
3049,0.06111111,0.036699146
3050,0.049382716,0.060281828
3051,0.0808642,0.07576878
3052,0.0654321,0.05760549
3053,0.060493827,0.032071576
3054,0.05802469,0.06717924
3055,0.050617285,0.064039685
3056,0.048148148,0.06886409
3057,0.05925926,0.0500485
3058,0.047530863,0.047897108
3059,0.044444446,0.05417356
3060,0.05185185,0.0587639
3061,0.044444446,0.054554515
3062,0.048765432,0.06262961
3063,0.063580245,0.056239948
3064,0.061728396,0.040016808
3065,0.044444446,0.049212486
3066,0.08271605,0.07777174
3067,0.042592593,0.05932735
3068,0.046296295,0.057268366
3069,0.06604938,0.05618543
3070,0.06666667,0.05597096
3071,0.06975309,0.06697221
3072,0.05308642,0.05969274
3073,0.07839506,0.06348097
3074,0.046296295,0.044245064
3075,0.053703703,0.05053036
3076,0.05925926,0.040451497
3077,0.06481481,0.064661056
3078,0.054320987,0.04914006
3079,0.04506173,0.049750306
3080,0.07160494,0.054987103
3081,0.09691358,0.06153184
3082,0.052469134,0.04938654
3083,0.07777778,0.06372139
3084,0.048765432,0.047798917
3085,0.038271606,0.054157257
3086,0.062962964,0.04823975
3087,0.062962964,0.05860415
3088,0.038271606,0.06026931
3089,0.054320987,0.04923953
3090,0.04382716,0.052578814
3091,0.050617285,0.05066815
3092,0.055555556,0.06017439
3093,0.07345679,0.07202737
3094,0.03765432,0.05397588
3095,0.063580245,0.05842892
3096,0.053703703,0.06636062
3097,0.061728396,0.04998499
3098,0.061728396,0.055667996
3099,0.06111111,0.061334215
3100,0.046296295,0.048615977
3101,0.04074074,0.055226028
3102,0.041358024,0.05180608
3103,0.054320987,0.051054064
3104,0.10987654,0.09888494
3105,0.08395062,0.08260631
3106,0.040123455,0.06558508
3107,0.033950616,0.06327678
3108,0.04691358,0.04865902
3109,0.05493827,0.042635188
3110,0.05802469,0.03457927
3111,0.058641974,0.03914518
3112,0.046296295,0.058182992
3113,0.048765432,0.055792347
3114,0.045679014,0.040571474
3115,0.13703704,0.08281963
3116,0.074691355,0.056115717
3117,0.043209877,0.050666317
3118,0.05802469,0.045821555
3119,0.044444446,0.055514917
3120,0.044444446,0.043875806
3121,0.039506175,0.06183283
3122,0.05802469,0.058574468
3123,0.04506173,0.04854612
3124,0.04197531,0.06947443
3125,0.05185185,0.054985285
3126,0.05802469,0.056606438
3127,0.04506173,0.055335995
3128,0.10061728,0.049181856
3129,0.04197531,0.05124533
3130,0.06111111,0.050652526
3131,0.06604938,0.060347162
3132,0.040123455,0.06045419
3133,0.0691358,0.078532204
3134,0.043209877,0.04533363
3135,0.04197531,0.05196561
3136,0.054320987,0.06603521
3137,0.048765432,0.062461644
3138,0.10432099,0.07729164
3139,0.04691358,0.050686426
3140,0.05123457,0.05923578
3141,0.08765432,0.067883015
3142,0.05740741,0.058808126
3143,0.05802469,0.03581182
3144,0.040123455,0.05639279
3145,0.06111111,0.05944176
3146,0.072222225,0.06301813
3147,0.04382716,0.05151625
3148,0.05617284,0.03828054
3149,0.05123457,0.059544146
3150,0.049382716,0.055126436
3151,0.043209877,0.048633866
3152,0.048765432,0.06244172
3153,0.056790125,0.04879964
3154,0.04197531,0.054340333
3155,0.08888889,0.08706079
3156,0.047530863,0.051253702
3157,0.056790125,0.042248942
3158,0.047530863,0.05423905
3159,0.05,0.04322479
3160,0.052469134,0.07009677
3161,0.052469134,0.060417622
3162,0.12160494,0.10110764
3163,0.042592593,0.050262913
3164,0.05308642,0.04547336
3165,0.039506175,0.05390773
3166,0.049382716,0.054960236
3167,0.047530863,0.05045022
3168,0.053703703,0.057546303
3169,0.05802469,0.05630985
3170,0.02654321,0.07681473
3171,0.04506173,0.059745528
3172,0.056790125,0.050509565
3173,0.047530863,0.04958853
3174,0.052469134,0.044700466
3175,0.039506175,0.06511977
3176,0.046296295,0.04940077
3177,0.084567904,0.068797216
3178,0.053703703,0.059678957
3179,0.048148148,0.048774473
3180,0.045679014,0.06025532
3181,0.04506173,0.04587973
3182,0.04197531,0.06663113
3183,0.05308642,0.05519978
3184,0.053703703,0.051143803
3185,0.04691358,0.04792872
3186,0.048148148,0.064053886
3187,0.043209877,0.07676549
3188,0.15,0.133996
3189,0.047530863,0.046067446
3190,0.060493827,0.05298494
3191,0.05493827,0.05245535
3192,0.033950616,0.060802646
3193,0.05308642,0.045305736
3194,0.044444446,0.06127478
3195,0.05185185,0.06062174
3196,0.052469134,0.046966888
3197,0.07530864,0.06512086
3198,0.06481481,0.070578724
3199,0.047530863,0.057500347
3200,0.039506175,0.067762956
3201,0.07901235,0.055605292
3202,0.0808642,0.059785075
3203,0.06234568,0.05500126
3204,0.18580247,0.11471328
3205,0.054320987,0.038538672
3206,0.06728395,0.06073673
3207,0.047530863,0.046481997
3208,0.04074074,0.06082001
3209,0.029012345,0.058881022
3210,0.05308642,0.057565317
3211,0.05123457,0.050758183
3212,0.04382716,0.043894976
3213,0.045679014,0.05397231
3214,0.14382716,0.10472377
3215,0.05123457,0.0563215
3216,0.048148148,0.05505131
3217,0.04506173,0.04514946
3218,0.049382716,0.05770001
3219,0.04506173,0.046511322
3220,0.11666667,0.06617607
3221,0.04197531,0.043871313
3222,0.046296295,0.053491086
3223,0.054320987,0.050580222
3224,0.052469134,0.05825811
3225,0.06851852,0.06240139
3226,0.049382716,0.044973217
3227,0.04382716,0.059229195
3228,0.05185185,0.050670616
3229,0.07654321,0.068131864
3230,0.06728395,0.06715295
3231,0.05308642,0.04484684
3232,0.048148148,0.054651067
3233,0.09012346,0.09095894
3234,0.044444446,0.041905828
3235,0.04074074,0.05901534
3236,0.06604938,0.07529392
3237,0.035185184,0.0543667
3238,0.041358024,0.044424884
3239,0.06111111,0.05515676
3240,0.054320987,0.063072845
3241,0.037037037,0.056953013
3242,0.049382716,0.058060527
3243,0.055555556,0.047145054
3244,0.04506173,0.057939656
3245,0.053703703,0.05439595
3246,0.07901235,0.065342605
3247,0.048148148,0.053215973
3248,0.06975309,0.059376504
3249,0.044444446,0.040907912
3250,0.05123457,0.049723104
3251,0.043209877,0.051363558
3252,0.05617284,0.05134108
3253,0.05185185,0.06123939
3254,0.055555556,0.04988733
3255,0.053703703,0.061041467
3256,0.059876543,0.048873864
3257,0.045679014,0.060040623
3258,0.05308642,0.06118557
3259,0.06975309,0.06931412
3260,0.08888889,0.15601309
3261,0.040123455,0.048433647
3262,0.09197531,0.078847915
3263,0.043209877,0.057470232
3264,0.07901235,0.06122315
3265,0.04382716,0.04090652
3266,0.054320987,0.058853686
3267,0.041358024,0.050401807
3268,0.054320987,0.052399054
3269,0.03580247,0.0383062
3270,0.042592593,0.051370557
3271,0.03888889,0.06429384
3272,0.05,0.048476078
3273,0.044444446,0.049065806
3274,0.04074074,0.06172485
3275,0.074074075,0.06287369
3276,0.041358024,0.0496851
3277,0.05617284,0.066342235
3278,0.047530863,0.05653058
3279,0.083333336,0.086697176
3280,0.07530864,0.063681334
3281,0.075925924,0.07094412
3282,0.04382716,0.026628062
3283,0.05185185,0.055028826
3284,0.052469134,0.0506718
3285,0.042592593,0.046475857
3286,0.120987654,0.13588789
3287,0.04197531,0.07644916
3288,0.04691358,0.05402232
3289,0.108641975,0.087390125
3290,0.054320987,0.055716988
3291,0.058641974,0.05256314
3292,0.04691358,0.057284273
3293,0.046296295,0.053767465
3294,0.05308642,0.042357154
3295,0.045679014,0.05918803
3296,0.048148148,0.049738728
3297,0.07037037,0.054801017
3298,0.05185185,0.070206456
3299,0.053703703,0.042619444
3300,0.049382716,0.057638504
3301,0.107407406,0.086230874
3302,0.05308642,0.060637504
3303,0.045679014,0.06344569
3304,0.053703703,0.042567223
3305,0.055555556,0.06496327
3306,0.041358024,0.055774353
3307,0.05185185,0.051676273
3308,0.05185185,0.057369865
3309,0.038271606,0.049600817
3310,0.03888889,0.062384695
3311,0.048148148,0.059508946
3312,0.046296295,0.05517459
3313,0.06419753,0.06372774
3314,0.047530863,0.054389253
3315,0.046296295,0.059110224
3316,0.04197531,0.05230783
3317,0.14074074,0.079299375
3318,0.05493827,0.053150013
3319,0.045679014,0.047120214
3320,0.053703703,0.056193158
3321,0.046296295,0.056700245
3322,0.10617284,0.08891323
3323,0.063580245,0.052286718
3324,0.05123457,0.05386786
3325,0.06111111,0.04956439
3326,0.05617284,0.039702594
3327,0.05123457,0.06206519
3328,0.05740741,0.038004406
3329,0.053703703,0.04602433
3330,0.05308642,0.040091187
3331,0.046296295,0.052617915
3332,0.058641974,0.0528324
3333,0.048765432,0.043379977
3334,0.05617284,0.04995823
3335,0.048765432,0.040355697
3336,0.13024691,0.08908293
3337,0.045679014,0.065709606
3338,0.05,0.05633585
3339,0.06481481,0.045711085
3340,0.048765432,0.04967672
3341,0.045679014,0.045838043
3342,0.039506175,0.048800536
3343,0.053703703,0.063754536
3344,0.053703703,0.048111133
3345,0.041358024,0.04857759
3346,0.05185185,0.06241952
3347,0.06728395,0.055982415
3348,0.08888889,0.052847687
3349,0.106790125,0.0728405
3350,0.05185185,0.05852878
3351,0.04197531,0.056146815
3352,0.05493827,0.05534607
3353,0.049382716,0.05045431
3354,0.029012345,0.048413668
3355,0.041358024,0.062038556
3356,0.053703703,0.060072884
3357,0.049382716,0.057439
3358,0.04691358,0.043722227
3359,0.04074074,0.05836957
3360,0.039506175,0.056052893
3361,0.061728396,0.049993567
3362,0.050617285,0.052714556
3363,0.08395062,0.058964826
3364,0.05185185,0.052305445
3365,0.032098766,0.054130934
3366,0.046296295,0.07001951
3367,0.072222225,0.079433456
3368,0.16358025,0.06700559
3369,0.048148148,0.062026493
3370,0.04691358,0.049380973
3371,0.054320987,0.06163136
3372,0.05123457,0.05890076
3373,0.074691355,0.07502106
3374,0.053703703,0.060762852
3375,0.048765432,0.05868554
3376,0.049382716,0.049183734
3377,0.044444446,0.04539092
3378,0.027777778,0.056184568
3379,0.046296295,0.04476665
3380,0.050617285,0.05316986
3381,0.048148148,0.049590044
3382,0.05617284,0.05741331
3383,0.06975309,0.056922883
3384,0.04506173,0.051178142
3385,0.05740741,0.064704865
3386,0.045679014,0.0699461
3387,0.049382716,0.046293452
3388,0.04197531,0.039906725
3389,0.049382716,0.06291289
3390,0.049382716,0.057006598
3391,0.048148148,0.04066112
3392,0.046296295,0.0531781
3393,0.045679014,0.048487276
3394,0.04691358,0.06287014
3395,0.05740741,0.0571675
3396,0.037037037,0.05964054
3397,0.05308642,0.054952055
3398,0.041358024,0.058754653
3399,0.045679014,0.057765324
3400,0.06975309,0.061334193
3401,0.04506173,0.038660854
3402,0.04691358,0.051578768
3403,0.04506173,0.06221728
3404,0.041358024,0.05186601
3405,0.047530863,0.05592625
3406,0.05308642,0.045113713
3407,0.05740741,0.068790026
3408,0.09135803,0.058386013
3409,0.05,0.054291397
3410,0.06234568,0.07129352
3411,0.046296295,0.053950816
3412,0.052469134,0.04329291
3413,0.05185185,0.044333395
3414,0.049382716,0.054227043
3415,0.085802466,0.066546984
3416,0.14320987,0.09510938
3417,0.06481481,0.07992934
3418,0.046296295,0.042934567
3419,0.056790125,0.054301783
3420,0.040123455,0.057630338
3421,0.044444446,0.06568958
3422,0.052469134,0.05109091
3423,0.05617284,0.056918934
3424,0.06790123,0.05630456
3425,0.037037037,0.053142734
3426,0.04691358,0.04596369
3427,0.045679014,0.052583795
3428,0.07098766,0.06712113
3429,0.048765432,0.054516606
3430,0.12530865,0.09549785
3431,0.11481482,0.07348549
3432,0.0345679,0.057550967
3433,0.05925926,0.032556437
3434,0.039506175,0.055707313
3435,0.048148148,0.06818736
3436,0.060493827,0.05666335
3437,0.048148148,0.0487914
3438,0.047530863,0.05038715
3439,0.03580247,0.061691754
3440,0.055555556,0.054990925
3441,0.07345679,0.05498317
3442,0.060493827,0.046338677
3443,0.04382716,0.0492671
3444,0.04691358,0.04371646
3445,0.07839506,0.054119837
3446,0.060493827,0.03951758
3447,0.046296295,0.05063861
3448,0.042592593,0.050678715
3449,0.045679014,0.06177757
3450,0.074691355,0.06810106
3451,0.060493827,0.051314622
3452,0.04382716,0.04696986
3453,0.12530865,0.08291084
3454,0.046296295,0.06570892
3455,0.058641974,0.05502504
3456,0.05,0.057786208
3457,0.04506173,0.055988736
3458,0.06851852,0.0675008
3459,0.05185185,0.050946027
3460,0.047530863,0.05585143
3461,0.05802469,0.058508635
3462,0.06111111,0.036536306
3463,0.037037037,0.05627839
3464,0.05,0.058276076
3465,0.04074074,0.058733284
3466,0.05123457,0.06463987
3467,0.055555556,0.048847362
3468,0.04506173,0.058077455
3469,0.05185185,0.048938364
3470,0.048765432,0.03543012
3471,0.048765432,0.056830753
3472,0.046296295,0.046042237
3473,0.05925926,0.052576855
3474,0.05493827,0.051976077
3475,0.042592593,0.05287264
3476,0.072222225,0.07222721
3477,0.05123457,0.059410688
3478,0.046296295,0.049906448
3479,0.049382716,0.0563898
3480,0.047530863,0.049972817
3481,0.030864198,0.05028838
3482,0.046296295,0.051509477
3483,0.04691358,0.056750864
3484,0.05308642,0.05735729
3485,0.20061728,0.08855225
3486,0.048765432,0.06095855
3487,0.060493827,0.04305113
3488,0.052469134,0.055981964
3489,0.048765432,0.07578952
3490,0.048765432,0.06401866
3491,0.02654321,0.06466998
3492,0.04382716,0.06472966
3493,0.048148148,0.056002416
3494,0.046296295,0.055970557
3495,0.054320987,0.054470766
3496,0.04506173,0.06122558
3497,0.117901236,0.09397791
3498,0.048148148,0.056998294
3499,0.05,0.049600232
3500,0.06851852,0.0775743
3501,0.06234568,0.056988835
3502,0.05617284,0.038789496
3503,0.04691358,0.047350712
3504,0.053703703,0.05323997
3505,0.043209877,0.061904535
3506,0.05308642,0.04241291
3507,0.05185185,0.05493173
3508,0.04691358,0.0505979
3509,0.052469134,0.051706158
3510,0.05493827,0.059216365
3511,0.049382716,0.056700833
3512,0.072839506,0.08488205
3513,0.046296295,0.05362335
3514,0.04197531,0.045854837
3515,0.063580245,0.07873182
3516,0.04074074,0.049587294
3517,0.046296295,0.058444
3518,0.046296295,0.053321145
3519,0.05617284,0.052995913
3520,0.07345679,0.070633344
3521,0.072222225,0.076725796
3522,0.16049382,0.07045393
3523,0.033333335,0.05182173
3524,0.14012346,0.07934798
3525,0.047530863,0.053429633
3526,0.05308642,0.042906776
3527,0.025925925,0.067817
3528,0.047530863,0.054189436
3529,0.11604938,0.07735549
3530,0.06234568,0.063603036
3531,0.05,0.04634323
3532,0.06604938,0.07711143
3533,0.060493827,0.04753938
3534,0.05,0.07606902
3535,0.05802469,0.056256652
3536,0.03765432,0.043118708
3537,0.048765432,0.056705147
3538,0.046296295,0.05055185
3539,0.05740741,0.04528895
3540,0.041358024,0.04883121
3541,0.047530863,0.07381273
3542,0.03765432,0.0526042
3543,0.046296295,0.050013795
3544,0.056790125,0.04466985
3545,0.05185185,0.05942089
3546,0.055555556,0.0514357
3547,0.06419753,0.0584234
3548,0.042592593,0.052662283
3549,0.043209877,0.034990072
3550,0.05802469,0.04562802
3551,0.05925926,0.052960195
3552,0.048765432,0.04926242
3553,0.055555556,0.067429386
3554,0.054320987,0.053474978
3555,0.040123455,0.05526388
3556,0.040123455,0.06305331
3557,0.042592593,0.052035704
3558,0.03765432,0.05720508
3559,0.07777778,0.059370376
3560,0.04506173,0.057100892
3561,0.05123457,0.053146914
3562,0.048148148,0.058925122
3563,0.040123455,0.044012293
3564,0.046296295,0.050530776
3565,0.05308642,0.05642283
3566,0.04691358,0.04856722
3567,0.09506173,0.068533786
3568,0.05617284,0.06484068
3569,0.08148148,0.05043637
3570,0.04197531,0.055391446
3571,0.05308642,0.055048317
3572,0.05123457,0.06386706
3573,0.05740741,0.047542896
3574,0.042592593,0.052509993
3575,0.05,0.053949676
3576,0.045679014,0.047407605
3577,0.06851852,0.06749049
3578,0.096296296,0.0694834
3579,0.05185185,0.036188275
3580,0.09691358,0.07955892
3581,0.063580245,0.05125694
3582,0.059876543,0.043642767
3583,0.049382716,0.054559156
3584,0.07716049,0.09150691
3585,0.033333335,0.052662984
3586,0.049382716,0.046791956
3587,0.042592593,0.05681645
3588,0.13395062,0.099748746
3589,0.048148148,0.043265432
3590,0.074691355,0.056371443
3591,0.11358025,0.08332364
3592,0.036419753,0.04506673
3593,0.04506173,0.055914693
3594,0.05925926,0.05274994
3595,0.054320987,0.07507755
3596,0.16728395,0.11178216
3597,0.052469134,0.051384784
3598,0.044444446,0.0584308
3599,0.021604938,0.0558799
3600,0.048148148,0.047665462
3601,0.047530863,0.049610958
3602,0.039506175,0.06043744
3603,0.04691358,0.057597216
3604,0.05308642,0.052403368
3605,0.049382716,0.056881078
3606,0.053703703,0.058318697
3607,0.04382716,0.049397536
3608,0.05802469,0.05115466
3609,0.10185185,0.07270992
3610,0.053703703,0.048547126
3611,0.11172839,0.0865452
3612,0.046296295,0.061842144
3613,0.048148148,0.06496698
3614,0.059876543,0.057867
3615,0.05740741,0.053117603
3616,0.05925926,0.056765184
3617,0.055555556,0.05858259
3618,0.05308642,0.052217573
3619,0.043209877,0.053417407
3620,0.074074075,0.056680202
3621,0.046296295,0.037597686
3622,0.05802469,0.042384803
3623,0.074074075,0.060541913
3624,0.06604938,0.06516091
3625,0.035185184,0.044661663
3626,0.042592593,0.053259782
3627,0.07716049,0.06399787
3628,0.060493827,0.0577251
3629,0.042592593,0.05058236
3630,0.06666667,0.060885943
3631,0.07777778,0.06617837
3632,0.047530863,0.055574182
3633,0.048148148,0.057931934
3634,0.049382716,0.06181377
3635,0.06666667,0.059148572
3636,0.07777778,0.05703529
3637,0.09074074,0.05716102
3638,0.04382716,0.05147346
3639,0.048765432,0.04921239
3640,0.046296295,0.07244865
3641,0.041358024,0.06653025
3642,0.032098766,0.06962476
3643,0.048148148,0.05017942
3644,0.042592593,0.0616081
3645,0.07839506,0.058031797
3646,0.09135803,0.08909912
3647,0.074074075,0.048756033
3648,0.048148148,0.0565217
3649,0.05,0.046920612
3650,0.054320987,0.04971555
3651,0.052469134,0.058118023
3652,0.04382716,0.051974665
3653,0.07839506,0.07970545
3654,0.07160494,0.07084942
3655,0.053703703,0.057810143
3656,0.039506175,0.07395569
3657,0.039506175,0.047904857
3658,0.072222225,0.04684848
3659,0.085802466,0.07152465
3660,0.08148148,0.06090097
3661,0.049382716,0.056053117
3662,0.06851852,0.0693772
3663,0.060493827,0.039905995
3664,0.048148148,0.057631522
3665,0.04074074,0.049813725
3666,0.119753085,0.09119572
3667,0.12839507,0.10117929
3668,0.05740741,0.055764396
3669,0.059876543,0.050742358
3670,0.04506173,0.058208235
3671,0.06728395,0.057772964
3672,0.048148148,0.052296434
3673,0.049382716,0.04491587
3674,0.04506173,0.056093864
3675,0.05,0.058578677
3676,0.05617284,0.07610006
3677,0.05123457,0.052092195
3678,0.09320988,0.07722147
3679,0.058641974,0.042636655
3680,0.061728396,0.045532044
3681,0.04074074,0.061479315
3682,0.045679014,0.06432606
3683,0.043209877,0.06079279
3684,0.048148148,0.07710213
3685,0.072222225,0.0753877
3686,0.042592593,0.048213065
3687,0.05,0.0780471
3688,0.03765432,0.058945056
3689,0.1308642,0.08830401
3690,0.052469134,0.04298733
3691,0.07839506,0.07844277
3692,0.041358024,0.05128932
3693,0.05308642,0.05561567
3694,0.04382716,0.058978982
3695,0.07716049,0.1504289
3696,0.05185185,0.057858776
3697,0.040123455,0.046290934
3698,0.06604938,0.063080475
3699,0.052469134,0.054049194
3700,0.058641974,0.061835006
3701,0.043209877,0.047745794
3702,0.047530863,0.05120915
3703,0.0654321,0.06006769
3704,0.03580247,0.045886055
3705,0.047530863,0.045412138
3706,0.04074074,0.06238653
3707,0.04691358,0.049210504
3708,0.05308642,0.04523781
3709,0.048148148,0.048299164
3710,0.05123457,0.056341425
3711,0.05123457,0.05818984
3712,0.03765432,0.066481546
3713,0.059876543,0.06000842
3714,0.050617285,0.049716838
3715,0.042592593,0.061507285
3716,0.054320987,0.044529486
3717,0.058641974,0.049822107
3718,0.046296295,0.049517944
3719,0.1037037,0.052285694
3720,0.059876543,0.06977508
3721,0.06604938,0.054209758
3722,0.044444446,0.06800092
3723,0.04691358,0.046349585
3724,0.06481481,0.07419434
3725,0.053703703,0.047760002
3726,0.052469134,0.058568306
3727,0.029012345,0.048549928
3728,0.03765432,0.048280016
3729,0.060493827,0.038695112
3730,0.07160494,0.056214377
3731,0.045679014,0.05149623
3732,0.060493827,0.050986633
3733,0.05740741,0.04570636
3734,0.04506173,0.05379844
3735,0.05617284,0.054693073
3736,0.050617285,0.046244398
3737,0.06111111,0.05906385
3738,0.05,0.049576353
3739,0.044444446,0.04817819
3740,0.107407406,0.09266252
3741,0.042592593,0.06860409
3742,0.041358024,0.053696066
3743,0.059876543,0.048886187
3744,0.063580245,0.049772397
3745,0.046296295,0.03854648
3746,0.040123455,0.057871338
3747,0.044444446,0.049346544
3748,0.07160494,0.055198796
3749,0.053703703,0.061467126
3750,0.048148148,0.055011183
3751,0.048765432,0.046296254
3752,0.053703703,0.05440722
3753,0.1,0.06866008
3754,0.050617285,0.05961489
3755,0.050617285,0.061562166
3756,0.050617285,0.049424715
3757,0.05308642,0.03536798
3758,0.04506173,0.048643187
3759,0.05123457,0.0474308
3760,0.049382716,0.050762713
3761,0.050617285,0.06350749
3762,0.04382716,0.048720427
3763,0.09382716,0.07299906
3764,0.039506175,0.055165574
3765,0.047530863,0.053460177
3766,0.05493827,0.054163836
3767,0.05308642,0.04745472
3768,0.052469134,0.041488975
3769,0.03888889,0.05341938
3770,0.054320987,0.06711971
3771,0.046296295,0.061445713
3772,0.05802469,0.045307867
3773,0.047530863,0.050422926
3774,0.056790125,0.035224892
3775,0.047530863,0.054304287
3776,0.059876543,0.05353421
3777,0.050617285,0.048033133
3778,0.049382716,0.058064513
3779,0.05,0.04686121
3780,0.049382716,0.04745952
3781,0.06604938,0.060189754
3782,0.05,0.042480096
3783,0.04691358,0.06405613
3784,0.05802469,0.038343824
3785,0.05740741,0.05892986
3786,0.05308642,0.046601057
3787,0.07962963,0.07788034
3788,0.043209877,0.057692274
3789,0.045679014,0.062218145
3790,0.063580245,0.0512361
3791,0.053703703,0.049676217
3792,0.043209877,0.042149566
3793,0.052469134,0.06622046
3794,0.050617285,0.059377626
3795,0.06604938,0.073855735
3796,0.052469134,0.042547986
3797,0.07962963,0.057130776
3798,0.04197531,0.03572887
3799,0.045679014,0.06297025
3800,0.05123457,0.06376606
3801,0.085185185,0.060125366
3802,0.04074074,0.03924285
3803,0.09506173,0.06683306
3804,0.08395062,0.08636226
3805,0.047530863,0.048625357
3806,0.052469134,0.06381247
3807,0.05,0.051972456
3808,0.04197531,0.047851145
3809,0.04691358,0.048418976
3810,0.052469134,0.05443132
3811,0.036419753,0.06138673
3812,0.083333336,0.07515422
3813,0.048765432,0.06792524
3814,0.04382716,0.052008905
3815,0.08209877,0.06737597
3816,0.042592593,0.04900071
3817,0.05123457,0.046953827
3818,0.04382716,0.048822664
3819,0.06851852,0.067441724
3820,0.06481481,0.054351687
3821,0.046296295,0.07013439
3822,0.04382716,0.059477523
3823,0.05740741,0.04901747
3824,0.043209877,0.05526641
3825,0.043209877,0.07085857
3826,0.048148148,0.049283236
3827,0.05308642,0.051745236
3828,0.03765432,0.058653057
3829,0.07098766,0.06083259
3830,0.046296295,0.06354288
3831,0.037037037,0.055516027
3832,0.040123455,0.0628764
3833,0.0654321,0.063804165
3834,0.046296295,0.04084532
3835,0.07530864,0.047091767
3836,0.106790125,0.09429075
3837,0.048765432,0.047585346
3838,0.038271606,0.05743932
3839,0.05185185,0.054896995
3840,0.08148148,0.07899819
3841,0.053703703,0.04886719
3842,0.038271606,0.061299622
3843,0.05,0.03951849
3844,0.050617285,0.056401223
3845,0.04506173,0.04923404
3846,0.042592593,0.074537314
3847,0.044444446,0.049798645
3848,0.04691358,0.06467471
3849,0.098148145,0.06902495
3850,0.110493824,0.064995736
3851,0.048765432,0.05832696
3852,0.049382716,0.059197918
3853,0.056790125,0.0520033
3854,0.062962964,0.05656288
3855,0.045679014,0.044663478
3856,0.049382716,0.05258771
3857,0.046296295,0.041625112
3858,0.11234568,0.1010157
3859,0.07777778,0.07014901
3860,0.06975309,0.04936864
3861,0.052469134,0.049634807
3862,0.062962964,0.050917976
3863,0.05,0.048115253
3864,0.037037037,0.057111174
3865,0.040123455,0.057190903
3866,0.056790125,0.0694792
3867,0.060493827,0.0497301
3868,0.048765432,0.053536583
3869,0.048148148,0.052290633
3870,0.056790125,0.051405374
3871,0.048148148,0.049421526
3872,0.047530863,0.05751703
3873,0.050617285,0.05505164
3874,0.1537037,0.08388004
3875,0.054320987,0.056363866
3876,0.044444446,0.04598845
3877,0.043209877,0.059643105
3878,0.059876543,0.056565747
3879,0.046296295,0.045266926
3880,0.055555556,0.052176632
3881,0.04074074,0.053204447
3882,0.045679014,0.049516357
3883,0.0654321,0.057665627
3884,0.0345679,0.056651395
3885,0.045679014,0.040787958
3886,0.074691355,0.06964964
3887,0.055555556,0.044852123
3888,0.044444446,0.057056397
3889,0.05123457,0.057990626
3890,0.049382716,0.04186485
3891,0.04506173,0.053949144
3892,0.05123457,0.055926755
3893,0.14753087,0.122073665
3894,0.06234568,0.06062989
3895,0.041358024,0.059187807
3896,0.05185185,0.051386602
3897,0.096296296,0.080824256
3898,0.05123457,0.057461888
3899,0.050617285,0.054225426
3900,0.05123457,0.0700075
3901,0.08148148,0.088996306
3902,0.05308642,0.05098016
3903,0.050617285,0.05938098
3904,0.049382716,0.062267482
3905,0.04506173,0.05301243
3906,0.04197531,0.052159697
3907,0.05185185,0.059796907
3908,0.04506173,0.04541845
3909,0.04382716,0.05189474
3910,0.05185185,0.06874369
3911,0.043209877,0.048430264
3912,0.05925926,0.050268456
3913,0.083333336,0.09141887
3914,0.05802469,0.047725506
3915,0.046296295,0.05024709
3916,0.05185185,0.059116706
3917,0.06481481,0.067784734
3918,0.052469134,0.05497305
3919,0.045679014,0.057215117
3920,0.041358024,0.05251056
3921,0.04074074,0.042108633
3922,0.045679014,0.05443552
3923,0.05185185,0.046533972
3924,0.058641974,0.052616112
3925,0.052469134,0.055701748
3926,0.039506175,0.05280429
3927,0.048148148,0.06254577
3928,0.053703703,0.04770568
3929,0.05185185,0.06362228
3930,0.05,0.056656763
3931,0.05740741,0.08936986
3932,0.045679014,0.053899325
3933,0.046296295,0.054470114
3934,0.052469134,0.05170109
3935,0.049382716,0.048679434
3936,0.2537037,0.122531295
3937,0.060493827,0.037139162
3938,0.059876543,0.059208035
3939,0.061728396,0.049836338
3940,0.13765432,0.10969195
3941,0.062962964,0.051110975
3942,0.043209877,0.04312408
3943,0.059876543,0.066479266
3944,0.059876543,0.058484912
3945,0.05925926,0.051815018
3946,0.06419753,0.04858648
3947,0.05123457,0.054575846
3948,0.05123457,0.05401288
3949,0.047530863,0.06310758
3950,0.039506175,0.052611187
3951,0.055555556,0.04801108
3952,0.048765432,0.062090643
3953,0.061728396,0.06135965
3954,0.050617285,0.04778356
3955,0.06666667,0.066511616
3956,0.040123455,0.05534239
3957,0.08395062,0.06741214
3958,0.05308642,0.060377315
3959,0.048148148,0.05466667
3960,0.045679014,0.061473396
3961,0.052469134,0.05237733
3962,0.049382716,0.045035884
3963,0.059876543,0.05795084
3964,0.033950616,0.05788608
3965,0.0808642,0.07463138
3966,0.049382716,0.059862055
3967,0.08765432,0.07976611
3968,0.12716049,0.062252436
3969,0.03580247,0.047334164
3970,0.053703703,0.054645248
3971,0.032098766,0.058084086
3972,0.06851852,0.048233546
3973,0.0882716,0.079507686
3974,0.056790125,0.032979503
3975,0.04506173,0.04687944
3976,0.040123455,0.037727796
3977,0.048765432,0.04394912
3978,0.05308642,0.043647587
3979,0.053703703,0.055651657
3980,0.074691355,0.05885171
3981,0.05493827,0.045786157
3982,0.041358024,0.06315608
3983,0.05740741,0.053237263
3984,0.07345679,0.06631896
3985,0.039506175,0.052933972
3986,0.040123455,0.05390591
3987,0.059876543,0.069280356
3988,0.07160494,0.06486168
3989,0.05185185,0.053084034
3990,0.039506175,0.044356726
3991,0.05185185,0.06445299
3992,0.044444446,0.061035246
3993,0.05925926,0.04720957
3994,0.053703703,0.050846808
3995,0.054320987,0.064243585
3996,0.038271606,0.047265064
3997,0.04691358,0.059641838
3998,0.07962963,0.071153164
3999,0.045679014,0.050878458
4000,0.03271605,0.051591948
4001,0.047530863,0.05118064
4002,0.04074074,0.06309309
4003,0.050617285,0.06254307
4004,0.039506175,0.06571385
4005,0.05,0.05165916
4006,0.047530863,0.056394413
4007,0.05740741,0.06211617
4008,0.04506173,0.059262097
4009,0.108641975,0.07702245
4010,0.053703703,0.06011746
4011,0.04691358,0.051972672
4012,0.054320987,0.04709071
4013,0.04691358,0.04614068
4014,0.07530864,0.060103305
4015,0.054320987,0.056873456
4016,0.04197531,0.057599623
4017,0.041358024,0.05229646
4018,0.038271606,0.055196784
4019,0.046296295,0.06815914
4020,0.044444446,0.058743495
4021,0.05123457,0.058209375
4022,0.05123457,0.047029406
4023,0.05,0.05238296
4024,0.045679014,0.06751931
4025,0.04506173,0.054382302
4026,0.058641974,0.05696343
4027,0.04691358,0.051251955
4028,0.047530863,0.05110176
4029,0.05,0.058418974
4030,0.07901235,0.0745363
4031,0.037037037,0.05395255
4032,0.033950616,0.056429468
4033,0.060493827,0.043642774
4034,0.07037037,0.060796008
4035,0.05802469,0.043906525
4036,0.059876543,0.05434958
4037,0.04074074,0.059135925
4038,0.047530863,0.05442804
4039,0.03888889,0.060932774
4040,0.05308642,0.044124126
4041,0.041358024,0.0606549
4042,0.08271605,0.07827929
4043,0.05,0.052756757
4044,0.047530863,0.05504605
4045,0.074691355,0.061377496
4046,0.049382716,0.057484627
4047,0.048765432,0.05803927
4048,0.05123457,0.059688315
4049,0.019135803,0.058596034
4050,0.05,0.06503073
4051,0.045679014,0.049046524
4052,0.04382716,0.04409097
4053,0.048765432,0.03555595
4054,0.046296295,0.040956095
4055,0.048148148,0.0511455
4056,0.07839506,0.06334688
4057,0.052469134,0.056893468
4058,0.06604938,0.059757672
4059,0.048765432,0.042365864
4060,0.05123457,0.058265157
4061,0.04506173,0.057833612
4062,0.050617285,0.055137753
4063,0.06419753,0.06465929
4064,0.046296295,0.045023326
4065,0.04074074,0.040465266
4066,0.061728396,0.0549158
4067,0.083333336,0.061698973
4068,0.1580247,0.15794054
4069,0.05617284,0.038083024
4070,0.044444446,0.03545399
4071,0.044444446,0.07024844
4072,0.04691358,0.052545927
4073,0.049382716,0.046030957
4074,0.05617284,0.05389359
4075,0.05,0.0554827
4076,0.06481481,0.062709585
4077,0.054320987,0.050703637
4078,0.053703703,0.052149653
4079,0.060493827,0.044488765
4080,0.059876543,0.04549914
4081,0.050617285,0.05189047
4082,0.04506173,0.054117322
4083,0.05617284,0.06008093
4084,0.04506173,0.040102452
4085,0.04506173,0.05980909
4086,0.063580245,0.071835384
4087,0.07839506,0.052084718
4088,0.047530863,0.05135134
4089,0.048148148,0.05974154
4090,0.04506173,0.055134222
4091,0.060493827,0.0536851
4092,0.04197531,0.057776086
4093,0.06728395,0.048901044
4094,0.042592593,0.045501143
4095,0.09382716,0.06837386
4096,0.08888889,0.07586352
4097,0.059876543,0.060726643
4098,0.03765432,0.048508897
4099,0.0654321,0.066157386
4100,0.053703703,0.064921565
4101,0.04691358,0.041906074
4102,0.27962962,0.22849302
4103,0.052469134,0.05699744
4104,0.05185185,0.0677792
4105,0.24259259,0.08609727
4106,0.04382716,0.057253543
4107,0.04506173,0.052856028
4108,0.087037034,0.081033945
4109,0.04691358,0.060567282
4110,0.05123457,0.05194073
4111,0.16234568,0.081740886
4112,0.05308642,0.06268288
4113,0.058641974,0.053292118
4114,0.05,0.06647645
4115,0.047530863,0.057171807
4116,0.06234568,0.062284917
4117,0.11296296,0.059849873
4118,0.04197531,0.03867442
4119,0.032098766,0.061488748
4120,0.14012346,0.09374693
4121,0.047530863,0.055564135
4122,0.05740741,0.053963616
4123,0.072839506,0.07615331
4124,0.06604938,0.08053129
4125,0.04074074,0.057102732
4126,0.05123457,0.060171664
4127,0.06111111,0.056800984
4128,0.08888889,0.07936256
4129,0.040123455,0.055204086
4130,0.049382716,0.045141354
4131,0.04691358,0.06770537
4132,0.085185185,0.07131933
4133,0.055555556,0.049338505
4134,0.025925925,0.055925474
4135,0.05308642,0.053438134
4136,0.045679014,0.06152752
4137,0.06234568,0.07118394
4138,0.074074075,0.05505901
4139,0.0345679,0.056647833
4140,0.05925926,0.046610802
4141,0.045679014,0.05202946
4142,0.04382716,0.04048717
4143,0.04691358,0.052704312
4144,0.047530863,0.048558883
4145,0.04691358,0.04747039
4146,0.052469134,0.057441115
4147,0.09012346,0.082984716
4148,0.04691358,0.053185016
4149,0.06234568,0.058750015
4150,0.05802469,0.05101738
4151,0.09320988,0.08421278
4152,0.05,0.05822234
4153,0.05802469,0.049778767
4154,0.04506173,0.04971347
4155,0.05123457,0.05381473
4156,0.06234568,0.05267776
4157,0.058641974,0.05476678
4158,0.056790125,0.05365321
4159,0.037037037,0.057901435
4160,0.06111111,0.05279623
4161,0.11358025,0.07027039
4162,0.052469134,0.03892058
4163,0.036419753,0.07052607
4164,0.05617284,0.050413147
4165,0.044444446,0.050365508
4166,0.05740741,0.07130502
4167,0.07901235,0.07086641
4168,0.05,0.052837305
4169,0.06728395,0.067537375
4170,0.049382716,0.06417708
4171,0.045679014,0.04965338
4172,0.040123455,0.054198787
4173,0.042592593,0.066436104
4174,0.047530863,0.043272123
4175,0.05493827,0.05629544
4176,0.06234568,0.07436199
4177,0.053703703,0.054133654
4178,0.049382716,0.052715003
4179,0.04382716,0.036500767
4180,0.047530863,0.049726136
4181,0.056790125,0.05005359
4182,0.04691358,0.05638641
4183,0.17962962,0.068612956
4184,0.11851852,0.08452445
4185,0.048765432,0.05080746
4186,0.053703703,0.047188852
4187,0.045679014,0.055134773
4188,0.053703703,0.048104838
4189,0.044444446,0.062073708
4190,0.05493827,0.050656393
4191,0.056790125,0.051559262
4192,0.036419753,0.06740612
4193,0.05802469,0.054307997
4194,0.05493827,0.040623456
4195,0.047530863,0.051584423
4196,0.047530863,0.05403556
4197,0.047530863,0.058371104
4198,0.06234568,0.058915593
4199,0.10308642,0.086892515
4200,0.048148148,0.050677486
4201,0.016049383,0.049535148
4202,0.041358024,0.05726387
4203,0.053703703,0.04560119
4204,0.072839506,0.06191477
4205,0.04691358,0.03757175
4206,0.044444446,0.053665742
4207,0.048148148,0.03770408
4208,0.049382716,0.05141847
4209,0.05308642,0.043424338
4210,0.039506175,0.056678645
4211,0.056790125,0.06798014
4212,0.050617285,0.06987825
4213,0.04197531,0.06276294
4214,0.047530863,0.053740103
4215,0.048765432,0.054420143
4216,0.06604938,0.07375136
4217,0.06604938,0.060566425
4218,0.056790125,0.05287396
4219,0.05,0.03847962
4220,0.04691358,0.066665985
4221,0.04074074,0.051205464
4222,0.049382716,0.063124575
4223,0.042592593,0.05526088
4224,0.04506173,0.051213615
4225,0.075925924,0.07512908
4226,0.07716049,0.06232208
4227,0.05802469,0.04835362
4228,0.04691358,0.057212263
4229,0.060493827,0.056513116
4230,0.036419753,0.04521609
4231,0.05617284,0.05571658
4232,0.063580245,0.05256769
4233,0.047530863,0.04567115
4234,0.05,0.05715456
4235,0.048765432,0.055483475
4236,0.06419753,0.046175532
4237,0.054320987,0.0599382
4238,0.072222225,0.045224905
4239,0.048148148,0.062078737
4240,0.052469134,0.055437014
4241,0.21419753,0.110053614
4242,0.053703703,0.048775934
4243,0.050617285,0.057554536
4244,0.059876543,0.058677353
4245,0.048765432,0.052471653
4246,0.046296295,0.056127995
4247,0.09135803,0.0794578
4248,0.06111111,0.053385124
4249,0.106790125,0.055992007
4250,0.05308642,0.054043517
4251,0.04691358,0.05825706
4252,0.05493827,0.04743794
4253,0.06419753,0.060816586
4254,0.053703703,0.045678906
4255,0.10987654,0.085703254
4256,0.049382716,0.047393158
4257,0.042592593,0.058706656
4258,0.052469134,0.042073995
4259,0.05617284,0.05008021
4260,0.13950618,0.10418959
4261,0.048765432,0.06177544
4262,0.061728396,0.056892514
4263,0.049382716,0.050008
4264,0.056790125,0.05084312
4265,0.04382716,0.05336166
4266,0.04382716,0.06540895
4267,0.041358024,0.051825494
4268,0.056790125,0.036623918
4269,0.05493827,0.045111
4270,0.04506173,0.048363186
4271,0.04506173,0.05365587
4272,0.04382716,0.07249465
4273,0.05123457,0.050625715
4274,0.04506173,0.055388592
4275,0.05493827,0.06733383
4276,0.05493827,0.034403495
4277,0.03765432,0.044667944
4278,0.110493824,0.090216786
4279,0.04382716,0.06367063
4280,0.038271606,0.047837757
4281,0.045679014,0.06262566
4282,0.0654321,0.06160099
4283,0.03888889,0.059470683
4284,0.044444446,0.044088483
4285,0.05185185,0.05736117
4286,0.044444446,0.057847686
4287,0.06790123,0.05592221
4288,0.04382716,0.049690746
4289,0.052469134,0.063516386
4290,0.06975309,0.07833145
4291,0.0654321,0.055099
4292,0.07098766,0.068004936
4293,0.049382716,0.04363425
4294,0.041358024,0.049687475
4295,0.05925926,0.049692072
4296,0.07037037,0.052660406
4297,0.03888889,0.054937053
4298,0.05,0.05168794
4299,0.033950616,0.052334502
4300,0.04197531,0.05085866
4301,0.084567904,0.07512923
4302,0.08209877,0.067343734
4303,0.055555556,0.04810816
4304,0.043209877,0.05543746
4305,0.038271606,0.0940144
4306,0.03765432,0.054947823
4307,0.05185185,0.048617285
4308,0.050617285,0.048401788
4309,0.048148148,0.034702346
4310,0.049382716,0.06462586
4311,0.1037037,0.06676702
4312,0.075925924,0.059899554
4313,0.028395062,0.05120704
4314,0.050617285,0.037940778
4315,0.05,0.058838487
4316,0.060493827,0.037463382
4317,0.06851852,0.054976977
4318,0.07901235,0.055939157
4319,0.085185185,0.06490981
4320,0.04691358,0.05614938
4321,0.06234568,0.051678173
4322,0.042592593,0.050031796
4323,0.048765432,0.051003344
4324,0.046296295,0.049916938
4325,0.047530863,0.058285527
4326,0.06419753,0.062874116
4327,0.05925926,0.050859988
4328,0.046296295,0.061602324
4329,0.05308642,0.0483094
4330,0.097530864,0.07800329
4331,0.033950616,0.046964042
4332,0.043209877,0.042397417
4333,0.05802469,0.046631165
4334,0.04197531,0.04471524
4335,0.049382716,0.048635967
4336,0.04382716,0.05914983
4337,0.05,0.062931545
4338,0.046296295,0.058930226
4339,0.039506175,0.044311114
4340,0.1537037,0.1329528
4341,0.06604938,0.06268374
4342,0.045679014,0.044013776
4343,0.046296295,0.05260849
4344,0.05617284,0.066454075
4345,0.07345679,0.06845543
4346,0.04506173,0.05587329
4347,0.061728396,0.051346444
4348,0.052469134,0.056929663
4349,0.049382716,0.054334834
4350,0.1574074,0.13262594
4351,0.18888889,0.073987976
4352,0.054320987,0.050459146
4353,0.05,0.05696241
4354,0.06481481,0.06502648
4355,0.052469134,0.053204954
4356,0.05308642,0.04543835
4357,0.05740741,0.07056606
4358,0.047530863,0.049537666
4359,0.043209877,0.064752884
4360,0.06975309,0.0789348
4361,0.04691358,0.06445624
4362,0.042592593,0.054868154
4363,0.048148148,0.070103765
4364,0.05308642,0.046886176
4365,0.04691358,0.05495873
4366,0.05185185,0.045789085
4367,0.045679014,0.052534215
4368,0.061728396,0.056004975
4369,0.047530863,0.05039467
4370,0.041358024,0.046513103
4371,0.039506175,0.054069012
4372,0.05617284,0.041997038
4373,0.05740741,0.04293056
4374,0.045679014,0.071393654
4375,0.072839506,0.062106125
4376,0.047530863,0.054683767
4377,0.049382716,0.05057602
4378,0.072222225,0.055876113
4379,0.062962964,0.05650793
4380,0.05493827,0.051004276
4381,0.05308642,0.07302443
4382,0.05185185,0.051508456
4383,0.046296295,0.052918464
4384,0.050617285,0.07642409
4385,0.05,0.058012746
4386,0.045679014,0.04975581
4387,0.06419753,0.065818995
4388,0.054320987,0.042484686
4389,0.05493827,0.04282715
4390,0.052469134,0.05924498
4391,0.045679014,0.08488627
4392,0.04506173,0.04475506
4393,0.03271605,0.050603796
4394,0.07716049,0.054100554
4395,0.04691358,0.07335541
4396,0.04691358,0.05469075
4397,0.048148148,0.050678402
4398,0.04382716,0.05336827
4399,0.049382716,0.04145427
4400,0.05493827,0.05917246
4401,0.049382716,0.05786993
4402,0.07345679,0.076981716
4403,0.04691358,0.045231573
4404,0.04074074,0.052685887
4405,0.056790125,0.054839805
4406,0.053703703,0.046176895
4407,0.06728395,0.06448548
4408,0.14382716,0.08188829
4409,0.05185185,0.030296654
4410,0.02654321,0.057304777
4411,0.07098766,0.08186026
4412,0.1388889,0.0674557
4413,0.050617285,0.04010068
4414,0.07160494,0.055994675
4415,0.09691358,0.09210463
4416,0.046296295,0.061283827
4417,0.16234568,0.07649353
4418,0.061728396,0.04477746
4419,0.04074074,0.055142574
4420,0.17592593,0.072956875
4421,0.05308642,0.047034025
4422,0.07037037,0.064259335
4423,0.047530863,0.04487579
4424,0.035185184,0.059622318
4425,0.048765432,0.05618608
4426,0.05308642,0.05705285
4427,0.056790125,0.05369328
4428,0.044444446,0.06636593
4429,0.04197531,0.05451116
4430,0.033950616,0.053443186
4431,0.059876543,0.026931971
4432,0.039506175,0.03707927
4433,0.044444446,0.051724374
4434,0.05308642,0.042274006
4435,0.05925926,0.054819427
4436,0.11851852,0.09046216
4437,0.053703703,0.0527378
4438,0.042592593,0.047369726
4439,0.049382716,0.058522336
4440,0.07037037,0.06848212
4441,0.043209877,0.050859243
4442,0.06234568,0.0588966
4443,0.1,0.06101802
4444,0.03888889,0.04196284
4445,0.050617285,0.052071773
4446,0.048148148,0.06913666
4447,0.08024691,0.06028586
4448,0.05185185,0.0492127
4449,0.019135803,0.069113344
4450,0.05308642,0.05567959
4451,0.0691358,0.066934764
4452,0.05617284,0.039175577
4453,0.06728395,0.07045986
4454,0.05185185,0.049366727
4455,0.083333336,0.066363886
4456,0.0654321,0.0642118
4457,0.05185185,0.059218906
4458,0.053703703,0.04905448
4459,0.052469134,0.039256386
4460,0.05123457,0.044438966
4461,0.044444446,0.04860474
4462,0.058641974,0.058083866
4463,0.043209877,0.054033197
4464,0.046296295,0.05724161
4465,0.029012345,0.052699555
4466,0.045679014,0.05087444
4467,0.038271606,0.057224974
4468,0.06419753,0.06169987
4469,0.05617284,0.05401786
4470,0.048765432,0.049641345
4471,0.053703703,0.051647868
4472,0.041358024,0.056096405
4473,0.044444446,0.055460814
4474,0.11481482,0.0867361
4475,0.060493827,0.03769736
4476,0.05308642,0.06858323
4477,0.04506173,0.053561494
4478,0.03888889,0.051285706
4479,0.039506175,0.06393765
4480,0.06481481,0.05627334
4481,0.05185185,0.061971452
4482,0.05308642,0.048314296
4483,0.041358024,0.05548379
4484,0.04382716,0.04718084
4485,0.04382716,0.049783014
4486,0.05,0.060529247
4487,0.047530863,0.04970166
4488,0.04074074,0.050458662
4489,0.19506173,0.07047197
4490,0.06666667,0.072908595
4491,0.04197531,0.05733815
4492,0.06234568,0.061847895
4493,0.087037034,0.09389038
4494,0.03765432,0.060214683
4495,0.046296295,0.049284045
4496,0.09135803,0.07262069
4497,0.04382716,0.050834432
4498,0.044444446,0.040951632
4499,0.05617284,0.044143513
4500,0.04506173,0.056280904
4501,0.05308642,0.045866296
4502,0.050617285,0.04585792
4503,0.04691358,0.06550498
4504,0.044444446,0.044382975
4505,0.09506173,0.096486695
4506,0.05925926,0.052770495
4507,0.08024691,0.05655586
4508,0.05123457,0.050192412
4509,0.052469134,0.051922046
4510,0.052469134,0.050366826
4511,0.054320987,0.049322203
4512,0.04691358,0.040179446
4513,0.09691358,0.08125195
4514,0.046296295,0.07421121
4515,0.042592593,0.0752859
4516,0.048765432,0.042722158
4517,0.05185185,0.047586925
4518,0.058641974,0.05565805
4519,0.06419753,0.059259444
4520,0.06728395,0.053570278
4521,0.03888889,0.06413679
4522,0.07530864,0.057190225
4523,0.050617285,0.041347712
4524,0.046296295,0.05462872
4525,0.048148148,0.05739583
4526,0.07098766,0.07556362
4527,0.058641974,0.041095898
4528,0.13703704,0.09020814
4529,0.044444446,0.049384464
4530,0.054320987,0.038398348
4531,0.04382716,0.06821846
4532,0.05925926,0.054234993
4533,0.04506173,0.05556126
4534,0.08950617,0.06635459
4535,0.04691358,0.044079974
4536,0.050617285,0.048744857
4537,0.08148148,0.06952649
4538,0.043209877,0.06243802
4539,0.060493827,0.04391381
4540,0.043209877,0.049624138
4541,0.05123457,0.050322816
4542,0.055555556,0.0606011
4543,0.060493827,0.043262094
4544,0.03888889,0.06138111
4545,0.07839506,0.06701281
4546,0.05185185,0.055719785
4547,0.052469134,0.044846237
4548,0.05493827,0.056483537
4549,0.047530863,0.049512144
4550,0.03888889,0.043892052
4551,0.04197531,0.050345775
4552,0.038271606,0.04794477
4553,0.042592593,0.065919496
4554,0.10925926,0.09024688
4555,0.042592593,0.06269467
4556,0.04691358,0.056298323
4557,0.052469134,0.050395876
4558,0.020987654,0.067892835
4559,0.056790125,0.05984945
4560,0.04691358,0.04986321
4561,0.05,0.059836105
4562,0.055555556,0.057268053
4563,0.045679014,0.057485253
4564,0.04506173,0.06515306
4565,0.056790125,0.043823816
4566,0.055555556,0.047337078
4567,0.06666667,0.06077292
4568,0.047530863,0.03882447
4569,0.050617285,0.04328435
4570,0.044444446,0.053543836
4571,0.04691358,0.055030696
4572,0.047530863,0.060711175
4573,0.052469134,0.0512643
4574,0.10061728,0.07134786
4575,0.036419753,0.04670848
4576,0.04074074,0.044981845
4577,0.032098766,0.060936034
4578,0.059876543,0.044988528
4579,0.05123457,0.04382986
4580,0.036419753,0.04954156
4581,0.05493827,0.05678665
4582,0.050617285,0.06714709
4583,0.041358024,0.05894903
4584,0.05925926,0.057964176
4585,0.056790125,0.048572995
4586,0.04691358,0.055172488
4587,0.045679014,0.054090865
4588,0.05185185,0.05163069
4589,0.047530863,0.05193612
4590,0.05123457,0.05306509
4591,0.05308642,0.056598485
4592,0.05123457,0.058603093
4593,0.05308642,0.058699332
4594,0.074074075,0.05519346
4595,0.04382716,0.06458682
4596,0.04691358,0.051772602
4597,0.06111111,0.02508308
4598,0.04074074,0.05624263
4599,0.050617285,0.051076356
4600,0.097530864,0.06387304
4601,0.038271606,0.060252137
4602,0.05617284,0.051056374
4603,0.120987654,0.09516525
4604,0.05493827,0.055896044
4605,0.06604938,0.06773779
4606,0.033333335,0.053850576
4607,0.0691358,0.06383921
4608,0.063580245,0.071063906
4609,0.059876543,0.03914568
4610,0.07345679,0.06272518
4611,0.06604938,0.055933774
4612,0.050617285,0.05132965
4613,0.049382716,0.034583613
4614,0.05,0.0572308
4615,0.032098766,0.05128198
4616,0.05308642,0.05143731
4617,0.05185185,0.055781692
4618,0.05123457,0.06523995
4619,0.043209877,0.058054633
4620,0.06975309,0.06056975
4621,0.04691358,0.048211902
4622,0.04506173,0.063515395
4623,0.049382716,0.049022526
4624,0.05740741,0.058626592
4625,0.046296295,0.064160034
4626,0.043209877,0.044403583
4627,0.043209877,0.05360742
4628,0.043209877,0.061403073
4629,0.09197531,0.081790015
4630,0.04382716,0.047319055
4631,0.055555556,0.04676449
4632,0.045679014,0.049482442
4633,0.06604938,0.07334281
4634,0.042592593,0.04398439
4635,0.05123457,0.05454942
4636,0.04074074,0.059405394
4637,0.04506173,0.05438598
4638,0.07777778,0.05882501
4639,0.044444446,0.052195877
4640,0.033333335,0.051057577
4641,0.041358024,0.052581944
4642,0.05185185,0.05339615
4643,0.05308642,0.064755246
4644,0.05308642,0.04468126
4645,0.056790125,0.06801498
4646,0.050617285,0.046778776
4647,0.095679015,0.058289792
4648,0.047530863,0.046327457
4649,0.09197531,0.07181832
4650,0.12777779,0.08490358
4651,0.06419753,0.06064661
4652,0.063580245,0.06834912
4653,0.044444446,0.046290252
4654,0.074074075,0.06830913
4655,0.13209876,0.0693719
4656,0.048765432,0.048941538
4657,0.043209877,0.048955746
4658,0.05185185,0.06979096
4659,0.06111111,0.05798149
4660,0.05123457,0.05578424
4661,0.07098766,0.068022564
4662,0.055555556,0.055385247
4663,0.052469134,0.06424687
4664,0.05123457,0.050016545
4665,0.108024694,0.07869669
4666,0.04382716,0.035336807
4667,0.08888889,0.049644932
4668,0.046296295,0.039918356
4669,0.025925925,0.050904803
4670,0.05123457,0.061744824
4671,0.049382716,0.04657145
4672,0.06851852,0.049427345
4673,0.048148148,0.045293167
4674,0.029012345,0.05914116
4675,0.048765432,0.051222272
4676,0.041358024,0.044283196
4677,0.05185185,0.05214852
4678,0.10493827,0.08654989
4679,0.05493827,0.044198796
4680,0.05308642,0.0636745
4681,0.048148148,0.043667957
4682,0.04691358,0.058804296
4683,0.043209877,0.052931808
4684,0.044444446,0.051628105
4685,0.045679014,0.049623832
4686,0.048148148,0.04071883
4687,0.041358024,0.053441346
4688,0.063580245,0.06662095
4689,0.050617285,0.050154187
4690,0.048148148,0.046997413
4691,0.052469134,0.041976757
4692,0.046296295,0.058809545
4693,0.06111111,0.04222428
4694,0.050617285,0.050765637
4695,0.04197531,0.06562058
4696,0.048765432,0.048504204
4697,0.044444446,0.058457106
4698,0.048765432,0.057330154
4699,0.042592593,0.06607433
4700,0.047530863,0.07011653
4701,0.05617284,0.04651674
4702,0.038271606,0.04295598
4703,0.05925926,0.058725514
4704,0.06728395,0.06434243
4705,0.03888889,0.05208411
4706,0.07037037,0.05950289
4707,0.05740741,0.03541819
4708,0.04506173,0.04788865
4709,0.05123457,0.051186375
4710,0.04197531,0.054439843
4711,0.052469134,0.0474699
4712,0.06419753,0.05401482
4713,0.045679014,0.06853535
4714,0.048765432,0.06006725
4715,0.053703703,0.051794548
4716,0.04074074,0.059191763
4717,0.05185185,0.046745054
4718,0.06419753,0.055435404
4719,0.044444446,0.053524815
4720,0.044444446,0.036693357
4721,0.049382716,0.053714275
4722,0.048148148,0.05041527
4723,0.04074074,0.04727301
4724,0.12530865,0.08531149
4725,0.05,0.047137372
4726,0.05740741,0.044670567
4727,0.06111111,0.047390483
4728,0.036419753,0.056865804
4729,0.04691358,0.03795024
4730,0.058641974,0.059087276
4731,0.035185184,0.04936798
4732,0.11419753,0.062318325
4733,0.043209877,0.049264215
4734,0.04074074,0.059179313
4735,0.05,0.061460808
4736,0.04506173,0.058587614
4737,0.05123457,0.05584103
4738,0.049382716,0.06598003
4739,0.04691358,0.04951203
4740,0.031481482,0.05969076
4741,0.04691358,0.059955962
4742,0.039506175,0.049687587
4743,0.05740741,0.055530295
4744,0.060493827,0.056694344
4745,0.05123457,0.03952062
4746,0.030246913,0.044201523
4747,0.048765432,0.051341135
4748,0.049382716,0.052726984
4749,0.043209877,0.05760953
4750,0.045679014,0.06916026
4751,0.03580247,0.057172116
4752,0.054320987,0.04897967
4753,0.05308642,0.076415755
4754,0.05185185,0.054091044
4755,0.044444446,0.05049883
4756,0.06728395,0.07442436
4757,0.052469134,0.04739657
4758,0.05925926,0.06733075
4759,0.05308642,0.04601589
4760,0.06111111,0.05296381
4761,0.05185185,0.060811505
4762,0.04691358,0.043528154
4763,0.048148148,0.05939635
4764,0.049382716,0.056884736
4765,0.048765432,0.04974878
4766,0.04382716,0.052840285
4767,0.05185185,0.04812926
4768,0.05185185,0.052009918
4769,0.052469134,0.05562593
4770,0.054320987,0.07444344
4771,0.04382716,0.049880795
4772,0.08271605,0.0780614
4773,0.041358024,0.06250945
4774,0.03580247,0.06339209
4775,0.050617285,0.05108299
4776,0.05802469,0.052688494
4777,0.050617285,0.051168703
4778,0.048765432,0.04842097
4779,0.085185185,0.06383729
4780,0.058641974,0.047491007
4781,0.08024691,0.07751106
4782,0.12901235,0.123008385
4783,0.04074074,0.06399468
4784,0.05740741,0.053314082
4785,0.05617284,0.046580397
4786,0.06111111,0.04008998
4787,0.05308642,0.05535978
4788,0.04382716,0.06354359
4789,0.048765432,0.049737714
4790,0.05185185,0.044240125
4791,0.04691358,0.04826811
4792,0.05185185,0.04901097
4793,0.054320987,0.04728297
4794,0.045679014,0.052435912
4795,0.05,0.045979604
4796,0.07098766,0.047526356
4797,0.06234568,0.07159057
4798,0.06666667,0.07010252
4799,0.059876543,0.046954304
4800,0.04197531,0.06196907
4801,0.05493827,0.048786633
4802,0.06111111,0.05177285
4803,0.05,0.04427386
4804,0.044444446,0.04787787
4805,0.04691358,0.050145406
4806,0.054320987,0.060146976
4807,0.049382716,0.05402743
4808,0.033333335,0.061753348
4809,0.04074074,0.038697913
4810,0.048148148,0.04898496
4811,0.054320987,0.058490083
4812,0.053703703,0.05124486
4813,0.05,0.05949518
4814,0.038271606,0.058647446
4815,0.033950616,0.0480479
4816,0.06111111,0.053112134
4817,0.0345679,0.062482662
4818,0.0691358,0.06885839
4819,0.074074075,0.056431904
4820,0.04691358,0.053734258
4821,0.04691358,0.05408685
4822,0.053703703,0.045152314
4823,0.04197531,0.039259113
4824,0.062962964,0.05356489
4825,0.07098766,0.06006345
4826,0.052469134,0.050282516
4827,0.05617284,0.057486176
4828,0.047530863,0.052802965
4829,0.03888889,0.048507497
4830,0.059876543,0.05768591
4831,0.050617285,0.061461158
4832,0.04074074,0.035682164
4833,0.05802469,0.08563466
4834,0.053703703,0.049825482
4835,0.06234568,0.056246698
4836,0.05123457,0.062233523
4837,0.059876543,0.045265667
4838,0.04691358,0.054254353
4839,0.05,0.045431852
4840,0.050617285,0.05813589
4841,0.060493827,0.038306758
4842,0.048148148,0.04737044
4843,0.072222225,0.06368871
4844,0.05493827,0.054950893
4845,0.049382716,0.048930958
4846,0.05740741,0.053562775
4847,0.03765432,0.06754041
4848,0.07777778,0.07870982
4849,0.059876543,0.053736754
4850,0.20185184,0.06557214
4851,0.0882716,0.085581765
4852,0.046296295,0.05730337
4853,0.072222225,0.0608522
4854,0.04506173,0.05701472
4855,0.072839506,0.055685263
4856,0.06604938,0.068768166
4857,0.04382716,0.056646682
4858,0.05617284,0.056970794
4859,0.058641974,0.05096472
4860,0.044444446,0.04824783
4861,0.045679014,0.02996505
4862,0.054320987,0.06449492
4863,0.048148148,0.06336547
4864,0.08209877,0.06425935
4865,0.04691358,0.06093811
4866,0.049382716,0.047618464
4867,0.05123457,0.049497202
4868,0.049382716,0.06522183
4869,0.037037037,0.04644312
4870,0.054320987,0.048407692
4871,0.047530863,0.05889389
4872,0.05802469,0.05722779
4873,0.056790125,0.05596481
4874,0.09197531,0.09358347
4875,0.1,0.08658604
4876,0.04197531,0.058979303
4877,0.05123457,0.042180937
4878,0.05308642,0.053214684
4879,0.05123457,0.050688192
4880,0.048765432,0.048591554
4881,0.03888889,0.060220197
4882,0.04506173,0.059959665
4883,0.046296295,0.055063218
4884,0.044444446,0.055098064
4885,0.06234568,0.078209266
4886,0.045679014,0.04250388
4887,0.055555556,0.058835544
4888,0.043209877,0.05659516
4889,0.048148148,0.057211995
4890,0.05802469,0.051538065
4891,0.044444446,0.055207103
4892,0.06790123,0.06263053
4893,0.09382716,0.07411474
4894,0.053703703,0.058904998
4895,0.0345679,0.050042853
4896,0.05617284,0.057037666
4897,0.04382716,0.055241197
4898,0.26234567,0.08281231
4899,0.052469134,0.049588084
4900,0.09506173,0.06581689
4901,0.049382716,0.06490309
4902,0.047530863,0.03581407
4903,0.06111111,0.038320385
4904,0.04691358,0.048468314
4905,0.046296295,0.05833981
4906,0.06111111,0.05612199
4907,0.052469134,0.060525015
4908,0.07654321,0.07077829
4909,0.056790125,0.051629156
4910,0.052469134,0.048963487
4911,0.058641974,0.05158537
4912,0.05740741,0.04854229
4913,0.059876543,0.05142864
4914,0.044444446,0.05811423
4915,0.05925926,0.05974999
4916,0.04506173,0.055189118
4917,0.059876543,0.054298587
4918,0.06111111,0.06503395
4919,0.063580245,0.05017195
4920,0.05493827,0.039024256
4921,0.040123455,0.054913715
4922,0.063580245,0.050042238
4923,0.053703703,0.060699224
4924,0.027777778,0.05824803
4925,0.052469134,0.05636372
4926,0.062962964,0.06108602
4927,0.04382716,0.054824337
4928,0.13271604,0.06618097
4929,0.045679014,0.037469774
4930,0.048148148,0.061965257
4931,0.11604938,0.09494866
4932,0.03765432,0.0420324
4933,0.05925926,0.06892381
4934,0.075925924,0.08890058
4935,0.033950616,0.08031059
4936,0.029012345,0.059344053
4937,0.046296295,0.045162432
4938,0.05925926,0.06031772
4939,0.05185185,0.050448917
4940,0.053703703,0.046660367
4941,0.048765432,0.050462574
4942,0.04691358,0.056673698
4943,0.12407407,0.05769834
4944,0.05,0.045985147
4945,0.042592593,0.064657696
4946,0.07716049,0.06601462
4947,0.072839506,0.058808833
4948,0.0654321,0.07563586
4949,0.05308642,0.04681808
4950,0.06975309,0.08507321
4951,0.04691358,0.058524698
4952,0.055555556,0.05983009
4953,0.0345679,0.048424885
4954,0.050617285,0.03530944
4955,0.044444446,0.05600904
4956,0.13518518,0.087458305
4957,0.06975309,0.05617155
4958,0.045679014,0.05163045
4959,0.061728396,0.03988018
4960,0.08950617,0.064569004
4961,0.038271606,0.0481895
4962,0.05123457,0.05646205
4963,0.07962963,0.06492021
4964,0.1,0.06670502
4965,0.05123457,0.05435118
4966,0.033333335,0.05859124
4967,0.047530863,0.057523713
4968,0.10123457,0.065834045
4969,0.04691358,0.0654678
4970,0.052469134,0.0483872
4971,0.043209877,0.060129173
4972,0.052469134,0.05368574
4973,0.07345679,0.071925424
4974,0.045679014,0.055838402
4975,0.03580247,0.055068396
4976,0.06851852,0.058745958
4977,0.04074074,0.06967929
4978,0.05617284,0.046422534
4979,0.04197531,0.045521468
4980,0.056790125,0.05921433
4981,0.04074074,0.04960592
4982,0.053703703,0.0320265
4983,0.040123455,0.061791122
4984,0.06604938,0.07005726
4985,0.05,0.054922655
4986,0.049382716,0.049173683
4987,0.05308642,0.063544884
4988,0.06481481,0.06257598
4989,0.037037037,0.06132961
4990,0.046296295,0.061837107
4991,0.074691355,0.06082593
4992,0.042592593,0.055252664
4993,0.04691358,0.069920614
4994,0.033333335,0.054004997
4995,0.04506173,0.052494004
4996,0.05123457,0.051876143
4997,0.045679014,0.04500203
4998,0.05,0.05702597
4999,0.048148148,0.04919938
5000,0.048148148,0.053751662
5001,0.05308642,0.051325172
5002,0.044444446,0.05544305
5003,0.053703703,0.05393588
5004,0.04506173,0.053847894
5005,0.06728395,0.06296049
5006,0.054320987,0.05912327
5007,0.04382716,0.05283901
5008,0.074691355,0.067446925
5009,0.044444446,0.060508743
5010,0.038271606,0.058311366
5011,0.058641974,0.048998713
5012,0.04691358,0.050399154
5013,0.05,0.04722908
5014,0.048765432,0.05774823
5015,0.10246914,0.070160724
5016,0.045679014,0.058010258
5017,0.06666667,0.06303114
5018,0.05925926,0.05067893
5019,0.05925926,0.049244165
5020,0.0691358,0.06229739
5021,0.059876543,0.061666965
5022,0.04506173,0.05767838
5023,0.054320987,0.0532075
5024,0.05185185,0.049620606
5025,0.049382716,0.044722416
5026,0.20123456,0.081426196
5027,0.0808642,0.066031605
5028,0.059876543,0.052924186
5029,0.045679014,0.046904676
5030,0.048765432,0.0530397
5031,0.04382716,0.058692575
5032,0.05185185,0.06134557
5033,0.05,0.06357862
5034,0.07901235,0.05948087
5035,0.055555556,0.050275788
5036,0.047530863,0.05619523
5037,0.041358024,0.059702292
5038,0.06851852,0.05432672
5039,0.047530863,0.059512332
5040,0.059876543,0.06055969
5041,0.04382716,0.058531724
5042,0.037037037,0.04396005
5043,0.04197531,0.040313713
5044,0.05123457,0.048443735
5045,0.05,0.056477584
5046,0.04197531,0.055092365
5047,0.05308642,0.045627832
5048,0.05185185,0.04874415
5049,0.05925926,0.051534325
5050,0.083333336,0.08115039
5051,0.03888889,0.058175996
5052,0.041358024,0.05989088
5053,0.086419754,0.06302722
5054,0.04506173,0.052443914
5055,0.049382716,0.04948973
5056,0.10123457,0.07772044
5057,0.084567904,0.08596065
5058,0.05185185,0.053926215
5059,0.04197531,0.054486923
5060,0.05,0.049348995
5061,0.04691358,0.0640779
5062,0.03888889,0.050401375
5063,0.047530863,0.04914113
5064,0.087037034,0.058696993
5065,0.098148145,0.07954878
5066,0.05,0.06387016
5067,0.055555556,0.055059806
5068,0.07037037,0.06382218
5069,0.04506173,0.04948131
5070,0.05123457,0.056428663
5071,0.04197531,0.056725893
5072,0.05123457,0.058419563
5073,0.045679014,0.041855782
5074,0.05308642,0.04926794
5075,0.05617284,0.059045054
5076,0.045679014,0.048311934
5077,0.08209877,0.061854817
5078,0.048765432,0.061456487
5079,0.06728395,0.053906053
5080,0.048148148,0.054001495
5081,0.08271605,0.07036285
5082,0.03580247,0.047455907
5083,0.04382716,0.0510441
5084,0.048765432,0.05364187
5085,0.05493827,0.050436072
5086,0.054320987,0.055262722
5087,0.04691358,0.05428563
5088,0.05185185,0.040292785
5089,0.048148148,0.051394068
5090,0.046296295,0.067052074
5091,0.05185185,0.08253122
5092,0.10555556,0.07401403
5093,0.07530864,0.052017797
5094,0.044444446,0.054085035
5095,0.05740741,0.054102335
5096,0.05123457,0.04032077
5097,0.058641974,0.028681293
5098,0.05617284,0.05526289
5099,0.049382716,0.051646434
5100,0.053703703,0.06305392
5101,0.042592593,0.049979784
5102,0.09506173,0.04496222
5103,0.11419753,0.07590079
5104,0.06790123,0.06397913
5105,0.048765432,0.05798494
5106,0.058641974,0.049512193
5107,0.039506175,0.054264896
5108,0.05,0.032488286
5109,0.047530863,0.048723847
5110,0.06481481,0.07095061
5111,0.06111111,0.047414243
5112,0.042592593,0.052345634
5113,0.052469134,0.07224166
5114,0.049382716,0.048225485
5115,0.04506173,0.040695414
5116,0.0654321,0.06354834
5117,0.04074074,0.0651951
5118,0.04074074,0.048616275
5119,0.07839506,0.071628004
5120,0.094444446,0.08413435
5121,0.055555556,0.06445684
5122,0.07345679,0.07117444
5123,0.05185185,0.038132235
5124,0.060493827,0.04386303
5125,0.045679014,0.04660262
5126,0.040123455,0.07062483
5127,0.04691358,0.049131498
5128,0.055555556,0.051507264
5129,0.06481481,0.07477485
5130,0.048148148,0.066651136
5131,0.048148148,0.05283148
5132,0.062962964,0.060252562
5133,0.052469134,0.054130398
5134,0.08395062,0.07233356
5135,0.05,0.046858862
5136,0.074074075,0.0763053
5137,0.0345679,0.055095755
5138,0.10123457,0.08355881
5139,0.04691358,0.04808092
5140,0.04691358,0.04734797
5141,0.046296295,0.06805388
5142,0.041358024,0.046481878
5143,0.056790125,0.04333309
5144,0.07345679,0.06618267
5145,0.032098766,0.059080236
5146,0.044444446,0.06652017
5147,0.09012346,0.06428816
5148,0.07160494,0.05416056
5149,0.05617284,0.05121936
5150,0.046296295,0.037859596
5151,0.05617284,0.052127533
5152,0.05185185,0.04654619
5153,0.06419753,0.06234896
5154,0.052469134,0.04778996
5155,0.05,0.04508642
5156,0.04691358,0.04950344
5157,0.05123457,0.06394724
5158,0.1154321,0.14602569
5159,0.044444446,0.05035367
5160,0.06234568,0.06585069
5161,0.05617284,0.053564116
5162,0.05185185,0.070178136
5163,0.083333336,0.0810546
5164,0.048148148,0.06286025
5165,0.036419753,0.05135554
5166,0.063580245,0.06729886
5167,0.046296295,0.06349231
5168,0.08395062,0.060692698
5169,0.05308642,0.03768745
5170,0.049382716,0.055946093
5171,0.047530863,0.061658263
5172,0.041358024,0.06578139
5173,0.05802469,0.04847371
5174,0.03580247,0.033111885
5175,0.06975309,0.063690245
5176,0.05123457,0.041478693
5177,0.04197531,0.054210864
5178,0.05493827,0.064445145
5179,0.05493827,0.05528877
5180,0.05123457,0.04437867
5181,0.042592593,0.05849077
5182,0.04691358,0.061097927
5183,0.049382716,0.043659203
5184,0.04691358,0.056291528
5185,0.053703703,0.06567399
5186,0.1037037,0.08014489
5187,0.048765432,0.05086889
5188,0.06851852,0.065372035
5189,0.062962964,0.07509727
5190,0.04691358,0.06597027
5191,0.04691358,0.05434546
5192,0.06234568,0.05152741
5193,0.039506175,0.05541189
5194,0.063580245,0.07906413
5195,0.041358024,0.057309292
5196,0.04382716,0.052706026
5197,0.056790125,0.0356645
5198,0.039506175,0.06438695
5199,0.047530863,0.054546013
5200,0.08765432,0.07287424
5201,0.052469134,0.055236824
5202,0.048148148,0.053127266
5203,0.04691358,0.05729434
5204,0.06604938,0.073554054
5205,0.06481481,0.058291994
5206,0.0654321,0.06994543
5207,0.11666667,0.07683948
5208,0.1345679,0.087136984
5209,0.048765432,0.059783336
5210,0.046296295,0.05418693
5211,0.05185185,0.04855898
5212,0.083333336,0.06896953
5213,0.05802469,0.06464693
5214,0.046296295,0.03460513
5215,0.10308642,0.04442087
5216,0.06851852,0.06074488
5217,0.056790125,0.048080713
5218,0.052469134,0.049132902
5219,0.058641974,0.038609646
5220,0.05185185,0.059145324
5221,0.046296295,0.06516782
5222,0.04691358,0.06395808
5223,0.062962964,0.065280765
5224,0.074074075,0.0753095
5225,0.05,0.054863125
5226,0.048765432,0.052904878
5227,0.048148148,0.058504365
5228,0.06111111,0.055399448
5229,0.0882716,0.07607639
5230,0.059876543,0.056259073
5231,0.07962963,0.06624356
5232,0.045679014,0.041385755
5233,0.07654321,0.065341294
5234,0.042592593,0.05174525
5235,0.041358024,0.057660297
5236,0.03888889,0.056848966
5237,0.043209877,0.05057218
5238,0.04197531,0.06693325
5239,0.058641974,0.038118355
5240,0.046296295,0.05882877
5241,0.038271606,0.058373142
5242,0.044444446,0.049309403
5243,0.058641974,0.05683948
5244,0.037037037,0.06584345
5245,0.048765432,0.051376887
5246,0.09197531,0.073689364
5247,0.048148148,0.04559715
5248,0.05185185,0.05492001
5249,0.048765432,0.054486938
5250,0.044444446,0.059345033
5251,0.045679014,0.051527157
5252,0.045679014,0.067458004
5253,0.048148148,0.050709605
5254,0.106790125,0.08780193
5255,0.047530863,0.050489467
5256,0.049382716,0.05961301
5257,0.050617285,0.060623094
5258,0.04691358,0.043479487
5259,0.048765432,0.057315066
5260,0.06481481,0.0706145
5261,0.08395062,0.07094379
5262,0.043209877,0.05189974
5263,0.050617285,0.04488896
5264,0.053703703,0.06442712
5265,0.061728396,0.05567862
5266,0.031481482,0.047409907
5267,0.05123457,0.046881467
5268,0.05185185,0.044004053
5269,0.045679014,0.052804783
5270,0.038271606,0.0425879
5271,0.055555556,0.047981165
5272,0.03580247,0.06553001
5273,0.06419753,0.059284706
5274,0.05308642,0.054585576
5275,0.045679014,0.060840607
5276,0.04691358,0.065383136
5277,0.054320987,0.059164807
5278,0.042592593,0.0433791
5279,0.06728395,0.060760662
5280,0.055555556,0.04236883
5281,0.048765432,0.060526945
5282,0.05,0.053132795
5283,0.049382716,0.059150115
5284,0.03888889,0.05055011
5285,0.053703703,0.051205225
5286,0.048765432,0.047209427
5287,0.03765432,0.047838897
5288,0.048148148,0.06958092
5289,0.05925926,0.04557897
5290,0.05925926,0.04727781
5291,0.042592593,0.06621067
5292,0.045679014,0.04945012
5293,0.05617284,0.060507342
5294,0.039506175,0.047464684
5295,0.05185185,0.059345532
5296,0.053703703,0.054660223
5297,0.05185185,0.06469611
5298,0.049382716,0.053624023
5299,0.05185185,0.04865122
5300,0.060493827,0.049413674
5301,0.05308642,0.056349497
5302,0.046296295,0.05184336
5303,0.049382716,0.050698914
5304,0.04506173,0.05393295
5305,0.050617285,0.052190904
5306,0.047530863,0.04976681
5307,0.03888889,0.058589146
5308,0.029012345,0.055566944
5309,0.048148148,0.061851665
5310,0.053703703,0.05230052
5311,0.074691355,0.060116112
5312,0.048765432,0.04934109
5313,0.048765432,0.049888767
5314,0.053703703,0.042242795
5315,0.045679014,0.06045539
5316,0.04197531,0.05976492
5317,0.056790125,0.053865716
5318,0.05802469,0.048790343
5319,0.06419753,0.04478976
5320,0.07160494,0.05890616
5321,0.062962964,0.070398316
5322,0.0654321,0.05978615
5323,0.04506173,0.060022607
5324,0.05617284,0.04410457
5325,0.04691358,0.05469399
5326,0.05308642,0.037073143
5327,0.05123457,0.054801017
5328,0.053703703,0.051670436
5329,0.042592593,0.042617217
5330,0.045679014,0.056488574
5331,0.035185184,0.037681565
5332,0.062962964,0.06195151
5333,0.05123457,0.04626281
5334,0.049382716,0.05955658
5335,0.041358024,0.05489345
5336,0.02962963,0.07034073
5337,0.053703703,0.062062114
5338,0.05,0.049500972
5339,0.030864198,0.05307544
5340,0.042592593,0.055681646
5341,0.054320987,0.039650746
5342,0.048148148,0.052012235
5343,0.06666667,0.05786699
5344,0.04506173,0.055622555
5345,0.037037037,0.049141705
5346,0.055555556,0.053612486
5347,0.05,0.05686387
5348,0.047530863,0.057392016
5349,0.052469134,0.038126633
5350,0.04197531,0.065638065
5351,0.04506173,0.054491058
5352,0.05925926,0.050906517
5353,0.046296295,0.0619632
5354,0.04382716,0.05672062
5355,0.04691358,0.056444347
5356,0.049382716,0.048878282
5357,0.05185185,0.055508427
5358,0.08395062,0.049286544
5359,0.06234568,0.070022106
5360,0.15925926,0.06130299
5361,0.0654321,0.058249075
5362,0.05123457,0.04687214
5363,0.056790125,0.05052522
5364,0.044444446,0.060809806
5365,0.04382716,0.048553936
5366,0.07901235,0.056210935
5367,0.053703703,0.053033248
5368,0.07098766,0.06933127
5369,0.047530863,0.04020205
5370,0.11604938,0.08755827
5371,0.044444446,0.08275829
5372,0.04074074,0.04561463
5373,0.05617284,0.039672762
5374,0.048765432,0.052672826
5375,0.058641974,0.064293966
5376,0.0654321,0.055148147
5377,0.048765432,0.042969257
5378,0.046296295,0.07081691
5379,0.031481482,0.05369477
5380,0.0882716,0.073726006
5381,0.05123457,0.046701826
5382,0.072222225,0.078852735
5383,0.04382716,0.050657965
5384,0.05308642,0.06767932
5385,0.04506173,0.052281663
5386,0.107407406,0.08387038
5387,0.061728396,0.061261564
5388,0.042592593,0.053252295
5389,0.04074074,0.06206277
5390,0.042592593,0.048556186
5391,0.030864198,0.059411153
5392,0.039506175,0.052935526
5393,0.043209877,0.044879362
5394,0.05,0.057822876
5395,0.048765432,0.045867078
5396,0.06481481,0.07040939
5397,0.050617285,0.060353845
5398,0.045679014,0.051074356
5399,0.030864198,0.063639484
5400,0.048765432,0.06460947
5401,0.047530863,0.05517824
5402,0.05925926,0.03141433
5403,0.052469134,0.059365515
5404,0.07098766,0.052107006
5405,0.04197531,0.047571808
5406,0.04382716,0.0587203
5407,0.049382716,0.057197765
5408,0.05185185,0.056396157
5409,0.05123457,0.053070687
5410,0.048148148,0.054571427
5411,0.054320987,0.056312583
5412,0.0654321,0.066079676
5413,0.05123457,0.051354766
5414,0.054320987,0.0421606
5415,0.062962964,0.061890468
5416,0.048148148,0.039758205
5417,0.07962963,0.055955037
5418,0.04382716,0.058715828
5419,0.04382716,0.052975006
5420,0.045679014,0.05104886
5421,0.055555556,0.05013053
5422,0.055555556,0.080253676
5423,0.042592593,0.047670424
5424,0.061728396,0.049568705
5425,0.050617285,0.05963151
5426,0.048765432,0.06015174
5427,0.04074074,0.05784122
5428,0.0691358,0.059249826
5429,0.039506175,0.05600168
5430,0.042592593,0.04725081
5431,0.047530863,0.058653876
5432,0.045679014,0.049330972
5433,0.060493827,0.04799693
5434,0.048148148,0.051402956
5435,0.044444446,0.0602931
5436,0.05,0.059318647
5437,0.042592593,0.052327693
5438,0.08209877,0.059309643
5439,0.05,0.043663874
5440,0.06851852,0.061628886
5441,0.054320987,0.058192
5442,0.050617285,0.055568695
5443,0.05123457,0.054193676
5444,0.059876543,0.04561562
5445,0.05308642,0.05158238
5446,0.04691358,0.058378085
5447,0.044444446,0.05913763
5448,0.039506175,0.055339493
5449,0.049382716,0.064907715
5450,0.04382716,0.04195696
5451,0.06234568,0.07605894
5452,0.05,0.044582903
5453,0.061728396,0.057755493
5454,0.059876543,0.0596113
5455,0.05123457,0.05983246
5456,0.048148148,0.06264156
5457,0.05493827,0.05170442
5458,0.048148148,0.05630985
5459,0.041358024,0.050536886
5460,0.08024691,0.06899123
5461,0.047530863,0.046351224
5462,0.061728396,0.05368091
5463,0.05,0.05103986
5464,0.047530863,0.058311522
5465,0.06851852,0.07451761
5466,0.056790125,0.05070994
5467,0.06975309,0.072968885
5468,0.05123457,0.050463818
5469,0.05123457,0.039834365
5470,0.045679014,0.04682654
5471,0.05185185,0.0683001
5472,0.04506173,0.04863169
5473,0.04197531,0.057883363
5474,0.054320987,0.054623097
5475,0.06728395,0.055232987
5476,0.061728396,0.050618783
5477,0.05123457,0.04713898
5478,0.12469136,0.08186025
5479,0.041358024,0.056095675
5480,0.047530863,0.06338827
5481,0.039506175,0.050523974
5482,0.07530864,0.051036596
5483,0.05,0.04574594
5484,0.06666667,0.06997967
5485,0.048765432,0.047887854
5486,0.09197531,0.072711974
5487,0.024691358,0.054989442
5488,0.11666667,0.091208346
5489,0.074074075,0.045728587
5490,0.055555556,0.047478564
5491,0.05123457,0.04424481
5492,0.033333335,0.046920218
5493,0.061728396,0.049316466
5494,0.054320987,0.056864485
5495,0.05123457,0.0513687
5496,0.062962964,0.061377317
5497,0.05308642,0.041459963
5498,0.055555556,0.048484586
5499,0.045679014,0.042754687
5500,0.049382716,0.06131445
5501,0.05308642,0.060565773
5502,0.054320987,0.05626029
5503,0.030864198,0.04689403
5504,0.05925926,0.061822213
5505,0.05123457,0.048031725
5506,0.05925926,0.05831469
5507,0.05123457,0.059078097
5508,0.045679014,0.041785873
5509,0.055555556,0.037051305
5510,0.048148148,0.05915022
5511,0.040123455,0.070351094
5512,0.059876543,0.050891444
5513,0.048765432,0.04331249
5514,0.054320987,0.06959863
5515,0.038271606,0.060162887
5516,0.054320987,0.042728573
5517,0.085802466,0.058516912
5518,0.061728396,0.0469656
5519,0.036419753,0.06514983
5520,0.048148148,0.029462494
5521,0.040123455,0.04463166
5522,0.054320987,0.054555543
5523,0.05740741,0.0491789
5524,0.048765432,0.054390434
5525,0.056790125,0.057469606
5526,0.04691358,0.051259343
5527,0.044444446,0.05080699
5528,0.044444446,0.055171255
5529,0.037037037,0.049767785
5530,0.043209877,0.05651524
5531,0.039506175,0.05001054
5532,0.05,0.051332682
5533,0.054320987,0.05264701
5534,0.05308642,0.047310583
5535,0.050617285,0.057204124
5536,0.13395062,0.080144756
5537,0.06728395,0.05557846
5538,0.058641974,0.049483076
5539,0.04506173,0.04204589
5540,0.058641974,0.054168496
5541,0.06111111,0.034262583
5542,0.072839506,0.06513441
5543,0.062962964,0.060823984
5544,0.05925926,0.051289
5545,0.048765432,0.059973657
5546,0.07777778,0.080364004
5547,0.048765432,0.05759368
5548,0.061728396,0.05741851
5549,0.05802469,0.049761623
5550,0.04382716,0.05501315
5551,0.05802469,0.047003396
5552,0.06975309,0.08616148
5553,0.08148148,0.0762714
5554,0.10123457,0.074229345
5555,0.063580245,0.054862194
5556,0.075925924,0.07724875
5557,0.059876543,0.07062405
5558,0.07345679,0.06400321
5559,0.044444446,0.047034062
5560,0.048765432,0.05188135
5561,0.046296295,0.058884993
5562,0.048148148,0.045320176
5563,0.054320987,0.05327733
5564,0.030864198,0.068439126
5565,0.04382716,0.0624919
5566,0.04382716,0.058366515
5567,0.060493827,0.05708929
5568,0.042592593,0.05657059
5569,0.036419753,0.05823095
5570,0.047530863,0.058861956
5571,0.05617284,0.051699284
5572,0.05925926,0.051803924
5573,0.087037034,0.07196329
5574,0.03580247,0.066939436
5575,0.07530864,0.05482421
5576,0.03580247,0.057999432
5577,0.040123455,0.04936643
5578,0.045679014,0.0569845
5579,0.060493827,0.053304143
5580,0.11419753,0.087135404
5581,0.13703704,0.07621218
5582,0.048765432,0.06945568
5583,0.060493827,0.054688364
5584,0.04506173,0.050774172
5585,0.07530864,0.07127884
5586,0.048765432,0.055989057
5587,0.072839506,0.06143695
5588,0.049382716,0.05765894
5589,0.046296295,0.05927866
5590,0.05123457,0.060725838
5591,0.045679014,0.052780904
5592,0.050617285,0.06505666
5593,0.045679014,0.05290245
5594,0.054320987,0.053663753
5595,0.053703703,0.05090245
5596,0.04074074,0.05580113
5597,0.108024694,0.08229911
5598,0.054320987,0.058616605
5599,0.07901235,0.062289737
5600,0.15493827,0.063820824
5601,0.063580245,0.07226509
5602,0.075925924,0.0780213
5603,0.043209877,0.045948222
5604,0.06604938,0.053500876
5605,0.1037037,0.088701084
5606,0.056790125,0.05763392
5607,0.043209877,0.063948974
5608,0.04691358,0.03742078
5609,0.04506173,0.03829153
5610,0.048765432,0.047022946
5611,0.05617284,0.048494123
5612,0.07777778,0.06502874
5613,0.045679014,0.0501858
5614,0.037037037,0.062599964
5615,0.050617285,0.058406383
5616,0.043209877,0.050293274
5617,0.047530863,0.05177839
5618,0.047530863,0.05575063
5619,0.05,0.06302734
5620,0.043209877,0.05376668
5621,0.045679014,0.047527347
5622,0.048765432,0.06735226
5623,0.045679014,0.0550688
5624,0.047530863,0.052797154
5625,0.054320987,0.043835655
5626,0.052469134,0.057309017
5627,0.040123455,0.05742874
5628,0.048765432,0.06081128
5629,0.09074074,0.08397354
5630,0.047530863,0.045787543
5631,0.058641974,0.06450274
5632,0.05740741,0.048864633
5633,0.033333335,0.0602879
5634,0.05308642,0.06701235
5635,0.04691358,0.060554773
5636,0.048148148,0.07220915
5637,0.048148148,0.04591304
5638,0.04197531,0.05580768
5639,0.07098766,0.05900251
5640,0.055555556,0.049647093
5641,0.063580245,0.050572913
5642,0.044444446,0.055986844
5643,0.04382716,0.064303085
5644,0.05308642,0.047156975
5645,0.053703703,0.040846273
5646,0.04506173,0.062156536
5647,0.07098766,0.058409825
5648,0.046296295,0.05689685
5649,0.043209877,0.051840097
5650,0.05617284,0.04385113
5651,0.058641974,0.055628292
5652,0.04074074,0.056310825
5653,0.08148148,0.064722225
5654,0.045679014,0.049394056
5655,0.05123457,0.04949926
5656,0.046296295,0.056182288
5657,0.050617285,0.050425123
5658,0.087037034,0.07057033
5659,0.055555556,0.052811004
5660,0.045679014,0.05409026
5661,0.041358024,0.06469296
5662,0.04506173,0.049827963
5663,0.044444446,0.051682986
5664,0.060493827,0.047948554
5665,0.05617284,0.06430128
5666,0.042592593,0.055267904
5667,0.049382716,0.057169355
5668,0.043209877,0.046238385
5669,0.054320987,0.06146062
5670,0.04382716,0.0489897
5671,0.049382716,0.05202128
5672,0.024691358,0.061233565
5673,0.052469134,0.053956106
5674,0.08209877,0.054153413
5675,0.16728395,0.12212383
5676,0.055555556,0.052116796
5677,0.03888889,0.06006434
5678,0.042592593,0.056004085
5679,0.05,0.054559305
5680,0.11358025,0.05680828
5681,0.05,0.050551865
5682,0.040123455,0.06219647
5683,0.06975309,0.061410435
5684,0.054320987,0.046374813
5685,0.040123455,0.06067832
5686,0.027777778,0.050331578
5687,0.054320987,0.058144167
5688,0.047530863,0.056729823
5689,0.058641974,0.050327733
5690,0.046296295,0.054612514
5691,0.042592593,0.050294824
5692,0.050617285,0.057285957
5693,0.06975309,0.049470067
5694,0.055555556,0.0481288
5695,0.048148148,0.054682873
5696,0.07530864,0.06335188
5697,0.03765432,0.053965785
5698,0.05,0.045504645
5699,0.04691358,0.053909484
5700,0.03580247,0.05538512
5701,0.04197531,0.057151705
5702,0.047530863,0.046193443
5703,0.046296295,0.05565642
5704,0.048765432,0.05819697
5705,0.045679014,0.048970133
5706,0.04074074,0.06481038
5707,0.06481481,0.067008264
5708,0.052469134,0.061948046
5709,0.05925926,0.046014525
5710,0.14382716,0.05825572
5711,0.04197531,0.054209918
5712,0.075925924,0.06666188
5713,0.036419753,0.057956986
5714,0.063580245,0.07112889
5715,0.094444446,0.070892826
5716,0.05925926,0.05961921
5717,0.05308642,0.058256328
5718,0.06666667,0.073768884
5719,0.047530863,0.06171307
5720,0.05185185,0.045938924
5721,0.044444446,0.055540673
5722,0.05,0.053011872
5723,0.03580247,0.057123646
5724,0.06604938,0.06691989
5725,0.05185185,0.044363786
5726,0.038271606,0.0704056
5727,0.054320987,0.054168366
5728,0.053703703,0.06326475
5729,0.039506175,0.056518927
5730,0.060493827,0.04954224
5731,0.04074074,0.055717364
5732,0.041358024,0.04717145
5733,0.04691358,0.050360695
5734,0.053703703,0.075527854
5735,0.060493827,0.051029027
5736,0.04197531,0.06120333
5737,0.09012346,0.08547138
5738,0.05802469,0.053277142
5739,0.043209877,0.04647313
5740,0.04074074,0.048332945
5741,0.05617284,0.053695425
5742,0.04074074,0.06241761
5743,0.04074074,0.055499807
5744,0.048148148,0.058411635
5745,0.048148148,0.054452382
5746,0.058641974,0.04860204
5747,0.06666667,0.050689287
5748,0.037037037,0.050651286
5749,0.053703703,0.047538728
5750,0.10987654,0.07084444
5751,0.053703703,0.06043808
5752,0.05,0.056791186
5753,0.05493827,0.0585473
5754,0.06851852,0.07442501
5755,0.053703703,0.055881903
5756,0.04691358,0.04518669
5757,0.037037037,0.04170432
5758,0.046296295,0.05805745
5759,0.033950616,0.057616226
5760,0.033950616,0.050480343
5761,0.045679014,0.05739128
5762,0.05123457,0.053176377
5763,0.04691358,0.052511707
5764,0.048148148,0.058394246
5765,0.048148148,0.04337789
5766,0.046296295,0.055250507
5767,0.049382716,0.05755797
5768,0.05740741,0.053183917
5769,0.063580245,0.057296872
5770,0.04506173,0.05186931
5771,0.04197531,0.05305177
5772,0.056790125,0.057457015
5773,0.05925926,0.068757534
5774,0.04506173,0.059046052
5775,0.1,0.08418606
5776,0.050617285,0.040392883
5777,0.07098766,0.058396183
5778,0.044444446,0.06831584
5779,0.06234568,0.06907729
5780,0.055555556,0.036029637
5781,0.043209877,0.0546401
5782,0.061728396,0.040260434
5783,0.050617285,0.050067604
5784,0.050617285,0.053493436
5785,0.05123457,0.052385934
5786,0.074074075,0.055879872
5787,0.049382716,0.063198775
5788,0.048148148,0.05258731
5789,0.048765432,0.060985357
5790,0.09012346,0.056205213
5791,0.05185185,0.053162456
5792,0.06728395,0.06497404
5793,0.060493827,0.07202716
5794,0.048765432,0.06206453
5795,0.052469134,0.048846595
5796,0.09876543,0.06794459
5797,0.05185185,0.0488173
5798,0.039506175,0.053560503
5799,0.07037037,0.061452925
5800,0.049382716,0.052018963
5801,0.044444446,0.050697066
5802,0.048765432,0.045975775
5803,0.06851852,0.054082803
5804,0.05123457,0.06022211
5805,0.053703703,0.046413995
5806,0.04691358,0.058529854
5807,0.07037037,0.061845243
5808,0.09074074,0.06560028
5809,0.047530863,0.04443182
5810,0.03888889,0.07506182
5811,0.12160494,0.10166411
5812,0.04691358,0.0590322
5813,0.039506175,0.053834908
5814,0.06419753,0.062395155
5815,0.043209877,0.060164005
5816,0.04074074,0.05850164
5817,0.07962963,0.056837767
5818,0.04197531,0.048196066
5819,0.083333336,0.08193865
5820,0.04197531,0.049252644
5821,0.050617285,0.05966384
5822,0.05740741,0.04870875
5823,0.044444446,0.05573835
5824,0.060493827,0.057768077
5825,0.053703703,0.054494925
5826,0.03765432,0.05012212
5827,0.063580245,0.052242048
5828,0.05617284,0.056008402
5829,0.050617285,0.0533508
5830,0.046296295,0.06464045
5831,0.04074074,0.050047636
5832,0.06234568,0.06910145
5833,0.05,0.05137845
5834,0.043209877,0.05256073
5835,0.04691358,0.059030563
5836,0.058641974,0.053464398
5837,0.074691355,0.05996856
5838,0.05617284,0.053791985
5839,0.055555556,0.050462216
5840,0.04382716,0.06737045
5841,0.05123457,0.0435192
5842,0.05308642,0.041718498
5843,0.059876543,0.06523594
5844,0.037037037,0.0663636
5845,0.054320987,0.057544596
5846,0.033333335,0.06240268
5847,0.042592593,0.05492056
5848,0.048148148,0.05294848
5849,0.061728396,0.045903146
5850,0.05,0.06245944
5851,0.04506173,0.051179327
5852,0.03580247,0.053732503
5853,0.050617285,0.056311123
5854,0.05493827,0.060402043
5855,0.048148148,0.05588691
5856,0.084567904,0.05719066
5857,0.1308642,0.11268784
5858,0.043209877,0.052533418
5859,0.04382716,0.046940245
5860,0.07839506,0.052561272
5861,0.050617285,0.048226476
5862,0.063580245,0.06975761
5863,0.055555556,0.056044087
5864,0.1388889,0.10218753
5865,0.086419754,0.06060175
5866,0.054320987,0.052777737
5867,0.07839506,0.073665604
5868,0.04506173,0.072130956
5869,0.0654321,0.07940331
5870,0.04506173,0.05041793
5871,0.058641974,0.06494816
5872,0.042592593,0.05535142
5873,0.05123457,0.051709265
5874,0.061728396,0.034669995
5875,0.050617285,0.03768441
5876,0.04506173,0.07036173
5877,0.05,0.042919397
5878,0.03765432,0.047718287
5879,0.05925926,0.054549113
5880,0.07962963,0.102045104
5881,0.05123457,0.054195423
5882,0.03765432,0.043513544
5883,0.05740741,0.060117498
5884,0.07716049,0.054942843
5885,0.048765432,0.04926418
5886,0.041358024,0.053535007
5887,0.053703703,0.056553684
5888,0.06728395,0.060093876
5889,0.072222225,0.07750623
5890,0.12222222,0.0993571
5891,0.05123457,0.053494424
5892,0.059876543,0.05287963
5893,0.08395062,0.072086066
5894,0.054320987,0.046281
5895,0.04074074,0.061991937
5896,0.04506173,0.05520115
5897,0.03888889,0.053100135
5898,0.04197531,0.05634191
5899,0.04506173,0.059228554
5900,0.05,0.052898586
5901,0.04074074,0.059143618
5902,0.056790125,0.044862434
5903,0.048148148,0.057374604
5904,0.052469134,0.05357331
5905,0.045679014,0.049518466
5906,0.049382716,0.055326313
5907,0.040123455,0.07157459
5908,0.07530864,0.05903724
5909,0.054320987,0.06333539
5910,0.058641974,0.06307046
5911,0.041358024,0.049067512
5912,0.08888889,0.07661254
5913,0.048148148,0.055564392
5914,0.0691358,0.06751478
5915,0.048765432,0.051916827
5916,0.08271605,0.079154044
5917,0.02962963,0.070534036
5918,0.05308642,0.04876028
5919,0.040123455,0.063048236
5920,0.07777778,0.06358426
5921,0.07901235,0.06995375
5922,0.0882716,0.06086321
5923,0.052469134,0.046011955
5924,0.05308642,0.053006135
5925,0.046296295,0.057238385
5926,0.04506173,0.052126177
5927,0.044444446,0.04452824
5928,0.045679014,0.054865867
5929,0.042592593,0.05849073
5930,0.044444446,0.05726064
5931,0.045679014,0.057834566
5932,0.053703703,0.051776648
5933,0.05617284,0.044103764
5934,0.07839506,0.078451626
5935,0.04506173,0.052494183
5936,0.060493827,0.07172443
5937,0.05185185,0.04990065
5938,0.07037037,0.06027408
5939,0.046296295,0.05231718
5940,0.06481481,0.051206477
5941,0.05802469,0.061043024
5942,0.05185185,0.054434165
5943,0.05493827,0.05005098
5944,0.030246913,0.048126273
5945,0.04074074,0.052556414
5946,0.05185185,0.0550488
5947,0.05308642,0.061225913
5948,0.027777778,0.05976081
5949,0.052469134,0.050584458
5950,0.045679014,0.063347675
5951,0.03765432,0.065441445
5952,0.058641974,0.043502107
5953,0.056790125,0.03564585
5954,0.046296295,0.046991467
5955,0.053703703,0.06278249
5956,0.05123457,0.06908314
5957,0.06111111,0.04482326
5958,0.04382716,0.046193417
5959,0.04506173,0.041130707
5960,0.048148148,0.054330956
5961,0.061728396,0.06254281
5962,0.06481481,0.06107396
5963,0.04691358,0.055723116
5964,0.060493827,0.037383996
5965,0.055555556,0.120837145
5966,0.046296295,0.054374218
5967,0.07345679,0.06717272
5968,0.063580245,0.04989107
5969,0.049382716,0.061733887
5970,0.05308642,0.039233834
5971,0.04382716,0.06466785
5972,0.052469134,0.059960164
5973,0.05740741,0.03928396
5974,0.063580245,0.053986568
5975,0.08395062,0.079580404
5976,0.05185185,0.051705018
5977,0.032098766,0.05886262
5978,0.048148148,0.043256998
5979,0.050617285,0.047713526
5980,0.04691358,0.061547935
5981,0.044444446,0.046877652
5982,0.12469136,0.076454654
5983,0.047530863,0.059918404
5984,0.02345679,0.07216125
5985,0.04506173,0.03831608
5986,0.05,0.03728035
5987,0.041358024,0.06535423
5988,0.05123457,0.039482787
5989,0.054320987,0.07339351
5990,0.052469134,0.051387433
5991,0.046296295,0.040183343
5992,0.04506173,0.043830924
5993,0.05,0.05836296
5994,0.05493827,0.054334752
5995,0.058641974,0.055576116
5996,0.03765432,0.04526584
5997,0.04506173,0.057236902
5998,0.042592593,0.04740993
5999,0.049382716,0.053003922
6000,0.050617285,0.047311552
6001,0.053703703,0.03961674
6002,0.0808642,0.070206344
6003,0.061728396,0.058105543
6004,0.12160494,0.053193614
6005,0.046296295,0.0487077
6006,0.05123457,0.049656007
6007,0.044444446,0.05407075
6008,0.05925926,0.049565904
6009,0.037037037,0.05603768
6010,0.06790123,0.076880835
6011,0.054320987,0.054120243
6012,0.07777778,0.06598205
6013,0.07901235,0.086047836
6014,0.05185185,0.056039907
6015,0.05123457,0.06074678
6016,0.04506173,0.03756416
6017,0.06234568,0.056321688
6018,0.045679014,0.040985078
6019,0.05185185,0.054240003
6020,0.074691355,0.06427941
6021,0.05493827,0.058493197
6022,0.06481481,0.06773195
6023,0.06790123,0.067795426
6024,0.03888889,0.052778654
6025,0.058641974,0.054801263
6026,0.038271606,0.057136126
6027,0.050617285,0.048908614
6028,0.048765432,0.045124248
6029,0.04506173,0.055526376
6030,0.06419753,0.054651245
6031,0.048148148,0.044369362
6032,0.060493827,0.05375395
6033,0.041358024,0.05362831
6034,0.05123457,0.0587695
6035,0.050617285,0.06027838
6036,0.097530864,0.06369519
6037,0.04691358,0.05826748
6038,0.049382716,0.05413989
6039,0.0654321,0.055949718
6040,0.061728396,0.04733617
6041,0.06419753,0.070662744
6042,0.047530863,0.06250737
6043,0.05308642,0.06895781
6044,0.05617284,0.047391437
6045,0.046296295,0.05531212
6046,0.03888889,0.04469107
6047,0.06666667,0.070144616
6048,0.048765432,0.052987948
6049,0.035185184,0.05288046
6050,0.052469134,0.050582267
6051,0.043209877,0.040864818
6052,0.05308642,0.047136664
6053,0.060493827,0.075458884
6054,0.055555556,0.06329563
6055,0.054320987,0.042591617
6056,0.038271606,0.06779458
6057,0.059876543,0.05669815
6058,0.043209877,0.058993887
6059,0.033333335,0.061385
6060,0.043209877,0.040775932
6061,0.05308642,0.06324804
6062,0.06481481,0.047604308
6063,0.048148148,0.04878661
6064,0.09012346,0.08663568
6065,0.0691358,0.050847985
6066,0.048148148,0.05171977
6067,0.062962964,0.06062095
6068,0.05,0.06251072
6069,0.097530864,0.07830545
6070,0.056790125,0.047977418
6071,0.05185185,0.046934873
6072,0.074691355,0.047581293
6073,0.056790125,0.060032398
6074,0.054320987,0.047541477
6075,0.039506175,0.053362787
6076,0.05,0.04711926
6077,0.054320987,0.05792863
6078,0.046296295,0.04572837
6079,0.05308642,0.055312395
6080,0.053703703,0.05703713
6081,0.0691358,0.06283694
6082,0.059876543,0.041780345
6083,0.03888889,0.060573705
6084,0.042592593,0.05261144
6085,0.085802466,0.06410399
6086,0.04074074,0.07206124
6087,0.05617284,0.060149446
6088,0.048148148,0.048533916
6089,0.06666667,0.07186127
6090,0.049382716,0.05866784
6091,0.06604938,0.049214683
6092,0.058641974,0.06784758
6093,0.044444446,0.056390405
6094,0.048765432,0.03136722
6095,0.07777778,0.07702194
6096,0.06604938,0.06116323
6097,0.09074074,0.08933528
6098,0.06666667,0.06436076
6099,0.05123457,0.044903345
6100,0.05617284,0.049232356
6101,0.04506173,0.052882954
6102,0.045679014,0.04337591
6103,0.04691358,0.06052102
6104,0.04691358,0.06085798
6105,0.04197531,0.045267697
6106,0.07160494,0.057643875
6107,0.047530863,0.06412051
6108,0.048765432,0.06013207
6109,0.055555556,0.050671626
6110,0.06728395,0.06334188
6111,0.061728396,0.04980335
6112,0.03765432,0.049775217
6113,0.05185185,0.040069
6114,0.05802469,0.049333468
6115,0.049382716,0.052832924
6116,0.07098766,0.060251817
6117,0.054320987,0.04853695
6118,0.044444446,0.065379545
6119,0.045679014,0.04387334
6120,0.04506173,0.06774482
6121,0.08271605,0.07327746
6122,0.058641974,0.056531623
6123,0.046296295,0.06335494
6124,0.043209877,0.051959492
6125,0.03580247,0.06354077
6126,0.046296295,0.054356456
6127,0.05925926,0.053003836
6128,0.040123455,0.048165128
6129,0.045679014,0.04333113
6130,0.038271606,0.043837145
6131,0.052469134,0.049871102
6132,0.035185184,0.052560702
6133,0.05185185,0.050380282
6134,0.04506173,0.046696723
6135,0.05740741,0.056867637
6136,0.045679014,0.047357365
6137,0.04382716,0.046265297
6138,0.05308642,0.058265135
6139,0.05123457,0.069662504
6140,0.043209877,0.048813984
6141,0.046296295,0.06717192
6142,0.05802469,0.05506073
6143,0.06111111,0.053196438
6144,0.060493827,0.05119747
6145,0.046296295,0.036421813
6146,0.048765432,0.04448858
6147,0.053703703,0.04702972
6148,0.04506173,0.047278933
6149,0.084567904,0.06882749
6150,0.07345679,0.06879
6151,0.04506173,0.05365418
6152,0.048765432,0.06134045
6153,0.047530863,0.055319708
6154,0.058641974,0.055172134
6155,0.07530864,0.07827225
6156,0.06666667,0.07287821
6157,0.050617285,0.052275114
6158,0.039506175,0.044070765
6159,0.040123455,0.0550713
6160,0.05123457,0.052741416
6161,0.055555556,0.040281303
6162,0.072222225,0.063459046
6163,0.058641974,0.06114067
6164,0.09382716,0.058512606
6165,0.05617284,0.05317142
6166,0.036419753,0.064444624
6167,0.043209877,0.059317257
6168,0.09938271,0.054963887
6169,0.05185185,0.04996468
6170,0.04074074,0.06894735
6171,0.05,0.05146385
6172,0.05925926,0.050961204
6173,0.0882716,0.09282285
6174,0.048765432,0.047101274
6175,0.04691358,0.050355904
6176,0.074074075,0.06465158
6177,0.10925926,0.08353812
6178,0.05185185,0.05251547
6179,0.0345679,0.055284977
6180,0.0345679,0.056904934
6181,0.04506173,0.066179894
6182,0.04197531,0.052761987
6183,0.06419753,0.070936695
6184,0.1037037,0.09188667
6185,0.0691358,0.084084556
6186,0.04197531,0.047603182
6187,0.048765432,0.05166343
6188,0.05,0.0481202
6189,0.04197531,0.05403193
6190,0.049382716,0.047005475
6191,0.09691358,0.07003157
6192,0.04691358,0.05994385
6193,0.047530863,0.060140863
6194,0.05185185,0.057933584
6195,0.09259259,0.05336795
6196,0.05,0.059172176
6197,0.04382716,0.043074653
6198,0.07530864,0.064322926
6199,0.04074074,0.053968586
6200,0.048765432,0.043877035
6201,0.11234568,0.08980058
6202,0.047530863,0.055119272
6203,0.05123457,0.056798346
6204,0.05123457,0.042522088
6205,0.05123457,0.045211926
6206,0.045679014,0.04443738
6207,0.042592593,0.051158555
6208,0.13580246,0.058826465
6209,0.054320987,0.062786646
6210,0.058641974,0.038447753
6211,0.086419754,0.0795273
6212,0.07530864,0.07543437
6213,0.053703703,0.051921774
6214,0.07901235,0.066887364
6215,0.04506173,0.054696374
6216,0.048148148,0.051126942
6217,0.1,0.08301002
6218,0.04691358,0.058965996
6219,0.05185185,0.04698819
6220,0.050617285,0.06513513
6221,0.05308642,0.052697867
6222,0.048148148,0.052846402
6223,0.072839506,0.07189916
6224,0.047530863,0.049103096
6225,0.05617284,0.049959786
6226,0.048765432,0.056488737
6227,0.06111111,0.04130677
6228,0.045679014,0.046270736
6229,0.047530863,0.064755574
6230,0.05185185,0.054286458
6231,0.06419753,0.05653651
6232,0.04691358,0.048976906
6233,0.048148148,0.05810318
6234,0.074074075,0.074622594
6235,0.050617285,0.03999307
6236,0.07654321,0.06824288
6237,0.048765432,0.047045708
6238,0.05308642,0.050758142
6239,0.06728395,0.069224045
6240,0.042592593,0.04224734
6241,0.044444446,0.0596791
6242,0.05185185,0.0527914
6243,0.06111111,0.044017173
6244,0.053703703,0.042735957
6245,0.05,0.051504277
6246,0.049382716,0.050570853
6247,0.05740741,0.047861695
6248,0.04197531,0.048661552
6249,0.08148148,0.080202654
6250,0.06728395,0.06125383
6251,0.048148148,0.057223707
6252,0.045679014,0.060042545
6253,0.048765432,0.061080992
6254,0.04506173,0.04774446
6255,0.054320987,0.05464591
6256,0.063580245,0.05325815
6257,0.048765432,0.050875433
6258,0.05617284,0.05309866
6259,0.02962963,0.056960374
6260,0.07716049,0.058072157
6261,0.044444446,0.05662346
6262,0.07716049,0.056084298
6263,0.048148148,0.050693966
6264,0.05617284,0.04250534
6265,0.07901235,0.07672129
6266,0.05123457,0.046357475
6267,0.05493827,0.052592404
6268,0.043209877,0.050084777
6269,0.048765432,0.05137935
6270,0.08765432,0.07405583
6271,0.052469134,0.042045362
6272,0.05123457,0.055614732
6273,0.050617285,0.051751047
6274,0.09506173,0.09043053
6275,0.048148148,0.057418466
6276,0.04691358,0.048727952
6277,0.09938271,0.07118033
6278,0.053703703,0.05314946
6279,0.055555556,0.05001513
6280,0.044444446,0.057822086
6281,0.045679014,0.04519526
6282,0.16111112,0.11370057
6283,0.07098766,0.057542898
6284,0.047530863,0.05234754
6285,0.06419753,0.05096391
6286,0.045679014,0.050108366
6287,0.13950618,0.072951265
6288,0.085802466,0.05946337
6289,0.04506173,0.048723042
6290,0.053703703,0.07149938
6291,0.05185185,0.04943273
6292,0.05493827,0.06079276
6293,0.052469134,0.04709754
6294,0.05308642,0.054065347
6295,0.12716049,0.11004114
6296,0.04074074,0.0704647
6297,0.05,0.06434028
6298,0.05123457,0.04589713
6299,0.025308643,0.052186325
6300,0.05123457,0.056355312
6301,0.07716049,0.06787031
6302,0.08024691,0.064299315
6303,0.046296295,0.05504431
6304,0.044444446,0.054941542
6305,0.07901235,0.07697953
6306,0.06234568,0.051352367
6307,0.072839506,0.073769316
6308,0.053703703,0.050878868
6309,0.047530863,0.05173558
6310,0.09938271,0.096537866
6311,0.04691358,0.058054216
6312,0.03888889,0.052242838
6313,0.048765432,0.049869247
6314,0.048765432,0.047910117
6315,0.054320987,0.053319357
6316,0.044444446,0.056810565
6317,0.05185185,0.049791202
6318,0.04691358,0.060890928
6319,0.07839506,0.058429025
6320,0.043209877,0.049676992
6321,0.045679014,0.075288415
6322,0.052469134,0.055962898
6323,0.03271605,0.046692297
6324,0.06790123,0.0648032
6325,0.043209877,0.05259265
6326,0.036419753,0.050482694
6327,0.043209877,0.06446561
6328,0.056790125,0.049443364
6329,0.05,0.048175
6330,0.042592593,0.04213185
6331,0.07962963,0.061900914
6332,0.042592593,0.06622673
6333,0.040123455,0.05045495
6334,0.05123457,0.050408904
6335,0.033950616,0.064968795
6336,0.04691358,0.058337323
6337,0.06234568,0.06184534
6338,0.060493827,0.050970092
6339,0.04382716,0.04940249
6340,0.04506173,0.06037383
6341,0.06790123,0.06738479
6342,0.046296295,0.050579246
6343,0.041358024,0.05749977
6344,0.052469134,0.054049984
6345,0.043209877,0.051181264
6346,0.049382716,0.035860583
6347,0.03888889,0.03898686
6348,0.049382716,0.051921215
6349,0.060493827,0.05382505
6350,0.045679014,0.06429366
6351,0.055555556,0.062950715
6352,0.049382716,0.04967351
6353,0.05,0.04251776
6354,0.039506175,0.05372396
6355,0.052469134,0.051085345
6356,0.062962964,0.03582635
6357,0.05493827,0.043959647
6358,0.05,0.070763946
6359,0.052469134,0.05800826
6360,0.04691358,0.055896074
6361,0.07716049,0.051220357
6362,0.05617284,0.05938846
6363,0.09506173,0.08829741
6364,0.04506173,0.054233134
6365,0.06419753,0.07700021
6366,0.09135803,0.08983159
6367,0.055555556,0.04589562
6368,0.053703703,0.045304045
6369,0.04382716,0.046581913
6370,0.05185185,0.048340842
6371,0.033950616,0.058751725
6372,0.04197531,0.049297675
6373,0.04691358,0.047391333
6374,0.05308642,0.060994186
6375,0.046296295,0.049675822
6376,0.050617285,0.05862491
6377,0.05308642,0.055521145
6378,0.055555556,0.044396244
6379,0.042592593,0.06267728
6380,0.23827161,0.16221103
6381,0.049382716,0.053094774
6382,0.04382716,0.04705383
6383,0.05308642,0.058057323
6384,0.06111111,0.044852324
6385,0.04506173,0.051932216
6386,0.043209877,0.046602942
6387,0.042592593,0.058120377
6388,0.07901235,0.07804632
6389,0.056790125,0.053891964
6390,0.059876543,0.056882463
6391,0.06419753,0.052167676
6392,0.04382716,0.048641067
6393,0.09876543,0.068921
6394,0.046296295,0.048362978
6395,0.035185184,0.06634831
6396,0.04691358,0.04320406
6397,0.048765432,0.039204724
6398,0.050617285,0.050821036
6399,0.041358024,0.068197235
6400,0.045679014,0.051179677
6401,0.054320987,0.05822037
6402,0.05185185,0.050802313
6403,0.049382716,0.048601754
6404,0.05308642,0.05455953
6405,0.056790125,0.05655182
6406,0.05493827,0.041637458
6407,0.04074074,0.043795094
6408,0.04197531,0.048817597
6409,0.04506173,0.05417712
6410,0.049382716,0.040965416
6411,0.055555556,0.042064056
6412,0.053703703,0.037976034
6413,0.042592593,0.06259161
6414,0.049382716,0.047064126
6415,0.03765432,0.051962957
6416,0.06419753,0.038485028
6417,0.05925926,0.042529978
6418,0.04691358,0.046370335
6419,0.07345679,0.09665857
6420,0.058641974,0.04883285
6421,0.0654321,0.046717167
6422,0.05308642,0.055202503
6423,0.09259259,0.078558296
6424,0.052469134,0.0414341
6425,0.05493827,0.06045509
6426,0.09506173,0.07793396
6427,0.04691358,0.05744067
6428,0.054320987,0.060163423
6429,0.042592593,0.041740187
6430,0.04197531,0.047993056
6431,0.05123457,0.041307926
6432,0.043209877,0.052236006
6433,0.04691358,0.05707115
6434,0.053703703,0.050567985
6435,0.038271606,0.09424921
6436,0.052469134,0.05276624
6437,0.094444446,0.067074746
6438,0.09506173,0.076801166
6439,0.07345679,0.06348176
6440,0.049382716,0.04202941
6441,0.085185185,0.067277774
6442,0.045679014,0.057158817
6443,0.04691358,0.05279868
6444,0.045679014,0.049126506
6445,0.050617285,0.05641204
6446,0.053703703,0.04577379
6447,0.044444446,0.053583942
6448,0.047530863,0.04420858
6449,0.07839506,0.077437356
6450,0.05185185,0.05723218
6451,0.07037037,0.084615685
6452,0.044444446,0.06282
6453,0.04691358,0.061705567
6454,0.053703703,0.057593614
6455,0.052469134,0.06103967
6456,0.045679014,0.05389864
6457,0.085185185,0.07222603
6458,0.07037037,0.059394225
6459,0.05185185,0.044864945
6460,0.059876543,0.055622876
6461,0.04691358,0.05519189
6462,0.047530863,0.05735957
6463,0.050617285,0.044560358
6464,0.048148148,0.05436848
6465,0.20123456,0.16907193
6466,0.050617285,0.067797095
6467,0.048148148,0.06156931
6468,0.048148148,0.049735084
6469,0.047530863,0.048688397
6470,0.074691355,0.069247216
6471,0.04691358,0.043639682
6472,0.04506173,0.061475813
6473,0.050617285,0.050298497
6474,0.047530863,0.048999213
6475,0.041358024,0.0452898
6476,0.05493827,0.06454921
6477,0.04074074,0.047916755
6478,0.108641975,0.07131754
6479,0.04691358,0.049867004
6480,0.04197531,0.064821884
6481,0.03765432,0.044243548
6482,0.052469134,0.053563885
6483,0.05493827,0.05200545
6484,0.05925926,0.049742937
6485,0.060493827,0.059861742
6486,0.07901235,0.0615843
6487,0.042592593,0.04639408
6488,0.042592593,0.050418317
6489,0.24320988,0.10911009
6490,0.04382716,0.056046277
6491,0.062962964,0.061252505
6492,0.04197531,0.067007095
6493,0.12407407,0.059450485
6494,0.052469134,0.05116552
6495,0.06790123,0.055043034
6496,0.054320987,0.055285394
6497,0.038271606,0.05881737
6498,0.045679014,0.036782023
6499,0.043209877,0.050915815
6500,0.044444446,0.051216304
6501,0.048148148,0.0456945
6502,0.06604938,0.06790096
6503,0.054320987,0.05520147
6504,0.04382716,0.042493105
6505,0.09074074,0.056905825
6506,0.044444446,0.04464917
6507,0.072222225,0.06089337
6508,0.055555556,0.04609473
6509,0.048148148,0.067008175
6510,0.04382716,0.060040087
6511,0.05,0.05388944
6512,0.046296295,0.042727962
6513,0.083333336,0.06086789
6514,0.06666667,0.07199119
6515,0.05,0.0489031
6516,0.05740741,0.048689425
6517,0.05123457,0.042772427
6518,0.043209877,0.0561326
6519,0.05123457,0.039264843
6520,0.054320987,0.06745642
6521,0.08271605,0.066995606
6522,0.059876543,0.056742936
6523,0.05,0.05791056
6524,0.08395062,0.058016237
6525,0.10308642,0.07697211
6526,0.03888889,0.056877956
6527,0.07716049,0.064899616
6528,0.09506173,0.05886306
6529,0.06111111,0.042268142
6530,0.033950616,0.06380704
6531,0.05185185,0.057065614
6532,0.043209877,0.044491068
6533,0.052469134,0.032840557
6534,0.04197531,0.043476865
6535,0.05185185,0.070183754
6536,0.033333335,0.04794918
6537,0.045679014,0.049232863
6538,0.05617284,0.057009056
6539,0.063580245,0.053314
6540,0.04691358,0.060878202
6541,0.07345679,0.057667583
6542,0.106790125,0.08936259
6543,0.058641974,0.052603967
6544,0.06419753,0.07292159
6545,0.02962963,0.06564017
6546,0.06419753,0.04671073
6547,0.041358024,0.04620014
6548,0.046296295,0.053963363
6549,0.058641974,0.049835168
6550,0.04506173,0.04137495
6551,0.060493827,0.038114667
6552,0.048765432,0.05336348
6553,0.074074075,0.061915256
6554,0.04382716,0.049399097
6555,0.06975309,0.05724152
6556,0.048148148,0.047298864
6557,0.041358024,0.067549735
6558,0.053703703,0.041803427
6559,0.061728396,0.048044853
6560,0.06851852,0.055496477
6561,0.06111111,0.06002213
6562,0.050617285,0.04995931
6563,0.056790125,0.054563858
6564,0.03888889,0.06576148
6565,0.059876543,0.057774052
6566,0.049382716,0.058262892
6567,0.04074074,0.045944028
6568,0.045679014,0.0609352
6569,0.049382716,0.057474494
6570,0.043209877,0.061512858
6571,0.058641974,0.054919966
6572,0.07530864,0.0651011
6573,0.060493827,0.059789732
6574,0.075925924,0.0755924
6575,0.037037037,0.06445475
6576,0.046296295,0.056709588
6577,0.042592593,0.07349701
6578,0.041358024,0.054040223
6579,0.040123455,0.057184204
6580,0.06790123,0.051398635
6581,0.04382716,0.044498146
6582,0.05617284,0.061283946
6583,0.04382716,0.06827158
6584,0.05123457,0.049210124
6585,0.050617285,0.057393916
6586,0.046296295,0.046672046
6587,0.06790123,0.06059674
6588,0.059876543,0.056293502
6589,0.05,0.066366985
6590,0.04382716,0.046021275
6591,0.05,0.046576954
6592,0.06481481,0.058538318
6593,0.07962963,0.06787354
6594,0.08271605,0.070255674
6595,0.0654321,0.068109736
6596,0.050617285,0.042041704
6597,0.05740741,0.04993978
6598,0.050617285,0.042116337
6599,0.04506173,0.058531255
6600,0.061728396,0.060917947
6601,0.03888889,0.057060406
6602,0.12160494,0.11241673
6603,0.045679014,0.052432895
6604,0.058641974,0.055777997
6605,0.049382716,0.03824515
6606,0.048148148,0.049666256
6607,0.094444446,0.059497535
6608,0.047530863,0.06055244
6609,0.046296295,0.05712098
6610,0.05802469,0.040444553
6611,0.061728396,0.044057876
6612,0.042592593,0.05987025
6613,0.036419753,0.073904954
6614,0.05,0.06630142
6615,0.05,0.04944511
6616,0.048765432,0.05268348
6617,0.07777778,0.06314747
6618,0.048765432,0.054128055
6619,0.05123457,0.05463414
6620,0.043209877,0.047859192
6621,0.05617284,0.04747355
6622,0.046296295,0.059677504
6623,0.17716049,0.07090281
6624,0.047530863,0.073304296
6625,0.043209877,0.06486279
6626,0.043209877,0.05075659
6627,0.04382716,0.061242208
6628,0.05,0.05096535
6629,0.052469134,0.04489585
6630,0.048148148,0.050008982
6631,0.04691358,0.046210393
6632,0.11234568,0.08432631
6633,0.050617285,0.04757557
6634,0.05185185,0.055898845
6635,0.05925926,0.038223207
6636,0.23209876,0.06446692
6637,0.06728395,0.08406472
6638,0.04691358,0.052066565
6639,0.05123457,0.041282937
6640,0.046296295,0.07347072
6641,0.045679014,0.05534683
6642,0.058641974,0.048674494
6643,0.06666667,0.05841604
6644,0.05123457,0.047720246
6645,0.05,0.081028536
6646,0.036419753,0.06340196
6647,0.048148148,0.06497679
6648,0.053703703,0.06679335
6649,0.058641974,0.04794526
6650,0.050617285,0.0524598
6651,0.047530863,0.059306152
6652,0.087037034,0.07430485
6653,0.048148148,0.04407165
6654,0.049382716,0.05569374
6655,0.045679014,0.05472864
6656,0.059876543,0.059624948
6657,0.046296295,0.055723473
6658,0.04382716,0.05201067
6659,0.07530864,0.06278032
6660,0.04382716,0.052613363
6661,0.04382716,0.04396458
6662,0.04197531,0.054111473
6663,0.05123457,0.066272326
6664,0.052469134,0.051689044
6665,0.05740741,0.054530933
6666,0.055555556,0.066346526
6667,0.05308642,0.056382395
6668,0.07160494,0.07509691
6669,0.056790125,0.060685985
6670,0.041358024,0.056251347
6671,0.033950616,0.07116733
6672,0.055555556,0.049343623
6673,0.038271606,0.034256026
6674,0.046296295,0.053125456
6675,0.05,0.04527457
6676,0.07901235,0.062216803
6677,0.046296295,0.05550242
6678,0.04506173,0.054296315
6679,0.06666667,0.07099567
6680,0.05185185,0.054176316
6681,0.048148148,0.040058374
6682,0.047530863,0.05769009
6683,0.05740741,0.044316255
6684,0.049382716,0.06012361
6685,0.048148148,0.059765965
6686,0.053703703,0.052141465
6687,0.044444446,0.04617706
6688,0.04074074,0.060875803
6689,0.05617284,0.06039928
6690,0.09074074,0.06037122
6691,0.04506173,0.056061625
6692,0.042592593,0.05499283
6693,0.043209877,0.0623395
6694,0.0808642,0.0724117
6695,0.04382716,0.04918702
6696,0.05617284,0.059811927
6697,0.037037037,0.054633915
6698,0.23024692,0.051218398
6699,0.046296295,0.053671397
6700,0.039506175,0.04534118
6701,0.048765432,0.056969024
6702,0.04382716,0.051715955
6703,0.048765432,0.035512403
6704,0.043209877,0.054519013
6705,0.05925926,0.055590257
6706,0.036419753,0.052887663
6707,0.072222225,0.075534046
6708,0.02654321,0.062261462
6709,0.048765432,0.05040053
6710,0.053703703,0.056164376
6711,0.05185185,0.047071896
6712,0.05802469,0.061832428
6713,0.06481481,0.050351694
6714,0.05123457,0.051709466
6715,0.044444446,0.06395165
6716,0.0654321,0.052345052
6717,0.1382716,0.16843599
6718,0.043209877,0.0479301
6719,0.074074075,0.069211386
6720,0.17345679,0.14514057
6721,0.04382716,0.054530293
6722,0.05802469,0.062049627
6723,0.04691358,0.06533364
6724,0.05123457,0.05397705
6725,0.1228395,0.09292273
6726,0.05308642,0.048877597
6727,0.050617285,0.041515276
6728,0.04074074,0.05798495
6729,0.04691358,0.053528123
6730,0.045679014,0.050505396
6731,0.035185184,0.04831464
6732,0.0691358,0.06611127
6733,0.044444446,0.064229906
6734,0.05,0.044102833
6735,0.13580246,0.10094701
6736,0.063580245,0.055859193
6737,0.043209877,0.047031656
6738,0.043209877,0.03796158
6739,0.05493827,0.036411017
6740,0.037037037,0.048777446
6741,0.06604938,0.054318056
6742,0.05185185,0.051822565
6743,0.11419753,0.05747561
6744,0.05123457,0.044456996
6745,0.05123457,0.047961824
6746,0.044444446,0.07168533
6747,0.037037037,0.05723293
6748,0.046296295,0.052777484
6749,0.048765432,0.05246508
6750,0.07160494,0.078665
6751,0.055555556,0.07056744
6752,0.06604938,0.06516428
6753,0.05493827,0.059952617
6754,0.050617285,0.055337146
6755,0.047530863,0.043630034
6756,0.030864198,0.05991043
6757,0.048765432,0.05169549
6758,0.029012345,0.06199324
6759,0.042592593,0.055592
6760,0.05308642,0.042415477
6761,0.059876543,0.052394047
6762,0.055555556,0.034562178
6763,0.056790125,0.04305908
6764,0.048148148,0.06369627
6765,0.056790125,0.04857026
6766,0.04691358,0.049239077
6767,0.04197531,0.0531495
6768,0.063580245,0.074208386
6769,0.05617284,0.03165122
6770,0.046296295,0.043380328
6771,0.04691358,0.07087585
6772,0.041358024,0.062367573
6773,0.06666667,0.079960234
6774,0.061728396,0.04324639
6775,0.038271606,0.065474086
6776,0.053703703,0.053804263
6777,0.041358024,0.05411142
6778,0.048148148,0.050219618
6779,0.054320987,0.054513134
6780,0.05123457,0.07861028
6781,0.048148148,0.055942066
6782,0.048765432,0.06074924
6783,0.05308642,0.071122
6784,0.042592593,0.059729762
6785,0.108641975,0.1292356
6786,0.053703703,0.052020982
6787,0.046296295,0.044388346
6788,0.04691358,0.04961083
6789,0.044444446,0.054656137
6790,0.050617285,0.050771356
6791,0.07962963,0.06815421
6792,0.050617285,0.03570833
6793,0.06481481,0.048272047
6794,0.07654321,0.06483863
6795,0.045679014,0.05578643
6796,0.06111111,0.050214246
6797,0.048148148,0.049909413
6798,0.048148148,0.058977187
6799,0.05123457,0.06683415
6800,0.055555556,0.0384648
6801,0.041358024,0.057038512
6802,0.06975309,0.05234254
6803,0.05185185,0.058075562
6804,0.05,0.044558503
6805,0.043209877,0.07095549
6806,0.07345679,0.07683271
6807,0.07777778,0.111510195
6808,0.10493827,0.046602927
6809,0.040123455,0.04447037
6810,0.05308642,0.05408781
6811,0.05493827,0.059602335
6812,0.041358024,0.05868295
6813,0.04074074,0.059750803
6814,0.032098766,0.068500616
6815,0.03271605,0.05468957
6816,0.040123455,0.052519113
6817,0.03271605,0.047508866
6818,0.04506173,0.041166946
6819,0.062962964,0.07154763
6820,0.04197531,0.0472114
6821,0.042592593,0.051430658
6822,0.04506173,0.06148781
6823,0.05308642,0.053243626
6824,0.055555556,0.053447574
6825,0.049382716,0.052365147
6826,0.050617285,0.035703517
6827,0.054320987,0.04117822
6828,0.04691358,0.05812636
6829,0.06481481,0.074937224
6830,0.052469134,0.053474747
6831,0.05617284,0.057591084
6832,0.046296295,0.059225596
6833,0.048148148,0.047359325
6834,0.09259259,0.07149573
6835,0.053703703,0.057347395
6836,0.045679014,0.052651726
6837,0.056790125,0.03749066
6838,0.09691358,0.067950025
6839,0.04506173,0.060476497
6840,0.048765432,0.05207616
6841,0.05802469,0.054673165
6842,0.048765432,0.043923244
6843,0.05,0.049780846
6844,0.06790123,0.0759461
6845,0.04506173,0.06993471
6846,0.049382716,0.05684223
6847,0.07654321,0.0832371
6848,0.05,0.054001182
6849,0.028395062,0.049758792
6850,0.037037037,0.041716136
6851,0.072839506,0.04974176
6852,0.04074074,0.046352692
6853,0.049382716,0.051822826
6854,0.049382716,0.04679086
6855,0.05,0.046825074
6856,0.04691358,0.061431617
6857,0.06666667,0.05185825
6858,0.063580245,0.05073128
6859,0.054320987,0.05495279
6860,0.046296295,0.047379136
6861,0.059876543,0.04852896
6862,0.053703703,0.0639336
6863,0.05617284,0.04869315
6864,0.037037037,0.06139923
6865,0.054320987,0.050546996
6866,0.05308642,0.050392225
6867,0.03765432,0.06598613
6868,0.045679014,0.050424673
6869,0.046296295,0.048682198
6870,0.06666667,0.057084695
6871,0.047530863,0.051393796
6872,0.039506175,0.049516447
6873,0.08888889,0.08393592
6874,0.0691358,0.05637759
6875,0.048765432,0.053862613
6876,0.05617284,0.05540176
6877,0.06419753,0.060493097
6878,0.04382716,0.039416663
6879,0.036419753,0.053456128
6880,0.05493827,0.061374173
6881,0.04382716,0.048278168
6882,0.04382716,0.05645937
6883,0.04506173,0.045463018
6884,0.045679014,0.050930753
6885,0.0691358,0.05473858
6886,0.05740741,0.044853494
6887,0.037037037,0.05628872
6888,0.042592593,0.059076294
6889,0.049382716,0.050677363
6890,0.05308642,0.051362157
6891,0.042592593,0.05254163
6892,0.09691358,0.059996597
6893,0.046296295,0.05518467
6894,0.04382716,0.043058403
6895,0.10432099,0.05519688
6896,0.048765432,0.06310649
6897,0.063580245,0.059968024
6898,0.04197531,0.057062495
6899,0.06728395,0.060183406
6900,0.050617285,0.050876036
6901,0.060493827,0.05964986
6902,0.05,0.0695701
6903,0.04197531,0.048368245
6904,0.072222225,0.044239223
6905,0.045679014,0.03202056
6906,0.058641974,0.050066695
6907,0.04691358,0.07254058
6908,0.049382716,0.043475457
6909,0.05308642,0.04560333
6910,0.049382716,0.06213911
6911,0.044444446,0.05384341
6912,0.039506175,0.059085295
6913,0.05308642,0.058309406
6914,0.04074074,0.047712334
6915,0.05,0.05308769
6916,0.047530863,0.051532432
6917,0.048148148,0.06136994
6918,0.042592593,0.048446402
6919,0.0691358,0.06732276
6920,0.055555556,0.042539522
6921,0.048148148,0.046953842
6922,0.045679014,0.04788494
6923,0.042592593,0.055845976
6924,0.09197531,0.08752609
6925,0.05740741,0.06518954
6926,0.050617285,0.06232278
6927,0.060493827,0.053013183
6928,0.05185185,0.045864537
6929,0.027160494,0.05697149
6930,0.119135804,0.064038225
6931,0.040123455,0.062353972
6932,0.032098766,0.052756444
6933,0.038271606,0.046203554
6934,0.07839506,0.059782587
6935,0.055555556,0.040512107
6936,0.053703703,0.052650213
6937,0.049382716,0.052495033
6938,0.04382716,0.048008945
6939,0.05308642,0.053176492
6940,0.050617285,0.059845544
6941,0.05308642,0.058645472
6942,0.05,0.045391172
6943,0.045679014,0.0561681
6944,0.07530864,0.09100214
6945,0.04506173,0.048563626
6946,0.044444446,0.055768616
6947,0.05740741,0.051661514
6948,0.054320987,0.054790385
6949,0.055555556,0.06713922
6950,0.041358024,0.05041862
6951,0.07962963,0.072516054
6952,0.058641974,0.05915456
6953,0.07716049,0.08031498
6954,0.05185185,0.074087515
6955,0.048148148,0.051624447
6956,0.074074075,0.051305495
6957,0.07530864,0.07817779
6958,0.074691355,0.07592584
6959,0.050617285,0.070818365
6960,0.04074074,0.05947395
6961,0.06604938,0.05474502
6962,0.040123455,0.052038804
6963,0.053703703,0.05787576
6964,0.07777778,0.057505686
6965,0.054320987,0.042981908
6966,0.06666667,0.056459486
6967,0.095679015,0.09826813
6968,0.04691358,0.039901108
6969,0.05123457,0.05371277
6970,0.05,0.05935058
6971,0.050617285,0.062808864
6972,0.046296295,0.04075723
6973,0.05493827,0.05107514
6974,0.049382716,0.0656648
6975,0.04691358,0.047400057
6976,0.040123455,0.04547827
6977,0.047530863,0.06853376
6978,0.04074074,0.045824796
6979,0.041358024,0.039157003
6980,0.05493827,0.038104944
6981,0.09197531,0.08701345
6982,0.043209877,0.051851347
6983,0.018518519,0.055083968
6984,0.047530863,0.062494323
6985,0.056790125,0.052726835
6986,0.054320987,0.051189188
6987,0.06790123,0.059295565
6988,0.09691358,0.07513827
6989,0.048148148,0.050024398
6990,0.049382716,0.05371076
6991,0.05740741,0.054711476
6992,0.07962963,0.075429745
6993,0.048765432,0.051563017
6994,0.05,0.036176376
6995,0.048765432,0.055022698
6996,0.053703703,0.045195714
6997,0.055555556,0.03608641
6998,0.06666667,0.05867579
6999,0.04197531,0.05374883
7000,0.043209877,0.057674423
7001,0.049382716,0.046661355
7002,0.041358024,0.06456824
7003,0.05740741,0.05354984
7004,0.04382716,0.062317915
7005,0.048765432,0.049673904
7006,0.048148148,0.06205055
7007,0.060493827,0.055208422
7008,0.04506173,0.052758925
7009,0.031481482,0.048469137
7010,0.043209877,0.040561438
7011,0.10617284,0.060654305
7012,0.054320987,0.043389365
7013,0.049382716,0.06451595
7014,0.03888889,0.062101215
7015,0.048148148,0.05105058
7016,0.046296295,0.052614897
7017,0.052469134,0.050916433
7018,0.06234568,0.051813774
7019,0.044444446,0.04841785
7020,0.05123457,0.06489549
7021,0.10432099,0.08086245
7022,0.046296295,0.044793695
7023,0.0691358,0.062903
7024,0.048765432,0.06364028
7025,0.04382716,0.04997524
7026,0.05123457,0.05689192
7027,0.04197531,0.047805823
7028,0.05925926,0.05218552
7029,0.04197531,0.053480804
7030,0.06419753,0.06565464
7031,0.041358024,0.054762587
7032,0.045679014,0.061610438
7033,0.06851852,0.04728528
7034,0.12345679,0.09244068
7035,0.04506173,0.062452264
7036,0.06481481,0.05455987
7037,0.05308642,0.052266426
7038,0.048148148,0.051967084
7039,0.052469134,0.04984465
7040,0.050617285,0.056746364
7041,0.06604938,0.08842648
7042,0.05123457,0.051099543
7043,0.05,0.0542527
7044,0.030864198,0.055236265
7045,0.04074074,0.056942254
7046,0.039506175,0.04476749
7047,0.05123457,0.053761177
7048,0.08888889,0.070228405
7049,0.049382716,0.046952352
7050,0.045679014,0.054220796
7051,0.047530863,0.042951122
7052,0.16790123,0.11114119
7053,0.048148148,0.051053956
7054,0.053703703,0.046052687
7055,0.042592593,0.05198355
7056,0.03271605,0.04927648
7057,0.07037037,0.075115874
7058,0.050617285,0.06937705
7059,0.04074074,0.048236616
7060,0.11419753,0.07638402
7061,0.10308642,0.07897471
7062,0.046296295,0.051248632
7063,0.050617285,0.051194888
7064,0.04382716,0.05775335
7065,0.10308642,0.07221815
7066,0.039506175,0.05338384
7067,0.041358024,0.05025129
7068,0.04506173,0.055954807
7069,0.06481481,0.05577484
7070,0.048148148,0.042475507
7071,0.049382716,0.05922191
7072,0.05617284,0.06932007
7073,0.04074074,0.053914852
7074,0.048765432,0.039288804
7075,0.04382716,0.05838497
7076,0.05185185,0.058757134
7077,0.09074074,0.068544894
7078,0.048765432,0.04332882
7079,0.05185185,0.055126943
7080,0.0345679,0.053518698
7081,0.055555556,0.05655756
7082,0.056790125,0.054564163
7083,0.033950616,0.07600132
7084,0.054320987,0.064366415
7085,0.054320987,0.054471627
7086,0.04691358,0.057911105
7087,0.039506175,0.049353205
7088,0.046296295,0.05070429
7089,0.042592593,0.046795532
7090,0.047530863,0.06692365
7091,0.05,0.050616324
7092,0.06111111,0.049321607
7093,0.04691358,0.052504443
7094,0.061728396,0.042895667
7095,0.048765432,0.052596264
7096,0.05493827,0.071645066
7097,0.05185185,0.054502666
7098,0.05185185,0.063516356
7099,0.05185185,0.0418844
7100,0.05185185,0.028592817
7101,0.05308642,0.04323203
7102,0.04382716,0.052161403
7103,0.05185185,0.056366786
7104,0.056790125,0.057080932
7105,0.05185185,0.06299954
7106,0.07777778,0.038859926
7107,0.05308642,0.05027785
7108,0.036419753,0.05067575
7109,0.05493827,0.058955953
7110,0.040123455,0.055219382
7111,0.05,0.058976375
7112,0.058641974,0.055661045
7113,0.074691355,0.06908789
7114,0.04691358,0.05752874
7115,0.053703703,0.06990278
7116,0.05493827,0.05403927
7117,0.04691358,0.0592042
7118,0.05308642,0.056974202
7119,0.041358024,0.047267467
7120,0.042592593,0.045821458
7121,0.044444446,0.056339175
7122,0.052469134,0.05828099
7123,0.041358024,0.048379153
7124,0.043209877,0.0565548
7125,0.04197531,0.0621351
7126,0.063580245,0.052484274
7127,0.05802469,0.053947285
7128,0.059876543,0.05275908
7129,0.047530863,0.06296405
7130,0.07962963,0.06544188
7131,0.13148148,0.112855464
7132,0.041358024,0.05591231
7133,0.055555556,0.046667688
7134,0.04506173,0.07827685
7135,0.035185184,0.062298607
7136,0.048765432,0.051027536
7137,0.050617285,0.05805333
7138,0.059876543,0.04691191
7139,0.04382716,0.03922507
7140,0.05185185,0.06430448
7141,0.05308642,0.05169554
7142,0.0882716,0.07438616
7143,0.05308642,0.04564561
7144,0.05185185,0.0557487
7145,0.07160494,0.07168256
7146,0.052469134,0.04774113
7147,0.040123455,0.051166944
7148,0.06111111,0.05035673
7149,0.049382716,0.065248735
7150,0.050617285,0.049151637
7151,0.054320987,0.0564622
7152,0.048765432,0.047207892
7153,0.054320987,0.064215355
7154,0.07901235,0.06673184
7155,0.04197531,0.05516979
7156,0.035185184,0.049383514
7157,0.05802469,0.059969746
7158,0.06234568,0.055301696
7159,0.048148148,0.059934415
7160,0.044444446,0.04936459
7161,0.050617285,0.059456483
7162,0.063580245,0.06007141
7163,0.059876543,0.05710952
7164,0.041358024,0.056950778
7165,0.0654321,0.06457478
7166,0.04074074,0.049978063
7167,0.063580245,0.057873707
7168,0.045679014,0.07022974
7169,0.06604938,0.05035425
7170,0.048765432,0.05076193
7171,0.049382716,0.05565642
7172,0.039506175,0.05819576
7173,0.06666667,0.056933362
7174,0.050617285,0.059650227
7175,0.044444446,0.04395301
7176,0.058641974,0.057678
7177,0.05308642,0.051632017
7178,0.047530863,0.060053684
7179,0.04382716,0.05497265
7180,0.06728395,0.059883684
7181,0.054320987,0.056090355
7182,0.04506173,0.045096435
7183,0.05740741,0.059505194
7184,0.09320988,0.081877455
7185,0.04197531,0.07080889
7186,0.05123457,0.05878541
7187,0.04506173,0.050093666
7188,0.039506175,0.07298325
7189,0.04691358,0.043414317
7190,0.038271606,0.054375842
7191,0.0808642,0.057288915
7192,0.060493827,0.040048085
7193,0.0691358,0.068478204
7194,0.05308642,0.048905715
7195,0.05617284,0.056771427
7196,0.03888889,0.059479542
7197,0.061728396,0.048518285
7198,0.05308642,0.050987694
7199,0.04382716,0.05197352
7200,0.05185185,0.05978462
7201,0.038271606,0.038563818
7202,0.047530863,0.05908198
7203,0.047530863,0.06351969
7204,0.09135803,0.09364796
7205,0.050617285,0.06884685
7206,0.05185185,0.053357057
7207,0.05185185,0.055676058
7208,0.05617284,0.053967938
7209,0.041358024,0.07579905
7210,0.05308642,0.054084133
7211,0.058641974,0.059462324
7212,0.047530863,0.06497673
7213,0.04197531,0.0506225
7214,0.0654321,0.05097782
7215,0.07901235,0.05787663
7216,0.052469134,0.062606886
7217,0.048765432,0.056932397
7218,0.07098766,0.053493418
7219,0.049382716,0.037814267
7220,0.050617285,0.04731135
7221,0.055555556,0.053759813
7222,0.049382716,0.053778216
7223,0.05617284,0.058247276
7224,0.059876543,0.050534017
7225,0.046296295,0.04888217
7226,0.05493827,0.059260897
7227,0.05,0.057024527
7228,0.04691358,0.055502668
7229,0.05,0.042718664
7230,0.056790125,0.05010368
7231,0.075925924,0.056778744
7232,0.052469134,0.052118205
7233,0.05123457,0.052855432
7234,0.054320987,0.053462707
7235,0.04074074,0.05328678
7236,0.03888889,0.045307294
7237,0.05123457,0.062653914
7238,0.048148148,0.045399923
7239,0.042592593,0.047333248
7240,0.06234568,0.048278056
7241,0.05617284,0.052470237
7242,0.04382716,0.059640013
7243,0.050617285,0.06249486
7244,0.08765432,0.07855393
7245,0.045679014,0.06290541
7246,0.05493827,0.052249245
7247,0.09012346,0.063976556
7248,0.0882716,0.06956485
7249,0.042592593,0.07186184
7250,0.046296295,0.047317266
7251,0.04691358,0.07317625
7252,0.039506175,0.05281186
7253,0.06419753,0.05957579
7254,0.04074074,0.049572114
7255,0.033950616,0.052377675
7256,0.05,0.044901796
7257,0.08024691,0.062310286
7258,0.04691358,0.06313753
7259,0.14506173,0.19357385
7260,0.04506173,0.062089324
7261,0.048148148,0.034769848
7262,0.041358024,0.060429744
7263,0.059876543,0.04496725
7264,0.055555556,0.055184953
7265,0.04506173,0.050486684
7266,0.04506173,0.050047517
7267,0.056790125,0.04572027
7268,0.05308642,0.06118779
7269,0.085185185,0.08822541
7270,0.05740741,0.052305125
7271,0.11728395,0.09467879
7272,0.04506173,0.05729431
7273,0.062962964,0.046304107
7274,0.044444446,0.05056545
7275,0.048765432,0.055072818
7276,0.05123457,0.050368585
7277,0.04382716,0.041206136
7278,0.048148148,0.058318608
7279,0.059876543,0.04517369
7280,0.07098766,0.06567532
7281,0.04382716,0.062859215
7282,0.06481481,0.07588017
7283,0.0654321,0.06593342
7284,0.056790125,0.04907676
7285,0.053703703,0.042457253
7286,0.07777778,0.054228857
7287,0.05617284,0.05377038
7288,0.05,0.051359013
7289,0.055555556,0.05553572
7290,0.05308642,0.05541694
7291,0.05,0.04971552
7292,0.06851852,0.06990225
7293,0.05185185,0.060321346
7294,0.048765432,0.057986706
7295,0.048148148,0.050705355
7296,0.0691358,0.06423374
7297,0.052469134,0.03671784
7298,0.06790123,0.07135001
7299,0.05,0.054184526
7300,0.05493827,0.06625518
7301,0.05493827,0.0538141
7302,0.045679014,0.051052712
7303,0.08148148,0.106671065
7304,0.05493827,0.048570246
7305,0.048148148,0.06055834
7306,0.05185185,0.051945932
7307,0.09876543,0.061313614
7308,0.05802469,0.055592857
7309,0.04382716,0.04472042
7310,0.074691355,0.05856003
7311,0.12160494,0.09371121
7312,0.035185184,0.032355584
7313,0.050617285,0.04930946
7314,0.06234568,0.07058848
7315,0.09382716,0.07065243
7316,0.056790125,0.04629744
7317,0.085185185,0.06457719
7318,0.055555556,0.04812918
7319,0.033333335,0.052478023
7320,0.056790125,0.059976295
7321,0.048765432,0.058501005
7322,0.061728396,0.04961791
7323,0.049382716,0.054256335
7324,0.03580247,0.0536211
7325,0.04197531,0.064264275
7326,0.05493827,0.04933314
7327,0.08024691,0.052363753
7328,0.045679014,0.06069708
7329,0.04691358,0.056773663
7330,0.055555556,0.067342445
7331,0.049382716,0.038190372
7332,0.037037037,0.050008535
7333,0.053703703,0.052004043
7334,0.05185185,0.0511648
7335,0.04197531,0.068587795
7336,0.045679014,0.052562226
7337,0.048148148,0.037156224
7338,0.05,0.0561224
7339,0.047530863,0.048855174
7340,0.045679014,0.053336058
7341,0.05740741,0.058213457
7342,0.05123457,0.075481035
7343,0.072222225,0.054046042
7344,0.085802466,0.06648664
7345,0.117901236,0.07127458
7346,0.14629629,0.058748204
7347,0.048765432,0.054848947
7348,0.060493827,0.06651065
7349,0.048765432,0.07747569
7350,0.063580245,0.086717755
7351,0.06851852,0.04782874
7352,0.045679014,0.052988052
7353,0.05123457,0.049383707
7354,0.05185185,0.04963742
7355,0.04691358,0.05454363
7356,0.07901235,0.08597937
7357,0.14506173,0.09123853
7358,0.059876543,0.049532752
7359,0.04074074,0.052660845
7360,0.06604938,0.06391482
7361,0.08024691,0.09214038
7362,0.0345679,0.055941075
7363,0.042592593,0.060520366
7364,0.22160494,0.11072643
7365,0.05493827,0.046956807
7366,0.060493827,0.054644063
7367,0.048148148,0.061903685
7368,0.05802469,0.067032255
7369,0.055555556,0.054891072
7370,0.045679014,0.05513946
7371,0.04197531,0.04986517
7372,0.047530863,0.052130237
7373,0.044444446,0.045620717
7374,0.06481481,0.046167895
7375,0.14506173,0.12206422
7376,0.044444446,0.055845305
7377,0.09691358,0.073074214
7378,0.056790125,0.033845678
7379,0.06234568,0.063526765
7380,0.05925926,0.052639082
7381,0.042592593,0.05531807
7382,0.06111111,0.0440574
7383,0.049382716,0.05717349
7384,0.05123457,0.05299685
7385,0.052469134,0.058228344
7386,0.048765432,0.061912335
7387,0.05802469,0.05484052
7388,0.049382716,0.05176674
7389,0.045679014,0.06636381
7390,0.043209877,0.061790884
7391,0.048765432,0.058439635
7392,0.04074074,0.053469747
7393,0.05493827,0.053917557
7394,0.052469134,0.05203575
7395,0.05123457,0.05602806
7396,0.06111111,0.05589734
7397,0.05185185,0.056119926
7398,0.06234568,0.06332621
7399,0.07901235,0.069313794
7400,0.046296295,0.043778367
7401,0.04074074,0.055652022
7402,0.050617285,0.04889427
7403,0.049382716,0.053185873
7404,0.0808642,0.08388196
7405,0.05185185,0.054222144
7406,0.087037034,0.05669922
7407,0.05493827,0.06136428
7408,0.042592593,0.049702793
7409,0.044444446,0.04563584
7410,0.05185185,0.05442226
7411,0.058641974,0.048047252
7412,0.049382716,0.05068367
7413,0.050617285,0.0565831
7414,0.047530863,0.058670446
7415,0.048765432,0.066789955
7416,0.042592593,0.058005564
7417,0.058641974,0.061433025
7418,0.05185185,0.055908024
7419,0.042592593,0.06443834
7420,0.043209877,0.05852908
7421,0.07160494,0.06292918
7422,0.05,0.041438676
7423,0.054320987,0.067435205
7424,0.074691355,0.064758256
7425,0.05493827,0.058792323
7426,0.04197531,0.042025723
7427,0.053703703,0.063060455
7428,0.05802469,0.05634862
7429,0.02654321,0.07326564
7430,0.063580245,0.06133653
7431,0.04691358,0.054071665
7432,0.10555556,0.055092692
7433,0.063580245,0.06349607
7434,0.04074074,0.05680938
7435,0.05740741,0.04574459
7436,0.063580245,0.078463495
7437,0.044444446,0.062094346
7438,0.08148148,0.06954503
7439,0.06728395,0.0724589
7440,0.05,0.05638355
7441,0.05617284,0.048638456
7442,0.11358025,0.06224306
7443,0.06728395,0.05377073
7444,0.06234568,0.05478223
7445,0.035185184,0.069599554
7446,0.14938271,0.09482171
7447,0.05802469,0.05576101
7448,0.02654321,0.043931857
7449,0.05308642,0.05220002
7450,0.074074075,0.0766631
7451,0.042592593,0.05040299
7452,0.04197531,0.060689986
7453,0.039506175,0.048052598
7454,0.048148148,0.049584784
7455,0.108024694,0.07405841
7456,0.03765432,0.04474332
7457,0.05123457,0.043104894
7458,0.046296295,0.04964306
7459,0.022839507,0.056274176
7460,0.048765432,0.06921161
7461,0.049382716,0.060116008
7462,0.049382716,0.05847025
7463,0.09506173,0.052955344
7464,0.05740741,0.049737953
7465,0.062962964,0.06803857
7466,0.042592593,0.04709488
7467,0.09876543,0.0778081
7468,0.053703703,0.04001581
7469,0.048765432,0.055098027
7470,0.061728396,0.0356543
7471,0.04506173,0.0611336
7472,0.14135802,0.089383215
7473,0.05617284,0.043609478
7474,0.05617284,0.044171385
7475,0.06234568,0.05686512
7476,0.11234568,0.09915125
7477,0.05,0.0514282
7478,0.042592593,0.07424527
7479,0.055555556,0.066186056
7480,0.05740741,0.056839533
7481,0.09259259,0.0799323
7482,0.05185185,0.057769842
7483,0.048765432,0.055090815
7484,0.045679014,0.05032269
7485,0.04197531,0.0586574
7486,0.047530863,0.06606671
7487,0.04506173,0.041953735
7488,0.05308642,0.063175574
7489,0.06111111,0.052977756
7490,0.06111111,0.052588582
7491,0.04382716,0.060137033
7492,0.087037034,0.058876026
7493,0.048765432,0.061078522
7494,0.05493827,0.05274889
7495,0.05,0.051898926
7496,0.046296295,0.058509156
7497,0.044444446,0.058825944
7498,0.041358024,0.050846934
7499,0.052469134,0.044359736
7500,0.06111111,0.04925141
7501,0.037037037,0.05487884
7502,0.072839506,0.0634675
7503,0.055555556,0.048327968
7504,0.045679014,0.055380076
7505,0.06234568,0.0662874
7506,0.045679014,0.05921711
7507,0.04382716,0.055377334
7508,0.05925926,0.054436922
7509,0.05185185,0.053573363
7510,0.074074075,0.052067697
7511,0.04074074,0.04522679
7512,0.06790123,0.06403049
7513,0.053703703,0.054577097
7514,0.05123457,0.059774943
7515,0.046296295,0.04566846
7516,0.055555556,0.05462768
7517,0.05740741,0.05838477
7518,0.05925926,0.060500666
7519,0.033333335,0.05490803
7520,0.06419753,0.067531034
7521,0.041358024,0.048328184
7522,0.050617285,0.056876555
7523,0.045679014,0.05042269
7524,0.06419753,0.078297794
7525,0.063580245,0.07387523
7526,0.052469134,0.051619686
7527,0.030864198,0.06021142
7528,0.053703703,0.068769135
7529,0.054320987,0.04435474
7530,0.037037037,0.053129736
7531,0.033333335,0.05247675
7532,0.045679014,0.055074878
7533,0.042592593,0.048117556
7534,0.048765432,0.052284777
7535,0.04197531,0.057088185
7536,0.063580245,0.060403556
7537,0.049382716,0.046873875
7538,0.04506173,0.05027114
7539,0.05308642,0.040957555
7540,0.047530863,0.06339841
7541,0.048765432,0.056612402
7542,0.06419753,0.058102835
7543,0.04691358,0.07993943
7544,0.049382716,0.06171167
7545,0.046296295,0.057891347
7546,0.05308642,0.050582472
7547,0.06234568,0.06584686
7548,0.04691358,0.053392068
7549,0.038271606,0.045694202
7550,0.055555556,0.05029328
7551,0.07777778,0.058718495
7552,0.047530863,0.040987328
7553,0.050617285,0.05669035
7554,0.059876543,0.048233174
7555,0.18518518,0.1258253
7556,0.02654321,0.06182494
7557,0.04197531,0.060199186
7558,0.046296295,0.05698789
7559,0.049382716,0.05522941
7560,0.05123457,0.040903173
7561,0.053703703,0.04157625
7562,0.041358024,0.041460834
7563,0.05493827,0.05426689
7564,0.045679014,0.04954958
7565,0.063580245,0.05867845
7566,0.056790125,0.05319649
7567,0.072839506,0.08152798
7568,0.09074074,0.07521941
7569,0.039506175,0.043982256
7570,0.061728396,0.045591712
7571,0.05925926,0.05743122
7572,0.045679014,0.058502033
7573,0.044444446,0.049994975
7574,0.05493827,0.06032659
7575,0.04382716,0.0630448
7576,0.05185185,0.041941553
7577,0.05925926,0.050252073
7578,0.0654321,0.06658344
7579,0.04691358,0.05819369
7580,0.06234568,0.06480284
7581,0.054320987,0.04470855
7582,0.06234568,0.06353049
7583,0.062962964,0.067882605
7584,0.040123455,0.040868446
7585,0.05617284,0.05647263
7586,0.033333335,0.047593713
7587,0.06111111,0.042796098
7588,0.05740741,0.05606406
7589,0.10555556,0.08180924
7590,0.05802469,0.057687037
7591,0.046296295,0.052586466
7592,0.05925926,0.054025732
7593,0.03765432,0.054982692
7594,0.045679014,0.048590675
7595,0.05308642,0.055102095
7596,0.031481482,0.044378206
7597,0.106790125,0.08266948
7598,0.058641974,0.05346218
7599,0.047530863,0.059110917
7600,0.050617285,0.056696653
7601,0.05123457,0.045987755
7602,0.048765432,0.050916165
7603,0.046296295,0.055977665
7604,0.049382716,0.0584692
7605,0.06419753,0.0635984
7606,0.08024691,0.062850595
7607,0.08271605,0.05637279
7608,0.0691358,0.05049987
7609,0.06481481,0.05347509
7610,0.06790123,0.05834596
7611,0.050617285,0.05524683
7612,0.10493827,0.059331086
7613,0.049382716,0.050888784
7614,0.05185185,0.05875399
7615,0.048765432,0.05568379
7616,0.047530863,0.04593625
7617,0.042592593,0.057308204
7618,0.04691358,0.048927113
7619,0.03765432,0.052151524
7620,0.048765432,0.06151536
7621,0.075925924,0.07627639
7622,0.035185184,0.0508827
7623,0.04506173,0.057139806
7624,0.048148148,0.05149711
7625,0.043209877,0.04040616
7626,0.045679014,0.053997613
7627,0.04691358,0.050864123
7628,0.05802469,0.06342964
7629,0.04691358,0.05432409
7630,0.029012345,0.044770673
7631,0.049382716,0.0535509
7632,0.06481481,0.054828607
7633,0.04197531,0.033091255
7634,0.050617285,0.06024772
7635,0.043209877,0.053191967
7636,0.04691358,0.056990564
7637,0.038271606,0.06348243
7638,0.056790125,0.05478086
7639,0.042592593,0.04521486
7640,0.05185185,0.05159442
7641,0.06851852,0.06572184
7642,0.048148148,0.03905739
7643,0.037037037,0.05138489
7644,0.05123457,0.0523941
7645,0.060493827,0.07108511
7646,0.04074074,0.053695485
7647,0.049382716,0.06357704
7648,0.050617285,0.0537079
7649,0.055555556,0.046455406
7650,0.05925926,0.052722245
7651,0.05185185,0.040251046
7652,0.056790125,0.04271593
7653,0.060493827,0.046654582
7654,0.06234568,0.064278826
7655,0.07037037,0.069593236
7656,0.039506175,0.057256952
7657,0.06728395,0.048099488
7658,0.045679014,0.041605398
7659,0.05185185,0.064162984
7660,0.056790125,0.05588214
7661,0.046296295,0.055829905
7662,0.045679014,0.063746706
7663,0.048148148,0.041504584
7664,0.05740741,0.038965866
7665,0.07098766,0.05760908
7666,0.10061728,0.07911032
7667,0.086419754,0.054218523
7668,0.05802469,0.050995663
7669,0.07160494,0.06425525
7670,0.062962964,0.058040813
7671,0.083333336,0.06778584
7672,0.083333336,0.07756558
7673,0.049382716,0.052641697
7674,0.05617284,0.046977274
7675,0.04506173,0.053858936
7676,0.05123457,0.0487002
7677,0.052469134,0.053877994
7678,0.05308642,0.04282017
7679,0.054320987,0.060395792
7680,0.053703703,0.055153266
7681,0.055555556,0.062079445
7682,0.052469134,0.05616072
7683,0.04197531,0.065541305
7684,0.058641974,0.058992803
7685,0.049382716,0.05829435
7686,0.05123457,0.06051004
7687,0.059876543,0.053016193
7688,0.04691358,0.0614347
7689,0.04506173,0.052797277
7690,0.056790125,0.048786305
7691,0.042592593,0.0525463
7692,0.046296295,0.04566019
7693,0.05123457,0.04357393
7694,0.050617285,0.051008865
7695,0.12407407,0.082604796
7696,0.056790125,0.046615675
7697,0.05925926,0.032483257
7698,0.037037037,0.056159116
7699,0.059876543,0.047108486
7700,0.04691358,0.06123209
7701,0.040123455,0.048072282
7702,0.050617285,0.048298553
7703,0.060493827,0.052890867
7704,0.04691358,0.056135736
7705,0.04382716,0.05133783
7706,0.049382716,0.054507628
7707,0.05123457,0.06332927
7708,0.045679014,0.057421774
7709,0.05617284,0.06282633
7710,0.0654321,0.07018903
7711,0.048148148,0.067665346
7712,0.053703703,0.0557871
7713,0.10123457,0.067954674
7714,0.097530864,0.074435584
7715,0.05123457,0.046391632
7716,0.0691358,0.057288647
7717,0.054320987,0.043125413
7718,0.04691358,0.06311716
7719,0.041358024,0.046252906
7720,0.052469134,0.04066497
7721,0.05308642,0.06412588
7722,0.046296295,0.043588124
7723,0.03888889,0.06240669
7724,0.050617285,0.04975438
7725,0.046296295,0.07237868
7726,0.058641974,0.050111853
7727,0.054320987,0.04859613
7728,0.10493827,0.071921796
7729,0.056790125,0.043472655
7730,0.06234568,0.06886021
7731,0.1154321,0.07685179
7732,0.04691358,0.05058457
7733,0.04506173,0.046177372
7734,0.04506173,0.04726562
7735,0.08950617,0.06587378
7736,0.06111111,0.054926306
7737,0.050617285,0.05443237
7738,0.05,0.060406484
7739,0.07098766,0.06244062
7740,0.042592593,0.053631626
7741,0.049382716,0.057523236
7742,0.04506173,0.054436177
7743,0.038271606,0.055504642
7744,0.05493827,0.057232723
7745,0.08271605,0.07061404
7746,0.050617285,0.062111065
7747,0.107407406,0.0642646
7748,0.05617284,0.057993993
7749,0.074074075,0.07345054
7750,0.06111111,0.056411758
7751,0.048765432,0.058168687
7752,0.05123457,0.050349645
7753,0.05308642,0.05171553
7754,0.061728396,0.046923876
7755,0.04382716,0.06743632
7756,0.053703703,0.053769987
7757,0.05308642,0.049530417
7758,0.04506173,0.059604198
7759,0.04506173,0.06042178
7760,0.05802469,0.056646667
7761,0.042592593,0.057081193
7762,0.044444446,0.050652314
7763,0.05925926,0.04596162
7764,0.046296295,0.07194529
7765,0.048765432,0.049987756
7766,0.044444446,0.052743558
7767,0.053703703,0.05560772
7768,0.0808642,0.07207516
7769,0.1388889,0.06226985
7770,0.04074074,0.06394311
7771,0.041358024,0.061568305
7772,0.048148148,0.043828696
7773,0.060493827,0.054789796
7774,0.04691358,0.07132936
7775,0.049382716,0.048997678
7776,0.052469134,0.05621755
7777,0.03888889,0.06409116
7778,0.049382716,0.038122654
7779,0.05,0.05982715
7780,0.06234568,0.07668874
7781,0.04197531,0.045552336
7782,0.045679014,0.058493555
7783,0.048765432,0.05902684
7784,0.05,0.057815567
7785,0.05123457,0.03754542
7786,0.05740741,0.061748333
7787,0.047530863,0.043749854
7788,0.040123455,0.04691825
7789,0.044444446,0.07013869
7790,0.063580245,0.07009533
7791,0.043209877,0.054119777
7792,0.03888889,0.054594655
7793,0.05740741,0.06358006
7794,0.045679014,0.058770932
7795,0.045679014,0.04332391
7796,0.046296295,0.06282434
7797,0.043209877,0.049713157
7798,0.04382716,0.055901647
7799,0.08024691,0.05587049
7800,0.047530863,0.042037904
7801,0.05740741,0.053321693
7802,0.05740741,0.06378399
7803,0.05123457,0.05314091
7804,0.055555556,0.055713385
7805,0.037037037,0.05151786
7806,0.048148148,0.05761072
7807,0.06234568,0.058773935
7808,0.05123457,0.047751293
7809,0.04691358,0.059361145
7810,0.048148148,0.056960538
7811,0.03580247,0.05496703
7812,0.050617285,0.04373376
7813,0.05493827,0.052848145
7814,0.048765432,0.045787174
7815,0.09197531,0.079406895
7816,0.048765432,0.065939784
7817,0.053703703,0.051993646
7818,0.055555556,0.047561504
7819,0.046296295,0.0516598
7820,0.060493827,0.065554075
7821,0.05123457,0.052630536
7822,0.18950617,0.13246885
7823,0.052469134,0.04893145
7824,0.053703703,0.043518685
7825,0.11296296,0.08875495
7826,0.045679014,0.05206287
7827,0.04691358,0.049653195
7828,0.06481481,0.05362381
7829,0.060493827,0.033159442
7830,0.046296295,0.051587865
7831,0.053703703,0.055174768
7832,0.05,0.058866598
7833,0.09197531,0.0612282
7834,0.053703703,0.020934962
7835,0.05,0.045798108
7836,0.05,0.060165264
7837,0.060493827,0.06294576
7838,0.08395062,0.06170924
7839,0.040123455,0.054407172
7840,0.036419753,0.060821697
7841,0.04691358,0.059993938
7842,0.05,0.038990922
7843,0.055555556,0.047252245
7844,0.055555556,0.06857598
7845,0.06975309,0.07175349
7846,0.05740741,0.052898712
7847,0.056790125,0.046788782
7848,0.03888889,0.06383299
7849,0.061728396,0.045066714
7850,0.056790125,0.058300674
7851,0.047530863,0.062415093
7852,0.04691358,0.05309841
7853,0.044444446,0.0544108
7854,0.048765432,0.054884985
7855,0.08209877,0.08901392
7856,0.0882716,0.067737006
7857,0.05925926,0.05095522
7858,0.06111111,0.040294297
7859,0.033333335,0.061362214
7860,0.05925926,0.047893338
7861,0.046296295,0.03874506
7862,0.042592593,0.048027366
7863,0.05,0.0503892
7864,0.06419753,0.05522094
7865,0.040123455,0.060928702
7866,0.05740741,0.046877272
7867,0.048148148,0.041539684
7868,0.039506175,0.06006822
7869,0.085185185,0.059731767
7870,0.05,0.040007673
7871,0.044444446,0.055585362
7872,0.052469134,0.047320016
7873,0.052469134,0.06024015
7874,0.05185185,0.04704985
7875,0.13580246,0.06390235
7876,0.045679014,0.05616615
7877,0.07839506,0.064263925
7878,0.049382716,0.05219636
7879,0.047530863,0.052661754
7880,0.058641974,0.062413014
7881,0.039506175,0.047652192
7882,0.03580247,0.07074569
7883,0.05493827,0.057451993
7884,0.06111111,0.05195252
7885,0.05,0.06841953
7886,0.1574074,0.22982986
7887,0.05,0.0513516
7888,0.05185185,0.055622857
7889,0.08024691,0.049115606
7890,0.072839506,0.06590094
7891,0.043209877,0.051265158
7892,0.05740741,0.06820527
7893,0.054320987,0.04828985
7894,0.052469134,0.05747909
7895,0.05493827,0.056568123
7896,0.038271606,0.053480227
7897,0.07716049,0.0589227
7898,0.055555556,0.05475226
7899,0.07716049,0.055846598
7900,0.045679014,0.055394314
7901,0.06234568,0.057400897
7902,0.07345679,0.05970707
7903,0.08148148,0.056818344
7904,0.04691358,0.0644532
7905,0.083333336,0.080920175
7906,0.048148148,0.05216962
7907,0.045679014,0.055712357
7908,0.044444446,0.059021197
7909,0.06728395,0.055859335
7910,0.04197531,0.040709697
7911,0.04506173,0.050027497
7912,0.11296296,0.08936447
7913,0.038271606,0.056563422
7914,0.05493827,0.06180553
7915,0.04506173,0.052188836
7916,0.05308642,0.04550931
7917,0.05308642,0.05063715
7918,0.050617285,0.06658472
7919,0.056790125,0.060143813
7920,0.047530863,0.06574686
7921,0.056790125,0.060193006
7922,0.060493827,0.05975621
7923,0.05308642,0.05604936
7924,0.049382716,0.05915601
7925,0.05308642,0.06665331
7926,0.05185185,0.05515781
7927,0.04382716,0.062376678
7928,0.04382716,0.058115005
7929,0.04197531,0.049303554
7930,0.12901235,0.091697186
7931,0.06728395,0.05216275
7932,0.05740741,0.05094329
7933,0.029012345,0.047014892
7934,0.052469134,0.054288007
7935,0.048765432,0.05848729
7936,0.06481481,0.07552616
7937,0.05123457,0.053001523
7938,0.049382716,0.03732848
7939,0.046296295,0.0561537
7940,0.086419754,0.07538787
7941,0.044444446,0.057233974
7942,0.09135803,0.063170716
7943,0.05123457,0.061892673
7944,0.048765432,0.059781387
7945,0.11604938,0.09198112
7946,0.048765432,0.06280974
7947,0.05308642,0.045427337
7948,0.05123457,0.03911957
7949,0.06481481,0.0411809
7950,0.052469134,0.049332105
7951,0.05,0.049565844
7952,0.07160494,0.13009113
7953,0.058641974,0.04063791
7954,0.046296295,0.06341411
7955,0.06604938,0.05947975
7956,0.0691358,0.0570416
7957,0.047530863,0.054702565
7958,0.05123457,0.045538917
7959,0.04074074,0.06366277
7960,0.055555556,0.051900774
7961,0.03271605,0.011557981
7962,0.05308642,0.052061737
7963,0.1382716,0.092434555
7964,0.07901235,0.058741525
7965,0.087037034,0.06830433
7966,0.06666667,0.070600525
7967,0.049382716,0.050429106
7968,0.048765432,0.058408022
7969,0.055555556,0.04126913
7970,0.059876543,0.053766325
7971,0.05925926,0.046493337
7972,0.06234568,0.07209538
7973,0.049382716,0.051535144
7974,0.050617285,0.047706336
7975,0.06419753,0.051931232
7976,0.05123457,0.061371237
7977,0.16358025,0.11303932
7978,0.048765432,0.052689806
7979,0.04197531,0.049491186
7980,0.05308642,0.07218433
7981,0.05802469,0.055790912
7982,0.054320987,0.05548706
7983,0.05123457,0.061958656
7984,0.07654321,0.052097566
7985,0.050617285,0.048475582
7986,0.05123457,0.06811062
7987,0.045679014,0.054140672
7988,0.06790123,0.058218822
7989,0.06666667,0.053387646
7990,0.04197531,0.043706253
7991,0.09259259,0.08109984
7992,0.06234568,0.05791808
7993,0.05,0.057255894
7994,0.04506173,0.036367357
7995,0.05185185,0.042722538
7996,0.055555556,0.051422272
7997,0.1037037,0.108484395
7998,0.04382716,0.052864138
7999,0.075925924,0.070490256
8000,0.04197531,0.07078875
8001,0.048765432,0.058281407
8002,0.046296295,0.060456518
8003,0.045679014,0.035442926
8004,0.10432099,0.07945283
8005,0.05802469,0.0621085
8006,0.05617284,0.053807974
8007,0.05123457,0.04425373
8008,0.048765432,0.05633007
8009,0.062962964,0.06759104
8010,0.058641974,0.054111287
8011,0.05617284,0.05581947
8012,0.061728396,0.04843393
8013,0.05617284,0.046950236
8014,0.042592593,0.06426798
8015,0.046296295,0.052201822
8016,0.04506173,0.05304841
8017,0.07037037,0.060805857
8018,0.09012346,0.07344225
8019,0.0345679,0.051355466
8020,0.036419753,0.057855487
8021,0.049382716,0.05130448
8022,0.048765432,0.06009756
8023,0.048148148,0.051252514
8024,0.094444446,0.072043546
8025,0.037037037,0.060160894
8026,0.038271606,0.066059604
8027,0.052469134,0.0535779
8028,0.047530863,0.06755029
8029,0.053703703,0.05367195
8030,0.047530863,0.054064393
8031,0.050617285,0.056362644
8032,0.05123457,0.05409208
8033,0.053703703,0.052919686
8034,0.047530863,0.050488003
8035,0.045679014,0.062673956
8036,0.049382716,0.041144848
8037,0.07345679,0.07618384
8038,0.048765432,0.058428183
8039,0.07530864,0.054951496
8040,0.053703703,0.04709121
8041,0.05802469,0.050408952
8042,0.055555556,0.057218224
8043,0.05308642,0.05475086
8044,0.042592593,0.062523924
8045,0.04691358,0.054689735
8046,0.14629629,0.075762376
8047,0.05123457,0.042713426
8048,0.052469134,0.059148334
8049,0.15,0.077692784
8050,0.04506173,0.057043973
8051,0.044444446,0.062292114
8052,0.052469134,0.064109646
8053,0.04074074,0.057172205
8054,0.054320987,0.055573694
8055,0.047530863,0.039222844
8056,0.048765432,0.057067007
8057,0.09012346,0.07084556
8058,0.05123457,0.070670635
8059,0.074074075,0.07604342
8060,0.05308642,0.051465847
8061,0.055555556,0.048302338
8062,0.06728395,0.061264083
8063,0.10432099,0.060327753
8064,0.07654321,0.07998977
8065,0.037037037,0.047948413
8066,0.050617285,0.048248574
8067,0.058641974,0.06783122
8068,0.04382716,0.055470303
8069,0.055555556,0.061285496
8070,0.05802469,0.048604384
8071,0.044444446,0.048085287
8072,0.072839506,0.053986594
8073,0.048148148,0.041198492
8074,0.04197531,0.055866584
8075,0.052469134,0.059649497
8076,0.053703703,0.055777177
8077,0.05617284,0.050659686
8078,0.05925926,0.05505149
8079,0.04506173,0.048255958
8080,0.05,0.057812408
8081,0.05493827,0.06566705
8082,0.14382716,0.088687286
8083,0.041358024,0.0536274
8084,0.045679014,0.050721433
8085,0.05493827,0.063145794
8086,0.050617285,0.05921891
8087,0.047530863,0.052832756
8088,0.045679014,0.05951591
8089,0.097530864,0.06788063
8090,0.04506173,0.048129775
8091,0.054320987,0.05365835
8092,0.048148148,0.051619265
8093,0.04506173,0.048743986
8094,0.04691358,0.04853686
8095,0.054320987,0.058067918
8096,0.04382716,0.05950322
8097,0.04074074,0.062117774
8098,0.072839506,0.07911392
8099,0.07839506,0.057903707
8100,0.05185185,0.045834005
8101,0.035185184,0.080304824
8102,0.06604938,0.06979033
8103,0.052469134,0.071718216
8104,0.040123455,0.06494445
8105,0.044444446,0.04916554
8106,0.05185185,0.0456051
8107,0.047530863,0.04239198
8108,0.035185184,0.07291097
8109,0.04382716,0.04773394
8110,0.060493827,0.06225103
8111,0.09012346,0.0631925
8112,0.05925926,0.049158186
8113,0.04382716,0.06601599
8114,0.052469134,0.06416631
8115,0.083333336,0.07598266
8116,0.052469134,0.049044386
8117,0.06728395,0.06173411
8118,0.04074074,0.042818606
8119,0.045679014,0.058142275
8120,0.05493827,0.058157273
8121,0.047530863,0.05870901
8122,0.06234568,0.054893978
8123,0.19382717,0.13439792
8124,0.058641974,0.047003686
8125,0.056790125,0.053843964
8126,0.06604938,0.05504985
8127,0.05185185,0.050099343
8128,0.045679014,0.053893127
8129,0.052469134,0.042310677
8130,0.072839506,0.057396375
8131,0.052469134,0.10295183
8132,0.03580247,0.055004112
8133,0.05,0.039950095
8134,0.048765432,0.051519856
8135,0.048765432,0.0563842
8136,0.05617284,0.06001627
8137,0.05617284,0.053036302
8138,0.058641974,0.048346356
8139,0.03271605,0.065433465
8140,0.044444446,0.055114467
8141,0.061728396,0.045270965
8142,0.019753087,0.056294218
8143,0.048148148,0.06944004
8144,0.055555556,0.0515322
8145,0.052469134,0.054716855
8146,0.045679014,0.05909422
8147,0.038271606,0.05966889
8148,0.04382716,0.046009175
8149,0.041358024,0.046024673
8150,0.046296295,0.058314964
8151,0.05493827,0.0474901
8152,0.04382716,0.050363608
8153,0.048765432,0.056486007
8154,0.072839506,0.06255825
8155,0.05123457,0.06002924
8156,0.06111111,0.048581004
8157,0.04382716,0.04633575
8158,0.042592593,0.06602067
8159,0.046296295,0.053321004
8160,0.05740741,0.06470232
8161,0.041358024,0.052134097
8162,0.048765432,0.046738863
8163,0.072222225,0.060578197
8164,0.08271605,0.082138
8165,0.05,0.050336227
8166,0.04506173,0.046382632
8167,0.048148148,0.046925716
8168,0.084567904,0.07891161
8169,0.14814815,0.0838529
8170,0.10308642,0.08931044
8171,0.04506173,0.051634304
8172,0.04197531,0.06276831
8173,0.04691358,0.056482837
8174,0.11851852,0.05317513
8175,0.048765432,0.05394672
8176,0.05740741,0.042390652
8177,0.087037034,0.06335529
8178,0.042592593,0.054129787
8179,0.05185185,0.057416935
8180,0.030246913,0.060857907
8181,0.09382716,0.08054624
8182,0.05493827,0.054227605
8183,0.06728395,0.06653343
8184,0.038271606,0.051092707
8185,0.058641974,0.055329334
8186,0.048148148,0.070331186
8187,0.043209877,0.062822945
8188,0.052469134,0.05041355
8189,0.04691358,0.045239627
8190,0.06111111,0.05115158
8191,0.04382716,0.05099581
8192,0.07037037,0.06407933
8193,0.0691358,0.07591683
8194,0.05925926,0.052422144
8195,0.047530863,0.052940518
8196,0.046296295,0.05820591
8197,0.04382716,0.06405868
8198,0.046296295,0.04983347
8199,0.09197531,0.08215235
8200,0.05617284,0.04322675
8201,0.058641974,0.044335812
8202,0.05,0.0485311
8203,0.05308642,0.05000402
8204,0.04382716,0.069268495
8205,0.05308642,0.04721228
8206,0.054320987,0.04598259
8207,0.05185185,0.04426752
8208,0.04382716,0.040206626
8209,0.04074074,0.049111187
8210,0.03271605,0.058760487
8211,0.052469134,0.04955808
8212,0.062962964,0.052479684
8213,0.042592593,0.061283663
8214,0.13950618,0.046651706
8215,0.08395062,0.060477853
8216,0.05617284,0.039898485
8217,0.044444446,0.048303656
8218,0.04506173,0.04962716
8219,0.055555556,0.07483648
8220,0.042592593,0.056212544
8221,0.052469134,0.057343207
8222,0.054320987,0.057166398
8223,0.043209877,0.05235082
8224,0.048765432,0.0537187
8225,0.046296295,0.04480359
8226,0.05740741,0.050867654
8227,0.058641974,0.05537948
8228,0.04197531,0.050460808
8229,0.05308642,0.055308588
8230,0.052469134,0.058133468
8231,0.052469134,0.07355875
8232,0.060493827,0.052417383
8233,0.040123455,0.06508884
8234,0.05308642,0.050993264
8235,0.052469134,0.04669091
8236,0.045679014,0.060200408
8237,0.042592593,0.06315914
8238,0.061728396,0.057918757
8239,0.072839506,0.068255275
8240,0.045679014,0.050851658
8241,0.053703703,0.05541686
8242,0.043209877,0.05803073
8243,0.056790125,0.056026384
8244,0.043209877,0.053382035
8245,0.040123455,0.06613973
8246,0.086419754,0.05419424
8247,0.08209877,0.074470945
8248,0.039506175,0.057764947
8249,0.041358024,0.053317554
8250,0.05185185,0.054410495
8251,0.03580247,0.04939507
8252,0.07098766,0.06500651
8253,0.047530863,0.048635803
8254,0.09259259,0.07424769
8255,0.052469134,0.055829667
8256,0.050617285,0.05341737
8257,0.033333335,0.06297062
8258,0.074691355,0.059993796
8259,0.05308642,0.050687976
8260,0.041358024,0.058723163
8261,0.043209877,0.070965305
8262,0.05308642,0.057392552
8263,0.056790125,0.05360484
8264,0.055555556,0.0496933
8265,0.031481482,0.049003683
8266,0.074074075,0.053250812
8267,0.038271606,0.05127266
8268,0.041358024,0.04043848
8269,0.048148148,0.05445706
8270,0.041358024,0.043958545
8271,0.048765432,0.050000872
8272,0.05493827,0.0685747
8273,0.06604938,0.06220326
8274,0.05493827,0.056474786
8275,0.061728396,0.043345347
8276,0.039506175,0.053799972
8277,0.058641974,0.048548315
8278,0.041358024,0.056334488
8279,0.043209877,0.047302052
8280,0.053703703,0.036272466
8281,0.058641974,0.048513137
8282,0.05925926,0.0632191
8283,0.052469134,0.049842767
8284,0.05308642,0.045587555
8285,0.11851852,0.096616276
8286,0.072222225,0.06495184
8287,0.06975309,0.059788704
8288,0.060493827,0.03638742
8289,0.05493827,0.05445993
8290,0.05802469,0.05038941
8291,0.05493827,0.051709633
8292,0.07160494,0.06880824
8293,0.046296295,0.059467826
8294,0.06419753,0.04696326
8295,0.047530863,0.044246115
8296,0.047530863,0.05351062
8297,0.048148148,0.05177506
8298,0.09320988,0.07672785
8299,0.050617285,0.044844
8300,0.04382716,0.050233074
8301,0.033950616,0.06511854
8302,0.040123455,0.063031614
8303,0.06728395,0.04333429
8304,0.061728396,0.046592563
8305,0.05925926,0.051303145
8306,0.06604938,0.062128887
8307,0.043209877,0.060679905
8308,0.048148148,0.0644346
8309,0.040123455,0.05381067
8310,0.052469134,0.057549242
8311,0.05308642,0.05659748
8312,0.044444446,0.05926761
8313,0.072839506,0.05996094
8314,0.10987654,0.080733955
8315,0.05185185,0.043728285
8316,0.047530863,0.05945385
8317,0.039506175,0.06385802
8318,0.05308642,0.059295967
8319,0.05123457,0.054100767
8320,0.06481481,0.056190155
8321,0.05493827,0.05430634
8322,0.040123455,0.052868873
8323,0.07530864,0.0634954
8324,0.037037037,0.052979887
8325,0.05123457,0.039767258
8326,0.04197531,0.052390575
8327,0.084567904,0.069943234
8328,0.038271606,0.06800445
8329,0.05925926,0.046741784
8330,0.052469134,0.07593117
8331,0.058641974,0.051173817
8332,0.050617285,0.050860062
8333,0.063580245,0.069977775
8334,0.045679014,0.05681306
8335,0.030864198,0.039128512
8336,0.05308642,0.049761556
8337,0.05308642,0.068936266
8338,0.060493827,0.06678161
8339,0.039506175,0.060076654
8340,0.041358024,0.056592427
8341,0.048148148,0.055333376
8342,0.05123457,0.037166312
8343,0.055555556,0.05716066
8344,0.039506175,0.0705951
8345,0.05925926,0.054532215
8346,0.04382716,0.053203702
8347,0.043209877,0.05289422
8348,0.048148148,0.049548555
8349,0.053703703,0.051039167
8350,0.040123455,0.06370303
8351,0.03888889,0.052324362
8352,0.04506173,0.03913358
8353,0.04691358,0.049389303
8354,0.05617284,0.048537716
8355,0.04382716,0.056872502
8356,0.05185185,0.050853074
8357,0.04197531,0.06567104
8358,0.05185185,0.056152582
8359,0.10432099,0.06866875
8360,0.04197531,0.056028426
8361,0.06111111,0.05063937
8362,0.062962964,0.06587547
8363,0.05802469,0.05652131
8364,0.04382716,0.060123473
8365,0.07160494,0.0644173
8366,0.05925926,0.05662869
8367,0.041358024,0.07209678
8368,0.042592593,0.07318884
8369,0.038271606,0.056729868
8370,0.05802469,0.03809902
8371,0.050617285,0.052482635
8372,0.048148148,0.0536694
8373,0.049382716,0.051113017
8374,0.05123457,0.046618767
8375,0.05740741,0.04782401
8376,0.03765432,0.044411793
8377,0.052469134,0.049667425
8378,0.043209877,0.07672382
8379,0.047530863,0.064065486
8380,0.053703703,0.044790752
8381,0.04074074,0.05179926
8382,0.05123457,0.054399915
8383,0.06111111,0.048638932
8384,0.045679014,0.06421355
8385,0.047530863,0.045852795
8386,0.048148148,0.05904302
8387,0.050617285,0.049578346
8388,0.058641974,0.04630792
8389,0.050617285,0.04528463
8390,0.061728396,0.071007974
8391,0.059876543,0.061405882
8392,0.04382716,0.044517614
8393,0.03888889,0.055929482
8394,0.048148148,0.060517684
8395,0.07037037,0.061862975
8396,0.047530863,0.06334214
8397,0.05493827,0.05377137
8398,0.06851852,0.052912608
8399,0.06234568,0.04774202
8400,0.08888889,0.08593866
8401,0.049382716,0.045286804
8402,0.044444446,0.071463555
8403,0.05,0.05430684
8404,0.049382716,0.06218262
8405,0.043209877,0.057248756
8406,0.03271605,0.06948153
8407,0.05123457,0.052414343
8408,0.04382716,0.051356032
8409,0.04382716,0.051886775
8410,0.05185185,0.05293887
8411,0.050617285,0.054112956
8412,0.05123457,0.0514903
8413,0.06111111,0.0483718
8414,0.038271606,0.060615405
8415,0.05802469,0.051004224
8416,0.05185185,0.050913595
8417,0.03765432,0.061518714
8418,0.040123455,0.05781215
8419,0.05,0.06220915
8420,0.058641974,0.04870168
8421,0.05,0.051280096
8422,0.07037037,0.076069586
8423,0.033333335,0.050577603
8424,0.058641974,0.0666254
8425,0.038271606,0.05834133
8426,0.05493827,0.048718587
8427,0.06234568,0.05774373
8428,0.048765432,0.041297436
8429,0.056790125,0.04884281
8430,0.05617284,0.043093815
8431,0.048148148,0.045656912
8432,0.06604938,0.07383231
8433,0.07160494,0.059482217
8434,0.045679014,0.057410985
8435,0.04382716,0.0522042
8436,0.04691358,0.048574015
8437,0.06481481,0.05929046
8438,0.048148148,0.04629457
8439,0.059876543,0.057386585
8440,0.04197531,0.061441727
8441,0.058641974,0.05940198
8442,0.039506175,0.048617348
8443,0.048148148,0.05539496
8444,0.06234568,0.044817273
8445,0.05493827,0.05916082
8446,0.04506173,0.048430003
8447,0.059876543,0.057684932
8448,0.05123457,0.05370508
8449,0.048765432,0.053550072
8450,0.05617284,0.06012892
8451,0.043209877,0.047295004
8452,0.08148148,0.07363723
8453,0.04691358,0.055848405
8454,0.042592593,0.05088741
8455,0.05123457,0.05924654
8456,0.049382716,0.045264475
8457,0.04691358,0.037980974
8458,0.03765432,0.06645142
8459,0.042592593,0.060963884
8460,0.06234568,0.06712493
8461,0.06481481,0.061317153
8462,0.039506175,0.08343951
8463,0.047530863,0.07070702
8464,0.04197531,0.053187266
8465,0.044444446,0.055242978
8466,0.049382716,0.057110354
8467,0.06234568,0.055799738
8468,0.042592593,0.053785898
8469,0.04382716,0.038710944
8470,0.042592593,0.041771077
8471,0.10308642,0.074718535
8472,0.075925924,0.08907762
8473,0.046296295,0.05106142
8474,0.048148148,0.058492724
8475,0.055555556,0.051578797
8476,0.060493827,0.056744933
8477,0.059876543,0.044403993
8478,0.049382716,0.060634136
8479,0.053703703,0.04265984
8480,0.048765432,0.03771098
8481,0.04074074,0.055715993
8482,0.05308642,0.058851153
8483,0.05493827,0.042575378
8484,0.05740741,0.04494594
8485,0.045679014,0.048114747
8486,0.047530863,0.053235535
8487,0.04506173,0.05019147
8488,0.04074074,0.050879773
8489,0.06666667,0.052866016
8490,0.04074074,0.048710883
8491,0.047530863,0.057043053
8492,0.05185185,0.049377933
8493,0.043209877,0.06339263
8494,0.05617284,0.07503373
8495,0.05802469,0.03982278
8496,0.042592593,0.067250974
8497,0.050617285,0.042842686
8498,0.04506173,0.05393508
8499,0.038271606,0.052421242
8500,0.052469134,0.046008736
8501,0.09506173,0.079589665
8502,0.028395062,0.06404029
8503,0.053703703,0.07268446
8504,0.08950617,0.07215993
8505,0.07654321,0.07116687
8506,0.050617285,0.05792974
8507,0.06481481,0.06663368
8508,0.061728396,0.039097283
8509,0.048765432,0.054672122
8510,0.053703703,0.06392268
8511,0.044444446,0.049817212
8512,0.06419753,0.061175987
8513,0.05,0.06303705
8514,0.05185185,0.06454102
8515,0.04691358,0.051952336
8516,0.05925926,0.05702889
8517,0.04197531,0.055378843
8518,0.05,0.05418382
8519,0.044444446,0.06422092
8520,0.043209877,0.054936893
8521,0.049382716,0.05313945
8522,0.05493827,0.06383676
8523,0.049382716,0.049594827
8524,0.046296295,0.057221487
8525,0.048765432,0.05322154
8526,0.06111111,0.04814796
8527,0.056790125,0.053546593
8528,0.047530863,0.036333665
8529,0.046296295,0.045282014
8530,0.054320987,0.058654852
8531,0.05185185,0.056263596
8532,0.061728396,0.046707228
8533,0.053703703,0.04892136
8534,0.05185185,0.052527033
8535,0.16728395,0.054174393
8536,0.05185185,0.05787278
8537,0.050617285,0.05594777
8538,0.053703703,0.06911273
8539,0.06851852,0.06619401
8540,0.054320987,0.047431707
8541,0.045679014,0.05673629
8542,0.048765432,0.055478536
8543,0.048148148,0.048869923
8544,0.03271605,0.05598013
8545,0.05185185,0.05585756
8546,0.04197531,0.04894162
8547,0.043209877,0.044867598
8548,0.05617284,0.034355886
8549,0.046296295,0.06305471
8550,0.1,0.065222934
8551,0.05493827,0.042902365
8552,0.083333336,0.072757795
8553,0.044444446,0.041223813
8554,0.02962963,0.07044908
8555,0.047530863,0.04666494
8556,0.03888889,0.061454654
8557,0.046296295,0.04507935
8558,0.04691358,0.06890601
8559,0.060493827,0.04446006
8560,0.094444446,0.07029478
8561,0.048148148,0.05537297
8562,0.04691358,0.05683247
8563,0.05123457,0.057746053
8564,0.047530863,0.0634761
8565,0.074691355,0.06199649
8566,0.07160494,0.062911
8567,0.041358024,0.054713376
8568,0.04074074,0.05142428
8569,0.075925924,0.0658171
8570,0.063580245,0.080831215
8571,0.048148148,0.06334158
8572,0.044444446,0.045509264
8573,0.048765432,0.055131868
8574,0.03271605,0.04909254
8575,0.0691358,0.059513167
8576,0.05802469,0.056309916
8577,0.05925926,0.060263157
8578,0.06790123,0.065011054
8579,0.056790125,0.052000143
8580,0.06419753,0.071067244
8581,0.052469134,0.055200092
8582,0.048148148,0.058427982
8583,0.045679014,0.05171186
8584,0.04691358,0.05261703
8585,0.048148148,0.04589811
8586,0.053703703,0.051370043
8587,0.048765432,0.051628
8588,0.07654321,0.060479946
8589,0.059876543,0.05777381
8590,0.11111111,0.07972488
8591,0.06604938,0.047569074
8592,0.03888889,0.052906327
8593,0.04506173,0.04793255
8594,0.04197531,0.061036676
8595,0.05925926,0.052863695
8596,0.046296295,0.06304693
8597,0.119135804,0.09899798
8598,0.04382716,0.06521067
8599,0.038271606,0.05791281
8600,0.044444446,0.054668427
8601,0.07160494,0.064021416
8602,0.05123457,0.052574
8603,0.054320987,0.0435832
8604,0.05,0.060381293
8605,0.05185185,0.060353234
8606,0.048765432,0.07063866
8607,0.06975309,0.056562483
8608,0.05617284,0.055844076
8609,0.07530864,0.06980308
8610,0.050617285,0.034317322
8611,0.03888889,0.055498317
8612,0.04382716,0.06375688
8613,0.07839506,0.06520498
8614,0.048765432,0.06121493
8615,0.05123457,0.052014627
8616,0.050617285,0.05811648
8617,0.052469134,0.037213773
8618,0.03580247,0.055610664
8619,0.050617285,0.05572991
8620,0.033333335,0.054217193
8621,0.054320987,0.06529291
8622,0.043209877,0.048132256
8623,0.05,0.043646738
8624,0.08950617,0.052421942
8625,0.04691358,0.04603689
8626,0.059876543,0.04854735
8627,0.031481482,0.05492738
8628,0.05123457,0.06296347
8629,0.13518518,0.0961196
8630,0.03271605,0.0558706
8631,0.042592593,0.060190156
8632,0.117901236,0.103399254
8633,0.06728395,0.04395107
8634,0.03888889,0.056539126
8635,0.05308642,0.03646525
8636,0.06111111,0.054330364
8637,0.047530863,0.05019689
8638,0.0691358,0.05375259
8639,0.10987654,0.07305646
8640,0.04506173,0.04303015
8641,0.05802469,0.055652156
8642,0.040123455,0.04635424
8643,0.09320988,0.08320306
8644,0.052469134,0.054076046
8645,0.087037034,0.07218418
8646,0.119135804,0.07637355
8647,0.053703703,0.035224125
8648,0.054320987,0.04787448
8649,0.054320987,0.055187315
8650,0.040123455,0.06735025
8651,0.04074074,0.04993423
8652,0.05308642,0.044722773
8653,0.046296295,0.059398845
8654,0.05740741,0.032373823
8655,0.042592593,0.052507117
8656,0.046296295,0.050090425
8657,0.05123457,0.059245244
8658,0.048765432,0.0524017
8659,0.05740741,0.039973073
8660,0.04506173,0.04178226
8661,0.038271606,0.058492213
8662,0.052469134,0.043892078
8663,0.046296295,0.050712988
8664,0.06666667,0.0708901
8665,0.06666667,0.055292763
8666,0.05617284,0.056163922
8667,0.050617285,0.049335524
8668,0.04074074,0.058989815
8669,0.056790125,0.050772116
8670,0.054320987,0.05505725
8671,0.05925926,0.047422938
8672,0.056790125,0.054003417
8673,0.06234568,0.05701156
8674,0.047530863,0.044366337
8675,0.03888889,0.044021092
8676,0.04197531,0.061350554
8677,0.06790123,0.078063264
8678,0.097530864,0.06708307
8679,0.05308642,0.051032234
8680,0.04691358,0.040174484
8681,0.055555556,0.0491713
8682,0.04506173,0.040667802
8683,0.061728396,0.041675657
8684,0.033333335,0.05860091
8685,0.05802469,0.049452588
8686,0.058641974,0.052444153
8687,0.05802469,0.06069506
8688,0.055555556,0.042471014
8689,0.04197531,0.050947733
8690,0.06481481,0.05358342
8691,0.061728396,0.03980332
8692,0.04506173,0.04666683
8693,0.06111111,0.04482767
8694,0.0691358,0.075667344
8695,0.11111111,0.08672388
8696,0.047530863,0.056988254
8697,0.06481481,0.10225687
8698,0.058641974,0.051178657
8699,0.04382716,0.05409208
8700,0.048765432,0.05079043
8701,0.02962963,0.06341532
8702,0.05617284,0.04364115
8703,0.05123457,0.05691652
8704,0.05123457,0.05440888
8705,0.06481481,0.06533532
8706,0.05308642,0.057394326
8707,0.048765432,0.05097065
8708,0.04074074,0.060600534
8709,0.04197531,0.04359275
8710,0.039506175,0.04594315
8711,0.06234568,0.051158175
8712,0.022222223,0.07217372
8713,0.05802469,0.06060546
8714,0.12407407,0.2078786
8715,0.030864198,0.040306292
8716,0.043209877,0.05505938
8717,0.048148148,0.055320077
8718,0.05123457,0.04789177
8719,0.054320987,0.06275694
8720,0.07037037,0.068286434
8721,0.05123457,0.07735003
8722,0.04382716,0.049358293
8723,0.043209877,0.045676373
8724,0.039506175,0.068838395
8725,0.050617285,0.058262065
8726,0.03765432,0.043979377
8727,0.05802469,0.051050738
8728,0.04691358,0.049722783
8729,0.055555556,0.066751435
8730,0.1765432,0.15223825
8731,0.05,0.053876832
8732,0.21728395,0.17112724
8733,0.050617285,0.04989226
8734,0.05308642,0.05279874
8735,0.06111111,0.055067822
8736,0.072222225,0.058590878
8737,0.058641974,0.051758636
8738,0.062962964,0.052174643
8739,0.045679014,0.052094474
8740,0.05802469,0.06572471
8741,0.05,0.054329738
8742,0.050617285,0.040920876
8743,0.05493827,0.052284434
8744,0.05123457,0.05880268
8745,0.059876543,0.041986503
8746,0.05740741,0.08825452
8747,0.046296295,0.046394788
8748,0.025308643,0.058378965
8749,0.07530864,0.07129536
8750,0.043209877,0.050382435
8751,0.24074075,0.09491427
8752,0.045679014,0.052516915
8753,0.050617285,0.05917491
8754,0.04691358,0.06228292
8755,0.030864198,0.05061432
8756,0.083333336,0.07882133
8757,0.05802469,0.05943328
8758,0.05493827,0.050732337
8759,0.035185184,0.05442983
8760,0.038271606,0.055018164
8761,0.048148148,0.05829718
8762,0.06790123,0.056355745
8763,0.052469134,0.057212815
8764,0.04382716,0.04425048
8765,0.06604938,0.054187417
8766,0.045679014,0.049830936
8767,0.024074074,0.051622316
8768,0.06481481,0.06587153
8769,0.06234568,0.07658459
8770,0.05,0.053637117
8771,0.05802469,0.05971683
8772,0.048765432,0.063521706
8773,0.033950616,0.048490003
8774,0.048765432,0.05607426
8775,0.05802469,0.039982997
8776,0.048148148,0.057127923
8777,0.043209877,0.052160207
8778,0.037037037,0.05808016
8779,0.08271605,0.0673389
8780,0.05185185,0.0566895
8781,0.04382716,0.058261577
8782,0.052469134,0.05794823
8783,0.05123457,0.05337082
8784,0.045679014,0.04799801
8785,0.03888889,0.06784735
8786,0.0691358,0.05222393
8787,0.05308642,0.05426681
8788,0.054320987,0.060901944
8789,0.047530863,0.050330944
8790,0.04691358,0.059619844
8791,0.06234568,0.05037646
8792,0.05308642,0.056571946
8793,0.04691358,0.059519608
8794,0.062962964,0.049453966
8795,0.04506173,0.06674431
8796,0.04074074,0.04656882
8797,0.098148145,0.06906816
8798,0.17962962,0.14739129
8799,0.061728396,0.06361545
8800,0.04506173,0.054108545
8801,0.05123457,0.052414257
8802,0.04691358,0.058582254
8803,0.05185185,0.058915213
8804,0.06728395,0.07106301
8805,0.049382716,0.057130955
8806,0.09135803,0.07083061
8807,0.06728395,0.06408423
8808,0.05617284,0.05098003
8809,0.05185185,0.045373887
8810,0.12962963,0.066380605
8811,0.047530863,0.047576882
8812,0.052469134,0.051489156
8813,0.05617284,0.050615758
8814,0.041358024,0.065534644
8815,0.048765432,0.07466653
8816,0.048765432,0.05048816
8817,0.05308642,0.05345975
8818,0.055555556,0.060190573
8819,0.04382716,0.063210696
8820,0.04506173,0.056311615
8821,0.03765432,0.05447594
8822,0.04197531,0.05931271
8823,0.06851852,0.06316407
8824,0.053703703,0.06349404
8825,0.05617284,0.049011692
8826,0.06111111,0.052075163
8827,0.04382716,0.06085395
8828,0.09938271,0.065074876
8829,0.037037037,0.059902214
8830,0.05,0.061153732
8831,0.054320987,0.030402549
8832,0.06604938,0.07207662
8833,0.058641974,0.063080825
8834,0.053703703,0.05705765
8835,0.060493827,0.055153653
8836,0.05802469,0.054105222
8837,0.10185185,0.06359566
8838,0.046296295,0.034460157
8839,0.072222225,0.06461326
8840,0.06851852,0.07149402
8841,0.048148148,0.045135804
8842,0.056790125,0.06464849
8843,0.043209877,0.04868152
8844,0.036419753,0.062914304
8845,0.042592593,0.043788597
8846,0.04382716,0.050648265
8847,0.10185185,0.08267005
8848,0.046296295,0.05492235
8849,0.054320987,0.05906211
8850,0.040123455,0.0630831
8851,0.07901235,0.070261896
8852,0.05123457,0.062188298
8853,0.12839507,0.091288015
8854,0.056790125,0.053496182
8855,0.059876543,0.055515118
8856,0.05802469,0.049235612
8857,0.048148148,0.056135193
8858,0.10617284,0.060155135
8859,0.06975309,0.06453691
8860,0.03271605,0.077593364
8861,0.04506173,0.057982832
8862,0.041358024,0.059309542
8863,0.041358024,0.08481764
8864,0.06111111,0.04728648
8865,0.05123457,0.054005787
8866,0.048148148,0.056054175
8867,0.043209877,0.060923398
8868,0.054320987,0.04627903
8869,0.045679014,0.04600747
8870,0.061728396,0.065285645
8871,0.041358024,0.05635386
8872,0.07530864,0.08881052
8873,0.052469134,0.049979135
8874,0.043209877,0.041569144
8875,0.048765432,0.051576648
8876,0.062962964,0.062770106
8877,0.05925926,0.04234478
8878,0.05,0.055001598
8879,0.05185185,0.05830799
8880,0.04382716,0.05938882
8881,0.05802469,0.05244275
8882,0.04691358,0.06024694
8883,0.097530864,0.08996374
8884,0.060493827,0.05841452
8885,0.05,0.045017876
8886,0.053703703,0.052030005
8887,0.043209877,0.063184604
8888,0.038271606,0.05386558
8889,0.0654321,0.07599211
8890,0.06481481,0.07228652
8891,0.060493827,0.040747076
8892,0.05308642,0.04940497
8893,0.046296295,0.044161774
8894,0.04382716,0.055000156
8895,0.04691358,0.05513864
8896,0.053703703,0.04688307
8897,0.07160494,0.071894504
8898,0.056790125,0.05038774
8899,0.04382716,0.055763192
8900,0.056790125,0.034856424
8901,0.044444446,0.055489674
8902,0.05740741,0.04922197
8903,0.085185185,0.06823421
8904,0.06234568,0.06298167
8905,0.0808642,0.0645988
8906,0.041358024,0.049700826
8907,0.24444444,0.15871781
8908,0.05925926,0.035966426
8909,0.063580245,0.06220621
8910,0.058641974,0.060510166
8911,0.042592593,0.05439224
8912,0.056790125,0.05363778
8913,0.047530863,0.03435649
8914,0.05123457,0.054115433
8915,0.045679014,0.048993327
8916,0.04691358,0.056318685
8917,0.048765432,0.053415745
8918,0.05185185,0.057280242
8919,0.04382716,0.06948929
8920,0.05,0.047653206
8921,0.045679014,0.058935076
8922,0.17160493,0.111766785
8923,0.04691358,0.054811023
8924,0.038271606,0.04590741
8925,0.043209877,0.061094195
8926,0.05308642,0.05247531
8927,0.047530863,0.047976457
8928,0.06481481,0.06338519
8929,0.052469134,0.05146283
8930,0.045679014,0.05445318
8931,0.05,0.05669527
8932,0.043209877,0.060446396
8933,0.06481481,0.07088184
8934,0.098148145,0.08216799
8935,0.074691355,0.06251918
8936,0.07345679,0.06914583
8937,0.047530863,0.053660654
8938,0.047530863,0.054068215
8939,0.04074074,0.05979762
8940,0.049382716,0.060493216
8941,0.058641974,0.049851283
8942,0.05493827,0.051110074
8943,0.047530863,0.048264608
8944,0.05617284,0.04678668
8945,0.07901235,0.08122055
8946,0.048765432,0.052987494
8947,0.052469134,0.04827504
8948,0.08024691,0.063615955
8949,0.048765432,0.05674135
8950,0.04197531,0.044591725
8951,0.04506173,0.046835206
8952,0.063580245,0.051844962
8953,0.042592593,0.047266386
8954,0.06481481,0.04464765
8955,0.048148148,0.036783785
8956,0.049382716,0.05198069
8957,0.063580245,0.05666369
8958,0.04382716,0.058356985
8959,0.06728395,0.06202002
8960,0.06666667,0.05681331
8961,0.05,0.048208036
8962,0.09506173,0.06692495
8963,0.047530863,0.051008895
8964,0.053703703,0.051191192
8965,0.05740741,0.052583717
8966,0.03765432,0.045922413
8967,0.05123457,0.054127656
8968,0.05185185,0.05923886
8969,0.05308642,0.048245236
8970,0.05,0.040349238
8971,0.05,0.03968268
8972,0.05185185,0.065448835
8973,0.047530863,0.049917452
8974,0.049382716,0.056005448
8975,0.06111111,0.037127443
8976,0.03765432,0.049891546
8977,0.04506173,0.055664472
8978,0.05493827,0.054316044
8979,0.05,0.058426104
8980,0.054320987,0.05397921
8981,0.05617284,0.05747524
8982,0.07901235,0.073609814
8983,0.044444446,0.05582868
8984,0.048148148,0.04600589
8985,0.047530863,0.054473788
8986,0.049382716,0.053691126
8987,0.05123457,0.060771137
8988,0.049382716,0.05472798
8989,0.14938271,0.119580135
8990,0.05123457,0.0464504
8991,0.04382716,0.053682864
8992,0.038271606,0.048604377
8993,0.05802469,0.053700566
8994,0.072222225,0.06772007
8995,0.047530863,0.045666493
8996,0.045679014,0.056662105
8997,0.053703703,0.056661528
8998,0.08271605,0.065238126
8999,0.045679014,0.057445034
9000,0.053703703,0.055793643
9001,0.044444446,0.05934491
9002,0.053703703,0.058102876
9003,0.059876543,0.054021105
9004,0.063580245,0.067831635
9005,0.040123455,0.049081415
9006,0.05123457,0.053187057
9007,0.0808642,0.038729437
9008,0.038271606,0.04102598
9009,0.04074074,0.056163967
9010,0.06790123,0.062867545
9011,0.047530863,0.061646163
9012,0.10246914,0.09798256
9013,0.05617284,0.045953825
9014,0.05493827,0.04730227
9015,0.046296295,0.043469146
9016,0.048765432,0.04769955
9017,0.052469134,0.04835725
9018,0.05123457,0.051571235
9019,0.048765432,0.05009325
9020,0.04691358,0.041125976
9021,0.04074074,0.054497577
9022,0.05493827,0.047046818
9023,0.05740741,0.050956696
9024,0.09320988,0.067927495
9025,0.07716049,0.05149889
9026,0.10493827,0.0648827
9027,0.06975309,0.07621388
9028,0.045679014,0.062469818
9029,0.052469134,0.045146167
9030,0.050617285,0.052656256
9031,0.05308642,0.04655257
9032,0.048765432,0.054582275
9033,0.084567904,0.07145374
9034,0.03580247,0.04335302
9035,0.06234568,0.06501163
9036,0.040123455,0.047498472
9037,0.06975309,0.05623228
9038,0.06666667,0.062040783
9039,0.048148148,0.05594916
9040,0.06604938,0.096213505
9041,0.06604938,0.064770855
9042,0.05740741,0.025596485
9043,0.046296295,0.04975161
9044,0.050617285,0.05486109
9045,0.04197531,0.052077442
9046,0.055555556,0.06431289
9047,0.09506173,0.08854526
9048,0.032098766,0.06663467
9049,0.0345679,0.04439249
9050,0.05185185,0.039985538
9051,0.05617284,0.041226856
9052,0.05740741,0.04679855
9053,0.052469134,0.053857088
9054,0.06234568,0.06816835
9055,0.08888889,0.07343599
9056,0.040123455,0.050762594
9057,0.062962964,0.06165909
9058,0.052469134,0.058471985
9059,0.07037037,0.0677696
9060,0.0691358,0.08393145
9061,0.054320987,0.05265273
9062,0.05802469,0.053245932
9063,0.053703703,0.051249683
9064,0.05185185,0.031460464
9065,0.075925924,0.064721674
9066,0.072839506,0.058350123
9067,0.11296296,0.0738693
9068,0.056790125,0.043661818
9069,0.07037037,0.054531306
9070,0.045679014,0.08255412
9071,0.032098766,0.06420932
9072,0.048765432,0.05029556
9073,0.049382716,0.042146616
9074,0.05493827,0.056104995
9075,0.04506173,0.057705026
9076,0.04074074,0.053356618
9077,0.041358024,0.05716458
9078,0.05740741,0.042325377
9079,0.04691358,0.047191553
9080,0.05,0.038917415
9081,0.06975309,0.081634596
9082,0.05308642,0.06255449
9083,0.03888889,0.05850123
9084,0.048148148,0.05536603
9085,0.05308642,0.04889959
9086,0.12345679,0.08572948
9087,0.063580245,0.058470972
9088,0.05123457,0.06959948
9089,0.048148148,0.053412378
9090,0.052469134,0.058545493
9091,0.05308642,0.035416022
9092,0.056790125,0.06379387
9093,0.045679014,0.05198042
9094,0.055555556,0.049000498
9095,0.03271605,0.045822993
9096,0.045679014,0.048366763
9097,0.04691358,0.065323785
9098,0.072839506,0.054408602
9099,0.040123455,0.047432914
9100,0.048148148,0.055638317
9101,0.06604938,0.053164504
9102,0.04382716,0.059433848
9103,0.07777778,0.066323996
9104,0.08888889,0.05730315
9105,0.04506173,0.05250759
9106,0.046296295,0.056356456
9107,0.06666667,0.05828803
9108,0.05493827,0.056684554
9109,0.04691358,0.05571234
9110,0.072839506,0.055924106
9111,0.046296295,0.055584997
9112,0.041358024,0.06586627
9113,0.06790123,0.056780204
9114,0.056790125,0.059416085
9115,0.042592593,0.05027517
9116,0.05,0.059029616
9117,0.042592593,0.06191992
9118,0.049382716,0.049443748
9119,0.05617284,0.046576887
9120,0.05493827,0.057673946
9121,0.06419753,0.051370136
9122,0.05617284,0.05154878
9123,0.04197531,0.046997413
9124,0.05123457,0.054995894
9125,0.05308642,0.05299434
9126,0.05185185,0.06702574
9127,0.03765432,0.05331839
9128,0.052469134,0.049334265
9129,0.044444446,0.04659442
9130,0.05123457,0.034645513
9131,0.04506173,0.048133656
9132,0.061728396,0.06266161
9133,0.06666667,0.058905244
9134,0.085802466,0.07972274
9135,0.052469134,0.05487263
9136,0.07037037,0.050400738
9137,0.055555556,0.048900865
9138,0.07716049,0.05133664
9139,0.06234568,0.058707327
9140,0.043209877,0.0639819
9141,0.075925924,0.06286137
9142,0.06111111,0.05502469
9143,0.07345679,0.06020689
9144,0.05740741,0.05439453
9145,0.06851852,0.0549507
9146,0.04506173,0.05330815
9147,0.05493827,0.0360104
9148,0.03888889,0.06639389
9149,0.037037037,0.06109052
9150,0.054320987,0.047310136
9151,0.062962964,0.059565533
9152,0.07962963,0.06654048
9153,0.04197531,0.059363507
9154,0.05308642,0.057285894
9155,0.02962963,0.05829242
9156,0.03888889,0.061706387
9157,0.05308642,0.046824545
9158,0.060493827,0.04429046
9159,0.08950617,0.07054396
9160,0.059876543,0.03646913
9161,0.17839506,0.16036767
9162,0.07839506,0.06795627
9163,0.049382716,0.05626229
9164,0.042592593,0.03398259
9165,0.054320987,0.055279434
9166,0.095679015,0.06481089
9167,0.043209877,0.056205258
9168,0.05123457,0.03427062
9169,0.07777778,0.073736496
9170,0.0345679,0.07050419
9171,0.06234568,0.046593152
9172,0.06111111,0.053082675
9173,0.048148148,0.04852421
9174,0.048765432,0.05416873
9175,0.053703703,0.07070608
9176,0.049382716,0.055181526
9177,0.039506175,0.05266104
9178,0.08148148,0.1141952
9179,0.045679014,0.0723502
9180,0.11666667,0.06010083
9181,0.053703703,0.04362666
9182,0.258642,0.084918134
9183,0.13333334,0.059858244
9184,0.1154321,0.05747959
9185,0.05493827,0.040980384
9186,0.05123457,0.05103381
9187,0.058641974,0.06555724
9188,0.058641974,0.05507577
9189,0.040123455,0.054124832
9190,0.05308642,0.05507973
9191,0.054320987,0.044395447
9192,0.042592593,0.056182772
9193,0.063580245,0.053826734
9194,0.048148148,0.05043929
9195,0.07098766,0.071931966
9196,0.054320987,0.04917553
9197,0.039506175,0.07130454
9198,0.061728396,0.047935158
9199,0.06666667,0.05936946
9200,0.059876543,0.049678445
9201,0.056790125,0.040594533
9202,0.06481481,0.06325665
9203,0.05123457,0.044639453
9204,0.05185185,0.053680748
9205,0.05493827,0.05623533
9206,0.05123457,0.04916051
9207,0.05802469,0.049420618
9208,0.05740741,0.04286603
9209,0.05,0.056603983
9210,0.05123457,0.05361697
9211,0.050617285,0.06414844
9212,0.048148148,0.060823694
9213,0.053703703,0.06535387
9214,0.05617284,0.03253983
9215,0.054320987,0.046658024
9216,0.05493827,0.05356414
9217,0.042592593,0.043183666
9218,0.05185185,0.057600707
9219,0.06851852,0.06774506
9220,0.041358024,0.053399444
9221,0.047530863,0.044030696
9222,0.09506173,0.077585936
9223,0.1,0.10108915
9224,0.049382716,0.064024314
9225,0.048148148,0.05299644
9226,0.042592593,0.044515803
9227,0.05802469,0.04454273
9228,0.060493827,0.031190917
9229,0.044444446,0.050665863
9230,0.058641974,0.053697016
9231,0.05185185,0.056316696
9232,0.053703703,0.062326312
9233,0.07345679,0.058291078
9234,0.07037037,0.066790015
9235,0.04691358,0.055193953
9236,0.04197531,0.04971031
9237,0.05308642,0.047392353
9238,0.049382716,0.05681511
9239,0.05123457,0.0446987
9240,0.07962963,0.070044875
9241,0.04382716,0.046998166
9242,0.05493827,0.053620458
9243,0.055555556,0.056333423
9244,0.043209877,0.06028679
9245,0.097530864,0.089528985
9246,0.047530863,0.04938996
9247,0.043209877,0.046410196
9248,0.09691358,0.092299104
9249,0.04506173,0.045178555
9250,0.055555556,0.057459563
9251,0.06481481,0.068907544
9252,0.048148148,0.058958344
9253,0.047530863,0.061186224
9254,0.061728396,0.05231472
9255,0.0691358,0.11872812
9256,0.044444446,0.051754862
9257,0.04074074,0.061212324
9258,0.043209877,0.04662484
9259,0.05617284,0.053886488
9260,0.06851852,0.06902072
9261,0.04074074,0.055640895
9262,0.05802469,0.04152248
9263,0.048148148,0.041612588
9264,0.033950616,0.05659493
9265,0.045679014,0.051215537
9266,0.05925926,0.053825177
9267,0.048765432,0.05359634
9268,0.072839506,0.049516812
9269,0.072222225,0.081371404
9270,0.03580247,0.06455653
9271,0.050617285,0.05262059
9272,0.056790125,0.039032288
9273,0.05802469,0.048562728
9274,0.048765432,0.052169874
9275,0.04691358,0.059938855
9276,0.07160494,0.059861638
9277,0.074691355,0.066842735
9278,0.038271606,0.05210363
9279,0.059876543,0.038918935
9280,0.047530863,0.054903753
9281,0.05802469,0.073817216
9282,0.045679014,0.05610934
9283,0.05185185,0.062328663
9284,0.050617285,0.054203033
9285,0.087037034,0.07778305
9286,0.053703703,0.05548445
9287,0.04691358,0.04758419
9288,0.05308642,0.04248631
9289,0.042592593,0.05860927
9290,0.08950617,0.060535967
9291,0.1808642,0.113238394
9292,0.07160494,0.044227153
9293,0.048148148,0.05548477
9294,0.059876543,0.04801905
9295,0.053703703,0.060395226
9296,0.12469136,0.085367516
9297,0.040123455,0.06589581
9298,0.049382716,0.058731146
9299,0.09197531,0.07561751
9300,0.08024691,0.042790793
9301,0.048148148,0.049720287
9302,0.052469134,0.065009035
9303,0.0345679,0.06454656
9304,0.05308642,0.054611012
9305,0.032098766,0.052787095
9306,0.055555556,0.05560042
9307,0.039506175,0.06518112
9308,0.05617284,0.054903094
9309,0.05802469,0.05085084
9310,0.05123457,0.048484482
9311,0.04197531,0.05206377
9312,0.063580245,0.06475249
9313,0.037037037,0.05691278
9314,0.044444446,0.05884096
9315,0.048148148,0.055267155
9316,0.048765432,0.056772247
9317,0.05617284,0.051301323
9318,0.06790123,0.050931297
9319,0.043209877,0.05930262
9320,0.049382716,0.043431908
9321,0.12592593,0.07078408
9322,0.056790125,0.05302283
9323,0.05185185,0.053903013
9324,0.055555556,0.0629537
9325,0.054320987,0.044769697
9326,0.04074074,0.047072593
9327,0.08148148,0.0653374
9328,0.048765432,0.055138424
9329,0.048148148,0.05491664
9330,0.038271606,0.052864313
9331,0.048765432,0.05560834
9332,0.05,0.04983738
9333,0.05185185,0.056330092
9334,0.054320987,0.051650863
9335,0.044444446,0.07081066
9336,0.048765432,0.053806163
9337,0.04506173,0.044528857
9338,0.05802469,0.052925263
9339,0.058641974,0.053661615
9340,0.048765432,0.07285724
9341,0.06481481,0.07100178
9342,0.046296295,0.04127018
9343,0.046296295,0.061098218
9344,0.056790125,0.050084546
9345,0.047530863,0.05396209
9346,0.05123457,0.046617128
9347,0.05,0.04418212
9348,0.046296295,0.05223182
9349,0.04691358,0.059299763
9350,0.054320987,0.056804374
9351,0.09135803,0.07919812
9352,0.039506175,0.0558957
9353,0.03888889,0.045537308
9354,0.042592593,0.050589025
9355,0.04506173,0.052616373
9356,0.048765432,0.046526827
9357,0.054320987,0.05293572
9358,0.053703703,0.04471629
9359,0.048765432,0.04768481
9360,0.039506175,0.070911676
9361,0.072222225,0.04589205
9362,0.046296295,0.062173888
9363,0.07037037,0.054608442
9364,0.05308642,0.0542496
9365,0.05,0.050038837
9366,0.061728396,0.027437396
9367,0.06666667,0.060820654
9368,0.05925926,0.05187568
9369,0.1617284,0.11387606
9370,0.05740741,0.06266478
9371,0.043209877,0.039011873
9372,0.05123457,0.058284678
9373,0.04197531,0.06714967
9374,0.058641974,0.06696528
9375,0.044444446,0.047007777
9376,0.07962963,0.073514454
9377,0.043209877,0.05349403
9378,0.06790123,0.055709533
9379,0.05185185,0.06192784
9380,0.06790123,0.059655085
9381,0.04691358,0.07825524
9382,0.046296295,0.04542494
9383,0.06111111,0.03999562
9384,0.048765432,0.055487487
9385,0.06419753,0.06508224
9386,0.05185185,0.056137383
9387,0.043209877,0.053163566
9388,0.05123457,0.0573453
9389,0.04691358,0.047167614
9390,0.053703703,0.05937724
9391,0.05123457,0.040678695
9392,0.058641974,0.050623197
9393,0.048148148,0.043627813
9394,0.040123455,0.06160155
9395,0.055555556,0.03942755
9396,0.05123457,0.053936623
9397,0.04506173,0.04299516
9398,0.048148148,0.07403896
9399,0.060493827,0.055723548
9400,0.048148148,0.04823739
9401,0.05925926,0.05997871
9402,0.04197531,0.065861665
9403,0.05,0.04709208
9404,0.054320987,0.05698894
9405,0.07037037,0.06655276
9406,0.05308642,0.06422367
9407,0.053703703,0.04396581
9408,0.05123457,0.04425603
9409,0.04506173,0.04840339
9410,0.04382716,0.048000954
9411,0.03580247,0.055306382
9412,0.05,0.05451876
9413,0.074691355,0.055059798
9414,0.045679014,0.046889275
9415,0.050617285,0.05419085
9416,0.048148148,0.06554822
9417,0.059876543,0.052480336
9418,0.059876543,0.058327213
9419,0.05123457,0.04630149
9420,0.11358025,0.10001371
9421,0.060493827,0.060940765
9422,0.045679014,0.039482817
9423,0.1,0.04899008
9424,0.074691355,0.055401653
9425,0.045679014,0.05398956
9426,0.12407407,0.064171076
9427,0.05123457,0.0505462
9428,0.053703703,0.053301252
9429,0.05185185,0.061533064
9430,0.050617285,0.054023117
9431,0.05185185,0.053959534
9432,0.053703703,0.053956077
9433,0.052469134,0.060913764
9434,0.08024691,0.059654303
9435,0.056790125,0.04586169
9436,0.055555556,0.048587907
9437,0.05740741,0.08933273
9438,0.04382716,0.04642991
9439,0.08765432,0.07615279
9440,0.16111112,0.04998621
9441,0.072222225,0.056922834
9442,0.042592593,0.036612466
9443,0.07962963,0.070556335
9444,0.044444446,0.038746536
9445,0.05802469,0.0551811
9446,0.05493827,0.05227506
9447,0.05493827,0.05867009
9448,0.05740741,0.060195416
9449,0.085802466,0.06093774
9450,0.06419753,0.050104536
9451,0.050617285,0.048470207
9452,0.049382716,0.049829938
9453,0.09382716,0.079282574
9454,0.048765432,0.051612526
9455,0.06728395,0.06366362
9456,0.0345679,0.052778684
9457,0.05,0.05438587
9458,0.05,0.05747176
9459,0.18148148,0.113244995
9460,0.04074074,0.053852007
9461,0.05308642,0.053349636
9462,0.063580245,0.064379066
9463,0.043209877,0.048794076
9464,0.050617285,0.051365696
9465,0.050617285,0.04225996
9466,0.12592593,0.09586136
9467,0.06728395,0.061308727
9468,0.048765432,0.06532184
9469,0.044444446,0.06340239
9470,0.06234568,0.07540296
9471,0.056790125,0.05152536
9472,0.06234568,0.07106848
9473,0.050617285,0.05326407
9474,0.054320987,0.054145597
9475,0.05493827,0.045686476
9476,0.048765432,0.053986683
9477,0.074074075,0.0621214
9478,0.05123457,0.048633635
9479,0.08271605,0.06611554
9480,0.050617285,0.055058636
9481,0.042592593,0.03773106
9482,0.039506175,0.06704021
9483,0.16419753,0.089372374
9484,0.047530863,0.047376506
9485,0.063580245,0.07042156
9486,0.05617284,0.06579501
9487,0.056790125,0.04504665
9488,0.05740741,0.05970736
9489,0.050617285,0.038789585
9490,0.05123457,0.05785069
9491,0.046296295,0.057243764
9492,0.048148148,0.05107218
9493,0.031481482,0.053698204
9494,0.09876543,0.084701836
9495,0.074074075,0.083170906
9496,0.050617285,0.04882849
9497,0.05,0.06173087
9498,0.048148148,0.05477976
9499,0.04506173,0.06189561
9500,0.05925926,0.044343643
9501,0.09074074,0.074103415
9502,0.059876543,0.04599666
9503,0.05,0.04589016
9504,0.036419753,0.05046004
9505,0.04506173,0.043197446
9506,0.06111111,0.038439646
9507,0.043209877,0.07577889
9508,0.042592593,0.05053775
9509,0.075925924,0.06467472
9510,0.052469134,0.046045944
9511,0.050617285,0.05916083
9512,0.05493827,0.0571678
9513,0.06728395,0.06507255
9514,0.048765432,0.045371033
9515,0.048148148,0.056735665
9516,0.06234568,0.06439386
9517,0.055555556,0.040243685
9518,0.05802469,0.044486135
9519,0.04197531,0.051002234
9520,0.048765432,0.04769057
9521,0.061728396,0.053379513
9522,0.038271606,0.051221415
9523,0.0691358,0.05157788
9524,0.049382716,0.053899463
9525,0.06111111,0.05006253
9526,0.053703703,0.05577156
9527,0.10617284,0.06484136
9528,0.09259259,0.057901606
9529,0.055555556,0.059744023
9530,0.041358024,0.053891733
9531,0.038271606,0.048724744
9532,0.06666667,0.07528749
9533,0.047530863,0.05342909
9534,0.09259259,0.05853539
9535,0.044444446,0.049961843
9536,0.06234568,0.065332726
9537,0.05925926,0.048571914
9538,0.048148148,0.064468235
9539,0.049382716,0.05341457
9540,0.03580247,0.06374121
9541,0.05925926,0.0482629
9542,0.048148148,0.061849833
9543,0.054320987,0.059011288
9544,0.04506173,0.03722193
9545,0.07160494,0.04089623
9546,0.05185185,0.052431516
9547,0.037037037,0.06255783
9548,0.058641974,0.050850756
9549,0.03580247,0.054806687
9550,0.04506173,0.032812707
9551,0.05740741,0.04399437
9552,0.046296295,0.04830966
9553,0.05123457,0.04251349
9554,0.049382716,0.053016476
9555,0.05,0.05579903
9556,0.05740741,0.049724996
9557,0.047530863,0.05436158
9558,0.039506175,0.052014917
9559,0.03888889,0.047857173
9560,0.11111111,0.05974791
9561,0.05802469,0.052100018
9562,0.04382716,0.06944568
9563,0.047530863,0.04327932
9564,0.047530863,0.060121164
9565,0.05,0.05066096
9566,0.046296295,0.060501315
9567,0.05,0.056967035
9568,0.038271606,0.051520437
9569,0.041358024,0.055209212
9570,0.039506175,0.051777765
9571,0.05,0.055774048
9572,0.062962964,0.05010105
9573,0.048148148,0.047764927
9574,0.04382716,0.053486258
9575,0.05493827,0.059329234
9576,0.046296295,0.048790023
9577,0.04197531,0.07028408
9578,0.06666667,0.06175465
9579,0.042592593,0.04526455
9580,0.045679014,0.049155533
9581,0.047530863,0.057164356
9582,0.096296296,0.069804855
9583,0.045679014,0.049644254
9584,0.062962964,0.058146514
9585,0.04197531,0.054444574
9586,0.05123457,0.048404202
9587,0.05,0.05796627
9588,0.048765432,0.05055677
9589,0.04197531,0.053892292
9590,0.06666667,0.07093395
9591,0.04691358,0.05164037
9592,0.04691358,0.05185485
9593,0.061728396,0.052377447
9594,0.05123457,0.051540956
9595,0.15246913,0.100117356
9596,0.050617285,0.033939533
9597,0.09135803,0.10176484
9598,0.047530863,0.054746956
9599,0.05123457,0.058785576
9600,0.0654321,0.062151898
9601,0.04074074,0.050439596
9602,0.04197531,0.0665659
9603,0.049382716,0.056808814
9604,0.05185185,0.04110726
9605,0.05802469,0.054819435
9606,0.05493827,0.045028627
9607,0.058641974,0.05452691
9608,0.05802469,0.057767943
9609,0.05617284,0.048014432
9610,0.042592593,0.05018583
9611,0.14197531,0.075300865
9612,0.05493827,0.047483128
9613,0.047530863,0.050616078
9614,0.049382716,0.052932374
9615,0.055555556,0.058965907
9616,0.056790125,0.04749447
9617,0.05,0.05414937
9618,0.063580245,0.0754904
9619,0.046296295,0.049236134
9620,0.05123457,0.04031238
9621,0.059876543,0.060058206
9622,0.0654321,0.06122207
9623,0.050617285,0.0477744
9624,0.04506173,0.046279974
9625,0.18209876,0.06396879
9626,0.04074074,0.0666145
9627,0.048765432,0.05048909
9628,0.045679014,0.0543283
9629,0.05802469,0.058739543
9630,0.043209877,0.06869272
9631,0.056790125,0.048556596
9632,0.0345679,0.04902859
9633,0.047530863,0.0544705
9634,0.041358024,0.051033802
9635,0.04197531,0.055468082
9636,0.074074075,0.06716448
9637,0.05308642,0.05660796
9638,0.05,0.05859725
9639,0.04691358,0.05811116
9640,0.040123455,0.046429567
9641,0.03765432,0.04690785
9642,0.054320987,0.04973223
9643,0.038271606,0.07109774
9644,0.043209877,0.047600918
9645,0.048148148,0.056621492
9646,0.06666667,0.05955434
9647,0.06851852,0.06831206
9648,0.07098766,0.059045285
9649,0.053703703,0.06621006
9650,0.03765432,0.054451898
9651,0.048765432,0.053030066
9652,0.047530863,0.056235097
9653,0.059876543,0.052803762
9654,0.05740741,0.048749
9655,0.048148148,0.05321595
9656,0.06481481,0.07132697
9657,0.04506173,0.05535236
9658,0.05,0.056575537
9659,0.06728395,0.05582568
9660,0.05617284,0.051264454
9661,0.059876543,0.049845323
9662,0.039506175,0.07011622
9663,0.053703703,0.05822459
9664,0.044444446,0.060416907
9665,0.086419754,0.08450232
9666,0.05308642,0.058313012
9667,0.06666667,0.062401026
9668,0.05493827,0.049822547
9669,0.038271606,0.04339145
9670,0.05,0.05267228
9671,0.048148148,0.04724238
9672,0.062962964,0.049351722
9673,0.054320987,0.057185464
9674,0.04382716,0.063592166
9675,0.050617285,0.053606316
9676,0.0654321,0.055781484
9677,0.06111111,0.05795963
9678,0.040123455,0.06211251
9679,0.033950616,0.049178205
9680,0.048765432,0.052115556
9681,0.056790125,0.055826563
9682,0.049382716,0.05213256
9683,0.08950617,0.079578854
9684,0.054320987,0.044779375
9685,0.05123457,0.06293818
9686,0.053703703,0.053777777
9687,0.05802469,0.0706139
9688,0.04197531,0.043889247
9689,0.05,0.051811256
9690,0.0654321,0.058473498
9691,0.043209877,0.050858855
9692,0.04382716,0.055542912
9693,0.047530863,0.05805844
9694,0.053703703,0.047596663
9695,0.05185185,0.05600995
9696,0.05925926,0.047845155
9697,0.05493827,0.057550192
9698,0.04197531,0.0625801
9699,0.045679014,0.06320605
9700,0.06481481,0.05618804
9701,0.06666667,0.07623023
9702,0.04691358,0.061180905
9703,0.06111111,0.049674436
9704,0.08024691,0.086706676
9705,0.062962964,0.07200565
9706,0.047530863,0.04786452
9707,0.046296295,0.039608873
9708,0.05185185,0.047828726
9709,0.049382716,0.05662036
9710,0.0654321,0.045467038
9711,0.04506173,0.043392677
9712,0.04197531,0.055580616
9713,0.04506173,0.071983315
9714,0.054320987,0.051042557
9715,0.048148148,0.038708016
9716,0.05493827,0.047455423
9717,0.048148148,0.05814399
9718,0.04691358,0.047006883
9719,0.043209877,0.05544498
9720,0.074074075,0.071418725
9721,0.042592593,0.06076985
9722,0.05123457,0.058701888
9723,0.045679014,0.06087049
9724,0.05,0.053615116
9725,0.06666667,0.074015155
9726,0.040123455,0.0714154
9727,0.07160494,0.0647165
9728,0.06234568,0.05927413
9729,0.053703703,0.043253183
9730,0.059876543,0.049877167
9731,0.05617284,0.04038439
9732,0.044444446,0.059931666
9733,0.047530863,0.058221538
9734,0.05,0.0449391
9735,0.054320987,0.05637403
9736,0.06111111,0.059006125
9737,0.05185185,0.07763878
9738,0.05493827,0.05691085
9739,0.048765432,0.041234978
9740,0.06481481,0.056834817
9741,0.041358024,0.055727597
9742,0.04197531,0.05771579
9743,0.06111111,0.049569227
9744,0.08395062,0.08918005
9745,0.033950616,0.06633071
9746,0.05493827,0.061961085
9747,0.06666667,0.06316057
9748,0.05123457,0.044466883
9749,0.046296295,0.05414453
9750,0.04691358,0.07239534
9751,0.09259259,0.06834659
9752,0.045679014,0.051510364
9753,0.05123457,0.068853036
9754,0.15617284,0.06910372
9755,0.048148148,0.035405368
9756,0.048148148,0.061248124
9757,0.036419753,0.04538367
9758,0.039506175,0.04992059
9759,0.05123457,0.0408113
9760,0.052469134,0.057431877
9761,0.04382716,0.06333524
9762,0.06234568,0.064716145
9763,0.05740741,0.04119531
9764,0.12222222,0.054344933
9765,0.042592593,0.050744638
9766,0.05802469,0.06282514
9767,0.05925926,0.050596558
9768,0.05493827,0.06320427
9769,0.07160494,0.0570098
9770,0.05493827,0.042527057
9771,0.035185184,0.060068026
9772,0.044444446,0.047519445
9773,0.056790125,0.04551211
9774,0.05493827,0.04735981
9775,0.074691355,0.06575054
9776,0.061728396,0.055165473
9777,0.05123457,0.045818172
9778,0.05617284,0.05293866
9779,0.047530863,0.047708124
9780,0.044444446,0.045987025
9781,0.05617284,0.049301147
9782,0.041358024,0.053510696
9783,0.05123457,0.06699982
9784,0.054320987,0.060707234
9785,0.07037037,0.07847747
9786,0.047530863,0.054478593
9787,0.054320987,0.056880593
9788,0.037037037,0.053491652
9789,0.052469134,0.05563096
9790,0.04197531,0.04437229
9791,0.13024691,0.063715115
9792,0.048148148,0.059748426
9793,0.047530863,0.053284794
9794,0.04506173,0.060546473
9795,0.053703703,0.047672953
9796,0.050617285,0.048608936
9797,0.07160494,0.06722283
9798,0.052469134,0.058439493
9799,0.07716049,0.073424995
9800,0.046296295,0.061419487
9801,0.025308643,0.06317425
9802,0.07037037,0.05785528
9803,0.06419753,0.056875035
9804,0.04691358,0.043469697
9805,0.03580247,0.050501913
9806,0.04506173,0.055975534
9807,0.05,0.05762899
9808,0.050617285,0.05707516
9809,0.04197531,0.04211034
9810,0.08950617,0.07434653
9811,0.06419753,0.06114339
9812,0.037037037,0.053629763
9813,0.050617285,0.057848096
9814,0.05617284,0.041810967
9815,0.045679014,0.04716157
9816,0.05,0.06190601
9817,0.08148148,0.09288761
9818,0.05,0.046878308
9819,0.062962964,0.047672644
9820,0.04074074,0.058896042
9821,0.035185184,0.075793706
9822,0.048148148,0.051377933
9823,0.06666667,0.072618105
9824,0.05,0.049174674
9825,0.056790125,0.057144266
9826,0.044444446,0.053629447
9827,0.043209877,0.049794674
9828,0.06419753,0.06550313
9829,0.053703703,0.055840664
9830,0.05740741,0.044429764
9831,0.06790123,0.0722975
9832,0.048148148,0.054793306
9833,0.046296295,0.042865805
9834,0.044444446,0.05264228
9835,0.03580247,0.0624106
9836,0.05925926,0.059404083
9837,0.048765432,0.044003107
9838,0.044444446,0.04909191
9839,0.048148148,0.056960847
9840,0.052469134,0.05028282
9841,0.05185185,0.059378743
9842,0.056790125,0.0579648
9843,0.048765432,0.051225856
9844,0.08271605,0.0788185
9845,0.052469134,0.047246717
9846,0.05308642,0.044716805
9847,0.060493827,0.05402644
9848,0.05,0.06286444
9849,0.09135803,0.085443355
9850,0.046296295,0.05330927
9851,0.05802469,0.051982597
9852,0.04382716,0.052540354
9853,0.055555556,0.057893947
9854,0.06481481,0.06345965
9855,0.06234568,0.08106992
9856,0.048765432,0.04736916
9857,0.05123457,0.061261427
9858,0.030246913,0.061018765
9859,0.05185185,0.04524544
9860,0.04382716,0.047230173
9861,0.05617284,0.048459023
9862,0.047530863,0.051626645
9863,0.05740741,0.034642413
9864,0.04074074,0.051836237
9865,0.11481482,0.08491825
9866,0.060493827,0.053459115
9867,0.04074074,0.052019604
9868,0.046296295,0.047756486
9869,0.058641974,0.057578653
9870,0.0345679,0.06955815
9871,0.04691358,0.05451738
9872,0.048765432,0.062184364
9873,0.055555556,0.0534029
9874,0.06234568,0.05472807
9875,0.096296296,0.08507685
9876,0.06728395,0.05583725
9877,0.055555556,0.053981032
9878,0.044444446,0.055892743
9879,0.04074074,0.053114265
9880,0.056790125,0.054391213
9881,0.048148148,0.047745533
9882,0.06234568,0.05089855
9883,0.04382716,0.046872355
9884,0.048148148,0.043705426
9885,0.05802469,0.0695558
9886,0.047530863,0.04662627
9887,0.05925926,0.058675937
9888,0.097530864,0.076264225
9889,0.043209877,0.07132149
9890,0.07098766,0.07181913
9891,0.05493827,0.052152812
9892,0.05308642,0.05206561
9893,0.042592593,0.06761165
9894,0.047530863,0.056378875
9895,0.07654321,0.05884894
9896,0.048765432,0.04954519
9897,0.062962964,0.057833508
9898,0.09876543,0.0882916
9899,0.05802469,0.059319187
9900,0.05,0.049050592
9901,0.048148148,0.058261804
9902,0.04506173,0.048951797
9903,0.05617284,0.060461476
9904,0.047530863,0.046481952
9905,0.054320987,0.04385522
9906,0.046296295,0.0497716
9907,0.09506173,0.09137829
9908,0.17345679,0.052595817
9909,0.050617285,0.052723262
9910,0.05185185,0.05313429
9911,0.041358024,0.04992044
9912,0.05493827,0.059771378
9913,0.06111111,0.04638706
9914,0.09012346,0.0912454
9915,0.046296295,0.054719687
9916,0.046296295,0.06760949
9917,0.040123455,0.046891112
9918,0.055555556,0.048110418
9919,0.039506175,0.072460115
9920,0.053703703,0.053776704
9921,0.048148148,0.053372577
9922,0.050617285,0.048440255
9923,0.04691358,0.054235436
9924,0.15123457,0.090110496
9925,0.05185185,0.043985024
9926,0.050617285,0.059215695
9927,0.047530863,0.035747938
9928,0.055555556,0.045493796
9929,0.03888889,0.042621136
9930,0.06790123,0.072254956
9931,0.17160493,0.15682803
9932,0.07345679,0.051801328
9933,0.038271606,0.059331983
9934,0.04691358,0.05633542
9935,0.037037037,0.048715383
9936,0.0691358,0.06894757
9937,0.037037037,0.052866608
9938,0.05185185,0.052350298
9939,0.05617284,0.05889763
9940,0.05308642,0.06061334
9941,0.03580247,0.073390536
9942,0.041358024,0.057273343
9943,0.10185185,0.05803021
9944,0.04382716,0.04544142
9945,0.0654321,0.048372168
9946,0.048765432,0.051354162
9947,0.04382716,0.055645484
9948,0.05617284,0.05450884
9949,0.05123457,0.050543547
9950,0.059876543,0.05426298
9951,0.048765432,0.050244663
9952,0.04382716,0.05439645
9953,0.038271606,0.05548447
9954,0.05493827,0.05023599
9955,0.039506175,0.059024997
9956,0.046296295,0.044741675
9957,0.046296295,0.05463004
9958,0.054320987,0.04342993
9959,0.058641974,0.048112154
9960,0.044444446,0.05981668
9961,0.05123457,0.03634414
9962,0.048765432,0.05295059
9963,0.063580245,0.06378865
9964,0.055555556,0.059922807
9965,0.05123457,0.043448918
9966,0.05740741,0.060422093
9967,0.05493827,0.048228115
9968,0.046296295,0.046986453
9969,0.24012345,0.15526259
9970,0.09259259,0.0818743
9971,0.08148148,0.06519524
9972,0.04197531,0.059231244
9973,0.07901235,0.07395521
9974,0.043209877,0.06613306
9975,0.059876543,0.05015762
9976,0.05925926,0.053591624
9977,0.056790125,0.052587524
9978,0.062962964,0.06620498
9979,0.06666667,0.07811092
9980,0.043209877,0.057609208
9981,0.04382716,0.043665335
9982,0.049382716,0.049320944
9983,0.062962964,0.04973781
9984,0.05802469,0.05551994
9985,0.048148148,0.05998127
9986,0.08148148,0.086577594
9987,0.058641974,0.04856684
9988,0.048765432,0.061207205
9989,0.049382716,0.05256159
9990,0.042592593,0.053562418
9991,0.05617284,0.04595866
9992,0.044444446,0.057723336
9993,0.063580245,0.056936126
9994,0.05185185,0.054155983
9995,0.06728395,0.058784403
9996,0.058641974,0.05459903
9997,0.045679014,0.054497596
9998,0.052469134,0.046661504
9999,0.048765432,0.05407677
10000,0.052469134,0.051400617
10001,0.06111111,0.04870557
10002,0.05,0.0642487
10003,0.08395062,0.0597092
10004,0.040123455,0.06908584
10005,0.039506175,0.051609576
10006,0.05493827,0.058277853
10007,0.048148148,0.040141195
10008,0.045679014,0.049046554
10009,0.05617284,0.05749298
10010,0.046296295,0.056185693
10011,0.094444446,0.067645825
10012,0.09012346,0.07556873
10013,0.05185185,0.049040876
10014,0.07098766,0.059842646
10015,0.05123457,0.060361356
10016,0.05185185,0.04470609
10017,0.048148148,0.058585256
10018,0.04691358,0.045411803
10019,0.045679014,0.055024408
10020,0.028395062,0.05703308
10021,0.042592593,0.054517023
10022,0.072839506,0.051974267
10023,0.04506173,0.07059875
10024,0.030246913,0.06620385
10025,0.05,0.04391162
10026,0.05185185,0.052867346
10027,0.05,0.050628304
10028,0.0654321,0.06677911
10029,0.039506175,0.05693552
10030,0.042592593,0.06133549
10031,0.07160494,0.0564515
10032,0.047530863,0.04801616
10033,0.05493827,0.057969563
10034,0.06419753,0.07813142
10035,0.05,0.054396886
10036,0.0808642,0.06601546
10037,0.05123457,0.051130984
10038,0.054320987,0.052427143
10039,0.048765432,0.050142832
10040,0.098148145,0.07441653
10041,0.058641974,0.051298395
10042,0.043209877,0.065376244
10043,0.05493827,0.050468057
10044,0.05493827,0.05902774
10045,0.049382716,0.04639163
10046,0.046296295,0.055947244
10047,0.03888889,0.050703563
10048,0.050617285,0.050238162
10049,0.056790125,0.06180323
10050,0.059876543,0.040597275
10051,0.039506175,0.05973509
10052,0.11111111,0.12312287
10053,0.055555556,0.048271604
10054,0.04506173,0.055863313
10055,0.045679014,0.05796264
10056,0.052469134,0.047622085
10057,0.05123457,0.06441095
10058,0.060493827,0.05661349
10059,0.06234568,0.052273944
10060,0.108024694,0.09962105
10061,0.052469134,0.06190815
10062,0.041358024,0.048164286
10063,0.045679014,0.04797575
10064,0.060493827,0.03906264
10065,0.04691358,0.05192954
10066,0.04382716,0.0623324
10067,0.04691358,0.062120385
10068,0.043209877,0.054290354
10069,0.054320987,0.066436045
10070,0.048148148,0.05213698
10071,0.04382716,0.06280526
10072,0.040123455,0.06378725
10073,0.044444446,0.054441586
10074,0.047530863,0.088433236
10075,0.041358024,0.061238468
10076,0.06604938,0.05452186
10077,0.084567904,0.06973657
10078,0.041358024,0.06675127
10079,0.11481482,0.06703995
10080,0.04382716,0.056528784
10081,0.058641974,0.046180446
10082,0.05617284,0.047071833
10083,0.055555556,0.05481415
10084,0.04506173,0.0722959
10085,0.07839506,0.07831009
10086,0.042592593,0.03937848
10087,0.04074074,0.043928266
10088,0.03888889,0.049441367
10089,0.06851852,0.07820385
10090,0.05617284,0.062308483
10091,0.024074074,0.058778882
10092,0.037037037,0.0645936
10093,0.06419753,0.07373448
10094,0.046296295,0.04204482
10095,0.048148148,0.054003984
10096,0.046296295,0.049613535
10097,0.045679014,0.06195967
10098,0.01728395,0.06323713
10099,0.046296295,0.046359487
10100,0.05123457,0.048035488
10101,0.042592593,0.04358588
10102,0.04197531,0.060877442
10103,0.041358024,0.0604624
10104,0.05123457,0.05590827
10105,0.063580245,0.059003115
10106,0.056790125,0.05457878
10107,0.048148148,0.039624378
10108,0.050617285,0.046888776
10109,0.05740741,0.046294957
10110,0.041358024,0.063766494
10111,0.04197531,0.07716111
10112,0.060493827,0.078010604
10113,0.041358024,0.05949352
10114,0.04197531,0.050244555
10115,0.046296295,0.05386769
10116,0.048765432,0.05484685
10117,0.048765432,0.05491984
10118,0.045679014,0.055447623
10119,0.04691358,0.05582732
10120,0.053703703,0.050533675
10121,0.059876543,0.043524772
10122,0.14320987,0.06508893
10123,0.047530863,0.07441045
10124,0.059876543,0.049585573
10125,0.07098766,0.07059119
10126,0.039506175,0.065621056
10127,0.04506173,0.059451893
10128,0.052469134,0.059171855
10129,0.06666667,0.052207917
10130,0.04506173,0.051112108
10131,0.056790125,0.050203905
10132,0.060493827,0.043204173
10133,0.09012346,0.0626049
10134,0.048765432,0.048834547
10135,0.050617285,0.046340235
10136,0.040123455,0.06981419
10137,0.06111111,0.05565785
10138,0.047530863,0.04968787
10139,0.0654321,0.044449106
10140,0.12407407,0.09681902
10141,0.059876543,0.05423531
10142,0.04074074,0.064795166
10143,0.062962964,0.051331386
10144,0.052469134,0.056796283
10145,0.052469134,0.05353579
10146,0.063580245,0.05420904
10147,0.06111111,0.04219926
10148,0.05185185,0.0629468
10149,0.09691358,0.07357411
10150,0.036419753,0.05555758
10151,0.047530863,0.05408293
10152,0.05185185,0.052763738
10153,0.0808642,0.06043668
10154,0.052469134,0.05174844
10155,0.048148148,0.04151603
10156,0.048148148,0.055300564
10157,0.10308642,0.059288345
10158,0.0882716,0.08667074
10159,0.0691358,0.0478194
10160,0.044444446,0.06934341
10161,0.085802466,0.059663065
10162,0.04506173,0.045063213
10163,0.04382716,0.052544862
10164,0.045679014,0.05433566
10165,0.059876543,0.03884331
10166,0.044444446,0.04861991
10167,0.04506173,0.053790204
10168,0.037037037,0.055992562
10169,0.04074074,0.04428994
10170,0.05185185,0.05138634
10171,0.05,0.053375214
10172,0.05617284,0.05096294
10173,0.05,0.03791748
10174,0.06728395,0.04335913
10175,0.0345679,0.07219343
10176,0.08765432,0.069111556
10177,0.03888889,0.05550906
10178,0.04506173,0.045007847
10179,0.047530863,0.05741197
10180,0.04197531,0.05915048
10181,0.040123455,0.05166889
10182,0.053703703,0.052042097
10183,0.037037037,0.059923567
10184,0.05493827,0.060970277
10185,0.04506173,0.0557279
10186,0.03765432,0.05918186
10187,0.024074074,0.046168968
10188,0.04074074,0.054925576
10189,0.050617285,0.05613011
10190,0.06234568,0.05666098
10191,0.048765432,0.05678296
10192,0.045679014,0.050056823
10193,0.06604938,0.0631312
10194,0.055555556,0.048054546
10195,0.04382716,0.07380215
10196,0.05308642,0.05285622
10197,0.11234568,0.07501337
10198,0.041358024,0.054660447
10199,0.05308642,0.050844252
10200,0.03888889,0.0485574
10201,0.1,0.06553601
10202,0.045679014,0.07263626
10203,0.06234568,0.06506772
10204,0.08148148,0.074625835
10205,0.05493827,0.055305503
10206,0.05185185,0.076325566
10207,0.06666667,0.05786246
10208,0.07777778,0.07502775
10209,0.035185184,0.056920648
10210,0.048148148,0.06113551
10211,0.054320987,0.052308664
10212,0.05123457,0.05167809
10213,0.06419753,0.052256964
10214,0.045679014,0.0634321
10215,0.048765432,0.046135478
10216,0.041358024,0.082772166
10217,0.049382716,0.056948453
10218,0.046296295,0.05553423
10219,0.07345679,0.07443924
10220,0.048148148,0.05994552
10221,0.05,0.06254388
10222,0.05925926,0.042366557
10223,0.04506173,0.052716725
10224,0.054320987,0.049487203
10225,0.049382716,0.058146335
10226,0.05,0.055778623
10227,0.054320987,0.052262306
10228,0.045679014,0.047830835
10229,0.032098766,0.05954466
10230,0.04382716,0.057113856
10231,0.054320987,0.049047623
10232,0.05308642,0.06843299
10233,0.14135802,0.105448365
10234,0.05185185,0.061869174
10235,0.042592593,0.06274533
10236,0.05123457,0.04884872
10237,0.045679014,0.059770495
10238,0.10432099,0.08003281
10239,0.072839506,0.06797867
10240,0.13148148,0.05847653
10241,0.05123457,0.048521154
10242,0.046296295,0.06069079
10243,0.059876543,0.057996534
10244,0.045679014,0.06410936
10245,0.06975309,0.063366674
10246,0.05802469,0.057631835
10247,0.022839507,0.05584333
10248,0.055555556,0.03532178
10249,0.058641974,0.04823134
10250,0.053703703,0.043071397
10251,0.05493827,0.05439143
10252,0.047530863,0.056094266
10253,0.041358024,0.049990535
10254,0.052469134,0.050775453
10255,0.085802466,0.07080646
10256,0.053703703,0.049513154
10257,0.048765432,0.046109326
10258,0.039506175,0.056210965
10259,0.05617284,0.049381956
10260,0.06975309,0.06903205
10261,0.045679014,0.050549936
10262,0.05308642,0.05143529
10263,0.054320987,0.04563638
10264,0.05308642,0.05327911
10265,0.087037034,0.065920055
10266,0.048148148,0.061771706
10267,0.045679014,0.055375632
10268,0.05185185,0.04045493
10269,0.033333335,0.05077882
10270,0.086419754,0.055831045
10271,0.05493827,0.055241067
10272,0.05617284,0.04780931
10273,0.05185185,0.042327672
10274,0.060493827,0.05642409
10275,0.05185185,0.052840635
10276,0.047530863,0.05930335
10277,0.13333334,0.08018686
10278,0.058641974,0.04043203
10279,0.043209877,0.048961073
10280,0.0654321,0.055960793
10281,0.07530864,0.07139978
10282,0.119135804,0.0599937
10283,0.041358024,0.051073387
10284,0.038271606,0.05399798
10285,0.06234568,0.07208946
10286,0.04506173,0.048054025
10287,0.052469134,0.06695122
10288,0.05617284,0.04118032
10289,0.039506175,0.061080523
10290,0.044444446,0.057941303
10291,0.04382716,0.05295882
10292,0.06728395,0.07617266
10293,0.050617285,0.050379146
10294,0.043209877,0.05607324
10295,0.054320987,0.04654891
10296,0.044444446,0.051521976
10297,0.03888889,0.04861299
10298,0.052469134,0.039643504
10299,0.04506173,0.04958085
10300,0.054320987,0.052597433
10301,0.06975309,0.08251868
10302,0.05,0.0448927
10303,0.05123457,0.0672843
10304,0.052469134,0.050051853
10305,0.039506175,0.04105165
10306,0.095679015,0.05506476
10307,0.048148148,0.048694775
10308,0.08024691,0.067447215
10309,0.06604938,0.055945247
10310,0.07098766,0.062031243
10311,0.061728396,0.06517318
10312,0.06111111,0.052758574
10313,0.048148148,0.06336391
10314,0.047530863,0.03911399
10315,0.04382716,0.05903235
10316,0.04382716,0.037256166
10317,0.0345679,0.05433795
10318,0.05308642,0.05203908
10319,0.049382716,0.049496934
10320,0.04382716,0.06005194
10321,0.05308642,0.054366283
10322,0.10925926,0.07638732
10323,0.055555556,0.048114527
10324,0.05802469,0.052899033
10325,0.07654321,0.07057248
10326,0.14938271,0.07918169
10327,0.04506173,0.055199504
10328,0.04074074,0.05291217
10329,0.05740741,0.04596442
10330,0.04691358,0.04900611
10331,0.040123455,0.067272976
10332,0.047530863,0.049455382
10333,0.05185185,0.05417391
10334,0.04691358,0.05780149
10335,0.048148148,0.052098878
10336,0.048148148,0.06060645
10337,0.05123457,0.049932364
10338,0.052469134,0.056345567
10339,0.053703703,0.059741568
10340,0.05185185,0.065542676
10341,0.119135804,0.09440997
10342,0.052469134,0.057068367
10343,0.0691358,0.071699485
10344,0.05123457,0.036375284
10345,0.047530863,0.065129295
10346,0.05185185,0.059612773
10347,0.048765432,0.04241126
10348,0.048765432,0.038195126
10349,0.056790125,0.056515858
10350,0.04691358,0.043995697
10351,0.05185185,0.070359096
10352,0.055555556,0.032140955
10353,0.0654321,0.058579475
10354,0.053703703,0.048956424
10355,0.096296296,0.08816312
10356,0.05925926,0.058845863
10357,0.048765432,0.0426616
10358,0.084567904,0.06495178
10359,0.049382716,0.05824545
10360,0.06851852,0.059945866
10361,0.07098766,0.0659
10362,0.04074074,0.068099014
10363,0.08024691,0.068453774
10364,0.041358024,0.060055718
10365,0.047530863,0.058613382
10366,0.049382716,0.055137124
10367,0.059876543,0.037425563
10368,0.049382716,0.042721756
10369,0.027160494,0.05204612
10370,0.04506173,0.056766406
10371,0.04382716,0.044602625
10372,0.04506173,0.063996986
10373,0.05123457,0.055791512
10374,0.048148148,0.05017811
10375,0.05925926,0.048570327
10376,0.04691358,0.062348045
10377,0.05308642,0.042537495
10378,0.050617285,0.04621312
10379,0.039506175,0.059170432
10380,0.03580247,0.055769593
10381,0.06604938,0.05575413
10382,0.05123457,0.055133022
10383,0.04197531,0.04935749
10384,0.13641976,0.0867182
10385,0.06419753,0.055213355
10386,0.05,0.038955167
10387,0.06234568,0.052386723
10388,0.042592593,0.057941318
10389,0.07654321,0.06765498
10390,0.05740741,0.0664887
10391,0.050617285,0.050607026
10392,0.04506173,0.057985365
10393,0.05123457,0.04636044
10394,0.062962964,0.05161897
10395,0.036419753,0.050846748
10396,0.060493827,0.046179205
10397,0.056790125,0.056876943
10398,0.05,0.045983493
10399,0.15493827,0.13246877
10400,0.09197531,0.06648313
10401,0.05123457,0.04669854
10402,0.05740741,0.051639542
10403,0.059876543,0.041030332
10404,0.048148148,0.04998754
10405,0.048148148,0.039323762
10406,0.22407408,0.17097501
10407,0.039506175,0.06923978
10408,0.038271606,0.067345984
10409,0.041358024,0.050380915
10410,0.11358025,0.06921894
10411,0.043209877,0.06830798
10412,0.08888889,0.07288314
10413,0.04197531,0.059407383
10414,0.050617285,0.072692595
10415,0.05740741,0.059732646
10416,0.048148148,0.05305928
10417,0.07160494,0.06400141
10418,0.03765432,0.066040374
10419,0.037037037,0.05700095
10420,0.063580245,0.04688672
10421,0.05925926,0.044789374
10422,0.044444446,0.048314042
10423,0.045679014,0.053402048
10424,0.074691355,0.06085235
10425,0.044444446,0.050255477
10426,0.048765432,0.047182985
10427,0.04506173,0.04612644
10428,0.045679014,0.06568013
10429,0.052469134,0.04909186
10430,0.038271606,0.05290419
10431,0.04691358,0.04469526
10432,0.044444446,0.049067114
10433,0.046296295,0.05163881
10434,0.036419753,0.06294057
10435,0.04506173,0.05029823
10436,0.054320987,0.056337968
10437,0.04691358,0.053683452
10438,0.047530863,0.05530232
10439,0.054320987,0.07056272
10440,0.04691358,0.05056806
10441,0.060493827,0.052514277
10442,0.048765432,0.05635978
10443,0.048148148,0.042679623
10444,0.06111111,0.062284656
10445,0.05,0.05933311
10446,0.05,0.04742182
10447,0.04691358,0.058536954
10448,0.059876543,0.047429726
10449,0.05493827,0.046780333
10450,0.050617285,0.035353467
10451,0.048765432,0.06553663
10452,0.05185185,0.05818957
10453,0.09506173,0.05707501
10454,0.039506175,0.05590985
10455,0.03580247,0.059900478
10456,0.04691358,0.03962689
10457,0.048765432,0.04978385
10458,0.058641974,0.061970197
10459,0.044444446,0.040023148
10460,0.053703703,0.051821195
10461,0.05185185,0.044511534
10462,0.048148148,0.059953533
10463,0.06111111,0.0597348
10464,0.053703703,0.03464789
10465,0.05185185,0.06037838
10466,0.05,0.061359074
10467,0.042592593,0.046633393
10468,0.04074074,0.041450903
10469,0.04382716,0.053509854
10470,0.046296295,0.04035569
10471,0.049382716,0.050506867
10472,0.04691358,0.040195383
10473,0.07716049,0.06689601
10474,0.049382716,0.06609793
10475,0.058641974,0.04383841
10476,0.047530863,0.055026986
10477,0.04382716,0.04401195
10478,0.047530863,0.042875275
10479,0.036419753,0.059077173
10480,0.05123457,0.05026298
10481,0.05925926,0.051613644
10482,0.044444446,0.048240207
10483,0.05802469,0.067335255
10484,0.07037037,0.056099825
10485,0.052469134,0.051158458
10486,0.040123455,0.047545798
10487,0.0808642,0.058469564
10488,0.05493827,0.05767256
10489,0.050617285,0.046838164
10490,0.048148148,0.052613296
10491,0.044444446,0.053457186
10492,0.041358024,0.0600975
10493,0.04074074,0.050728947
10494,0.04382716,0.053084638
10495,0.05123457,0.05775336
10496,0.06604938,0.0802323
10497,0.11111111,0.11415753
10498,0.038271606,0.05231358
10499,0.06790123,0.06903079
10500,0.06111111,0.051824957
10501,0.04691358,0.05229956
10502,0.054320987,0.050448626
10503,0.085185185,0.08654943
10504,0.047530863,0.053573042
10505,0.05493827,0.055699218
10506,0.04506173,0.038926616
10507,0.060493827,0.084462956
10508,0.049382716,0.05854708
10509,0.117901236,0.099987835
10510,0.074691355,0.05468023
10511,0.047530863,0.044584066
10512,0.05308642,0.045759186
10513,0.049382716,0.05293064
10514,0.058641974,0.05950947
10515,0.03888889,0.054023385
10516,0.08888889,0.07509312
10517,0.050617285,0.051146135
10518,0.041358024,0.056582965
10519,0.050617285,0.05261767
10520,0.062962964,0.052609228
10521,0.058641974,0.06284832
10522,0.06481481,0.06941192
10523,0.046296295,0.046645455
10524,0.038271606,0.0525213
10525,0.05,0.050760433
10526,0.045679014,0.050202213
10527,0.04691358,0.05783537
10528,0.06111111,0.06474833
10529,0.055555556,0.05220531
10530,0.048148148,0.052248664
10531,0.049382716,0.053399384
10532,0.048148148,0.049886487
10533,0.045679014,0.055001765
10534,0.049382716,0.06613357
10535,0.043209877,0.0490447
10536,0.042592593,0.060824357
10537,0.048148148,0.04721366
10538,0.10617284,0.0887972
10539,0.06975309,0.060618326
10540,0.06234568,0.05320926
10541,0.044444446,0.04769414
10542,0.056790125,0.0557975
10543,0.048765432,0.052096255
10544,0.05,0.04856153
10545,0.039506175,0.0549862
10546,0.085802466,0.08595057
10547,0.05,0.05387822
10548,0.047530863,0.051416077
10549,0.048148148,0.05377405
10550,0.075925924,0.056048527
10551,0.030864198,0.054213025
10552,0.0654321,0.06773731
10553,0.049382716,0.062406726
10554,0.075925924,0.08212235
10555,0.074074075,0.056362964
10556,0.049382716,0.059920102
10557,0.1382716,0.10826892
10558,0.031481482,0.06582186
10559,0.044444446,0.035519607
10560,0.053703703,0.05950901
10561,0.05123457,0.05762273
10562,0.05493827,0.056022882
10563,0.06234568,0.07366022
10564,0.07037037,0.05628033
10565,0.04197531,0.059738427
10566,0.055555556,0.060959235
10567,0.05185185,0.04935199
10568,0.031481482,0.06465276
10569,0.14938271,0.14640924
10570,0.016666668,0.069296494
10571,0.08209877,0.07895273
10572,0.040123455,0.04464122
10573,0.07716049,0.07273961
10574,0.040123455,0.05943334
10575,0.055555556,0.054460064
10576,0.054320987,0.055162035
10577,0.052469134,0.041576296
10578,0.05493827,0.043381996
10579,0.050617285,0.07222647
10580,0.05,0.05297953
10581,0.06666667,0.06560162
10582,0.048148148,0.04462762
10583,0.06111111,0.04275129
10584,0.043209877,0.06041968
10585,0.048765432,0.05997689
10586,0.05185185,0.053793985
10587,0.05,0.04384636
10588,0.058641974,0.038553864
10589,0.033333335,0.06441493
10590,0.031481482,0.058808483
10591,0.05925926,0.054066822
10592,0.074691355,0.06772503
10593,0.06604938,0.058763556
10594,0.052469134,0.065517604
10595,0.047530863,0.058098435
10596,0.05308642,0.05268035
10597,0.042592593,0.049898613
10598,0.04506173,0.057784848
10599,0.049382716,0.054684423
10600,0.04197531,0.050879374
10601,0.041358024,0.054563336
10602,0.053703703,0.047597274
10603,0.049382716,0.07014945
10604,0.07098766,0.077014334
10605,0.07098766,0.06676753
10606,0.048765432,0.05157102
10607,0.048765432,0.06336596
10608,0.05185185,0.059428535
10609,0.05308642,0.09233812
10610,0.055555556,0.040424332
10611,0.048148148,0.03697662
10612,0.05185185,0.029256828
10613,0.09012346,0.07221753
10614,0.07098766,0.047251154
10615,0.054320987,0.056279052
10616,0.048148148,0.0736152
10617,0.044444446,0.044664226
10618,0.062962964,0.06553157
10619,0.05925926,0.04884798
10620,0.07777778,0.048720457
10621,0.04197531,0.049748816
10622,0.063580245,0.060481012
10623,0.14382716,0.055678822
10624,0.033950616,0.06767411
10625,0.05123457,0.042531043
10626,0.054320987,0.045406677
10627,0.03765432,0.056437418
10628,0.05308642,0.059408695
10629,0.07716049,0.047153406
10630,0.04074074,0.056678668
10631,0.06111111,0.06212031
10632,0.061728396,0.06039793
10633,0.043209877,0.052715443
10634,0.046296295,0.052242734
10635,0.07098766,0.06309396
10636,0.04691358,0.060476154
10637,0.06604938,0.051410317
10638,0.05,0.05511661
10639,0.046296295,0.03944263
10640,0.040123455,0.078131154
10641,0.0691358,0.050982546
10642,0.044444446,0.049394567
10643,0.14629629,0.048967414
10644,0.061728396,0.04865276
10645,0.052469134,0.04579705
10646,0.05123457,0.045075558
10647,0.06604938,0.05289066
10648,0.095679015,0.08022918
10649,0.053703703,0.04170014
10650,0.048148148,0.05674287
10651,0.05493827,0.044810705
10652,0.074074075,0.07480518
10653,0.042592593,0.08988062
10654,0.049382716,0.045344666
10655,0.059876543,0.04705488
10656,0.037037037,0.055414595
10657,0.05308642,0.040491506
10658,0.053703703,0.053080298
10659,0.058641974,0.060509056
10660,0.10308642,0.06765302
10661,0.049382716,0.06945904
10662,0.056790125,0.053604804
10663,0.10432099,0.059699047
10664,0.036419753,0.05214268
10665,0.06790123,0.051752478
10666,0.05308642,0.064446054
10667,0.05123457,0.052356094
10668,0.041358024,0.05360677
10669,0.049382716,0.03893692
10670,0.030246913,0.05775002
10671,0.047530863,0.07357423
10672,0.047530863,0.05822762
10673,0.05617284,0.054713264
10674,0.05802469,0.06543647
10675,0.052469134,0.070073284
10676,0.08765432,0.079110846
10677,0.05493827,0.04742472
10678,0.048765432,0.057177722
10679,0.039506175,0.06916105
10680,0.045679014,0.05688083
10681,0.050617285,0.06035907
10682,0.094444446,0.07944437
10683,0.05802469,0.04514521
10684,0.05308642,0.059812427
10685,0.049382716,0.056969654
10686,0.052469134,0.06735707
10687,0.05493827,0.055798054
10688,0.048148148,0.056602567
10689,0.10555556,0.07063273
10690,0.15061729,0.104405254
10691,0.035185184,0.0660163
10692,0.08395062,0.05897382
10693,0.042592593,0.06211704
10694,0.05185185,0.056351185
10695,0.05925926,0.041534707
10696,0.039506175,0.034868173
10697,0.054320987,0.04919012
10698,0.09197531,0.061843097
10699,0.04506173,0.055720307
10700,0.04691358,0.05120103
10701,0.050617285,0.04884386
10702,0.06604938,0.055530477
10703,0.05123457,0.04279016
10704,0.056790125,0.050292425
10705,0.08148148,0.06379041
10706,0.048765432,0.05134203
10707,0.050617285,0.059128113
10708,0.041358024,0.054003105
10709,0.041358024,0.04330118
10710,0.038271606,0.064676814
10711,0.05802469,0.038934797
10712,0.048148148,0.058497414
10713,0.060493827,0.042490482
10714,0.059876543,0.058056757
10715,0.05185185,0.05552149
10716,0.07098766,0.0534974
10717,0.03888889,0.05608102
10718,0.05617284,0.06807555
10719,0.05308642,0.057591893
10720,0.05123457,0.06494227
10721,0.05925926,0.05402465
10722,0.047530863,0.034591377
10723,0.062962964,0.04675038
10724,0.07839506,0.08723143
10725,0.044444446,0.062051907
10726,0.083333336,0.05816272
10727,0.04382716,0.050562873
10728,0.054320987,0.046886936
10729,0.04506173,0.041108273
10730,0.055555556,0.063595526
10731,0.05925926,0.055410556
10732,0.043209877,0.042395264
10733,0.04197531,0.053834647
10734,0.05185185,0.049000017
10735,0.05493827,0.055778727
10736,0.044444446,0.050090387
10737,0.05,0.057765223
10738,0.045679014,0.05993904
10739,0.04506173,0.042428672
10740,0.063580245,0.057824858
10741,0.045679014,0.04929284
10742,0.054320987,0.04252448
10743,0.042592593,0.06775506
10744,0.05,0.049338117
10745,0.06975309,0.046685256
10746,0.13518518,0.08012248
10747,0.05925926,0.042388797
10748,0.05493827,0.08212337
10749,0.050617285,0.045886844
10750,0.040123455,0.06245334
10751,0.044444446,0.059866875
10752,0.09382716,0.09354061
10753,0.04506173,0.052333973
10754,0.053703703,0.05957538
10755,0.04506173,0.042888235
10756,0.05925926,0.0624644
10757,0.05,0.06567003
10758,0.03765432,0.05681122
10759,0.072222225,0.074610054
10760,0.045679014,0.052318655
10761,0.05925926,0.037539795
10762,0.045679014,0.04487685
10763,0.07654321,0.07481107
10764,0.044444446,0.04877933
10765,0.07962963,0.05865935
10766,0.055555556,0.05331269
10767,0.04074074,0.062380612
10768,0.16851851,0.11060999
10769,0.048148148,0.06431446
10770,0.05308642,0.053630777
10771,0.05308642,0.057476047
10772,0.05925926,0.06178844
10773,0.05740741,0.056592673
10774,0.05,0.048128515
10775,0.05185185,0.06091745
10776,0.05185185,0.06122133
10777,0.04506173,0.055795908
10778,0.05,0.049279965
10779,0.09382716,0.053365592
10780,0.046296295,0.04786304
10781,0.04197531,0.05013801
10782,0.049382716,0.047148883
10783,0.04506173,0.055325806
10784,0.048765432,0.048095614
10785,0.049382716,0.03961627
10786,0.06481481,0.06563129
10787,0.052469134,0.06738122
10788,0.04197531,0.05911481
10789,0.08395062,0.070150614
10790,0.05308642,0.05791955
10791,0.030246913,0.07556362
10792,0.03888889,0.057061635
10793,0.056790125,0.06136374
10794,0.05,0.05890295
10795,0.048765432,0.05191819
10796,0.06728395,0.0703361
10797,0.04197531,0.059776425
10798,0.046296295,0.04442122
10799,0.04691358,0.06242964
10800,0.045679014,0.05339343
10801,0.108024694,0.06559692
10802,0.11234568,0.07883564
10803,0.04506173,0.056382626
10804,0.05,0.057441436
10805,0.062962964,0.060165137
10806,0.04506173,0.04042878
10807,0.050617285,0.051303983
10808,0.04506173,0.050357617
10809,0.053703703,0.056074157
10810,0.05493827,0.05271341
10811,0.05,0.044825383
10812,0.043209877,0.04990028
10813,0.04197531,0.046769693
10814,0.07530864,0.06116183
10815,0.040123455,0.04483874
10816,0.047530863,0.042906612
10817,0.04506173,0.04792051
10818,0.074691355,0.066437215
10819,0.045679014,0.056727894
10820,0.055555556,0.054186374
10821,0.0691358,0.05320422
10822,0.045679014,0.05750917
10823,0.056790125,0.06361619
10824,0.086419754,0.06523213
10825,0.072222225,0.06988286
10826,0.041358024,0.05571942
10827,0.050617285,0.062141158
10828,0.12037037,0.10881948
10829,0.048765432,0.060706165
10830,0.053703703,0.035967655
10831,0.040123455,0.05701422
10832,0.06234568,0.07042416
10833,0.096296296,0.10064113
10834,0.049382716,0.053258322
10835,0.04382716,0.04891125
10836,0.07098766,0.06625478
10837,0.052469134,0.0680768
10838,0.038271606,0.0610777
10839,0.052469134,0.05450216
10840,0.05740741,0.06067036
10841,0.052469134,0.05580692
10842,0.052469134,0.06714618
10843,0.048148148,0.04698606
10844,0.046296295,0.055488084
10845,0.048148148,0.045454293
10846,0.062962964,0.06036979
10847,0.050617285,0.060791314
10848,0.08024691,0.061650112
10849,0.05802469,0.042466924
10850,0.037037037,0.0707726
10851,0.04691358,0.06405005
10852,0.040123455,0.055796254
10853,0.048148148,0.05626607
10854,0.04074074,0.05467701
10855,0.04691358,0.05058849
10856,0.053703703,0.048715927
10857,0.054320987,0.058122937
10858,0.048148148,0.056094736
10859,0.050617285,0.054598615
10860,0.04691358,0.061795495
10861,0.04382716,0.06427881
10862,0.05308642,0.053051993
10863,0.056790125,0.038116172
10864,0.04506173,0.049197674
10865,0.04382716,0.051993676
10866,0.054320987,0.055658713
10867,0.043209877,0.046251565
10868,0.03765432,0.05821146
10869,0.18518518,0.12761958
10870,0.08209877,0.07184553
10871,0.04074074,0.055505484
10872,0.055555556,0.054857865
10873,0.046296295,0.047636636
10874,0.055555556,0.06390436
10875,0.05740741,0.048471935
10876,0.09197531,0.087547585
10877,0.05185185,0.05087793
10878,0.05,0.051293716
10879,0.044444446,0.052943964
10880,0.048765432,0.061198585
10881,0.05617284,0.06200558
10882,0.050617285,0.04851964
10883,0.0345679,0.04325202
10884,0.07839506,0.0638293
10885,0.054320987,0.0731136
10886,0.044444446,0.055135597
10887,0.08209877,0.074723646
10888,0.046296295,0.059825636
10889,0.056790125,0.062800586
10890,0.074074075,0.07401446
10891,0.05617284,0.05609361
10892,0.048765432,0.04641839
10893,0.04506173,0.05505503
10894,0.05617284,0.04826285
10895,0.060493827,0.058662325
10896,0.04691358,0.046389982
10897,0.048148148,0.041216414
10898,0.05308642,0.04978782
10899,0.05308642,0.0511725
10900,0.050617285,0.041686676
10901,0.08888889,0.09632161
10902,0.042592593,0.04444149
10903,0.03271605,0.07273218
10904,0.04691358,0.06564551
10905,0.047530863,0.051466342
10906,0.035185184,0.04953205
10907,0.045679014,0.054930016
10908,0.05185185,0.057855427
10909,0.052469134,0.039848045
10910,0.050617285,0.058560804
10911,0.04382716,0.057795346
10912,0.12716049,0.084372796
10913,0.04382716,0.060046867
10914,0.046296295,0.056488216
10915,0.048148148,0.05399228
10916,0.046296295,0.050038595
10917,0.048148148,0.05999683
10918,0.04506173,0.057246856
10919,0.05123457,0.056341253
10920,0.06790123,0.060162798
10921,0.05123457,0.056086846
10922,0.050617285,0.059106044
10923,0.05617284,0.049920782
10924,0.05,0.05579388
10925,0.048148148,0.044739015
10926,0.055555556,0.06297072
10927,0.045679014,0.05112115
10928,0.05,0.045568347
10929,0.053703703,0.042643577
10930,0.04382716,0.0726969
10931,0.06234568,0.07093935
10932,0.046296295,0.036489986
10933,0.042592593,0.0509203
10934,0.047530863,0.05265361
10935,0.074691355,0.0644203
10936,0.050617285,0.067971
10937,0.043209877,0.050655693
10938,0.05123457,0.063741736
10939,0.039506175,0.045895398
10940,0.07160494,0.077355266
10941,0.07654321,0.078395136
10942,0.04691358,0.05363152
10943,0.049382716,0.06483618
10944,0.03765432,0.04465186
10945,0.049382716,0.04056919
10946,0.1037037,0.057151724
10947,0.042592593,0.047109902
10948,0.05185185,0.048738785
10949,0.05,0.049297817
10950,0.05,0.04512114
10951,0.050617285,0.038524054
10952,0.043209877,0.0522502
10953,0.053703703,0.044682838
10954,0.061728396,0.046490587
10955,0.062962964,0.07662539
10956,0.048148148,0.061054178
10957,0.037037037,0.055810943
10958,0.049382716,0.04720173
10959,0.052469134,0.054536395
10960,0.052469134,0.055400543
10961,0.052469134,0.050171748
10962,0.043209877,0.049292296
10963,0.042592593,0.054520383
10964,0.053703703,0.05381619
10965,0.07160494,0.09074042
10966,0.053703703,0.040876754
10967,0.033950616,0.05371736
10968,0.06111111,0.04212004
10969,0.05308642,0.06286932
10970,0.046296295,0.06770261
10971,0.05493827,0.04735612
10972,0.05493827,0.07140518
10973,0.10432099,0.09469548
10974,0.05308642,0.06947972
10975,0.05740741,0.044700347
10976,0.055555556,0.047868103
10977,0.1382716,0.09965673
10978,0.058641974,0.060822144
10979,0.03888889,0.059933834
10980,0.036419753,0.07664821
10981,0.042592593,0.043430947
10982,0.06790123,0.072138056
10983,0.05308642,0.05707612
10984,0.044444446,0.0441465
10985,0.04506173,0.051968873
10986,0.04506173,0.043877833
10987,0.085185185,0.044294916
10988,0.046296295,0.04805938
10989,0.041358024,0.05089339
10990,0.053703703,0.04297681
10991,0.05802469,0.06232298
10992,0.05308642,0.037308156
10993,0.07098766,0.050960682
10994,0.04382716,0.058320075
10995,0.054320987,0.048590273
10996,0.06111111,0.051412895
10997,0.0691358,0.06777173
10998,0.17592593,0.0895855
10999,0.055555556,0.04753539
11000,0.043209877,0.055380613
11001,0.05925926,0.05106359
11002,0.059876543,0.047193825
11003,0.046296295,0.04693447
11004,0.03580247,0.05227241
11005,0.040123455,0.05991658
11006,0.05123457,0.053681873
11007,0.059876543,0.05678016
11008,0.05123457,0.05001667
11009,0.06851852,0.056913607
11010,0.061728396,0.039374135
11011,0.05185185,0.045819998
11012,0.049382716,0.055494547
11013,0.046296295,0.045071222
11014,0.05185185,0.041312538
11015,0.0345679,0.045657746
11016,0.048148148,0.050758045
11017,0.048765432,0.050624296
11018,0.046296295,0.04970682
11019,0.039506175,0.081452034
11020,0.042592593,0.04501512
11021,0.048765432,0.06709765
11022,0.050617285,0.058886632
11023,0.05493827,0.055727646
11024,0.09382716,0.0904747
11025,0.04506173,0.05961767
11026,0.053703703,0.065621145
11027,0.05185185,0.049761064
11028,0.046296295,0.0794623
11029,0.04506173,0.046479367
11030,0.05802469,0.04816191
11031,0.06419753,0.05387108
11032,0.063580245,0.05401934
11033,0.048148148,0.051791675
11034,0.052469134,0.05743438
11035,0.06111111,0.052689645
11036,0.14753087,0.12795474
11037,0.04382716,0.041028716
11038,0.05308642,0.04593441
11039,0.03580247,0.06318256
11040,0.052469134,0.06445745
11041,0.063580245,0.07071838
11042,0.05740741,0.058063947
11043,0.043209877,0.060837694
11044,0.05185185,0.05497475
11045,0.036419753,0.051585842
11046,0.053703703,0.05220741
11047,0.05123457,0.04810106
11048,0.05493827,0.049751014
11049,0.050617285,0.038265347
11050,0.05308642,0.04872015
11051,0.049382716,0.05084806
11052,0.050617285,0.04675828
11053,0.048765432,0.050666027
11054,0.04197531,0.050432906
11055,0.05,0.0612756
11056,0.061728396,0.05143962
11057,0.035185184,0.056710325
11058,0.05,0.04713422
11059,0.047530863,0.05766341
11060,0.095679015,0.06994351
11061,0.05123457,0.05603502
11062,0.052469134,0.059473053
11063,0.052469134,0.05376689
11064,0.096296296,0.07423103
11065,0.05123457,0.053166144
11066,0.084567904,0.06922447
11067,0.048765432,0.055045396
11068,0.042592593,0.05103769
11069,0.03888889,0.069925725
11070,0.047530863,0.05322209
11071,0.05802469,0.038222983
11072,0.05185185,0.055668384
11073,0.11111111,0.056971215
11074,0.04382716,0.06928752
11075,0.049382716,0.05190672
11076,0.05,0.06821983
11077,0.05308642,0.04558909
11078,0.052469134,0.051947385
11079,0.037037037,0.057132244
11080,0.072839506,0.06008105
11081,0.05,0.03594905
11082,0.049382716,0.04597862
11083,0.041358024,0.06291748
11084,0.052469134,0.060932532
11085,0.04506173,0.05294974
11086,0.059876543,0.047756523
11087,0.04382716,0.055549115
11088,0.05185185,0.038486958
11089,0.042592593,0.050925545
11090,0.04691358,0.051170975
11091,0.044444446,0.05223792
11092,0.054320987,0.05173551
11093,0.053703703,0.05372779
11094,0.048148148,0.055102587
11095,0.04074074,0.061799616
11096,0.05493827,0.04772944
11097,0.052469134,0.048460536
11098,0.043209877,0.054001693
11099,0.044444446,0.043362305
11100,0.03580247,0.062188067
11101,0.04691358,0.045034826
11102,0.05,0.05324673
11103,0.106790125,0.060871
11104,0.046296295,0.057210587
11105,0.050617285,0.045136124
11106,0.05802469,0.054491866
11107,0.054320987,0.046332434
11108,0.05740741,0.051060848
11109,0.085185185,0.063445315
11110,0.08950617,0.054745443
11111,0.061728396,0.05712267
11112,0.07530864,0.047879875
11113,0.058641974,0.03534943
11114,0.05,0.06281729
11115,0.038271606,0.05793141
11116,0.048765432,0.051791795
11117,0.046296295,0.05612506
11118,0.05740741,0.06993444
11119,0.04382716,0.04233057
11120,0.056790125,0.05665016
11121,0.1308642,0.0681845
11122,0.05,0.055237975
11123,0.11234568,0.08661841
11124,0.072839506,0.07690313
11125,0.09938271,0.048859
11126,0.04506173,0.044326402
11127,0.08950617,0.07762547
11128,0.042592593,0.04888027
11129,0.05617284,0.05456344
11130,0.044444446,0.048152342
11131,0.050617285,0.049415637
11132,0.05493827,0.043512158
11133,0.07654321,0.05676516
11134,0.05925926,0.049621984
11135,0.056790125,0.051044084
11136,0.04506173,0.050452784
11137,0.050617285,0.050016463
11138,0.04382716,0.066783406
11139,0.049382716,0.044827424
11140,0.044444446,0.056740843
11141,0.045679014,0.047813255
11142,0.048765432,0.05168218
11143,0.05308642,0.065544754
11144,0.05123457,0.04688147
11145,0.052469134,0.03292241
11146,0.048765432,0.046134226
11147,0.09197531,0.066479474
11148,0.054320987,0.06358279
11149,0.074691355,0.081266075
11150,0.06666667,0.052718297
11151,0.05308642,0.056585968
11152,0.06234568,0.056352995
11153,0.08271605,0.07289459
11154,0.07098766,0.059550382
11155,0.119753085,0.063506916
11156,0.046296295,0.061623603
11157,0.04506173,0.0641152
11158,0.048765432,0.04916109
11159,0.06851852,0.06795274
11160,0.048148148,0.044810038
11161,0.045679014,0.059526183
11162,0.047530863,0.052524723
11163,0.06111111,0.050152585
11164,0.07716049,0.07225783
11165,0.04382716,0.054728206
11166,0.09259259,0.07029755
11167,0.05,0.060125425
11168,0.05802469,0.055665463
11169,0.032098766,0.06518754
11170,0.053703703,0.059619766
11171,0.052469134,0.04572265
11172,0.07160494,0.043612257
11173,0.09135803,0.06662512
11174,0.06234568,0.07448197
11175,0.013580247,0.044707187
11176,0.050617285,0.039018124
11177,0.06111111,0.05026354
11178,0.04506173,0.05141419
11179,0.047530863,0.048896626
11180,0.04382716,0.05171451
11181,0.047530863,0.04632071
11182,0.03765432,0.060534276
11183,0.0654321,0.06280501
11184,0.07839506,0.048886724
11185,0.042592593,0.046442263
11186,0.044444446,0.06512356
11187,0.04197531,0.04909031
11188,0.042592593,0.044511303
11189,0.043209877,0.050486356
11190,0.053703703,0.059699163
11191,0.06790123,0.059291437
11192,0.033950616,0.06863483
11193,0.07037037,0.059684195
11194,0.043209877,0.0430381
11195,0.05925926,0.043835983
11196,0.06111111,0.055263657
11197,0.04074074,0.0502166
11198,0.06728395,0.06398901
11199,0.04074074,0.052307785
11200,0.05740741,0.048565753
11201,0.074691355,0.064557195
11202,0.02654321,0.06526266
11203,0.07839506,0.06492467
11204,0.049382716,0.045360133
11205,0.074074075,0.06910404
11206,0.05,0.0559557
11207,0.05185185,0.062231176
11208,0.045679014,0.05761894
11209,0.055555556,0.050448723
11210,0.05617284,0.06689463
11211,0.072222225,0.058519423
11212,0.043209877,0.045610227
11213,0.09012346,0.06136933
11214,0.07839506,0.06994574
11215,0.050617285,0.056273557
11216,0.04382716,0.041354727
11217,0.05308642,0.052113198
11218,0.05308642,0.04590413
11219,0.049382716,0.049762826
11220,0.05925926,0.05565095
11221,0.040123455,0.055692405
11222,0.1308642,0.117394194
11223,0.04506173,0.049746573
11224,0.0345679,0.06815114
11225,0.03888889,0.049774222
11226,0.050617285,0.06018599
11227,0.05925926,0.04700996
11228,0.06419753,0.06947326
11229,0.05,0.056889825
11230,0.09382716,0.0808884
11231,0.04691358,0.055052053
11232,0.06851852,0.07902107
11233,0.05185185,0.04470554
11234,0.053703703,0.048549615
11235,0.05617284,0.052619077
11236,0.060493827,0.052184567
11237,0.049382716,0.03586772
11238,0.043209877,0.055097256
11239,0.110493824,0.0999534
11240,0.045679014,0.04658796
11241,0.055555556,0.052841287
11242,0.07962963,0.072862074
11243,0.09938271,0.07920012
11244,0.044444446,0.04662915
11245,0.083333336,0.07130087
11246,0.052469134,0.051730312
11247,0.054320987,0.04646294
11248,0.05493827,0.05649595
11249,0.054320987,0.06995703
11250,0.06604938,0.06212032
11251,0.06111111,0.050232813
11252,0.05,0.06408729
11253,0.05802469,0.052912284
11254,0.03888889,0.04827421
11255,0.063580245,0.05938953
11256,0.044444446,0.050351426
11257,0.05925926,0.050430924
11258,0.04691358,0.05842235
11259,0.04506173,0.054643393
11260,0.04506173,0.054073565
11261,0.047530863,0.046108253
11262,0.060493827,0.055460654
11263,0.062962964,0.046372168
11264,0.04506173,0.06386547
11265,0.045679014,0.06341519
11266,0.052469134,0.03939102
11267,0.050617285,0.055410095
11268,0.05,0.05875428
11269,0.046296295,0.04462719
11270,0.043209877,0.060551368
11271,0.053703703,0.057699397
11272,0.05617284,0.04966207
11273,0.038271606,0.06351905
11274,0.056790125,0.05137302
11275,0.043209877,0.06087914
11276,0.07654321,0.062987655
11277,0.042592593,0.059415445
11278,0.059876543,0.059135266
11279,0.12839507,0.09125906
11280,0.04506173,0.04394847
11281,0.096296296,0.071262114
11282,0.04691358,0.052775074
11283,0.048765432,0.05506924
11284,0.06111111,0.050584305
11285,0.063580245,0.062193602
11286,0.037037037,0.05636324
11287,0.063580245,0.060605615
11288,0.056790125,0.061735824
11289,0.05617284,0.048814144
11290,0.043209877,0.05887428
11291,0.027160494,0.0497352
11292,0.09012346,0.086960614
11293,0.052469134,0.03961593
11294,0.15185185,0.09481059
11295,0.04382716,0.05230053
11296,0.047530863,0.058738686
11297,0.05185185,0.05453069
11298,0.0808642,0.06680617
11299,0.061728396,0.053265758
11300,0.06851852,0.06597723
11301,0.02962963,0.061343253
11302,0.05123457,0.046097606
11303,0.04691358,0.05391197
11304,0.083333336,0.063009426
11305,0.04382716,0.058420263
11306,0.061728396,0.06116809
11307,0.107407406,0.06262197
11308,0.0654321,0.06897257
11309,0.04197531,0.053085193
11310,0.03888889,0.050033852
11311,0.052469134,0.05861494
11312,0.050617285,0.045594946
11313,0.060493827,0.06232214
11314,0.048148148,0.04233274
11315,0.05493827,0.054644413
11316,0.052469134,0.060344547
11317,0.05617284,0.050427135
11318,0.04691358,0.0597751
11319,0.056790125,0.05445584
11320,0.10061728,0.09274312
11321,0.047530863,0.03512442
11322,0.05493827,0.05054836
11323,0.05185185,0.061314806
11324,0.038271606,0.05957661
11325,0.04506173,0.06089712
11326,0.047530863,0.06339008
11327,0.058641974,0.04732626
11328,0.041358024,0.043271266
11329,0.033333335,0.065579295
11330,0.037037037,0.052072942
11331,0.047530863,0.05361922
11332,0.09320988,0.06517497
11333,0.060493827,0.056026213
11334,0.04197531,0.04533811
11335,0.05123457,0.044130355
11336,0.07839506,0.06314674
11337,0.07160494,0.052649163
11338,0.048148148,0.058592997
11339,0.052469134,0.0536595
11340,0.055555556,0.04950969
11341,0.05617284,0.046862714
11342,0.05493827,0.053152356
11343,0.06666667,0.060427777
11344,0.04691358,0.06590982
11345,0.074074075,0.069560744
11346,0.072839506,0.07263519
11347,0.047530863,0.053298503
11348,0.05308642,0.047481865
11349,0.052469134,0.050432123
11350,0.040123455,0.054905847
11351,0.039506175,0.04839994
11352,0.04506173,0.04837895
11353,0.048148148,0.04877641
11354,0.04197531,0.049736403
11355,0.05185185,0.05920011
11356,0.06234568,0.057235807
11357,0.041358024,0.052103214
11358,0.1037037,0.06606193
11359,0.048765432,0.060379297
11360,0.04506173,0.055294305
11361,0.05185185,0.046599977
11362,0.05740741,0.059180066
11363,0.046296295,0.049073182
11364,0.03888889,0.043923087
11365,0.047530863,0.05517819
11366,0.048765432,0.056211106
11367,0.036419753,0.05483239
11368,0.04691358,0.05333411
11369,0.048765432,0.055741653
11370,0.046296295,0.049537495
11371,0.050617285,0.05329206
11372,0.072222225,0.06275069
11373,0.048765432,0.05545701
11374,0.14444445,0.07959871
11375,0.053703703,0.05286759
11376,0.06728395,0.05057674
11377,0.04506173,0.066144645
11378,0.045679014,0.043968514
11379,0.09197531,0.06953892
11380,0.04506173,0.059476517
11381,0.053703703,0.057501018
11382,0.04506173,0.04537894
11383,0.047530863,0.052853435
11384,0.043209877,0.055194758
11385,0.04506173,0.042299196
11386,0.054320987,0.054356694
11387,0.05740741,0.057871245
11388,0.04382716,0.054313175
11389,0.10493827,0.05114703
11390,0.1,0.08608319
11391,0.041358024,0.053654917
11392,0.07160494,0.065156676
11393,0.05308642,0.059267316
11394,0.035185184,0.06970201
11395,0.09197531,0.06060291
11396,0.056790125,0.06302158
11397,0.05123457,0.051102705
11398,0.06728395,0.06148441
11399,0.04506173,0.057900324
11400,0.036419753,0.062804356
11401,0.072839506,0.06374043
11402,0.060493827,0.054246247
11403,0.049382716,0.070233576
11404,0.041358024,0.06354347
11405,0.046296295,0.06886539
11406,0.060493827,0.060849886
11407,0.08765432,0.0586455
11408,0.05,0.058955777
11409,0.08271605,0.06428658
11410,0.048765432,0.05846426
11411,0.0808642,0.05326084
11412,0.05802469,0.059110843
11413,0.048765432,0.06254772
11414,0.044444446,0.04523249
11415,0.048148148,0.047602896
11416,0.053703703,0.05584126
11417,0.039506175,0.044602744
11418,0.04382716,0.05272679
11419,0.056790125,0.0641406
11420,0.04382716,0.04675466
11421,0.05,0.05268147
11422,0.041358024,0.0534532
11423,0.05,0.056047887
11424,0.061728396,0.05568874
11425,0.022222223,0.05897732
11426,0.04691358,0.052283376
11427,0.07037037,0.042444773
11428,0.055555556,0.059884947
11429,0.074074075,0.05578938
11430,0.04691358,0.053147648
11431,0.06666667,0.06265086
11432,0.050617285,0.05251746
11433,0.036419753,0.053112242
11434,0.056790125,0.053755134
11435,0.05185185,0.05826678
11436,0.060493827,0.07519463
11437,0.07098766,0.063050404
11438,0.04691358,0.07299063
11439,0.056790125,0.040248163
11440,0.054320987,0.048688903
11441,0.05,0.056926414
11442,0.04506173,0.056450516
11443,0.04197531,0.055063758
11444,0.056790125,0.060089
11445,0.06975309,0.06167604
11446,0.04197531,0.0372978
11447,0.04074074,0.06811392
11448,0.04691358,0.04995648
11449,0.060493827,0.040941298
11450,0.0345679,0.061346173
11451,0.043209877,0.050839685
11452,0.056790125,0.06670884
11453,0.05740741,0.037486203
11454,0.045679014,0.04512514
11455,0.053703703,0.034593545
11456,0.06666667,0.07625933
11457,0.05,0.057055622
11458,0.041358024,0.04830417
11459,0.0654321,0.06534812
11460,0.05185185,0.05572483
11461,0.06234568,0.049106553
11462,0.053703703,0.04703681
11463,0.036419753,0.053637505
11464,0.046296295,0.048962854
11465,0.046296295,0.05987791
11466,0.048765432,0.05991704
11467,0.04506173,0.0661648
11468,0.06728395,0.0711148
11469,0.06604938,0.080235265
11470,0.05123457,0.05594194
11471,0.08024691,0.07153717
11472,0.05308642,0.05468501
11473,0.12839507,0.07788209
11474,0.05740741,0.034001343
11475,0.05308642,0.038004473
11476,0.04197531,0.055157922
11477,0.033333335,0.05654362
11478,0.072222225,0.06869749
11479,0.048765432,0.04642713
11480,0.16913581,0.15419832
11481,0.046296295,0.060614467
11482,0.048148148,0.058589526
11483,0.055555556,0.05325547
11484,0.039506175,0.056359775
11485,0.06481481,0.058846332
11486,0.05308642,0.046747737
11487,0.053703703,0.046105877
11488,0.04382716,0.055102948
11489,0.033333335,0.061039984
11490,0.042592593,0.04741145
11491,0.05308642,0.055256665
11492,0.06481481,0.06606801
11493,0.05185185,0.056314804
11494,0.04506173,0.0699776
11495,0.053703703,0.06944198
11496,0.053703703,0.052916735
11497,0.037037037,0.06494042
11498,0.045679014,0.058174424
11499,0.04197531,0.05825934
11500,0.055555556,0.059479147
11501,0.06666667,0.058510546
11502,0.05123457,0.044037223
11503,0.043209877,0.04968302
11504,0.04691358,0.050758384
11505,0.049382716,0.06277567
11506,0.04691358,0.055855602
11507,0.052469134,0.050068896
11508,0.09074074,0.11088233
11509,0.07530864,0.058588535
11510,0.05617284,0.049117036
11511,0.031481482,0.057667885
11512,0.05,0.04590465
11513,0.039506175,0.052165635
11514,0.05123457,0.056726024
11515,0.094444446,0.08733712
11516,0.09259259,0.071076706
11517,0.044444446,0.060584337
11518,0.07716049,0.07060887
11519,0.046296295,0.07071141
11520,0.055555556,0.04475586
11521,0.053703703,0.053566083
11522,0.04197531,0.058429405
11523,0.04506173,0.06505797
11524,0.06790123,0.054136284
11525,0.048765432,0.053548776
11526,0.096296296,0.051648088
11527,0.052469134,0.040444925
11528,0.046296295,0.050454758
11529,0.058641974,0.06569882
11530,0.041358024,0.06058745
11531,0.0882716,0.06881897
11532,0.054320987,0.049640656
11533,0.047530863,0.055968955
11534,0.041358024,0.040765718
11535,0.07037037,0.06695113
11536,0.052469134,0.05082618
11537,0.13518518,0.103909284
11538,0.075925924,0.05384113
11539,0.039506175,0.060379125
11540,0.047530863,0.05897726
11541,0.05185185,0.04878676
11542,0.072222225,0.047482792
11543,0.04691358,0.049597494
11544,0.054320987,0.045851186
11545,0.047530863,0.06031889
11546,0.05308642,0.03305369
11547,0.07716049,0.06467229
11548,0.03580247,0.033322126
11549,0.047530863,0.06400785
11550,0.0691358,0.06876775
11551,0.07530864,0.061840687
11552,0.053703703,0.049635008
11553,0.054320987,0.051894955
11554,0.04506173,0.07881143
11555,0.042592593,0.055879313
11556,0.0691358,0.07275966
11557,0.062962964,0.050542817
11558,0.07098766,0.06505105
11559,0.11172839,0.07755149
11560,0.04506173,0.04830718
11561,0.06790123,0.06974921
11562,0.07716049,0.048904955
11563,0.046296295,0.04281792
11564,0.12222222,0.058598105
11565,0.042592593,0.04881508
11566,0.05617284,0.054745793
11567,0.048765432,0.039867654
11568,0.046296295,0.06575058
11569,0.06604938,0.067861
11570,0.040123455,0.06928275
11571,0.19135803,0.055417426
11572,0.085802466,0.07012832
11573,0.047530863,0.056460984
11574,0.06604938,0.05861432
11575,0.06111111,0.05115699
11576,0.049382716,0.06203391
11577,0.05308642,0.049529023
11578,0.05185185,0.054853864
11579,0.054320987,0.04081282
11580,0.041358024,0.04797865
11581,0.060493827,0.0501371
11582,0.044444446,0.057707883
11583,0.052469134,0.050666057
11584,0.048148148,0.050022334
11585,0.04506173,0.047933154
11586,0.06234568,0.07022889
11587,0.041358024,0.054537557
11588,0.042592593,0.06521435
11589,0.09320988,0.07372729
11590,0.07345679,0.04814876
11591,0.06666667,0.048604198
11592,0.061728396,0.053251073
11593,0.041358024,0.049780957
11594,0.041358024,0.066484764
11595,0.050617285,0.059548154
11596,0.054320987,0.05912003
11597,0.05123457,0.04825259
11598,0.06234568,0.06751284
11599,0.04382716,0.06441067
11600,0.049382716,0.05505226
11601,0.03765432,0.073328614
11602,0.042592593,0.06892033
11603,0.038271606,0.042548336
11604,0.061728396,0.06051962
11605,0.048765432,0.038857304
11606,0.086419754,0.063788064
11607,0.04382716,0.08103289
11608,0.06481481,0.04964134
11609,0.042592593,0.05045791
11610,0.043209877,0.033996433
11611,0.053703703,0.055858985
11612,0.03888889,0.049022406
11613,0.16728395,0.078869574
11614,0.04691358,0.042975433
11615,0.046296295,0.050678626
11616,0.044444446,0.048562244
11617,0.04382716,0.050384663
11618,0.044444446,0.06929189
11619,0.083333336,0.07755628
11620,0.04382716,0.056492746
11621,0.031481482,0.0471929
11622,0.050617285,0.050876025
11623,0.041358024,0.059395872
11624,0.07098766,0.06281026
11625,0.05308642,0.055853426
11626,0.045679014,0.057546303
11627,0.072839506,0.06619159
11628,0.075925924,0.052983686
11629,0.048765432,0.049508482
11630,0.050617285,0.05061759
11631,0.040123455,0.059416644
11632,0.06790123,0.0779414
11633,0.05308642,0.074998975
11634,0.04691358,0.05312626
11635,0.048765432,0.057238333
11636,0.053703703,0.04006335
11637,0.06234568,0.07283225
11638,0.053703703,0.04564382
11639,0.056790125,0.04158163
11640,0.048148148,0.04764746
11641,0.11172839,0.091134585
11642,0.05740741,0.045681752
11643,0.049382716,0.036426775
11644,0.049382716,0.06390606
11645,0.052469134,0.05282911
11646,0.062962964,0.053763688
11647,0.03765432,0.056557328
11648,0.060493827,0.0575246
11649,0.04382716,0.053266004
11650,0.1308642,0.106994495
11651,0.05,0.050666362
11652,0.056790125,0.05260759
11653,0.05925926,0.042438217
11654,0.04074074,0.059881672
11655,0.052469134,0.049634464
11656,0.037037037,0.052824378
11657,0.072222225,0.06785295
11658,0.052469134,0.0512252
11659,0.02654321,0.05032879
11660,0.050617285,0.0563263
11661,0.04691358,0.049307853
11662,0.049382716,0.07367409
11663,0.062962964,0.054729044
11664,0.06666667,0.055221766
11665,0.050617285,0.061138853
11666,0.05185185,0.059755407
11667,0.05617284,0.0552479
11668,0.040123455,0.060042992
11669,0.05123457,0.046752483
11670,0.043209877,0.054222673
11671,0.05123457,0.053202897
11672,0.04382716,0.06429894
11673,0.048765432,0.04849232
11674,0.04074074,0.052794583
11675,0.03765432,0.061628863
11676,0.048765432,0.04285243
11677,0.04382716,0.071170166
11678,0.05185185,0.052449033
11679,0.055555556,0.058447532
11680,0.09876543,0.07946201
11681,0.053703703,0.04608213
11682,0.12592593,0.09078005
11683,0.04691358,0.05962743
11684,0.05308642,0.050969683
11685,0.05617284,0.05041293
11686,0.045679014,0.04999114
11687,0.042592593,0.049182087
11688,0.043209877,0.059467122
11689,0.03765432,0.047747992
11690,0.05185185,0.03834656
11691,0.06234568,0.050990112
11692,0.04691358,0.051588774
11693,0.04197531,0.045718573
11694,0.05802469,0.05795274
11695,0.04691358,0.060125727
11696,0.05493827,0.05213105
11697,0.042592593,0.039768517
11698,0.05802469,0.04348527
11699,0.052469134,0.053131428
11700,0.055555556,0.054753676
11701,0.04382716,0.052355126
11702,0.058641974,0.054155666
11703,0.048765432,0.05541897
11704,0.04691358,0.066291146
11705,0.05802469,0.048592955
11706,0.06111111,0.06259003
11707,0.045679014,0.07475739
11708,0.04691358,0.054356493
11709,0.14506173,0.14470218
11710,0.06481481,0.058985997
11711,0.046296295,0.050215863
11712,0.061728396,0.05426494
11713,0.13703704,0.08227762
11714,0.059876543,0.048921056
11715,0.048765432,0.04487384
11716,0.041358024,0.050499722
11717,0.060493827,0.04898709
11718,0.05802469,0.058637753
11719,0.05617284,0.046181746
11720,0.053703703,0.04704037
11721,0.056790125,0.050273098
11722,0.06234568,0.061117947
11723,0.044444446,0.034033775
11724,0.037037037,0.054913756
11725,0.040123455,0.05063937
11726,0.052469134,0.050211836
11727,0.053703703,0.048596017
11728,0.06481481,0.056711942
11729,0.086419754,0.073697105
11730,0.08209877,0.07104002
11731,0.05308642,0.051954076
11732,0.046296295,0.047625914
11733,0.048148148,0.048064567
11734,0.047530863,0.044184484
11735,0.056790125,0.04244928
11736,0.05185185,0.049421318
11737,0.05,0.047755137
11738,0.061728396,0.04698026
11739,0.048148148,0.046279892
11740,0.044444446,0.05546323
11741,0.053703703,0.057642832
