FACTORIZED COMPLETE MULTICUT
1.0
5551 7
0.47975048422813416 -0.15537706017494202 -0.3975815176963806 0.37136954069137573 0.6042265295982361 0.215510755777359 -0.19538773596286774
-0.3533487617969513 0.617340624332428 -0.01598777435719967 -0.3469840884208679 -0.25532039999961853 0.037310440093278885 0.5538963079452515
-0.037119463086128235 -0.6372411251068115 -0.5623003840446472 -0.4042132496833801 -0.1483629047870636 -0.13562780618667603 -0.2693871855735779
-0.5738784670829773 -0.7029315829277039 -0.2785632610321045 0.05413335934281349 0.005340393166989088 -0.23074157536029816 0.2067670226097107
-0.25834232568740845 -0.5309596657752991 0.025705771520733833 0.14228296279907227 0.4042240083217621 0.0019239378161728382 -0.6833996772766113
-0.06550516188144684 -0.2332056313753128 -0.6202875971794128 -0.6527222394943237 -0.30587875843048096 -0.17134882509708405 0.08717136085033417
0.18929031491279602 -0.6434447765350342 0.39702823758125305 0.1788981407880783 -0.4518388509750366 0.39439094066619873 -0.028450515121221542
0.06656618416309357 -0.7266908884048462 -0.42106369137763977 -0.4551699161529541 0.1535271257162094 0.23203276097774506 -0.07486843317747116
-0.16548527777194977 0.4438749849796295 -0.6988605856895447 0.12887559831142426 0.4938834309577942 -0.08785794675350189 0.13760332763195038
-0.2882561683654785 0.8129704594612122 -0.05834305286407471 -0.20100510120391846 0.3951351046562195 -0.2362137734889984 0.015865977853536606
0.16728341579437256 -0.8635752201080322 0.08591005206108093 -0.3764391243457794 -0.2252272069454193 0.08602343499660492 0.13798438012599945
-0.039780911058187485 -0.2470957636833191 -0.7281186580657959 -0.3184606432914734 -0.2382829636335373 0.19248473644256592 -0.4603891372680664
0.036244578659534454 -0.02903505600988865 -0.5121934413909912 0.29378563165664673 0.6528884768486023 0.46438226103782654 -0.0853051170706749
-0.288532018661499 -0.1949918419122696 0.6479451060295105 -0.5096752643585205 0.35411179065704346 -0.26490849256515503 0.05961534008383751
-0.24115391075611115 -0.6916416883468628 -0.3981195092201233 -0.16027462482452393 0.1249406635761261 -0.3737267255783081 0.35214725136756897
-0.5601944923400879 -0.6457914710044861 -0.11750434339046478 0.13109298050403595 0.32378190755844116 0.3574279844760895 0.07452069222927094
-0.5822106003761292 -0.6959269046783447 -0.06416051834821701 -0.04664432257413864 0.12026273459196091 0.3536912202835083 -0.17568069696426392
-0.05675387382507324 -0.704321026802063 -0.24005337059497833 -0.5056981444358826 0.01164694782346487 0.2873649001121521 -0.3234815299510956
0.5845271348953247 -0.11627890169620514 -0.18162356317043304 0.15867890417575836 -0.29201263189315796 -0.4482137858867645 -0.5481552481651306
-0.39240550994873047 0.26851028203964233 0.44908401370048523 -0.6394660472869873 -0.206793412566185 -0.19865845143795013 0.28477728366851807
0.11491718143224716 -0.2019840031862259 0.5722798109054565 -0.2725125551223755 -0.12351029366254807 0.5383493304252625 0.4890342056751251
-0.1087479442358017 0.295399934053421 -0.3223992586135864 0.6499869227409363 0.16304901242256165 -0.2718143165111542 -0.5234696269035339
0.16557879745960236 -0.15727223455905914 0.9637467861175537 0.05949641391634941 0.08093539625406265 0.07119764387607574 -0.06230363994836807
-0.4413338303565979 0.7578905820846558 0.025955187156796455 -0.05913618206977844 0.37685108184814453 0.10503203421831131 -0.2713061273097992
0.7713032364845276 0.22232280671596527 -0.1774553507566452 0.1558040827512741 0.3648950159549713 -0.12634168565273285 -0.3883140981197357
0.5238090753555298 -0.3565824627876282 -0.505801796913147 0.36007601022720337 0.03838975727558136 -0.3534426987171173 -0.29425713419914246
0.13449209928512573 -0.8036280870437622 0.17636774480342865 0.16272786259651184 -0.31810691952705383 0.39598825573921204 0.14320990443229675
-0.05540747940540314 -0.05162997916340828 -0.5765048265457153 -0.2550797760486603 0.45439308881759644 -0.07225897163152695 -0.6206015944480896
-0.2335776388645172 0.7139027118682861 0.2977508008480072 0.10884736478328705 0.005081005860120058 -0.2540108263492584 -0.5203208327293396
-0.29804566502571106 0.0791749432682991 0.7723774313926697 -0.2825685143470764 0.15243878960609436 0.4355551600456238 0.12466870993375778
-0.041425880044698715 -0.5274429321289062 -0.5270594358444214 -0.3943324685096741 0.3155994117259979 0.07118973881006241 -0.4267636239528656
-0.36838772892951965 -0.3487980365753174 -0.2976531684398651 -0.18555118143558502 0.6771897077560425 -0.19056929647922516 -0.35313066840171814
0.30211466550827026 -0.08718755841255188 0.017404338344931602 0.24346017837524414 0.300564706325531 -0.346075177192688 -0.7946333289146423
-0.05841940641403198 -0.27301615476608276 -0.7410164475440979 -0.5907871127128601 0.059654101729393005 0.08259660750627518 0.11633524298667908
0.0775115117430687 -0.09354212880134583 0.24565395712852478 -0.672339916229248 0.1164725199341774 0.446150004863739 0.5101366639137268
-0.18162979185581207 0.5328932404518127 -0.10108324885368347 -0.7363618612289429 0.005573664326220751 -0.20453515648841858 -0.2978641986846924
-0.4220982491970062 0.29857876896858215 0.262622207403183 -0.57145094871521 0.11763986945152283 0.3463723361492157 -0.45093706250190735
0.2533565163612366 -0.8023020625114441 -0.02430078014731407 -0.4483935534954071 -0.05548015981912613 0.17140930891036987 0.24086374044418335
0.08810000866651535 0.21525070071220398 -0.17030055820941925 0.5860596299171448 0.6967927813529968 -0.1789390593767166 -0.23642736673355103
-0.0597156323492527 0.9017914533615112 0.11207009851932526 -0.08076194673776627 0.005333153530955315 0.12536001205444336 -0.3852018117904663
-0.14339588582515717 0.07902143150568008 -0.6440498232841492 -0.4580264389514923 0.18290185928344727 -0.257686972618103 -0.49874764680862427
-0.29488036036491394 -0.787033200263977 0.19633983075618744 -0.35599178075790405 -0.24386361241340637 0.24813047051429749 -0.08547937870025635
0.111513651907444 0.8616048693656921 0.1366611272096634 0.4207666516304016 0.1785629838705063 0.007805543951690197 0.13242056965827942
-0.40960389375686646 0.4248509109020233 -0.4102722406387329 -0.019153671339154243 0.520556628704071 -0.04212501645088196 -0.4585656523704529
0.021912168711423874 0.278582900762558 -0.7717625498771667 -0.30954426527023315 -0.22610551118850708 -0.22502638399600983 -0.358769953250885
-0.06411563605070114 -0.19802437722682953 0.01542704552412033 0.6546587347984314 0.24464312195777893 0.1921066790819168 -0.6565852761268616
-0.13315428793430328 -0.35775095224380493 -0.272458553314209 0.46190401911735535 0.29013675451278687 0.6624976992607117 -0.20883630216121674
-0.5992885231971741 -0.5625220537185669 -0.29607442021369934 -0.27354514598846436 -0.08483265340328217 -0.23433570563793182 -0.31595152616500854
0.34390121698379517 0.09461870789527893 -0.24697919189929962 0.6568592190742493 0.17314030230045319 0.36111247539520264 -0.46897417306900024
-0.11570151150226593 0.13036943972110748 -0.6944842338562012 -0.46853092312812805 0.10722003877162933 -0.2528313100337982 -0.4385971426963806
-0.28838494420051575 -0.2645721435546875 -0.33158499002456665 0.6188569068908691 -0.12074198573827744 -0.5817309021949768 0.030228640884160995
0.2818234860897064 -0.7461669445037842 0.1512812376022339 0.2920883595943451 0.14443837106227875 -0.06084299087524414 -0.4806709289550781
-0.2493770718574524 0.9130373001098633 -0.18016792833805084 -0.09003080427646637 0.11055637151002884 -0.13433440029621124 0.18259111046791077
0.49317991733551025 -0.6940741539001465 -0.45064690709114075 0.11648557335138321 -0.2236817479133606 -0.05911834165453911 -0.0696752518415451
-0.355487197637558 -0.36939918994903564 0.5542513728141785 -0.45883455872535706 -0.29663315415382385 -0.1574532389640808 0.32659846544265747
-0.3515579402446747 -0.6937841773033142 0.006976190954446793 -0.3662741184234619 0.4284231662750244 -0.26208165287971497 -0.09290802478790283
0.40495565533638 -0.597838819026947 -0.3348293602466583 0.12188956886529922 -0.11840600520372391 -0.4285311698913574 -0.39239388704299927
-0.6160160303115845 0.1813635379076004 0.4628102481365204 -0.42782318592071533 -0.26216110587120056 0.26758238673210144 0.22377850115299225
-0.15222106873989105 -0.7030104994773865 -0.16142922639846802 0.09496650844812393 0.07319691777229309 0.5799956917762756 -0.32522955536842346
-0.19620539247989655 0.41915610432624817 -0.6549275517463684 0.2958528399467468 0.14455203711986542 -0.03002294898033142 -0.49755001068115234
-0.4232163429260254 -0.04367029294371605 -0.8205499649047852 0.023830657824873924 0.2932296395301819 -0.1982359141111374 -0.14081768691539764
-0.4019215404987335 -0.2180086076259613 -0.3474079668521881 0.23812401294708252 0.5422360897064209 0.2500746548175812 -0.5069306492805481
-0.06720072031021118 -0.7512229681015015 0.10834804177284241 0.2814624607563019 -0.24724337458610535 -0.49020615220069885 -0.19686618447303772
-0.38961654901504517 -0.48638132214546204 -0.7233182191848755 -0.11116506904363632 0.00927390344440937 -0.08098068088293076 -0.26351746916770935
-0.29900163412094116 0.6368201971054077 0.22686667740345 -0.011773219332098961 0.5468930602073669 -0.20901574194431305 -0.33267301321029663
-0.031521815806627274 -0.43862295150756836 -0.07908221334218979 0.6638338565826416 0.3848811984062195 -0.019607076421380043 -0.45953112840652466
-0.5332632064819336 -0.4245888292789459 -0.3588327169418335 -0.018846357241272926 0.46786704659461975 0.42265433073043823 -0.09328577667474747
-0.00578108336776495 0.3093087375164032 -0.5007020235061646 -0.021983174607157707 0.671349287033081 -0.4223940670490265 0.15486189723014832
0.47132518887519836 0.39234277606010437 -0.3364597260951996 0.6799845099449158 0.1806069314479828 -0.11764750629663467 -0.0433097705245018
0.14394748210906982 -0.5436000227928162 0.006430034060031176 0.7891654968261719 -0.18259795010089874 -0.14319123327732086 -0.08431479334831238
-0.6155214309692383 0.5463767647743225 0.3353346288204193 -0.26558995246887207 0.04048820585012436 0.06955891102552414 0.3648845851421356
-0.11309561878442764 -0.3361046314239502 0.49731728434562683 -0.3114798367023468 -0.40508198738098145 0.5938965082168579 0.11443079262971878
-0.34462621808052063 -0.20201389491558075 -0.5473170876502991 -0.061121292412281036 0.48442894220352173 -0.5414354205131531 -0.0964760109782219
-0.3961296081542969 0.27844882011413574 -0.5542207956314087 0.3169552981853485 0.36564382910728455 -0.30631768703460693 -0.36110976338386536
-0.03359457105398178 -0.10265263170003891 0.41134464740753174 -0.8431933522224426 0.21778257191181183 0.13480548560619354 0.20628264546394348
-0.5078544020652771 0.38530096411705017 0.46975448727607727 -0.4328003227710724 0.13824443519115448 -0.16716203093528748 0.37227270007133484
0.08933502435684204 -0.45452961325645447 0.1172303557395935 0.4956100583076477 -0.5196352601051331 -0.2989256680011749 -0.40825536847114563
0.18206581473350525 0.4056087136268616 -0.40503188967704773 0.4944306015968323 0.1110038161277771 -0.22976912558078766 -0.5733284950256348
-0.328706294298172 0.027455678209662437 0.42800065875053406 -0.5652546882629395 0.1193925067782402 0.5530732870101929 0.2614501714706421
-0.4763753116130829 -0.07435623556375504 -0.41181623935699463 0.01329908799380064 0.5669689178466797 0.15788991749286652 -0.5013832449913025
-0.1833862066268921 -0.8534777164459229 -0.20848046243190765 -0.21313214302062988 0.1407264620065689 0.24536173045635223 0.26277288794517517
0.1163213700056076 0.16308826208114624 0.8220791816711426 -0.01228345837444067 -0.5096083283424377 -0.14812879264354706 -0.047579389065504074
-0.47437331080436707 -0.326785147190094 -0.4283529222011566 -0.2130831629037857 0.47539737820625305 0.23288799822330475 -0.3988122045993805
-0.398484468460083 -0.05370072275400162 -0.7820653319358826 -0.021450860425829887 0.07496058195829391 -0.13166435062885284 -0.45087191462516785
0.49089503288269043 -0.44297873973846436 0.03511709347367287 0.2365708351135254 0.017047319561243057 -0.17944860458374023 -0.6878230571746826
-0.15652121603488922 0.9337142109870911 0.17245544493198395 0.06819184869527817 0.1060144230723381 0.1782061755657196 -0.16214622557163239
-0.04879245162010193 -0.916349470615387 0.11953707039356232 -0.1647111028432846 -0.1581844836473465 0.16826950013637543 0.25133082270622253
0.7000373005867004 -0.3683781027793884 -0.1516089141368866 0.005604058504104614 0.16569073498249054 -0.5594730973243713 0.10375507920980453
-0.057180531322956085 0.165428027510643 0.43728113174438477 -0.20806966722011566 -0.8418663740158081 -0.05618417263031006 -0.1515272706747055
0.638066828250885 -0.6731047630310059 0.11454936116933823 0.23921933770179749 0.11973562091588974 -0.19956575334072113 -0.12365379929542542
-0.12450787425041199 0.401862770318985 0.6114497184753418 0.24457556009292603 0.13301105797290802 -0.607304573059082 -0.05296666920185089
0.3088690936565399 -0.7065463662147522 0.23556150496006012 0.4278901219367981 -0.019036412239074707 0.20094124972820282 -0.35506775975227356
-0.5195484757423401 0.22399672865867615 -0.30031752586364746 0.2801631689071655 0.5454124808311462 -0.46231746673583984 -0.0007162878755480051
0.2509036958217621 0.11780036240816116 0.8608157634735107 -0.106273353099823 -0.2445324957370758 -0.31882184743881226 0.09710322320461273
0.19855530560016632 -0.5362538695335388 0.6108611822128296 -0.2734281122684479 -0.006683187559247017 -0.11997584253549576 0.4589710235595703
-0.23801861703395844 0.23237402737140656 -0.4439754784107208 -0.0062543232925236225 0.5977039933204651 -0.32970988750457764 -0.47564414143562317
0.5428282618522644 -0.23622462153434753 -0.37264931201934814 0.3292480707168579 -0.5118787884712219 -0.18100310862064362 0.32784372568130493
0.4406442940235138 -0.23689667880535126 0.698978841304779 -0.2610170543193817 0.20268702507019043 -0.2879917025566101 0.26265957951545715
0.06338668614625931 -0.13547734916210175 -0.1619178205728531 -0.012579300440847874 -0.014615018852055073 -0.8701712489128113 -0.4402734935283661
0.062017813324928284 -0.5457481145858765 -0.5109041333198547 0.5801124572753906 -0.31335458159446716 0.013740207068622112 0.048778608441352844
0.1853473037481308 0.22622327506542206 -0.24873937666416168 0.41012659668922424 0.44178134202957153 -0.593630313873291 -0.36990073323249817
-0.5101226568222046 0.6350561380386353 -0.0037564404774457216 -0.19852375984191895 0.29351606965065 -0.2633322477340698 -0.37624087929725647
0.10978968441486359 0.04314194992184639 -0.45762741565704346 -0.36331576108932495 0.36828485131263733 -0.009554239921271801 -0.7133994698524475
-0.26788538694381714 -0.5923805832862854 -0.7294479608535767 -0.18472039699554443 0.07462276518344879 -0.07002769410610199 0.025184163823723793
0.2901651859283447 0.3059008717536926 0.886123538017273 0.11427130550146103 0.1543411910533905 0.0038206768222153187 -0.010957561433315277
-0.5944262146949768 -0.6902481317520142 -0.05741396173834801 -0.03497966006398201 0.12726189196109772 0.34861457347869873 -0.1672346293926239
-0.389585018157959 -0.30200666189193726 -0.4353386163711548 0.06588555127382278 0.705355167388916 0.16865666210651398 -0.19283127784729004
-0.452780544757843 -0.6760439276695251 -0.4311630427837372 0.1595219224691391 -0.31676527857780457 0.15751415491104126 -0.03813871741294861
0.44564616680145264 -0.728024959564209 0.1274033486843109 0.15781211853027344 -0.06837799400091171 0.3837358355522156 0.2798466384410858
-0.07960133999586105 0.010841695591807365 -0.8787944316864014 0.006716914940625429 0.43037548661231995 -0.043949026614427567 0.18457137048244476
-0.4620557725429535 0.26726052165031433 -0.5251155495643616 0.1501629650592804 0.44751301407814026 -0.2854785919189453 -0.36744391918182373
0.28303617238998413 -0.7629440426826477 -0.1202998235821724 -0.4178180992603302 -0.14259010553359985 0.24463826417922974 0.2618834972381592
0.16451925039291382 -0.031511373817920685 0.1279320865869522 0.5861490964889526 0.7387393712997437 -0.2573349177837372 -0.006782555487006903
0.3690735101699829 -0.4070236384868622 -0.17288707196712494 0.33495089411735535 -0.24005082249641418 -0.5011978149414062 -0.49720311164855957
-0.28686901926994324 0.7947051525115967 0.10622911155223846 -0.5160241723060608 0.056416451930999756 -0.020432347431778908 0.07059706002473831
0.25299376249313354 -0.5662615895271301 0.3033182621002197 0.6250368356704712 0.007561561651527882 0.14188198745250702 -0.33538228273391724
-0.19453255832195282 0.3863159120082855 -0.562913179397583 -0.038473766297101974 0.3787218928337097 0.07079079002141953 -0.5883229970932007
-0.21020850539207458 0.4996492862701416 0.15445663034915924 -0.2356898933649063 0.17738084495067596 -0.6527871489524841 0.4112924635410309
0.1445687860250473 0.24914707243442535 0.5474157929420471 -0.2937636375427246 0.18795864284038544 -0.7039116621017456 -0.015633761882781982
0.16083069145679474 0.34835192561149597 -0.23664598166942596 0.5577133893966675 0.5423895716667175 -0.23574376106262207 -0.3687511086463928
0.21331080794334412 -0.33544841408729553 -0.3193012475967407 0.4570150077342987 0.421991229057312 0.026723263785243034 -0.5936044454574585
0.07802983373403549 0.08990925550460815 -0.3223227262496948 0.0244098249822855 -0.48566311597824097 -0.39707958698272705 -0.6984260678291321
0.46245771646499634 -0.6905263662338257 0.25286370515823364 0.171416237950325 -0.12204147130250931 0.01945282146334648 -0.44800668954849243
-0.21769630908966064 0.6149365901947021 -0.7226871252059937 0.13489116728305817 -0.046598583459854126 -0.046937957406044006 -0.17208845913410187
0.14797089993953705 0.8714618682861328 0.23906341195106506 0.017712170258164406 0.12033984065055847 -0.1626347154378891 -0.3467881679534912
0.10372737795114517 -0.6719982624053955 0.013985879719257355 0.003705293172970414 -0.6363629698753357 -0.2917676568031311 0.2176312953233719
0.37944817543029785 -0.41009554266929626 0.0699569508433342 -0.10231475532054901 -0.01031955424696207 -0.3764162063598633 -0.7284797430038452
-0.16766595840454102 -0.308053195476532 -0.6026580333709717 -0.2950419485569 -0.05240938812494278 -0.21257899701595306 0.6154740452766418
-0.03230038285255432 0.2694225311279297 -0.07374981790781021 0.7359609603881836 0.5585218071937561 -0.018552131950855255 -0.258843332529068
0.44986671209335327 -0.43654385209083557 -0.02075502648949623 -0.04773943871259689 -0.5263592600822449 -0.5179319977760315 -0.24296462535858154
0.030748233199119568 0.1967797726392746 0.7734610438346863 0.021384451538324356 0.07327177375555038 -0.5864881277084351 0.11088687926530838
0.3045573830604553 -0.0008870807942003012 0.11136206239461899 0.7811436653137207 0.1041714996099472 0.3733524680137634 -0.36662423610687256
-0.044464077800512314 -0.5958498120307922 0.32634231448173523 0.3797624111175537 0.06061946228146553 -0.08158139139413834 -0.6180104613304138
-0.07445980608463287 -0.27986350655555725 -0.9155781865119934 -0.1567646861076355 0.016318148002028465 0.16029344499111176 0.1652674376964569
0.4273620843887329 -0.22878098487854004 -0.5483542084693909 0.5065212845802307 0.19174815714359283 -0.31629306077957153 0.26637595891952515
-0.5415040254592896 0.018529850989580154 -0.3344021439552307 0.1687454730272293 0.34201428294181824 0.3725122809410095 -0.5571275949478149
-0.7405648231506348 0.14927439391613007 0.47583359479904175 -0.3461560010910034 -0.06683287769556046 -0.24629046022891998 -0.13384220004081726
0.2844424247741699 -0.26883333921432495 -0.5702360272407532 -0.49288636445999146 0.26385247707366943 0.3671570122241974 -0.2725667357444763
0.03710270673036575 0.3191373348236084 -0.3009679615497589 0.6838608384132385 0.25628525018692017 -0.22651992738246918 -0.47067397832870483
0.335511714220047 -0.18589043617248535 -0.706267774105072 -0.11421952396631241 0.20546495914459229 -0.4844267666339874 -0.253241628408432
0.6854875087738037 -0.6265827417373657 0.09275593608617783 0.20435921847820282 0.06572218984365463 0.11589119583368301 -0.26340916752815247
-0.4555095136165619 -0.1369485706090927 -0.6382648348808289 0.002251299098134041 0.12583911418914795 -0.34068015217781067 -0.48422151803970337
-0.45835208892822266 -0.4708799421787262 -0.3905732333660126 -0.062485601752996445 0.3680915832519531 0.5246713757514954 -0.031016964465379715
-0.4382512867450714 -0.6966646909713745 0.06288012862205505 -0.09243513643741608 0.5092887282371521 0.024420956149697304 0.223885178565979
-0.22149762511253357 0.35385119915008545 -0.1595897525548935 0.5119324922561646 -0.051121875643730164 -0.12780819833278656 -0.7205803394317627
-0.4141565263271332 0.3634212017059326 0.3882316052913666 -0.47899699211120605 0.5047736167907715 -0.0006546957301907241 -0.2478724718093872
-0.05409451574087143 -0.543907642364502 -0.5702334046363831 -0.43055734038352966 -0.3798341155052185 0.1595996916294098 -0.14472876489162445
-0.3141222596168518 -0.2885221242904663 0.33818867802619934 -0.4000099003314972 -0.7186692953109741 -0.02922617457807064 0.16236694157123566
0.08383966982364655 -0.04618837311863899 -0.6769730448722839 -0.128544881939888 0.1505502462387085 -0.35120660066604614 -0.6082844138145447
-0.11943317204713821 -0.5388932228088379 -0.20002365112304688 -0.4029826819896698 0.5073860287666321 0.05589757487177849 0.4820375144481659
-0.3991214632987976 -0.7083780765533447 -0.4637666642665863 0.0887550562620163 -0.33949682116508484 -0.026206711307168007 -0.0008174817194230855
-0.3537120223045349 0.5793046951293945 0.23662260174751282 -0.6170734167098999 -0.2182556539773941 0.05987393483519554 0.22650296986103058
0.11118395626544952 -0.44461384415626526 -0.4221371114253998 0.6139570474624634 -0.387820839881897 0.04861966520547867 -0.2864347994327545
0.11394157260656357 -0.4451383352279663 -0.7066728472709656 0.051704030483961105 -0.00927822943776846 -0.38062241673469543 -0.37662968039512634
-0.23823891580104828 0.4963366687297821 -0.7648154497146606 0.12297387421131134 0.12825068831443787 -0.15930543839931488 -0.23452162742614746
0.5141741037368774 -0.4554050862789154 -0.24699902534484863 0.6607659459114075 -0.13793110847473145 -0.10517676919698715 -0.0228897575289011
-0.4572497606277466 0.3445582687854767 -0.20326000452041626 0.2553848624229431 0.3852030336856842 -0.04379052668809891 -0.6444899439811707
0.14378419518470764 -0.5137211680412292 -0.023112695664167404 -0.06185990944504738 -0.5399841666221619 -0.6267669200897217 -0.16320589184761047
-0.45456191897392273 0.341082364320755 -0.584186315536499 0.23638352751731873 0.2974560260772705 -0.1718064397573471 -0.4023529589176178
-0.16455167531967163 0.010945090092718601 -0.43992069363594055 -0.41836148500442505 0.35895243287086487 -0.6543415188789368 -0.21734030544757843
0.20598775148391724 -0.5930697321891785 0.12359169125556946 0.5492390990257263 0.01856500655412674 0.029109125956892967 -0.5363830924034119
-0.34477365016937256 -0.6245724558830261 0.12294761836528778 -0.33357560634613037 -0.4004139304161072 0.44829511642456055 0.05789405480027199
0.06518075615167618 0.3389870226383209 0.48131033778190613 0.11370395123958588 -0.15527231991291046 0.20489856600761414 -0.755088210105896
0.4618309736251831 -0.5449676513671875 0.062374234199523926 0.4240851402282715 -0.45419809222221375 -0.21113896369934082 -0.234751358628273
-0.6195104718208313 -0.4925301671028137 -0.38151484727859497 -0.08465880155563354 -0.3420039117336273 0.32164710760116577 0.02183157205581665
0.2030636966228485 -0.7523486018180847 0.07922264188528061 0.3793935179710388 0.1287136822938919 0.34866583347320557 0.3230881989002228
0.1712488830089569 -0.05008979141712189 0.14690041542053223 0.7621577382087708 0.346123605966568 -0.09907856583595276 -0.4858834147453308
0.08811116963624954 -0.02227363921701908 -0.060051023960113525 0.348032146692276 -0.07873118668794632 -0.5543935894966125 -0.74394690990448
-0.1645636260509491 0.0994761660695076 -0.9428414106369019 0.008991706185042858 0.06903582066297531 0.16873319447040558 -0.20188066363334656
0.025586742907762527 0.7716082334518433 0.27161020040512085 0.28720712661743164 0.41811954975128174 0.07868663221597672 -0.2582448124885559
-0.5118228793144226 -0.6833462715148926 -0.2287668138742447 -0.31984949111938477 -0.25784194469451904 -0.15754996240139008 -0.15853342413902283
0.10560566186904907 -0.7704427242279053 -0.1950587034225464 0.4565243721008301 -0.21879352629184723 -0.03975614905357361 0.31520140171051025
0.07659289240837097 0.5982816815376282 -0.4088049829006195 0.578652024269104 0.3339572846889496 -0.10720393806695938 -0.10588978976011276
-0.41022565960884094 0.05434724688529968 -0.5044384002685547 -0.203835129737854 0.49612343311309814 0.17778529226779938 -0.5049834847450256
-0.37271636724472046 -0.749011218547821 -0.17193396389484406 -0.345881849527359 0.13895107805728912 0.3243112862110138 -0.16243109107017517
-0.15050670504570007 0.6706180572509766 0.3096123933792114 0.22091978788375854 -0.0004069225979037583 -0.320814847946167 -0.5291799902915955
0.08568120002746582 0.8719760775566101 0.06913183629512787 0.002992677502334118 0.07463052868843079 -0.47093090415000916 0.013509102165699005
0.33401575684547424 0.47144776582717896 -0.5442537069320679 0.35593336820602417 0.15781337022781372 -0.010207056067883968 -0.4671836197376251
-0.3716771900653839 -0.48650282621383667 -0.7381543517112732 -0.18230605125427246 -0.023394504562020302 -0.20280632376670837 0.0733894482254982
0.008317200466990471 0.292743057012558 0.19118718802928925 -0.599065899848938 0.5170358419418335 -0.43755102157592773 -0.24499553442001343
0.13459894061088562 0.46503764390945435 0.5784268379211426 0.068572498857975 -0.09054495394229889 0.6348339915275574 -0.1230071410536766
-0.4156946539878845 0.4404449760913849 -0.6499308943748474 0.21383236348628998 0.09080628305673599 -0.30696314573287964 -0.2501991093158722
-0.10735085606575012 0.07651392370462418 -0.959564745426178 0.01419505663216114 0.23346474766731262 0.07243189960718155 0.043626315891742706
0.11676210910081863 -0.48954418301582336 -0.0427694171667099 0.6581659913063049 0.3264795243740082 -0.04143720865249634 -0.4509938955307007
0.3741050958633423 -0.7815240621566772 0.3042559027671814 0.07947706431150436 -0.3504645526409149 0.15097597241401672 0.06897932291030884
0.3289931118488312 -0.4534702003002167 -0.19883619248867035 0.6615346670150757 -0.3086715638637543 -0.1938367784023285 -0.2758869230747223
0.27867260575294495 -0.711301863193512 0.13446608185768127 0.3139762580394745 -0.5191685557365417 0.04256780445575714 0.1684667319059372
-0.3371420204639435 -0.1073482483625412 -0.44368237257003784 0.2590954601764679 0.7329292297363281 0.17478111386299133 -0.20758911967277527
-0.24192854762077332 -0.18057888746261597 -0.623157799243927 -0.541009247303009 -0.23396223783493042 0.04403390735387802 -0.41372454166412354
-0.16579492390155792 -0.773270845413208 -0.268010675907135 -0.2707601487636566 0.3714001178741455 0.27603718638420105 0.12364757061004639
-0.5827041864395142 -0.36253130435943604 -0.6193949580192566 -0.1651756763458252 0.12638506293296814 -0.18954141438007355 -0.2572830617427826
-0.5941001772880554 -0.39710184931755066 -0.5572549104690552 -0.3715055584907532 0.0026585094165056944 -0.16677062213420868 -0.11395660787820816
-0.169327512383461 -0.4670027196407318 -0.6867114305496216 -0.28405287861824036 -0.04228007048368454 -0.3332728445529938 -0.2968492805957794
0.08753159642219543 -0.6345238089561462 0.09336905926465988 0.3788694739341736 -0.48957186937332153 -0.2271590381860733 -0.3823295533657074
-0.3744055926799774 0.3169004023075104 -0.5453363060951233 0.2509497106075287 0.5594808459281921 -0.25547972321510315 -0.14400871098041534
-0.09821150451898575 -0.6714274287223816 -0.6687751412391663 0.25421181321144104 0.043415289372205734 -0.14738957583904266 -0.06361787021160126
-0.32157206535339355 0.15582475066184998 -0.8810963034629822 0.004533591214567423 0.07468598335981369 0.18189847469329834 -0.23936134576797485
-0.06323390454053879 -0.24765713512897491 -0.4755863547325134 -0.5009294748306274 0.1906893253326416 0.246611088514328 -0.6003126502037048
-0.551962673664093 0.5856925845146179 0.23610803484916687 -0.1054723784327507 -0.36039167642593384 -0.16913297772407532 -0.35628896951675415
0.5547701716423035 0.06441684067249298 -0.3565632998943329 0.1773625612258911 -0.22018200159072876 -0.25331375002861023 -0.6456296443939209
-0.5455254912376404 0.15253011882305145 -0.5894976258277893 -0.16269341111183167 -0.012678462080657482 -0.03003518469631672 -0.5514500141143799
0.5689441561698914 -0.34630268812179565 -0.30042827129364014 0.16448979079723358 0.30494728684425354 -0.5510433316230774 0.20596447587013245
-0.5353401303291321 -0.057755205780267715 -0.3869287967681885 0.175805926322937 0.4905671179294586 0.2808138132095337 -0.45819327235221863
0.48175936937332153 0.3223591446876526 -0.5449639558792114 0.2932509183883667 -0.3204824924468994 -0.2726610004901886 -0.3224247694015503
-0.6266118288040161 -0.6413590312004089 -0.4100775420665741 0.03460698574781418 -0.10598400235176086 -0.005346284247934818 0.12407206743955612
0.6815372705459595 -0.15263625979423523 -0.2217184454202652 0.5364598631858826 0.38402196764945984 0.08697092533111572 -0.14221175014972687
0.2966410517692566 0.3234735429286957 -0.3345915973186493 0.3029862344264984 0.5285841822624207 -0.5530922412872314 0.135294109582901
-0.13029223680496216 -0.3177109360694885 -0.5008100271224976 -0.6298545598983765 -0.3798781633377075 -0.2764278054237366 -0.11762823909521103
-0.47028017044067383 0.2140580117702484 0.35399213433265686 -0.48502907156944275 0.5963984131813049 -0.008771047927439213 -0.12916699051856995
0.38542523980140686 -0.08284144848585129 -0.40798982977867126 0.4541749358177185 0.14499329030513763 -0.43776997923851013 -0.5091056823730469
-0.30610474944114685 0.3668334484100342 0.06750649213790894 -0.7249401807785034 0.4362230598926544 0.1396360546350479 0.17846238613128662
0.13129204511642456 0.6683030724525452 0.36615604162216187 -0.20380409061908722 -0.18424959480762482 -0.531528115272522 -0.2098975032567978
-0.4179699420928955 0.07925140112638474 0.402233362197876 -0.3620496392250061 -0.08074420690536499 0.7204159498214722 0.025099456310272217
-0.44429194927215576 -0.8046073317527771 0.01275018509477377 -0.13153456151485443 0.31704074144363403 -0.18785487115383148 0.044085100293159485
0.1704627126455307 -0.6081092357635498 -0.6182007789611816 -0.24862398207187653 -0.20423690974712372 -0.21703989803791046 -0.2614201605319977
-0.6126077175140381 -0.45574793219566345 -0.2896135449409485 -0.05744783580303192 0.15820156037807465 0.2674972414970398 -0.4829564094543457
0.0429534912109375 0.4190369248390198 0.7472434639930725 0.23936374485492706 0.3650788962841034 -0.22613662481307983 -0.14991618692874908
-0.5010521411895752 -0.6636795997619629 -0.2029232531785965 -0.07661348581314087 0.22675162553787231 0.4561416506767273 0.04412608966231346
0.11518930643796921 -0.15696603059768677 0.8001018166542053 -0.05702149122953415 -0.46764788031578064 0.13650184869766235 0.2852214574813843
-0.2240460067987442 -0.5635313391685486 -0.4132659137248993 -0.1523488610982895 -0.5730815529823303 -0.05550951138138771 0.32670021057128906
0.04105003923177719 -0.6416909694671631 -0.4574424624443054 -0.21200676262378693 -0.005410762503743172 0.16214679181575775 0.553196370601654
0.17486900091171265 -0.21719445288181305 -0.19624599814414978 0.5500145554542542 -0.5224141478538513 -0.4183361232280731 -0.3650989234447479
0.042153436690568924 -0.01414947398006916 0.8452727794647217 0.07845596224069595 0.05828581377863884 -0.24204331636428833 -0.4641112685203552
-0.3711937367916107 0.18442100286483765 -0.35878488421440125 0.23396363854408264 0.5378313064575195 -0.580027163028717 -0.13800173997879028
0.10650212317705154 0.4019574820995331 -0.4973161220550537 0.22182750701904297 0.05160908401012421 -0.5817067623138428 -0.43532803654670715
0.3639259338378906 -0.37190765142440796 -0.008139820769429207 0.5057365894317627 0.2698695957660675 -0.22514495253562927 -0.5915125012397766
-0.3188454508781433 -0.7653005719184875 -0.3585680425167084 -0.0585600845515728 -0.34695374965667725 -0.08907820284366608 -0.22878040373325348
0.3965892791748047 -0.6255166530609131 -0.10867205262184143 0.42520326375961304 -0.38909444212913513 -0.23595981299877167 -0.22752350568771362
-0.12289752811193466 -0.7251741886138916 -0.6022666096687317 -0.2618139982223511 0.014509773813188076 -0.07330361008644104 0.14887213706970215
-0.5121365189552307 0.5487196445465088 0.27179667353630066 -0.5046260952949524 0.2067166119813919 -0.2556748390197754 0.0007546053384430707
-0.11439463496208191 -0.7781467437744141 -0.41758185625076294 -0.08006284385919571 0.22451172769069672 0.38489681482315063 -0.045451074838638306
-0.4951781630516052 0.02844359539449215 0.5604310631752014 -0.43492233753204346 0.057893913239240646 0.4209509491920471 0.2649485766887665
0.16614121198654175 -0.6990058422088623 0.07376113533973694 -0.5395215749740601 -0.220685675740242 0.3527367413043976 0.11890488117933273
0.142398402094841 0.010818511247634888 0.21570095419883728 -0.3623134195804596 -0.4423513412475586 0.5406090021133423 0.5602453947067261
0.11685152351856232 0.7343199253082275 0.5599002838134766 0.15433509647846222 -0.18290802836418152 -0.14828060567378998 -0.23317334055900574
0.3875423073768616 -0.7410170435905457 0.4096032679080963 0.020526016131043434 -0.2646040618419647 0.24325376749038696 0.05762707069516182
0.11728476732969284 0.5257854461669922 -0.7112498879432678 0.11810318380594254 0.20685549080371857 -0.35186097025871277 0.1528850793838501
-0.4609054625034332 -0.12131062150001526 -0.3734723627567291 0.2877501845359802 0.5760854482650757 0.2149016559123993 -0.4153442978858948
-0.12941472232341766 0.7368443608283997 0.14380209147930145 0.09361948072910309 0.3212693929672241 0.2589365243911743 -0.4905165433883667
-0.4368017613887787 -0.7226684093475342 0.026105398312211037 -0.038979671895504 0.47767433524131775 -0.019517328590154648 0.23706533014774323
-0.5013285279273987 -0.29724735021591187 -0.43313655257225037 -0.02625466138124466 0.45932191610336304 0.3738354742527008 -0.34826362133026123
-0.2824132740497589 -0.27817898988723755 -0.5892924070358276 0.34500032663345337 0.16620922088623047 -0.30218833684921265 -0.5075677037239075
0.5743803977966309 -0.3568795621395111 -0.3405522406101227 0.3566804826259613 -0.30699479579925537 -0.2793404459953308 0.35672175884246826
-0.5408863425254822 -0.5133435726165771 -0.15260042250156403 -0.17836958169937134 -0.054264623671770096 0.6102175116539001 -0.11622248589992523
-0.4655439555644989 0.2664751708507538 0.4446132183074951 -0.3378419578075409 0.5505693554878235 0.20476683974266052 0.23534132540225983
-0.05766120180487633 0.1645888388156891 -0.08670694380998611 0.5797052383422852 0.4772661626338959 -0.5931990146636963 -0.2152707427740097
-0.4666089713573456 -0.043309472501277924 -0.5149961113929749 0.08733733743429184 0.3068867325782776 0.404004842042923 -0.5001522898674011
0.19517618417739868 -0.13076093792915344 -0.1462954580783844 0.7178679704666138 0.3723576068878174 0.012372815050184727 -0.5189102292060852
0.10096500813961029 -0.28689756989479065 -0.3996387720108032 -0.20052605867385864 0.7123398780822754 0.00841941125690937 -0.44729742407798767
0.1943148672580719 0.19635480642318726 0.8808403015136719 0.07032137364149094 -0.1975114345550537 -0.29687562584877014 0.125363290309906
0.016439782455563545 -0.6594673991203308 -0.469430536031723 -0.38386985659599304 -0.3356734812259674 0.18858596682548523 0.22106555104255676
0.1328994184732437 -0.09497126936912537 -0.3501500189304352 0.0445406511425972 -0.16298386454582214 -0.7506088614463806 -0.5086766481399536
-0.01176177617162466 -0.730819582939148 -0.3891882002353668 0.11690478026866913 0.1881554126739502 0.5149639844894409 -0.0063100033439695835
-0.11376195400953293 -0.3354121148586273 0.31804415583610535 -0.43387463688850403 0.09738879650831223 -0.14795954525470734 0.7441646456718445
0.05479014292359352 -0.26492270827293396 0.02976725995540619 0.5143392086029053 0.0605013333261013 0.6216432452201843 -0.5208476185798645
0.054929219186306 0.3423841893672943 -0.25544601678848267 0.7171491384506226 0.2121918499469757 -0.17689453065395355 -0.47316306829452515
0.2610752284526825 -0.09815245866775513 0.8469500541687012 -0.0007112519815564156 -0.3322244882583618 0.302860826253891 0.052754778414964676
-0.14513789117336273 0.8932788968086243 0.11777900904417038 0.2741256356239319 0.16979293525218964 -0.08139939606189728 -0.23772995173931122
0.22312059998512268 0.4602486193180084 -0.38980454206466675 0.4473598003387451 0.50218665599823 0.3431668281555176 -0.12788736820220947
0.22913429141044617 -0.7583602070808411 0.08600790798664093 0.2254166454076767 -0.4720642566680908 0.2510317862033844 0.16827251017093658
-0.40961527824401855 -0.03915396332740784 -0.8288896083831787 0.02103647217154503 0.3076736629009247 -0.07328811287879944 -0.20772001147270203
-0.5323663353919983 -0.6544556021690369 -0.4486066699028015 0.09623581916093826 -0.17915359139442444 0.21194984018802643 -0.02731085941195488
0.396328330039978 0.16457509994506836 -0.2686483561992645 0.806972324848175 0.18149398267269135 -0.24369589984416962 0.011612987145781517
-0.2740093767642975 -0.010094129480421543 0.8760747909545898 0.21975287795066833 0.2037733644247055 -0.1618250012397766 -0.20324304699897766
-0.40374627709388733 0.23178891837596893 -0.40771618485450745 0.31448426842689514 0.5581805109977722 -0.10828939080238342 -0.44140443205833435
0.4804988503456116 -0.25511065125465393 -0.2889421582221985 0.6403580904006958 0.054513268172740936 -0.4549615979194641 -0.023054983466863632
0.31593942642211914 -0.4587002098560333 0.09208075702190399 0.5359772443771362 0.033507704734802246 -0.03012770414352417 -0.6260954737663269
-0.33675873279571533 0.649863600730896 0.1959155797958374 -0.3264523148536682 0.24733798205852509 -0.09224516153335571 0.4996313154697418
-0.08366010338068008 0.006675647106021643 -0.9596830010414124 -0.06858894973993301 -0.14673328399658203 -0.06336773186922073 0.20424111187458038
-0.19958172738552094 0.8537395000457764 -0.1940942257642746 -0.2950226664543152 -0.017863420769572258 -0.25558698177337646 -0.2023395299911499
-0.08365559577941895 0.35707467794418335 -0.46749523282051086 0.277126282453537 0.6071316003799438 -0.3865535855293274 0.22828972339630127
0.12723776698112488 -0.371049702167511 -0.10542166233062744 -0.22854872047901154 0.26272544264793396 -0.2685536742210388 -0.801023542881012
0.2208063006401062 -0.5946041941642761 0.08803440630435944 0.44245100021362305 -0.5037795305252075 -0.21312405169010162 -0.3081589639186859
-0.3358335793018341 -0.4630220830440521 -0.20235921442508698 -0.07525456696748734 -0.08405902236700058 0.7802919745445251 -0.10145094990730286
0.03571575880050659 0.5904748439788818 0.5394561886787415 0.06075836718082428 -0.4501543641090393 0.008934874087572098 -0.39069244265556335
0.12921851873397827 -0.45084941387176514 0.183022141456604 0.7497377991676331 -0.3306497633457184 -0.09993842244148254 -0.25517943501472473
0.6301201581954956 -0.7139599919319153 0.2132396548986435 0.10940457135438919 0.006005187518894672 -0.0363926999270916 -0.18549588322639465
0.24009469151496887 -0.36775094270706177 0.2180403769016266 0.3331619203090668 -0.6306813359260559 0.15755558013916016 -0.4753867983818054
0.6508383750915527 -0.09748584032058716 0.05882047116756439 0.6397342681884766 0.2417626976966858 0.30591559410095215 0.046394672244787216
-0.10149582475423813 -0.8792948722839355 -0.07112819701433182 0.14864975214004517 -0.3569647967815399 0.018656698986887932 0.2482159584760666
0.28780972957611084 -0.7101932764053345 0.2562009394168854 0.37065228819847107 -0.07810711860656738 0.14394760131835938 -0.42772355675697327
-0.24705255031585693 0.7063348293304443 0.022465018555521965 -0.31343480944633484 0.4388458728790283 0.018356723710894585 -0.38521087169647217
-0.0021904692985117435 -0.722242534160614 0.3531349301338196 0.4413820505142212 -0.11457005888223648 -0.06008094176650047 -0.37696489691734314
0.2493317425251007 -0.14995932579040527 -0.21235205233097076 0.6765304207801819 -0.02953038364648819 -0.4553038477897644 -0.4520900845527649
-0.18035437166690826 -0.31291380524635315 0.49174627661705017 -0.5977597832679749 -0.4530441164970398 0.06337843835353851 0.2473059445619583
-0.021090980619192123 0.6926038265228271 0.2462809532880783 0.44553419947624207 0.18269853293895721 0.31793904304504395 -0.3552972376346588
-0.4140467047691345 0.3856138586997986 0.36116528511047363 -0.5000676512718201 0.5136620402336121 0.013434385880827904 -0.18796278536319733
0.04112960770726204 -0.5346255302429199 -0.3452950417995453 -0.3712957203388214 -0.4507615864276886 0.07355707138776779 0.49678775668144226
0.043959297239780426 -0.1846323013305664 -0.43915095925331116 -0.2563178837299347 0.7409014701843262 -0.2525627315044403 -0.3044716715812683
0.2693225145339966 0.17839719355106354 0.7593823671340942 -0.07004205137491226 -0.5530081987380981 -0.08024732023477554 -0.042598843574523926
0.23666496574878693 0.474458783864975 0.5528888702392578 -0.020078659057617188 0.09651561081409454 -0.019172804430127144 -0.6349065899848938
0.006960420403629541 0.38463881611824036 -0.6677387356758118 0.16569358110427856 0.5472092628479004 -0.24527613818645477 0.13811826705932617
0.5550147294998169 0.32311350107192993 0.5687508583068848 -0.044565703719854355 0.0295434407889843 -0.06896121054887772 -0.5064229369163513
-0.24180923402309418 0.4209599792957306 -0.3366899788379669 0.25365835428237915 0.3778248727321625 0.09459299594163895 -0.659483790397644
-0.1766129583120346 0.6822492480278015 0.07493695616722107 -0.20442542433738708 0.6544938683509827 -0.1348012238740921 0.09697943925857544
-0.43747320771217346 0.30625399947166443 -0.5749327540397644 0.23047825694084167 0.3645671308040619 -0.13185249269008636 -0.42528048157691956
0.19931313395500183 0.7746937870979309 0.17558899521827698 0.2586919665336609 0.4119298756122589 -0.1850278675556183 0.2417629063129425
-0.36868399381637573 0.3223801851272583 -0.6608915328979492 0.25840067863464355 0.43862253427505493 -0.07340370118618011 -0.24252179265022278
-0.34002846479415894 -0.2518424391746521 0.5508831739425659 -0.5224795341491699 0.3069491684436798 -0.2695551812648773 0.2786056697368622
-0.7056928277015686 0.09679362177848816 0.4660922884941101 -0.2981708347797394 0.07411829382181168 0.2788628041744232 -0.3212830722332001
-0.22282087802886963 -0.6375076770782471 -0.413833349943161 -0.14991937577724457 -0.45283395051956177 0.37220698595046997 0.08126754313707352
0.0003138523024972528 0.3274247944355011 -0.700550377368927 0.17862680554389954 0.3953224718570709 -0.2088460475206375 -0.4125748574733734
-0.30743589997291565 0.2873147130012512 -0.37309500575065613 0.364331990480423 0.5907534956932068 -0.17886728048324585 -0.41232582926750183
-0.01589839719235897 -0.041278816759586334 -0.1850801557302475 0.7680683732032776 -0.06690748035907745 -0.29644230008125305 -0.5305705070495605
-0.23845241963863373 0.03602612763643265 -0.8719701170921326 0.09682611376047134 -0.025849487632513046 -0.030687425285577774 0.41294732689857483
-0.1485755890607834 0.7632471323013306 -0.1429881453514099 -0.0764666348695755 0.3895812928676605 0.3510849177837372 -0.30667904019355774
-0.4273430407047272 -0.5584338903427124 -0.225540891289711 -0.04449634999036789 0.10004902631044388 0.6547409892082214 -0.1182589903473854
0.08333081752061844 0.4350379705429077 0.2764049470424652 -0.2533322274684906 -0.34621456265449524 -0.6242363452911377 -0.39202743768692017
-0.5330029726028442 0.44523224234580994 -0.061515890061855316 -0.08234144002199173 0.3232467770576477 -0.6344985365867615 0.0059071737341582775
0.060030221939086914 0.7952709794044495 0.14752264320850372 0.14593499898910522 0.3085458278656006 -0.1367044299840927 -0.4549635648727417
-0.13451586663722992 0.4577980041503906 -0.7476929426193237 0.17288738489151 0.42502209544181824 -0.0026851575821638107 0.052351970225572586
0.31106674671173096 -0.0312633141875267 -0.3894002437591553 0.6431275606155396 -0.19809535145759583 -0.11311493068933487 -0.5338329672813416
-0.6664990186691284 0.5293401479721069 0.34185296297073364 -0.2314172089099884 -0.08555816113948822 -0.13101063668727875 -0.28403621912002563
0.49355778098106384 -0.2311900109052658 -0.00798922311514616 0.10830449312925339 0.05135294049978256 -0.7738919258117676 -0.2993532121181488
-0.10874421894550323 -0.8202131390571594 -0.2137112319469452 0.12007585167884827 0.4089023768901825 0.2960849404335022 -0.021607892587780952
0.5700811147689819 0.16838577389717102 -0.5332211256027222 0.5565230250358582 0.1476925164461136 -0.17547085881233215 0.0028234219644218683
-0.4025821387767792 -0.3439972400665283 0.5226370096206665 -0.49981817603111267 0.31023088097572327 -0.24422599375247955 0.20183250308036804
0.5785897970199585 0.06580278277397156 0.5567472577095032 -0.37625834345817566 0.2698204815387726 -0.19160032272338867 0.3159940838813782
-0.34651780128479004 -0.7390952110290527 -0.51793372631073 -0.15201222896575928 -0.14298169314861298 -0.14080803096294403 -0.04505453631281853
0.14383037388324738 -0.19190578162670135 -0.8373235464096069 0.1836356520652771 -0.08659323304891586 -0.2671538293361664 0.3588632047176361
-0.25725892186164856 -0.6902340650558472 -0.23390179872512817 -0.4164785146713257 -0.29207843542099 -0.2673782706260681 -0.2691272497177124
0.17360995709896088 0.5151341557502747 -0.3170068860054016 0.6084093451499939 0.04920778051018715 0.16493159532546997 -0.4519040286540985
0.26058074831962585 0.2906065881252289 0.8259918093681335 0.0007449318072758615 -0.1207537055015564 -0.23509185016155243 0.3090837001800537
-0.1301303207874298 0.60906583070755 -0.04807582497596741 -0.5604874491691589 -0.2719687521457672 -0.3527519404888153 -0.3118436634540558
-0.4367504119873047 0.35852593183517456 -0.6085269451141357 0.2261895388364792 0.26508304476737976 -0.15437574684619904 -0.40637484192848206
0.0390215702354908 0.760612428188324 0.3371482491493225 0.33044999837875366 0.25418099761009216 -0.36194783449172974 -0.03828517347574234
-0.4489671289920807 -0.3240322768688202 -0.4128677248954773 -0.13770340383052826 0.38164710998535156 0.30527809262275696 -0.5149373412132263
-0.3541314899921417 -0.6507216095924377 -0.4504539668560028 -0.2008426934480667 0.2058497816324234 -0.4002561867237091 0.0729830339550972
0.18179376423358917 0.5107016563415527 -0.429425984621048 0.3089542090892792 0.49436068534851074 -0.4189036786556244 -0.08001693338155746
-0.09056497365236282 0.4117354452610016 0.2998533546924591 -0.7804651260375977 -0.2741664946079254 -0.12491236627101898 -0.18017658591270447
-0.3601244390010834 -0.05522748455405235 -0.823093056678772 -0.3548371493816376 0.05802314728498459 0.18809722363948822 -0.15849779546260834
-0.16625475883483887 0.5029171705245972 -0.6695077419281006 -0.15700578689575195 0.24986642599105835 -0.41986748576164246 -0.08843182772397995
-0.14150726795196533 -0.06465595960617065 -0.9378024339675903 0.1606750637292862 0.20751886069774628 -0.08042097091674805 -0.14482338726520538
0.19903843104839325 0.02645597979426384 0.8998490571975708 0.169351264834404 -0.10371388494968414 0.33181124925613403 -0.020502636209130287
-0.5024687051773071 -0.7358670830726624 -0.11402545124292374 -0.1984962671995163 0.1115795224905014 0.33610960841178894 -0.1679368019104004
-0.6063792109489441 -0.21477772295475006 -0.3015006482601166 -0.4071368873119354 0.3773459196090698 0.2936379313468933 -0.3176453709602356
-0.5597360730171204 -0.33659735321998596 -0.707783579826355 0.2048291116952896 0.0030672522261738777 -0.06301954388618469 -0.1628013551235199
0.08853176236152649 -0.3958278000354767 -0.3188360333442688 -0.2069089710712433 -0.3207959532737732 0.5105808973312378 0.5721990466117859
0.5940260887145996 0.06215894967317581 0.7405194640159607 -0.17072536051273346 -0.07190892100334167 0.24566133320331573 -0.015257338993251324
0.11527183651924133 0.6272456049919128 0.2807472348213196 -0.16917429864406586 -0.008170917630195618 -0.6780440807342529 0.16132505238056183
0.10486990958452225 0.6136400699615479 -0.46006545424461365 0.33959898352622986 0.166485995054245 -0.08765378594398499 -0.5000596642494202
-0.4896546006202698 -0.08871987462043762 0.48914235830307007 -0.5334762334823608 0.06161994859576225 -0.4474636912345886 0.1564904749393463
0.195634663105011 0.5165747404098511 0.6062366962432861 -0.013540169224143028 -0.05860726535320282 0.3907335102558136 -0.41359880566596985
-0.6279334425926208 -0.18507403135299683 -0.17850713431835175 0.04244648665189743 0.4383666515350342 -0.03535229712724686 -0.5868266820907593
-0.5024927258491516 -0.18795859813690186 -0.6204186081886292 0.05224177986383438 0.2197980433702469 -0.28087228536605835 -0.44421127438545227
0.3590701222419739 0.5483227372169495 0.3146161735057831 -0.0023009793367236853 -0.03531692177057266 0.3130679726600647 -0.6100519895553589
0.32489004731178284 0.4753512144088745 0.6727328300476074 -0.22457347810268402 -0.3216838240623474 -0.13971807062625885 -0.2061147391796112
0.09878536313772202 -0.2460884004831314 -0.4493461847305298 0.5274537205696106 -0.32812264561653137 -0.5410816669464111 -0.22164982557296753
-0.18822498619556427 -0.709435224533081 -0.6324437856674194 -0.15286831557750702 -0.0639016330242157 0.10681085288524628 0.14975681900978088
-0.5297002792358398 -0.7852131128311157 0.11435998976230621 0.025166474282741547 0.08121450245380402 0.16225960850715637 -0.23711279034614563
-0.2480946183204651 0.18745307624340057 -0.5888264179229736 -0.21362771093845367 0.4420282244682312 0.4079601764678955 -0.38618209958076477
-0.23543590307235718 0.5456975698471069 -0.6829665303230286 -0.008932449854910374 0.29266586899757385 -0.2288021594285965 0.2055656611919403
-0.3766930103302002 0.6189451813697815 0.2845322787761688 -0.596547544002533 -0.12433061748743057 0.017011454328894615 0.149780735373497
0.07681126147508621 -0.5552510619163513 -0.30888476967811584 -0.31518709659576416 -0.18481765687465668 0.2724830210208893 0.6185781955718994
0.2999306321144104 -0.2631065547466278 0.23149985074996948 -0.6479709148406982 0.08113142102956772 0.16180945932865143 0.5784404873847961
-0.2960619330406189 0.3822000324726105 -0.4283285439014435 0.16253113746643066 0.6153185367584229 0.2181994616985321 -0.36077815294265747
-0.09206056594848633 0.030636241659522057 -0.9253261685371399 -0.09345585852861404 0.3476065397262573 0.01302416156977415 0.0679982453584671
-0.6377204656600952 0.3014523684978485 0.20729239284992218 -0.6164971590042114 0.09323687106370926 -0.25588566064834595 -0.07231573760509491
-0.2379719316959381 0.26906833052635193 -0.3054138422012329 0.5823899507522583 0.12646357715129852 -0.2871217727661133 -0.5831671357154846
-0.2180403470993042 0.3164289593696594 -0.2222011834383011 0.6652838587760925 0.4282679855823517 -0.005656647961586714 -0.42060625553131104
-0.5076274275779724 -0.39492297172546387 -0.26363012194633484 -0.2199288308620453 0.6251957416534424 -0.12533527612686157 -0.24880124628543854
0.3390055000782013 0.4150065779685974 0.6399779319763184 0.3290470242500305 0.2432047426700592 0.3570225238800049 0.0915834829211235
-0.20322053134441376 -0.507636547088623 -0.5592023134231567 0.3083568811416626 0.06159810721874237 -0.46227484941482544 -0.2751782536506653
0.6303442716598511 0.01903872936964035 -0.14959895610809326 0.578954815864563 0.46053436398506165 0.17300531268119812 -0.05207999423146248
-0.4010927677154541 -0.08190219849348068 0.5388623476028442 -0.5603981018066406 0.3542899191379547 -0.31761449575424194 0.039971087127923965
-0.19409672915935516 -0.3182166516780853 -0.12321735173463821 0.47955983877182007 -0.12998589873313904 -0.48608383536338806 -0.6022711992263794
0.20489555597305298 -0.07353653013706207 0.7334161996841431 -0.1717647910118103 -0.12474703788757324 -0.0294787734746933 -0.6072701215744019
-0.6266984939575195 -0.6567475199699402 -0.368317574262619 0.018005937337875366 -0.15298007428646088 -0.013164193369448185 0.12795887887477875
-0.3512796461582184 -0.4421117901802063 -0.17931081354618073 0.12290225923061371 0.7752344608306885 -0.11834511160850525 0.1374346762895584
0.0037843300960958004 0.581871509552002 -0.4682482182979584 0.2514357268810272 0.4155369699001312 0.41908225417137146 -0.17502568662166595
0.30194488167762756 -0.7138583660125732 0.224410280585289 0.1679648905992508 -0.24386923015117645 0.4522150754928589 0.23810230195522308
0.24983765184879303 0.009606093168258667 0.011392462998628616 0.06071118637919426 0.07601052522659302 -0.18672576546669006 -0.9450021982192993
0.20913097262382507 0.8584023714065552 0.19038422405719757 0.1422773003578186 0.01707502081990242 -0.19199368357658386 -0.3546373248100281
-0.3782270550727844 -0.15332821011543274 -0.6038492321968079 0.4916350841522217 0.19055350124835968 -0.2784733474254608 -0.336508184671402
0.7423502802848816 -0.6256296634674072 0.10775912553071976 0.13360828161239624 -0.027142737060785294 0.13864575326442719 -0.08989490568637848
0.5044769048690796 -0.2791074216365814 -0.25407493114471436 0.515228807926178 0.48652029037475586 0.3112333118915558 -0.06339704245328903
0.28554660081863403 -0.5021576881408691 0.3149903118610382 0.6766646504402161 0.15320101380348206 -0.21282720565795898 -0.20109935104846954
0.19308561086654663 0.24569737911224365 -0.20582963526248932 0.44054943323135376 0.42914602160453796 -0.3126872181892395 -0.6196463108062744
-0.0029659923166036606 -0.4423140585422516 -0.6999320387840271 0.12856119871139526 -0.45299646258354187 -0.19012315571308136 0.23783214390277863
-0.7257552742958069 0.24688254296779633 0.4219783842563629 -0.354105681180954 -0.23384977877140045 -0.1461198925971985 -0.18120406568050385
-0.17278386652469635 -0.04033203050494194 -0.47239771485328674 -0.33149394392967224 0.3590638339519501 -0.11545989662408829 -0.7022914886474609
-0.5210555195808411 -0.6793579459190369 -0.2980135381221771 -0.14559747278690338 0.3050859272480011 0.14376598596572876 -0.20788705348968506
-0.2912600636482239 0.430016428232193 0.11804497987031937 -0.2514002025127411 0.6758484244346619 -0.41464197635650635 -0.1562618613243103
-0.36805781722068787 -0.30185943841934204 -0.22374868392944336 0.33346620202064514 0.5622215867042542 0.03738202899694443 -0.5428264737129211
-0.39378294348716736 0.853049099445343 0.13880163431167603 -0.0767800360918045 0.2106047421693802 -0.16918137669563293 -0.1382186859846115
-0.13164022564888 -0.6012303233146667 -0.5092524886131287 -0.4629433751106262 -0.16060186922550201 -0.2552911341190338 -0.2378482222557068
-0.3368214964866638 0.34764161705970764 0.15816625952720642 -0.2945508062839508 0.41240620613098145 -0.36274847388267517 0.5935103893280029
-0.07358094304800034 -0.007427307311445475 -0.4923958480358124 0.21407465636730194 0.31198033690452576 0.24079835414886475 -0.7422488927841187
0.7598341107368469 -0.5529771447181702 0.19542592763900757 0.25061458349227905 0.0650862604379654 -0.02972845919430256 -0.10367905348539352
-0.1726233810186386 -0.3280930519104004 -0.6646430492401123 -0.28710898756980896 -0.17506539821624756 -0.09350446611642838 0.546793520450592
-0.14004307985305786 0.7861001491546631 -0.3086332678794861 -0.1521597057580948 0.4072023928165436 0.2795422375202179 0.00835498422384262
-0.42417120933532715 -0.5361357927322388 -0.42768898606300354 -0.14628395438194275 0.26249200105667114 -0.5069047212600708 -0.04965732991695404
0.27524593472480774 -0.7009342312812805 0.0987081304192543 0.24823683500289917 -0.5287629961967468 0.18405590951442719 0.21931523084640503
0.12484680861234665 0.4021081328392029 -0.7122805714607239 0.08316579461097717 0.34105929732322693 -0.1270906925201416 -0.41951003670692444
-0.3896349370479584 -0.8152697682380676 -0.25718483328819275 -0.11475717276334763 0.23049190640449524 0.22452738881111145 0.025835292413830757
-0.07430680841207504 -0.33426544070243835 -0.21430300176143646 0.429704874753952 -0.14399650692939758 -0.48770982027053833 -0.6273573040962219
-0.19148655235767365 0.33202555775642395 -0.5506465435028076 0.002026250120252371 0.4899880290031433 -0.08010519295930862 -0.550791323184967
0.20356735587120056 0.11064320802688599 0.9649471044540405 0.06779829412698746 0.07870954275131226 -0.051637984812259674 -0.041678912937641144
0.3134686350822449 -0.06810269504785538 -0.07088129967451096 0.7093873023986816 0.5400589108467102 0.029095668345689774 -0.3103783130645752
0.3800045847892761 0.008253601379692554 -0.33001139760017395 0.3005262017250061 -0.045109398663043976 -0.5714864134788513 -0.5724275708198547
-0.07787176221609116 0.05277625098824501 -0.9336574077606201 -0.22117429971694946 -0.03159225732088089 -0.16767920553684235 0.2034752070903778
-0.6094326972961426 -0.007355166599154472 -0.533439040184021 0.19020649790763855 -0.09336597472429276 0.0013886609813198447 -0.5468847155570984
0.0866190567612648 -0.5367310643196106 -0.3136647939682007 -0.3135811388492584 -0.19133876264095306 0.29534995555877686 0.6195611953735352
-0.36222249269485474 0.15280738472938538 0.3337480127811432 -0.5605566501617432 -0.5516600608825684 0.3370525538921356 -0.043588992208242416
-0.48405852913856506 -0.6982489228248596 -0.17056424915790558 -0.19442665576934814 -0.2860400676727295 -0.26028552651405334 -0.24834346771240234
0.1811494529247284 -0.5725166201591492 0.1023104339838028 0.5442495346069336 -0.26483431458473206 -0.47188347578048706 -0.1998085230588913
-0.6799288392066956 0.0824756994843483 -0.5835966467857361 0.17689752578735352 0.07266520708799362 0.29277482628822327 -0.26080530881881714
-0.17523983120918274 -0.2989688813686371 -0.49100393056869507 -0.6340627074241638 -0.40260908007621765 -0.2477063536643982 -0.11548081785440445
-0.2320699542760849 -0.7664861679077148 -0.13463252782821655 0.029184333980083466 -0.09955406934022903 -0.5740827918052673 0.013522042892873287
0.442263126373291 0.10183051973581314 -0.6243377327919006 -0.27315205335617065 0.5089338421821594 0.18504907190799713 -0.1907024383544922
0.27649661898612976 -0.6275435090065002 -0.39158788323402405 0.5125334858894348 -0.3337112367153168 0.0031784391030669212 -0.04831050708889961
-0.22578094899654388 -0.4285539388656616 0.8195744156837463 -0.2633865773677826 -0.15135258436203003 0.02270309254527092 0.029440052807331085
0.020910657942295074 -0.7680466771125793 -0.1976068764925003 -0.3277626633644104 -0.17029233276844025 -0.04165094345808029 0.48213690519332886
-0.2294388860464096 -0.8739762306213379 -0.1388426274061203 0.20729079842567444 0.30580419301986694 0.1539803147315979 0.06364265084266663
-0.3620908260345459 0.2671247720718384 -0.24352553486824036 0.14952509105205536 0.7727856040000916 -0.3030449151992798 -0.16382402181625366
-0.15050160884857178 0.27472931146621704 -0.21923324465751648 0.6257039308547974 0.29844340682029724 -0.3467908799648285 -0.5029633045196533
-0.2918383777141571 0.026737835258245468 -0.4522855281829834 0.3410845696926117 0.616270899772644 -0.04640797898173332 -0.45964229106903076
0.6614119410514832 -0.7160872220993042 -0.0027133524417877197 -0.0091679897159338 0.02972237765789032 0.13886573910713196 -0.1717408150434494
0.07797592133283615 -0.36475658416748047 0.04669221118092537 0.20458252727985382 -0.7894790768623352 -0.30288124084472656 -0.3190986216068268
-0.3985244035720825 -0.7018248438835144 -0.3583025634288788 -0.20245243608951569 -0.31335219740867615 0.07370323687791824 -0.2750101089477539
-0.02864682860672474 -0.6133893728256226 -0.7447501420974731 -0.023276491090655327 -0.082740418612957 0.06679679453372955 0.23755116760730743
0.26783227920532227 0.6549933552742004 0.3605191707611084 -0.0034788642078638077 -0.4089497923851013 -0.36193451285362244 -0.2665087878704071
0.42533570528030396 -0.3906714916229248 -0.44320863485336304 0.10106582939624786 -0.4330698847770691 -0.08912248909473419 -0.5141251683235168
-0.15348324179649353 0.22918389737606049 -0.013306058011949062 0.49059221148490906 0.32278046011924744 -0.14654384553432465 -0.7465906143188477
-0.28232377767562866 0.16062979400157928 0.6654637455940247 -0.36521005630493164 0.10922890901565552 -0.4915481209754944 0.2544020116329193
-0.11634476482868195 0.758337140083313 0.589863121509552 -0.04953508824110031 -0.09695141017436981 -0.055127836763858795 -0.2203580141067505
0.38003069162368774 -0.02227952890098095 0.4265768826007843 -0.045580364763736725 -0.5748440623283386 0.5276280045509338 0.2493947595357895
-0.43355655670166016 -0.20376694202423096 0.5527454614639282 -0.3329647183418274 0.3741220533847809 -0.18244391679763794 0.42527827620506287
-0.12802055478096008 0.09749662131071091 -0.9455657005310059 0.1983264833688736 -0.0653035044670105 -0.18196412920951843 -0.057460151612758636
-0.4242449104785919 0.4308124780654907 -0.6488776206970215 0.07609168440103531 0.42247191071510315 0.028321009129285812 -0.16822652518749237
-0.42949336767196655 -0.1529100090265274 -0.572531521320343 -0.0965469479560852 0.439917653799057 0.2073972523212433 -0.4674389958381653
0.3860850930213928 -0.009617763571441174 -0.3541567623615265 0.5160179734230042 0.39030322432518005 -0.5192059278488159 0.19295819103717804
-0.18960072100162506 -0.1596425175666809 -0.8576157093048096 0.21785447001457214 0.24179872870445251 -0.2370557337999344 -0.20233285427093506
-0.49586042761802673 0.2648078501224518 -0.34952569007873535 0.2761092185974121 0.24119994044303894 -0.3395472764968872 -0.5586815476417542
0.1047295555472374 0.3408198654651642 0.7660743594169617 0.01925559900701046 -0.3411172330379486 0.08140063285827637 0.4032938778400421
0.06740250438451767 0.6026803255081177 0.6716160774230957 0.08488237112760544 0.0706746056675911 -0.3973226249217987 -0.10535643994808197
-0.5199727416038513 0.2239106297492981 -0.30018356442451477 0.278885155916214 0.5457170605659485 -0.4623831510543823 -0.00016355521802324802
-0.3965357542037964 -0.4034051299095154 -0.15514454245567322 -0.11880213022232056 0.018474934622645378 0.7883989810943604 -0.14115826785564423
-0.14562974870204926 0.2521366477012634 -0.8494724035263062 0.13629236817359924 0.4171960949897766 0.031233416870236397 0.0034735295921564102
-0.09452399611473083 -0.9223788380622864 0.1743251085281372 -0.319452166557312 -0.06217663735151291 -0.01079647894948721 0.062137145549058914
0.15639261901378632 0.7113839983940125 -0.4650906026363373 0.39993757009506226 0.1881791353225708 0.22903677821159363 -0.07311426848173141
-0.36960822343826294 -0.7546075582504272 -0.2008301019668579 -0.3244483172893524 0.13632294535636902 0.3171594440937042 -0.17083235085010529
-0.3720568120479584 -0.7376545667648315 -0.3247129023075104 -0.27331241965293884 0.11740714311599731 0.3153325319290161 -0.15518511831760406
0.3909660279750824 0.13095766305923462 0.37810271978378296 -0.008711161091923714 -0.20294897258281708 -0.5105467438697815 0.6205737590789795
0.6364668011665344 -0.4665144085884094 -0.14699453115463257 0.33788228034973145 0.19878454506397247 -0.02725287526845932 -0.4486027956008911
-0.12304993718862534 0.48519575595855713 -0.6659402251243591 0.19139321148395538 0.5113113522529602 0.03142772242426872 0.0831206664443016
-0.17501984536647797 -0.1110171526670456 0.3908720314502716 -0.675021231174469 -0.2728530168533325 0.27676302194595337 -0.4444795846939087
-0.3979603946208954 -0.09658269584178925 -0.4880598187446594 0.14694258570671082 -0.0025798827409744263 -0.3253452181816101 -0.6831167936325073
-0.44398781657218933 0.3521008789539337 -0.4958125650882721 0.3350691497325897 0.5141698718070984 -0.2375423014163971 -0.0011659386800602078
0.2901637554168701 0.8030878305435181 0.01608309894800186 0.24930687248706818 0.3323807120323181 0.27063265442848206 -0.15723654627799988
-0.22452259063720703 0.15918771922588348 -0.5711387991905212 0.10139332711696625 0.5495343208312988 0.5325101613998413 -0.047049541026353836
0.44803935289382935 -0.006160860415548086 -0.30008769035339355 0.3942576050758362 -0.16520383954048157 -0.1732528805732727 -0.7045723795890808
-0.18333561718463898 0.18889783322811127 -0.32766687870025635 0.44533899426460266 0.5584055781364441 0.021202638745307922 -0.5592378973960876
0.2998271882534027 0.27526506781578064 0.7764889001846313 0.4051090478897095 0.08882980793714523 0.2416754961013794 -0.03141128644347191
0.15265953540802002 0.01179495733231306 -0.8632736802101135 0.2488960474729538 0.35839781165122986 -0.20087699592113495 0.02376178652048111
-0.2328089028596878 0.32382932305336 0.42653948068618774 -0.4747418165206909 -0.5634338855743408 0.34070685505867004 0.008941734209656715
0.24668914079666138 -0.6481955051422119 -0.47309404611587524 0.43305784463882446 -0.3223848044872284 0.06073671579360962 0.002990961540490389
-0.09303832054138184 0.8347261548042297 0.2922963500022888 0.3979369103908539 0.10458759218454361 0.06551847606897354 -0.1885572224855423
0.07487627118825912 0.2413363754749298 -0.7935842275619507 -0.43691208958625793 0.14240461587905884 0.030040422454476357 -0.3070842921733856
-0.13824421167373657 -0.7469224333763123 -0.13703607022762299 -0.23562799394130707 -0.3618362247943878 0.3550524413585663 0.3028337061405182
-0.4191679060459137 0.17134922742843628 -0.2385835349559784 0.44300130009651184 0.1998928189277649 -0.40472427010536194 -0.5813834071159363
-0.22205926477909088 0.5983738303184509 0.1289784014225006 -0.17448411881923676 0.3572309911251068 -0.24544139206409454 -0.5980826616287231
0.0824255719780922 0.6624739170074463 -0.47517430782318115 0.39527398347854614 0.12705960869789124 0.11975165456533432 -0.3765867054462433
-0.6721658110618591 -0.23397544026374817 -0.5606400966644287 0.07676327228546143 -0.33857637643814087 -0.2040145844221115 -0.13031813502311707
-0.20413382351398468 -0.8401025533676147 -0.0967681035399437 0.21264512836933136 0.2927413284778595 0.33507654070854187 0.0011577410623431206
-0.12677256762981415 -0.7660722136497498 0.07243577390909195 -0.15839175879955292 -0.21768900752067566 0.5197229981422424 0.221871018409729
0.24978511035442352 0.12301355600357056 0.8622579574584961 -0.09861385822296143 -0.24118901789188385 -0.3182797133922577 0.09893190860748291
0.3348696529865265 0.719336986541748 0.27979981899261475 -0.1865098625421524 -0.38980716466903687 -0.31378674507141113 0.08325306326150894
0.029788872227072716 0.5387304425239563 0.42123711109161377 -0.4528600573539734 -0.2097678929567337 0.19556060433387756 0.49407759308815
0.19081103801727295 0.8356031179428101 0.21809563040733337 0.02054884098470211 0.268359899520874 -0.37252119183540344 -0.08112724870443344
0.7350257039070129 -0.48433196544647217 -0.12666870653629303 0.01820363663136959 -0.042639248073101044 0.44096505641937256 -0.11187057942152023
0.6370503306388855 -0.09290888905525208 0.6772182583808899 -0.19706858694553375 -0.07656752318143845 0.28654879331588745 0.01007239893078804
0.40887781977653503 -0.13164246082305908 -0.5937192440032959 0.27697399258613586 -0.29091450572013855 -0.541139543056488 -0.09385519474744797
-0.2203752100467682 0.21131546795368195 -0.810083270072937 0.38950613141059875 0.22781792283058167 -0.016738740727305412 -0.21598486602306366
-0.251261442899704 0.7367774248123169 -0.03537354618310928 -0.2226414978504181 0.4789748191833496 0.038524333387613297 -0.3351196348667145
-0.1851179003715515 -0.4374515414237976 -0.8259018063545227 -0.2344028651714325 0.08809017390012741 0.09229862689971924 0.14501795172691345
-0.028254259377717972 -0.18603141605854034 -0.2886013686656952 0.4137158691883087 -0.36401811242103577 -0.16333498060703278 -0.7422633767127991
-0.03674367442727089 -0.12740164995193481 -0.539962112903595 0.6380504965782166 0.16776524484157562 -0.2230561226606369 -0.45370927453041077
-0.4105934798717499 0.3772045373916626 -0.0052177985198795795 -0.6834677457809448 -0.3054421544075012 0.34876924753189087 0.08390136808156967
0.7431822419166565 -0.17836619913578033 -0.22793743014335632 0.30753371119499207 -0.26288723945617676 -0.36560943722724915 -0.25797903537750244
-0.21555477380752563 0.01238612737506628 -0.8941123485565186 -0.022456884384155273 0.3571609854698181 -0.12773115932941437 0.09778653085231781
-0.23137356340885162 -0.4510999619960785 -0.449929803609848 -0.1395491510629654 0.5674617886543274 0.37550702691078186 0.24092742800712585
0.34982603788375854 -0.07374750077724457 0.531869649887085 -0.04343352094292641 -0.20609287917613983 0.023275228217244148 0.7378314733505249
0.5033033490180969 0.06949504464864731 -0.1651148796081543 0.22837206721305847 0.19600872695446014 0.06321603059768677 -0.7874159216880798
0.008066534996032715 0.6425881385803223 0.3649340867996216 0.3314360976219177 0.28336501121520996 0.002284148707985878 -0.5135053396224976
-0.20149461925029755 0.05244094505906105 -0.8960906267166138 0.15751107037067413 0.20971229672431946 0.04183472692966461 0.28832682967185974
0.08332069963216782 -0.7856971025466919 -0.14988552033901215 -0.5293780565261841 0.12361710518598557 -0.028618985787034035 -0.23860155045986176
0.3559247553348541 -0.3598293662071228 0.08399084210395813 0.5686375498771667 0.19346222281455994 0.03260549157857895 -0.612328827381134
-0.3113528788089752 -0.7258133292198181 -0.08035954087972641 -0.3619285821914673 -0.1851867437362671 0.05193796753883362 0.4492359459400177
-0.08505167812108994 -0.001667252043262124 -0.33497124910354614 -0.08982472866773605 0.16936922073364258 -0.007397681009024382 -0.9185579419136047
-0.31392860412597656 -0.3372928202152252 -0.6043051481246948 -0.5396193861961365 0.02941063418984413 -0.30053266882896423 -0.2003091275691986
-0.06424051523208618 0.5778671503067017 -0.03777671605348587 -0.6059389710426331 0.273542195558548 0.3234570622444153 -0.3374965488910675
-0.37224873900413513 0.5347906947135925 0.3843573331832886 -0.11595205962657928 0.44679564237594604 -0.09792262315750122 -0.45281243324279785
-0.021072573959827423 -0.2631610035896301 0.5493077039718628 -0.38369643688201904 -0.24774503707885742 0.47075098752975464 0.4453720152378082
-0.27070796489715576 -0.2169150561094284 0.5503695011138916 -0.5881240367889404 -0.17118701338768005 0.44263795018196106 0.0750679299235344
-0.3254847824573517 -0.11442068964242935 -0.8558906316757202 0.0699000433087349 0.2735024094581604 -0.09077899158000946 -0.24594363570213318
-0.2135000377893448 -0.37685370445251465 0.47167128324508667 -0.6007523536682129 -0.25311359763145447 -0.20562314987182617 0.35024914145469666
-0.19835735857486725 -0.29941943287849426 -0.4705999791622162 -0.26502758264541626 0.5979014039039612 0.3378070890903473 -0.32817479968070984
-0.13247443735599518 0.9051734209060669 0.19383473694324493 -0.09200609475374222 0.06878592818975449 -0.15304145216941833 -0.2981969118118286
-0.2042151391506195 0.5715837478637695 0.15378805994987488 -0.32090842723846436 0.6466162800788879 0.21075306832790375 0.20597505569458008
0.3973551094532013 0.363768607378006 -0.258986234664917 0.33863911032676697 0.703796923160553 -0.04196815937757492 -0.17589664459228516
-0.3017456531524658 -0.6244445443153381 0.045913923531770706 -0.034201811999082565 -0.7122009992599487 0.04464683681726456 0.08072920143604279
-0.3361578583717346 -0.2571772634983063 0.5037725567817688 -0.2897825241088867 -0.653950035572052 -0.057244133204221725 0.22840645909309387
-0.5535294413566589 -0.533672034740448 -0.4414072632789612 0.010182593017816544 -0.26524171233177185 0.37656423449516296 -0.04124962165951729
0.33784765005111694 -0.3582383096218109 0.28286731243133545 0.5120970606803894 0.24956898391246796 -0.30937814712524414 -0.5072154402732849
-0.5259730815887451 0.5504941344261169 0.15846198797225952 -0.0020438169594854116 0.280788391828537 0.020094193518161774 -0.5620927214622498
0.11803139746189117 0.8115009665489197 0.04989439994096756 0.10689548403024673 0.4404368996620178 0.005901625379920006 -0.34583109617233276
-0.29635560512542725 -0.7718435525894165 0.2811301350593567 -0.4398040771484375 -0.14548636972904205 0.03569444641470909 0.1467267870903015
0.2629254162311554 -0.7443885803222656 0.29944002628326416 0.46890053153038025 0.18226131796836853 -0.0778745785355568 -0.16715297102928162
0.34194958209991455 -0.7540158033370972 0.1568996161222458 0.24068400263786316 -0.11687010526657104 0.4010767638683319 0.23971490561962128
0.5517001152038574 -0.17203330993652344 -0.4000154137611389 0.6627074480056763 -0.08372508734464645 -0.2197907716035843 -0.10733174532651901
-0.03053918108344078 0.27019014954566956 -0.032293014228343964 0.3443147838115692 0.15029661357402802 -0.6112250685691833 -0.6405341029167175
0.44909971952438354 -0.5338181257247925 -0.07219675928354263 0.4883119463920593 0.4160303771495819 0.09720940887928009 -0.2952214181423187
-0.2233867049217224 -0.38207152485847473 -0.6430417895317078 -0.20009461045265198 -0.5730524063110352 0.11191917955875397 0.0983068197965622
0.16724726557731628 0.47647610306739807 0.65172278881073 0.04817178100347519 -0.39789751172065735 -0.18200021982192993 -0.355653315782547
-0.37682002782821655 0.5519744157791138 0.5370601415634155 -0.24202163517475128 0.06157582998275757 -0.4444403648376465 -0.07073944807052612
0.37200728058815 0.38573509454727173 0.6955292820930481 0.16179007291793823 0.4206027388572693 -0.11339542269706726 -0.11452838778495789
0.15152861177921295 -0.022076956927776337 -0.23200920224189758 0.6713303923606873 0.6058642268180847 0.19671888649463654 -0.25742796063423157
-0.34866756200790405 0.37928929924964905 -0.4839581549167633 0.09804601222276688 0.5115566253662109 -0.07813195139169693 -0.4721728563308716
-0.47146424651145935 0.37828221917152405 0.20508141815662384 -0.464875191450119 0.5646449327468872 -0.13781175017356873 -0.19657228887081146
-0.1672687828540802 0.5800725221633911 0.5725457668304443 -0.48000478744506836 -0.08747780323028564 -0.2467583268880844 0.09371096640825272
0.628762423992157 -0.15110889077186584 -0.5003536939620972 0.5489726066589355 -0.0936969593167305 0.14298070967197418 0.029606927186250687
0.6888104677200317 -0.14449332654476166 -0.21103417873382568 0.3452330231666565 0.007875028997659683 -0.4392479360103607 -0.3846295177936554
-0.3056015968322754 0.3646048307418823 -0.503058671951294 -0.008675860241055489 0.3273366391658783 -0.40142884850502014 -0.502228319644928
0.4301835000514984 -0.026432447135448456 -0.06760158389806747 0.6353740692138672 0.20136630535125732 0.2841934859752655 -0.5335343480110168
-0.25193047523498535 -0.20976890623569489 0.5113552808761597 -0.5401936173439026 -0.3553324341773987 0.2425759732723236 0.39259442687034607
0.21460066735744476 -0.04116816073656082 -0.345862478017807 0.7061542272567749 -0.02039513736963272 -0.31886833906173706 -0.48154333233833313
0.059271350502967834 0.46146902441978455 -0.6706918478012085 0.05241828039288521 0.14871980249881744 -0.5332323908805847 -0.15653659403324127
-0.32175686955451965 -0.21870550513267517 -0.4917295277118683 -0.07448911666870117 0.5361647009849548 -0.08978220075368881 -0.5529561638832092
-0.08533890545368195 0.9143234491348267 -0.17514516413211823 -0.1936200112104416 0.27162525057792664 0.038669999688863754 0.11528094857931137
0.5235177874565125 -0.5272372364997864 -0.1669614464044571 0.26563760638237 0.17221270501613617 -0.056091465055942535 -0.5627673864364624
0.45386794209480286 -0.2522949278354645 0.05038155987858772 -0.01217442937195301 -0.5383496284484863 -0.17233432829380035 -0.6388624310493469
-0.343786358833313 0.7073599696159363 0.10175758600234985 -0.4601742923259735 -0.09068969637155533 -0.27476567029953003 0.27498552203178406
-0.21080711483955383 -0.47191768884658813 -0.3307702839374542 -0.3485755920410156 0.07510115206241608 -0.6443763375282288 -0.28474387526512146
0.1714470088481903 -0.08109232038259506 0.355225533246994 -0.8283256888389587 0.034237440675497055 0.3878640830516815 0.010509843938052654
0.19302812218666077 0.8061272501945496 0.3673066198825836 0.25979122519493103 -0.2380836009979248 0.20341694355010986 -0.11149461567401886
-0.6916617155075073 -0.49113982915878296 -0.16330857574939728 0.011552969925105572 0.35870039463043213 0.19178420305252075 -0.29687604308128357
-0.1625533103942871 0.270801842212677 0.3873331844806671 -0.8177918195724487 -0.20842406153678894 -0.19338548183441162 0.024367505684494972
-0.4825907349586487 0.031979262828826904 -0.6294385194778442 0.3945764899253845 0.07004905492067337 0.14955873787403107 -0.4323486387729645
0.10167226195335388 -0.2328987866640091 0.17728012800216675 0.4257003664970398 0.26275867223739624 -0.23735013604164124 -0.7729130983352661
-0.1220286414027214 -0.14285393059253693 -0.37610113620758057 -0.2325972318649292 0.4422001540660858 -0.04889903590083122 -0.7557883858680725
0.16324354708194733 -0.04033353924751282 0.7686387896537781 0.1890438050031662 0.28285670280456543 -0.08745358884334564 0.5074697732925415
-0.30526962876319885 0.39949652552604675 -0.6268364191055298 0.30283504724502563 0.3370542824268341 -0.19870223104953766 -0.3308956027030945
0.3819340765476227 -0.013047429732978344 0.5484166741371155 -0.05010833591222763 -0.28697487711906433 0.2498960942029953 0.6370884776115417
-0.27213430404663086 0.9360653162002563 0.1397899091243744 -0.12991009652614594 0.08859225362539291 0.06708591431379318 0.030945302918553352
0.36749640107154846 0.020408455282449722 -0.4276838004589081 0.41191625595092773 0.07275411486625671 -0.3369882106781006 -0.6269667744636536
0.15839186310768127 0.12746870517730713 -0.027505572885274887 0.24878917634487152 -0.24605637788772583 -0.6552836298942566 -0.6372368335723877
-0.015443938784301281 0.4364925026893616 -0.22070908546447754 0.24768570065498352 0.24960799515247345 -0.7844009399414062 -0.14692218601703644
-0.22678425908088684 0.13558892905712128 0.5777876973152161 -0.24239276349544525 -0.09891881793737411 0.7260909676551819 -0.024468349292874336
0.28074413537979126 -0.2024817317724228 0.7927052974700928 -0.12778997421264648 -0.3091962933540344 0.29277944564819336 0.23270103335380554
-0.41793787479400635 0.13855069875717163 0.4030304253101349 -0.5718346834182739 -0.515251100063324 0.20035214722156525 -0.10525435954332352
-0.21879929304122925 0.14323998987674713 -0.9142905473709106 -0.17186294496059418 0.07304698973894119 0.17273835837841034 -0.17598512768745422
-0.22256624698638916 0.4073740839958191 0.406333327293396 0.18655605614185333 0.5565027594566345 -0.5065003037452698 -0.13550974428653717
-0.027382614091038704 0.3380977511405945 -0.6823313236236572 0.512120246887207 0.3726867735385895 -0.0882868617773056 -0.10201441496610641
0.4319966435432434 -0.06914619356393814 0.8232958316802979 -0.17528636753559113 -0.15046988427639008 0.11385731399059296 -0.2538735568523407
0.033648531883955 -0.6312021017074585 0.30375128984451294 0.15871936082839966 -0.6317136883735657 0.20851710438728333 -0.20113041996955872
-0.3601638078689575 0.17620719969272614 0.5944457054138184 -0.5031335353851318 -0.48041635751724243 0.009775233455002308 -0.04276147857308388
-0.04389149695634842 -0.49111947417259216 -0.6909311413764954 0.08175451308488846 0.05944831669330597 0.06621994078159332 0.514671266078949
0.14374369382858276 0.43056225776672363 -0.20744191110134125 0.5850249528884888 0.5113552808761597 -0.015271510928869247 -0.3833406865596771
0.18549998104572296 0.23852910101413727 0.646601676940918 -0.19730597734451294 -0.6054581999778748 0.25318652391433716 -0.14486980438232422
0.08893851190805435 -0.022662311792373657 0.8812685012817383 0.3036264479160309 -0.25541871786117554 0.20869028568267822 -0.11816401034593582
0.6142253279685974 -0.6137339472770691 0.008672774769365788 -0.04607945680618286 -0.4205397069454193 0.040994178503751755 0.2555878758430481
0.3979961574077606 -0.1480204164981842 -0.4769396483898163 0.25351443886756897 -0.0493854321539402 -0.45214349031448364 -0.5666351318359375
-0.5156946182250977 -0.5820793509483337 -0.3026253879070282 -0.09518823027610779 0.4511946737766266 0.2187667340040207 -0.207760289311409
-0.05476990342140198 0.03813556954264641 -0.877089262008667 -0.214388906955719 0.09383583068847656 -0.26566267013549805 0.31767258048057556
-0.024025283753871918 0.6109707951545715 0.27539825439453125 -0.5664010643959045 0.11164139211177826 -0.3659684658050537 -0.28824710845947266
-0.42012038826942444 0.0021916728001087904 0.35493865609169006 -0.36582788825035095 -0.015783607959747314 0.7506181597709656 0.002430520486086607
-0.3878530263900757 -0.5187286734580994 -0.7148795127868652 -0.09592467546463013 0.11184157431125641 -0.15796251595020294 -0.1509164422750473
0.14154185354709625 0.32792583107948303 -0.23567302525043488 0.4577455520629883 0.20570340752601624 -0.49495160579681396 -0.5657445192337036
-0.5368563532829285 0.3669884204864502 0.2441793829202652 -0.4171103239059448 0.5692182779312134 0.0034871117677539587 -0.13956527411937714
0.4273020327091217 0.4322614371776581 -0.5871878862380981 0.18000614643096924 0.409038245677948 -0.2909589111804962 -0.037438832223415375
-0.0733344703912735 0.39741626381874084 -0.6015113592147827 0.03470183536410332 0.29239776730537415 -0.3364919424057007 -0.5243463516235352
-0.41355136036872864 -0.4424495995044708 -0.6306231617927551 -0.20712044835090637 -0.3010363280773163 0.15064392983913422 -0.28162524104118347
-0.12400026619434357 0.3246333599090576 -0.37410295009613037 0.16722708940505981 0.6150412559509277 -0.20581260323524475 -0.5391517877578735
-0.07516007125377655 0.19623927772045135 -0.4830496609210968 0.4726780354976654 0.5941368937492371 0.023251133039593697 -0.38149744272232056
-0.3759682774543762 -0.5723515152931213 -0.21291109919548035 -0.031761493533849716 0.02081076055765152 0.6928768157958984 -0.06488721072673798
0.07493135333061218 0.03029690310359001 0.955301821231842 0.22577467560768127 0.15858852863311768 0.05596097931265831 -0.04012105241417885
0.22645780444145203 0.4286918640136719 -0.5311579704284668 0.5840803980827332 0.3227676451206207 -0.1538683921098709 -0.1175028383731842
-0.15521322190761566 -0.5099788904190063 -0.23293080925941467 -0.37544187903404236 -0.40535715222358704 0.4543175995349884 0.3871666193008423
0.3302053213119507 -0.30864304304122925 -0.22531744837760925 0.7037535905838013 -0.060707200318574905 -0.4226751923561096 -0.25947484374046326
0.6459857821464539 0.10555225610733032 -0.5500416159629822 0.31398576498031616 0.11842340975999832 -0.3036901354789734 -0.25333085656166077
0.44055166840553284 -0.02242596261203289 -0.06953012198209763 0.6639114618301392 0.43620991706848145 0.07594523578882217 -0.40466228127479553
-0.4895170032978058 -0.6097782254219055 -0.20713886618614197 -0.1045580729842186 0.16814009845256805 0.5535645484924316 2.882692115235841e-06
-0.4529075622558594 0.7444848418235779 0.009506648406386375 0.07256493717432022 -0.17184188961982727 -0.25314491987228394 -0.3763629198074341
-0.3586649000644684 -0.7359704971313477 -0.1650441288948059 0.1310964971780777 0.29218268394470215 0.44090884923934937 -0.07422708719968796
0.332850843667984 -0.44657039642333984 0.2258765548467636 0.1699303537607193 0.05534002557396889 -0.2857624590396881 -0.724683403968811
0.35397496819496155 -0.6741030216217041 -0.05072867497801781 0.40387144684791565 -0.3436189591884613 -0.3182554841041565 -0.1877252459526062
0.5764530301094055 -0.5740391612052917 0.020826010033488274 -0.03603830561041832 -0.19048404693603516 0.36288321018218994 0.4104633331298828
0.17884033918380737 -0.3502267897129059 0.7508625984191895 -0.16776755452156067 -0.471940815448761 0.13575036823749542 -0.11072728782892227
0.6910362243652344 -0.4430459141731262 -0.04929841682314873 0.07497108727693558 -0.29764237999916077 0.4329890310764313 -0.20507998764514923
0.21294566988945007 -0.11749770492315292 -0.07283201068639755 0.5962799191474915 -0.3765733540058136 -0.5830510258674622 -0.3134297728538513
0.24339671432971954 -0.002463189885020256 0.6813209652900696 -0.26536568999290466 -0.32751545310020447 0.4004027843475342 -0.37221759557724
0.25002139806747437 -0.11485591530799866 -0.028417548164725304 0.7212466597557068 0.5268406867980957 -0.06213194504380226 -0.34910106658935547
0.18076196312904358 -0.7725796103477478 0.37181711196899414 0.23002704977989197 -0.2796503007411957 0.2923806607723236 0.1248791515827179
0.5228780508041382 -0.11821926385164261 -0.4548451006412506 0.6341879367828369 -0.21053466200828552 -0.015735900029540062 -0.24284125864505768
-0.2812376916408539 0.1743115931749344 -0.004524426069110632 0.45512014627456665 0.3841440677642822 -0.2264668494462967 -0.6960691213607788
-0.38312968611717224 0.7207212448120117 0.1848340481519699 -0.3422429859638214 0.3012818694114685 -0.2730226218700409 -0.13102088868618011
0.40340903401374817 0.09964537620544434 0.7430504560470581 -0.40346476435661316 0.023384327068924904 0.33427876234054565 0.011619657278060913
0.4791276156902313 -0.4400274455547333 0.12495149672031403 0.24900174140930176 -0.11985722929239273 0.14562764763832092 -0.6808998584747314
-0.5142544507980347 0.41451314091682434 0.2440958321094513 -0.048353902995586395 0.5096414089202881 -0.33570533990859985 -0.35967737436294556
-0.23663899302482605 -0.11951081454753876 0.7399201989173889 -0.4700496196746826 -0.12699101865291595 0.1767207384109497 -0.33754053711891174
0.6832091808319092 0.02157530188560486 -0.42233574390411377 0.21261084079742432 -0.03702577203512192 -0.35592368245124817 -0.42560094594955444
-0.29081183671951294 0.46722647547721863 -0.14621905982494354 -0.7335091233253479 -0.2659676969051361 -0.04124637320637703 0.2554839849472046
-0.09793876856565475 0.7596433758735657 0.18502219021320343 -0.39780697226524353 0.2601587772369385 -0.3907811641693115 -0.021767066791653633
-0.5184593200683594 0.11740173399448395 -0.446085661649704 0.09024085104465485 0.4621924161911011 0.05735855922102928 -0.5416355133056641
0.07123108208179474 -0.3384000360965729 0.3587908446788788 0.37580496072769165 0.16867317259311676 -0.14129140973091125 -0.7496916055679321
-0.3212668299674988 -0.2305174022912979 -0.5808725357055664 -0.058630429208278656 -0.5683013796806335 0.3590855002403259 0.22558815777301788
0.5589249730110168 -0.4515291154384613 -0.13643641769886017 0.4455117881298065 0.4880220890045166 0.1365959495306015 -0.09901838004589081
0.36621060967445374 0.844664990901947 0.34094032645225525 0.11047985404729843 -0.049006011337041855 0.02629610151052475 0.14453940093517303
0.8897936940193176 -0.3975081741809845 -0.15609198808670044 0.08696084469556808 0.09016673266887665 0.08562596887350082 -0.05353087931871414
-0.5211780667304993 -0.6748418211936951 0.03223523870110512 0.0812518447637558 0.4393259286880493 0.059458013623952866 0.26225632429122925
-0.6652716398239136 -0.48589271306991577 0.028118666261434555 0.01484458427876234 0.3499211370944977 0.14161904156208038 -0.4216753840446472
-0.08727037161588669 0.3914247453212738 0.8618975877761841 0.0916278138756752 0.26971235871315 0.03077610209584236 -0.11922821402549744
0.5483889579772949 -0.5737777352333069 0.09107256680727005 0.14429157972335815 -0.16977962851524353 0.2676609456539154 -0.49037423729896545
0.46862709522247314 -0.32106783986091614 0.04025152698159218 0.5122391581535339 0.027753187343478203 0.26928696036338806 -0.5831030011177063
-0.06007017567753792 0.3225882053375244 -0.49872297048568726 0.6264022588729858 0.231371209025383 -0.18701446056365967 -0.40338173508644104
0.08976878225803375 0.29987335205078125 -0.43266138434410095 0.5704159140586853 0.30459925532341003 -0.391719788312912 -0.378447026014328
-0.42386364936828613 0.038794562220573425 -0.4008091688156128 -0.2222791165113449 0.5726969242095947 0.14291614294052124 -0.5102664828300476
0.2922808825969696 -0.10184750705957413 -0.048055101186037064 0.69465571641922 0.5715636610984802 -0.03150971233844757 -0.3027627170085907
-0.20524755120277405 -0.06482712179422379 -0.919450044631958 -0.13570670783519745 -0.1342409998178482 -0.26716986298561096 -0.02158629521727562
-0.0812036395072937 -0.7748778462409973 -0.004875238984823227 -0.3013964891433716 -0.007046305574476719 0.20617732405662537 0.5094584226608276
0.12337186932563782 0.13135793805122375 -0.07450319081544876 0.6388955116271973 0.46153461933135986 -0.0039001612458378077 -0.5837438106536865
-0.5128682851791382 -0.030674884095788002 0.48204338550567627 -0.4412067234516144 0.12177930772304535 0.5085195302963257 0.188609778881073
0.4000619053840637 0.5368057489395142 0.4306165277957916 -0.20828008651733398 -0.18115752935409546 -0.3743189573287964 -0.38735800981521606
-0.19550572335720062 0.5524306297302246 -0.15074235200881958 0.4160601496696472 0.2075185775756836 0.1734333336353302 -0.6225957870483398
0.4131908416748047 0.366346150636673 -0.2731022834777832 0.27212628722190857 0.47442615032196045 -0.15613409876823425 -0.5449479222297668
0.49565601348876953 -0.5524866580963135 -0.07396340370178223 0.3174123167991638 0.038372572511434555 -0.4776783585548401 0.3364717662334442
-0.4340631663799286 -0.7487832903862 -0.24722029268741608 0.03005429543554783 0.17755642533302307 0.39256829023361206 0.05705684423446655
0.2638331651687622 0.07573279738426208 0.9309893250465393 0.03542989492416382 0.03249361738562584 0.07240845263004303 -0.22441355884075165
-0.3289201259613037 -0.3051382601261139 -0.566189169883728 -0.11996684968471527 -0.015000985004007816 -0.6078817844390869 0.30658531188964844
-0.21472255885601044 0.08110864460468292 -0.292503297328949 -0.3406723439693451 0.20442578196525574 0.05257497355341911 -0.8373444676399231
0.2730295956134796 0.34264978766441345 -0.5038241744041443 0.41932153701782227 0.31504538655281067 -0.27180051803588867 -0.4530424475669861
-0.08763206750154495 -0.576794445514679 0.13371293246746063 0.4801839590072632 0.029815858229994774 -0.02986670285463333 -0.6398375034332275
0.14461174607276917 0.365316778421402 -0.41157060861587524 0.40730956196784973 0.28155457973480225 -0.4406072199344635 -0.48675647377967834
-0.6425081491470337 -0.17424160242080688 -0.6590732932090759 0.019446667283773422 -0.03305668383836746 0.26768380403518677 -0.22208118438720703
-0.0808105319738388 -0.48019835352897644 -0.6998866200447083 -0.28451353311538696 0.13227291405200958 -0.4094332456588745 -0.08341601490974426
-0.0066785854287445545 0.352241188287735 -0.424201101064682 0.3156065344810486 0.06848672777414322 -0.7070791125297546 -0.30278074741363525
0.2723531723022461 -0.2365397959947586 -0.6723914742469788 -0.492856502532959 -0.1360476315021515 -0.024561714380979538 -0.39464232325553894
0.19593289494514465 -0.20180925726890564 0.09670068323612213 0.5671640038490295 0.06100298836827278 0.17698292434215546 -0.7448577284812927
-0.034051746129989624 -0.565071165561676 -0.5989892482757568 -0.3940281271934509 -0.28376665711402893 -0.066883884370327 -0.28371089696884155
0.18333294987678528 0.5380696058273315 -0.6119288802146912 -0.09699723869562149 0.5226057171821594 0.05477916821837425 -0.12995103001594543
0.2281990647315979 -0.7784290909767151 0.3371184468269348 0.15077003836631775 0.13890552520751953 -0.0606607049703598 0.42733868956565857
-0.0715329647064209 -0.06397134810686111 -0.6357504725456238 -0.1655389368534088 0.7264705896377563 0.1765991449356079 -0.016191160306334496
-0.6082521677017212 -0.44572028517723083 -0.24658486247062683 0.10844128578901291 0.49422487616539 0.1842430979013443 -0.2838931977748871
-0.1431826651096344 0.20062601566314697 -0.42029622197151184 0.2493440806865692 0.7588505148887634 -0.15304529666900635 -0.31804022192955017
0.3586750626564026 0.2067844271659851 -0.7537199258804321 0.21903786063194275 -0.225722536444664 -0.20973478257656097 -0.34290188550949097
0.4456883668899536 0.7310065031051636 0.07038313150405884 0.018024573102593422 0.3744086027145386 -0.347650945186615 0.02587883360683918
0.022275187075138092 -0.7890613079071045 0.031200425699353218 -0.24710680544376373 -0.1206478551030159 0.419175386428833 0.35296890139579773
-0.19387690722942352 0.4089038074016571 -0.5806136131286621 -0.20459552109241486 0.3488083779811859 -0.37694236636161804 -0.3904934227466583
0.09707646071910858 0.2750292122364044 -0.2255534529685974 0.5829447507858276 0.6105766296386719 -0.10415736585855484 -0.3749447166919708
0.018061574548482895 -0.5153080224990845 -0.45154544711112976 -0.35952433943748474 -0.02384544163942337 -0.5131794214248657 0.3702142834663391
-0.13169749081134796 0.3578301966190338 0.08003292232751846 0.486045241355896 0.26126304268836975 -0.18737642467021942 -0.7131617665290833
0.29883626103401184 0.4829607605934143 0.6139425039291382 0.1904253214597702 0.2543655335903168 0.12822699546813965 -0.4279188811779022
0.2856799066066742 0.07840173691511154 -0.17686451971530914 0.7948877811431885 0.3706917464733124 0.17445968091487885 -0.28506821393966675
-0.5065015554428101 -0.014913253486156464 -0.5056301951408386 -0.000854379846714437 -0.05322699248790741 -0.032117512077093124 -0.6954900622367859
-0.4375564754009247 -0.1419217586517334 -0.3211514353752136 0.13651293516159058 0.7853221893310547 -0.22310569882392883 0.011013221926987171
0.16201817989349365 -0.2342493236064911 -0.6759892106056213 -0.4915370047092438 -0.4625808298587799 -0.07051176577806473 -0.0368041954934597
0.015832222998142242 0.47266846895217896 -0.5905428528785706 0.038426678627729416 0.606360912322998 0.23206640779972076 -0.06773564964532852
-0.3235528767108917 0.012362757697701454 -0.8915235996246338 -0.16878485679626465 0.20084060728549957 -0.0633581355214119 -0.16585174202919006
0.5644550919532776 -0.2413826286792755 -0.22780761122703552 0.44370055198669434 -0.5015103816986084 0.34825941920280457 0.039509888738393784
0.08069102466106415 -0.33877965807914734 -0.5404134392738342 -0.5342418551445007 -0.27540668845176697 0.01924009434878826 -0.4743810296058655
-0.262984961271286 0.5214129686355591 0.26633650064468384 -0.6499832272529602 0.09092247486114502 -0.393687903881073 -0.04792662709951401
0.02928011491894722 0.551845133304596 -0.4045403003692627 0.5501930713653564 -0.21163494884967804 -0.22143523395061493 -0.3666352331638336
0.0898074209690094 -0.27610403299331665 0.6134073138237 -0.28560498356819153 0.02374011091887951 0.31525424122810364 0.5982587933540344
0.1996116191148758 -0.06551917642354965 -0.04376130551099777 0.6098323464393616 0.49631983041763306 -0.09901082515716553 -0.5708900690078735
-0.059668589383363724 0.16910943388938904 -0.5588822960853577 0.4145442247390747 0.5229882001876831 -0.38873645663261414 -0.2429250180721283
-0.44506821036338806 0.08288099616765976 -0.1912458837032318 0.29460930824279785 0.41543975472450256 0.02845940925180912 -0.70588618516922
0.27035292983055115 0.495291143655777 -0.2621425688266754 0.5376699566841125 0.551183819770813 0.06144946813583374 -0.1273135095834732
-0.2559520900249481 0.4105939269065857 -0.6167898178100586 0.05683288350701332 0.30516326427459717 -0.2573665678501129 -0.47210100293159485
0.17150184512138367 0.7893165946006775 0.20808571577072144 0.25907468795776367 0.3957366943359375 0.0647829920053482 -0.27630192041397095
-0.5159265398979187 0.3421304225921631 -0.4290634095668793 0.035678260028362274 0.5401432514190674 0.07946936786174774 -0.36514124274253845
-0.28058502078056335 -0.7306334972381592 -0.5441259145736694 -0.25269633531570435 -0.14334188401699066 0.03072458691895008 -0.07763522118330002
-0.6304765343666077 -0.09809573739767075 0.6493535041809082 -0.3790932297706604 0.023980217054486275 0.16288965940475464 0.019919943064451218
-0.5611381530761719 -0.5287586450576782 -0.5983908176422119 0.13862985372543335 0.004440861288458109 -0.14580176770687103 -0.08349014818668365
0.17886631190776825 -0.3319871425628662 -0.15798237919807434 0.2278100550174713 0.11132366210222244 -0.7983037829399109 -0.36228933930397034
-0.5581396222114563 0.5264161825180054 0.3985268771648407 -0.42276838421821594 -0.18506114184856415 0.08289539068937302 0.18080385029315948
-0.22898104786872864 0.6764315366744995 -0.01239799614995718 -0.21972592175006866 0.18630175292491913 0.1491657942533493 -0.6201741695404053
-0.6044107675552368 -0.49201345443725586 -0.6118646860122681 0.06357347965240479 0.021898461505770683 -0.11197230964899063 -0.03425024822354317
0.45179083943367004 -0.2650010585784912 -0.46472448110580444 0.06418024748563766 -0.2074911743402481 -0.4624623656272888 -0.4986455738544464
-0.11717811226844788 0.6884461045265198 0.20844972133636475 0.21250049769878387 0.5568257570266724 -0.20612157881259918 -0.26676276326179504
-0.02441359870135784 -0.5260620713233948 -0.267963707447052 -0.4572913348674774 0.2657954692840576 -0.10676286369562149 -0.5997477173805237
0.5071632266044617 -0.4270530939102173 -0.23664742708206177 0.38524097204208374 -0.12442801147699356 -0.3958861231803894 -0.4287078082561493
0.6379526257514954 -0.6089879870414734 -0.07781020551919937 0.0034706417936831713 -0.08912988752126694 0.41483190655708313 -0.18987862765789032
0.29341378808021545 -0.3267308473587036 -0.11254868656396866 0.3997163474559784 -0.07232949137687683 -0.49918732047080994 0.616680920124054
0.18316322565078735 0.5795251131057739 0.00911661610007286 -0.2495327591896057 0.7008750438690186 -0.26585713028907776 0.07966403663158417
0.06923318654298782 -0.35480043292045593 -0.19081737101078033 0.5138660669326782 0.15745368599891663 -0.7120024561882019 -0.19265155494213104
-0.21315960586071014 0.0007032510475255549 0.07661941647529602 -0.7958012223243713 -0.21070176362991333 -0.4958527088165283 0.15851576626300812
0.5718024969100952 -0.623738706111908 0.3230777680873871 0.21481837332248688 -0.06622903048992157 -0.12102013826370239 -0.3382805287837982
-0.5983535051345825 -0.3604027330875397 -0.3636210262775421 0.020313624292612076 0.14892078936100006 0.47497838735580444 -0.36286091804504395
0.47957244515419006 -0.6483511328697205 0.14500395953655243 0.20963338017463684 -0.019346939399838448 -0.21272116899490356 -0.4889317750930786
-0.26968318223953247 0.4036603271961212 -0.12036923319101334 0.45280060172080994 0.24981631338596344 -0.4291866421699524 -0.5460794568061829
-0.38847479224205017 0.7455816268920898 0.19646701216697693 -0.4771191477775574 -0.04418988898396492 -0.06278418004512787 -0.14511629939079285
0.24030627310276031 -0.3524094820022583 -0.053163208067417145 0.5657857656478882 -0.6032702326774597 0.2645686864852905 -0.24736426770687103
0.003591307904571295 0.3824355900287628 0.16057996451854706 -0.7709108591079712 0.2581665813922882 0.019264837726950645 -0.40819036960601807
-0.4932674467563629 -0.667168378829956 -0.197223499417305 -0.09568837285041809 0.20449616014957428 0.4660148024559021 0.06731875985860825
-0.387539267539978 0.8364091515541077 -0.2092910259962082 -0.18066124618053436 0.1251094937324524 0.17271064221858978 -0.16825725138187408
-0.1574966013431549 0.2967148721218109 0.12095073610544205 -0.5624545216560364 -0.26091060042381287 -0.07834770530462265 0.6942322254180908
0.5418240427970886 -0.02452833205461502 -0.16238971054553986 0.5094740390777588 0.242054283618927 0.27174851298332214 -0.5361466407775879
-0.035543132573366165 -0.4200592637062073 -0.5605233311653137 0.23751701414585114 0.5378810167312622 0.29145070910453796 -0.27825671434402466
0.23043300211429596 0.2326444834470749 0.6294865012168884 0.37017664313316345 0.45795056223869324 -0.28190878033638 0.26514509320259094
0.4429590702056885 -0.04828893020749092 0.06483253836631775 0.6413291096687317 0.5307291746139526 -0.2009749859571457 -0.252754271030426
-0.6322131156921387 0.3416813313961029 0.4352395534515381 -0.24628117680549622 0.19359122216701508 -0.002740618772804737 -0.44270482659339905
0.07200397551059723 0.7647069692611694 0.06563659757375717 -0.28918299078941345 0.4585878252983093 0.004468134138733149 -0.3343365490436554
-0.6525301933288574 -0.3952075242996216 -0.6178792119026184 0.0799022912979126 -0.06664328277111053 -0.04255468770861626 -0.15363584458827972
-0.061741434037685394 -0.2744154930114746 -0.7102263569831848 -0.18655523657798767 -0.22158420085906982 -0.14868979156017303 0.557181715965271
-0.5426298379898071 -0.6965804100036621 -0.25828519463539124 -0.03112068399786949 0.2714231312274933 0.27608370780944824 0.05249934270977974
-0.49902045726776123 -0.7038303017616272 -0.0665961503982544 -0.08217602968215942 0.4110625982284546 -0.07471786439418793 0.2643074691295624
0.5839909315109253 0.08696378022432327 -0.5563034415245056 0.3236357867717743 0.03213519975543022 -0.24732352793216705 -0.41830208897590637
0.21236421167850494 0.25838711857795715 0.6026023030281067 0.07480459660291672 0.15106457471847534 -0.658960223197937 0.24972645938396454
-0.2749079167842865 0.7497655153274536 -0.07726478576660156 -0.06431183964014053 0.11980240792036057 0.2692396342754364 -0.5151008367538452
-0.15558119118213654 -0.542717456817627 -0.6022035479545593 0.32969930768013 0.15929889678955078 -0.3484214246273041 -0.25125280022621155
0.4966771602630615 -0.3057921826839447 -0.2840096056461334 0.3091140389442444 -0.34906432032585144 -0.41215965151786804 0.4380280375480652
-0.13222038745880127 -0.5857198238372803 -0.5154836177825928 -0.41106143593788147 -0.018991196528077126 -0.42941147089004517 -0.1414225995540619
-0.6260151863098145 -0.6041285991668701 -0.14288927614688873 -0.05784841626882553 0.43104660511016846 0.13578329980373383 -0.12301055341959
-0.07033752650022507 -0.6536418795585632 -0.5447596907615662 -0.43063265085220337 -0.2419959008693695 0.08718803524971008 -0.13940390944480896
-0.5713021755218506 -0.04116089642047882 0.6024516820907593 -0.262880802154541 0.2620145082473755 0.304975688457489 0.27964887022972107
-0.03945303335785866 -0.13810722529888153 0.43079936504364014 -0.791141152381897 -0.07787825912237167 -0.06698004901409149 -0.39664366841316223
-0.1757992058992386 0.3843977153301239 -0.7380155324935913 0.07615843415260315 0.35105499625205994 -0.20037320256233215 -0.3278367817401886
-0.23238705098628998 -0.25244930386543274 0.6711941957473755 -0.3793632686138153 -0.25662359595298767 0.031537603586912155 0.47010338306427
-0.21362055838108063 -0.6868475079536438 -0.2757624089717865 -0.5410887002944946 -0.3212002217769623 0.04509049281477928 0.09263889491558075
-0.1605430245399475 -0.6725687980651855 -0.1997288465499878 -0.49352172017097473 0.364399254322052 -0.12309639900922775 -0.30080291628837585
0.04564981162548065 0.3950064182281494 -0.23521937429904938 0.6903074979782104 0.2427252233028412 -0.20690613985061646 -0.456407368183136
0.4149748384952545 0.26622137427330017 -0.4411894977092743 0.7394636869430542 -0.029858190566301346 0.10781286656856537 -0.05433414876461029
-0.41525405645370483 -0.0773824155330658 -0.2399907112121582 -0.2102050483226776 0.7415540218353271 -0.3444885313510895 -0.22631746530532837
-0.04991619288921356 -0.14195044338703156 0.785773754119873 -0.008270228281617165 -0.5997180938720703 0.006292380392551422 -0.012179077602922916
-0.2688146233558655 -0.6216325163841248 -0.19621723890304565 0.08409810066223145 0.03315528482198715 0.6939789056777954 -0.11415842175483704
0.21782360970973969 -0.7034932971000671 0.3650071918964386 0.5353298187255859 0.12035137414932251 -0.06764905899763107 -0.13704337179660797
0.28079754114151 -0.00288774655200541 -0.2910776734352112 0.4320148229598999 -0.051344119012355804 -0.43954935669898987 -0.6737518310546875
-0.39962607622146606 0.7293501496315002 0.25903475284576416 0.01736368238925934 0.35625436902046204 -0.0004577788058668375 -0.33768242597579956
-0.542641818523407 -0.16281451284885406 0.6976999640464783 -0.2945761978626251 -0.0447087325155735 0.29645588994026184 -0.12484345585107803
0.2195655107498169 0.05337907746434212 -0.6549497246742249 -0.11345416307449341 0.4063611924648285 0.18701712787151337 -0.5540810227394104
0.6951679587364197 -0.674789547920227 0.16826418042182922 0.07894495874643326 0.13046938180923462 0.08914390951395035 -0.04343614727258682
-0.00750082079321146 -0.04278538376092911 0.7434360384941101 0.08212142437696457 0.3075536787509918 -0.5250042080879211 -0.2616358995437622
0.2208833247423172 -0.6644159555435181 -0.06319312751293182 0.4297431707382202 -0.45077961683273315 -0.2156009078025818 -0.2672145366668701
0.09149545431137085 0.6336884498596191 0.3638489842414856 0.2784150540828705 0.3896220028400421 -0.0440063402056694 -0.4758410155773163
-0.4280392825603485 -0.6459546685218811 -0.2892894744873047 -0.21355602145195007 0.15905222296714783 -0.49246448278427124 -0.04910748451948166
-0.39665138721466064 0.29122254252433777 -0.580105721950531 0.14098107814788818 0.47229957580566406 -0.3807796835899353 -0.18275338411331177
-0.0431111603975296 -0.6864303350448608 0.4370185136795044 0.3993145227432251 -0.0803464949131012 -0.021600425243377686 -0.41181954741477966
-0.49419665336608887 -0.7058120369911194 -0.28259870409965515 0.004742748569697142 0.20838364958763123 0.36634504795074463 -0.009053808636963367
-0.6434934735298157 0.03045264258980751 -0.12783847749233246 0.12306178361177444 0.21241188049316406 0.25087565183639526 -0.6674162149429321
0.29216113686561584 -0.6942818760871887 0.30946341156959534 0.09621325880289078 -0.16444586217403412 -0.041617460548877716 -0.5466402769088745
0.08976706862449646 -0.07618679851293564 -0.49631792306900024 0.6137896180152893 -0.049777545034885406 -0.21870413422584534 -0.5592486262321472
-0.44577881693840027 0.3159966468811035 -0.575166642665863 0.23289020359516144 0.36823946237564087 -0.11851855367422104 -0.4083208739757538
-0.546235203742981 -0.6103869676589966 -0.17835411429405212 -0.165201336145401 0.2017061859369278 0.4680575728416443 0.10094527155160904
-0.19610294699668884 -0.7447239756584167 0.270059198141098 -0.5385541915893555 -0.06354281306266785 -0.1868586242198944 0.07073472440242767
-0.25888657569885254 -0.4863471984863281 -0.4147425591945648 -0.2545754909515381 0.6446837782859802 0.0009203695808537304 -0.20977623760700226
0.13933199644088745 0.3597760796546936 -0.3074915111064911 0.732734203338623 0.27537691593170166 -0.16618160903453827 -0.34095242619514465
0.0808793157339096 -0.347638875246048 0.6255430579185486 -0.014649859629571438 -0.5784261226654053 0.3738738000392914 -0.0820285975933075
-0.08115680515766144 -0.8267913460731506 0.11696361750364304 -0.4069688022136688 -0.2314237803220749 0.2621581256389618 0.09078357368707657
0.6773832440376282 -0.4597845673561096 -0.06326805055141449 0.016306687146425247 -0.3005877733230591 0.40792667865753174 -0.26215270161628723
-0.5736640095710754 -0.07958189398050308 -0.7329285740852356 0.1956067532300949 0.2778310179710388 -0.10426394641399384 -0.03269565850496292
-0.6260144114494324 -0.6414298415184021 -0.41074445843696594 0.033745117485523224 -0.10782597213983536 -0.003624389646574855 0.12322495877742767
0.6824132204055786 -0.45366165041923523 -0.05933285877108574 0.07093364000320435 -0.2913878560066223 0.43940648436546326 -0.20485706627368927
0.019152408465743065 0.8019169569015503 0.06321411579847336 -0.0007249832269735634 0.17163792252540588 -0.3240419030189514 -0.46701502799987793
-0.11329787969589233 -0.4397120773792267 -0.7345020174980164 0.3751460015773773 -0.022052332758903503 -0.18386997282505035 -0.28159305453300476
0.39953553676605225 0.14358653128147125 -0.4090888500213623 0.7884484529495239 0.1340487152338028 -0.10825365036725998 0.03258410468697548
0.3445289134979248 0.7007629871368408 0.4997113049030304 -0.012460481375455856 -0.07708673924207687 -0.21364156901836395 -0.2979585826396942
-0.40018990635871887 0.691895067691803 -0.10046978294849396 -0.18334253132343292 0.3883102536201477 0.07594018429517746 -0.4010845422744751
-0.18966808915138245 0.11561211943626404 -0.9590824246406555 0.0033148752991110086 -0.16642776131629944 -0.02325897105038166 -0.050700798630714417
0.1193912997841835 -0.06394502520561218 0.2224196344614029 0.7556238174438477 0.007036664057523012 0.24087586998939514 -0.5505889654159546
0.24849523603916168 0.2039000242948532 0.760923445224762 -0.0998951643705368 -0.5492157936096191 -0.07043484598398209 -0.03305044025182724
-0.349133163690567 -0.7996745109558105 0.2049369066953659 -0.22733253240585327 -0.25055521726608276 0.28569790720939636 -0.023373566567897797
-0.6369090676307678 -0.6607100367546082 0.06905808299779892 -0.08997698128223419 -0.000249530712608248 0.28218403458595276 -0.2555704712867737
0.14085566997528076 -0.40666237473487854 0.6708216667175293 -0.15829050540924072 -0.12962386012077332 0.24558505415916443 0.5124581456184387
0.5906652212142944 -0.21396759152412415 -0.2990950345993042 0.2916189134120941 -0.20125959813594818 -0.37186771631240845 -0.502037763595581
-0.23127079010009766 0.3358590304851532 -0.4601055383682251 -0.06464487314224243 0.5264826416969299 -0.032760053873062134 -0.5827344059944153
0.18205048143863678 0.11852352321147919 -0.23008304834365845 0.5325430631637573 0.5259250998497009 -0.01967974752187729 -0.5824818015098572
-0.4221610724925995 -0.032646145671606064 -0.4834963381290436 0.1743561178445816 0.6440702080726624 0.2924918234348297 -0.23699697852134705
0.22032484412193298 -0.26320070028305054 0.8314648270606995 -0.1174340546131134 -0.26064661145210266 -0.04202478379011154 -0.3276510238647461
-0.3692198395729065 0.3646087646484375 -0.26397058367729187 0.34636640548706055 0.39963459968566895 0.04541798681020737 -0.6158866286277771
0.38241133093833923 -0.5940237641334534 -0.15743345022201538 0.3968271315097809 0.4387349486351013 0.303217351436615 0.1849629282951355
-0.36751294136047363 -0.3365938365459442 -0.41615280508995056 0.48207566142082214 0.3399781584739685 -0.42519110441207886 0.22290362417697906
-0.3115912675857544 0.24704760313034058 -0.37213560938835144 0.18262173235416412 0.5433592200279236 -0.058876555413007736 -0.6093742847442627
-0.3410930037498474 0.7761769890785217 0.036797311156988144 -0.137616828083992 0.3659901022911072 0.035581398755311966 -0.35453858971595764
-0.19619417190551758 -0.48834851384162903 -0.49597468972206116 -0.33815574645996094 -0.04066397622227669 -0.3644551932811737 -0.4777052104473114
-0.5170814990997314 0.3544500172138214 0.329699844121933 -0.35502585768699646 0.5714086890220642 -0.2080666422843933 -0.04946696013212204
-0.5383983850479126 -0.6352338790893555 -0.20586642622947693 -0.19277524948120117 -0.37178125977516174 -0.09328996390104294 -0.283085435628891
-0.4579571783542633 0.1969919055700302 -0.015617085620760918 0.1859722137451172 0.6104040145874023 -0.43939369916915894 -0.38856127858161926
-0.2298988699913025 -0.8571453094482422 -0.060952574014663696 0.20415730774402618 0.31113162636756897 0.2649332284927368 0.0077823614701628685
-0.4155070185661316 -0.7823929190635681 -0.003438743529841304 0.038608379662036896 -0.44160816073417664 -0.016958298161625862 -0.13567399978637695
0.15875215828418732 -0.4092516303062439 0.03743398189544678 0.5808172821998596 0.2958851754665375 -0.20771406590938568 -0.5812638998031616
-0.2581198215484619 -0.4399876296520233 -0.8314584493637085 -0.2005782127380371 0.0027637293096631765 0.028615331277251244 0.08604484051465988
-0.399567574262619 0.058274202048778534 -0.46401748061180115 9.383378346683457e-05 0.3941043019294739 0.41404053568840027 -0.5430376529693604
-0.20397132635116577 -0.43015530705451965 -0.6494461894035339 0.2942723035812378 0.14169088006019592 -0.4433082640171051 -0.21997031569480896
0.13798357546329498 -0.1861048936843872 -0.20517846941947937 0.3124268352985382 0.27141568064689636 -0.7243088483810425 -0.45642828941345215
-0.2728336751461029 0.5139058232307434 0.18592658638954163 -0.5833392143249512 0.23631630837917328 -0.08148559927940369 0.47341740131378174
-0.021968722343444824 0.575145423412323 -0.10345891118049622 -0.7455732226371765 0.2463204711675644 -0.20362472534179688 0.0022551745641976595
-0.20488440990447998 0.09554756432771683 -0.5656533241271973 0.05712397024035454 0.5001929998397827 0.6062761545181274 -0.08889599144458771
0.2980231046676636 -0.6048901677131653 -0.02010672353208065 0.6237016320228577 -0.1920575499534607 -0.2923649251461029 -0.183081716299057
-0.24882188439369202 0.3549002408981323 0.07866973429918289 -0.8695436716079712 0.003157025435939431 -0.14287053048610687 0.1715119630098343
-0.3827076554298401 0.027140075340867043 -0.8311080932617188 0.166205495595932 0.3278607726097107 0.13690772652626038 0.09053640812635422
0.07682635635137558 -0.6475910544395447 -0.056566040962934494 0.3724333941936493 -0.3962109088897705 0.3075440526008606 0.4257356524467468
0.2537930905818939 0.3748016655445099 -0.5374903678894043 0.48137950897216797 0.2731344997882843 -0.2805136442184448 -0.3481382131576538
-0.42014724016189575 0.7538645267486572 0.04265061765909195 -0.19395841658115387 0.345496267080307 -0.30854296684265137 -0.034046050161123276
0.7517237067222595 -0.6063417792320251 0.11325123906135559 0.11227036267518997 -0.06658006459474564 0.14263518154621124 -0.13058698177337646
-0.027336034923791885 -0.3311539590358734 0.18859055638313293 -0.5971793532371521 -0.00646991329267621 -0.15536880493164062 0.6879090666770935
-0.5994617342948914 0.5298006534576416 0.16704949736595154 -0.06470341235399246 0.2606482207775116 -0.3396860659122467 -0.38018515706062317
-0.39308929443359375 0.6852270364761353 0.07732639461755753 -0.0939846783876419 0.3950466811656952 0.005145675502717495 -0.4528176486492157
-0.030532147735357285 -0.0445784293115139 -0.1204574853181839 0.5614159107208252 -0.12849895656108856 -0.3882708251476288 -0.70718914270401
-0.31333866715431213 0.6091535091400146 0.04302066192030907 -0.09240620583295822 -0.033181093633174896 -0.6051775217056274 -0.39117828011512756
-0.3814992308616638 -0.17665603756904602 -0.7943013906478882 -0.06673680245876312 -0.12253393977880478 0.05618644505739212 -0.41196006536483765
0.28316012024879456 -0.813696563243866 0.1975523829460144 -0.101686991751194 -0.3433399200439453 0.23087486624717712 0.1927834153175354
-0.5882763862609863 -0.1497315615415573 -0.41470029950141907 0.2663522958755493 -0.010324782691895962 -0.24541912972927094 -0.5729347467422485
-0.20039242506027222 -0.1514832228422165 0.20024213194847107 0.7328184247016907 0.41130831837654114 -0.15717974305152893 -0.4073033034801483
-0.4224582016468048 0.34986287355422974 0.39399033784866333 -0.6892990469932556 -0.2311895191669464 -0.0055017489939928055 0.12363109737634659
0.1903025209903717 -0.15231144428253174 -0.4121195077896118 0.533971905708313 -0.2660430669784546 0.05941442400217056 -0.6413334608078003
-0.18493519723415375 -0.060036551207304 -0.5585170984268188 0.11187222599983215 0.47525984048843384 0.12255788594484329 -0.6299566626548767
-0.1841433048248291 0.19058392941951752 0.3852314352989197 -0.8198176026344299 -0.3061767816543579 -0.03432031348347664 0.11976146697998047
0.1774083971977234 -0.15222305059432983 0.5584737658500671 -0.5515711903572083 -0.44178831577301025 -0.0949462503194809 0.3536083996295929
0.2515123784542084 0.2236267477273941 0.5314256548881531 -0.3580821454524994 0.10127309709787369 -0.6777557730674744 -0.08054469525814056
0.014299336820840836 -0.6072838306427002 -0.05051559582352638 -0.29333776235580444 0.05140097439289093 0.378520131111145 0.6296693682670593
-0.21590574085712433 0.7022878527641296 0.10197446495294571 0.23229916393756866 -0.2998467981815338 -0.13087932765483856 -0.5373799204826355
0.13304884731769562 -0.6103045344352722 0.16501346230506897 0.27901753783226013 -0.3946470022201538 0.2869900166988373 0.5163687467575073
-0.12181829661130905 0.03907182440161705 -0.8850451111793518 0.33423149585723877 0.2540520429611206 0.053844042122364044 0.1455216258764267
0.1744639277458191 0.055742163211107254 0.34238311648368835 -0.8437709212303162 0.05949763208627701 0.36333686113357544 0.04154365509748459
-0.406170129776001 0.48218050599098206 -0.6897746324539185 0.04892220348119736 0.3174104690551758 -0.10250287503004074 -0.11440760642290115
-0.043963346630334854 -0.11164849251508713 0.8950939774513245 0.005727930460125208 0.25601229071617126 -0.325158953666687 -0.11447831243276596
0.17932109534740448 -0.025576867163181305 -0.16304615139961243 0.6727828979492188 0.1894107460975647 0.21838286519050598 -0.6359255313873291
0.4360627830028534 0.01641705632209778 -0.4545183479785919 0.4565390348434448 0.020313285291194916 -0.2322814166545868 -0.5832647681236267
-0.13119472563266754 -0.6499633193016052 -0.16543473303318024 -0.513471245765686 -0.42154937982559204 0.23842978477478027 0.18644481897354126
-0.6272678971290588 0.3043082356452942 0.4016340374946594 -0.22803336381912231 0.2415088713169098 0.09027282893657684 -0.4838869869709015
-0.44482865929603577 0.07598483562469482 0.30485814809799194 -0.5222629308700562 -0.1628924012184143 0.354645311832428 -0.5275883674621582
-0.44238731265068054 0.05594564229249954 0.36419355869293213 -0.3785105049610138 -0.06342176347970963 0.7217225432395935 0.01872987113893032
0.014527627266943455 0.41410884261131287 -0.5716256499290466 0.03216739743947983 0.6867408156394958 0.16654032468795776 -0.034111388027668
-0.4327453076839447 0.2547089159488678 0.3887230455875397 -0.5179548263549805 -0.20742884278297424 0.33054319024086 0.4197457730770111
-0.01824972778558731 -0.7012441158294678 0.08354081958532333 -0.1285356730222702 -0.3159601390361786 0.5985817313194275 0.16214904189109802
-0.5210797786712646 -0.7231617569923401 -0.15403765439987183 -0.08036773651838303 0.3642716407775879 0.05379664525389671 0.1993449628353119
0.8984296321868896 -0.3822513818740845 -0.06300566345453262 0.042562879621982574 0.17371462285518646 0.0976601094007492 -0.03482164070010185
0.35981127619743347 -0.3151800036430359 0.6887227892875671 -0.19742734730243683 -0.4097785949707031 0.247768372297287 0.16903576254844666
0.3768097162246704 -0.44193512201309204 -0.2968280613422394 -0.33650732040405273 -0.31111571192741394 -0.02310478687286377 0.6033546924591064
-0.6082985401153564 0.39307665824890137 0.41209089756011963 -0.3761739730834961 0.10380066931247711 -0.3028765618801117 0.248251810669899
0.6405177116394043 0.06403809040784836 0.7188593745231628 -0.1744573563337326 -0.048249389976263046 0.18998228013515472 0.004557537846267223
-0.48271164298057556 0.178849458694458 0.2945614755153656 -0.548001766204834 -0.5776721835136414 -0.05579512193799019 0.10541192442178726
-0.3001437783241272 -0.40694478154182434 -0.21684002876281738 -0.3172411024570465 0.13712374866008759 -0.11704881489276886 -0.751095712184906
0.1761554479598999 -0.6990671157836914 0.36578887701034546 0.469394713640213 0.18658268451690674 -0.30218443274497986 0.0035887369886040688
0.3137357831001282 -0.7071822285652161 0.11642792820930481 0.30415216088294983 -0.49789488315582275 0.05113258212804794 0.211861714720726
0.21925565600395203 -0.10674209892749786 -0.4179428219795227 0.6157012581825256 -0.2735358476638794 -0.5221675038337708 -0.1982123702764511
-0.1187308207154274 -0.6652881503105164 -0.27008146047592163 -0.2683694660663605 -0.3453345000743866 0.2224704474210739 0.47914445400238037
-0.04774686321616173 0.5514839887619019 -0.28530192375183105 0.417508989572525 0.3649648129940033 0.11279795318841934 -0.5403258204460144
0.4777697026729584 -0.05452211946249008 -0.05646900087594986 0.7024028301239014 0.18029147386550903 0.0912432000041008 -0.4810141921043396
-0.3140017092227936 -0.7044152021408081 -0.36806491017341614 -0.19566434621810913 0.3385670483112335 0.26183778047561646 0.21967965364456177
-0.53908371925354 0.011321178637444973 0.4854297339916229 -0.4385768175125122 0.1272679716348648 0.4893958270549774 0.1598859578371048
0.16685912013053894 0.05567114055156708 0.005790221504867077 0.5513904690742493 0.7118092179298401 -0.3467787802219391 -0.19510513544082642
0.08924080431461334 0.9752408266067505 -0.03067832812666893 -0.030272353440523148 0.12196692079305649 0.1497226357460022 0.04232141003012657
0.050720714032649994 -0.15276329219341278 0.26763173937797546 0.7582705020904541 0.2810908555984497 -0.14670346677303314 -0.47639894485473633
-0.48271214962005615 -0.6802920699119568 -0.19484005868434906 -0.08625079691410065 0.2129257172346115 0.45762261748313904 0.0635145902633667
-0.36000388860702515 -0.6736361980438232 -0.2481708526611328 -0.06097934767603874 0.3419499099254608 0.41895219683647156 0.24259744584560394
-0.5615118145942688 0.6359443068504333 0.17639122903347015 -0.044921472668647766 0.18530558049678802 -0.19507569074630737 -0.4180367887020111
0.23836500942707062 -0.3450750708580017 -0.16387277841567993 0.6294522285461426 0.5010451078414917 0.2001735121011734 -0.3315497636795044
-0.47655799984931946 -0.04128614068031311 -0.6341798901557922 0.31829333305358887 -0.07395071536302567 -0.4397627115249634 -0.26236072182655334
-0.07344849407672882 -0.44208699464797974 0.46253007650375366 -0.600928008556366 -0.31661343574523926 0.3253079950809479 0.13433723151683807
-0.48949798941612244 -0.026429619640111923 -0.4590338170528412 -0.026718029752373695 0.473113089799881 0.2555893361568451 -0.509023904800415
-0.13183045387268066 -0.00957627221941948 -0.5993036031723022 -0.2346482127904892 0.30968600511550903 0.19709695875644684 -0.6584465503692627
0.1353604942560196 0.8051720261573792 -0.005403783638030291 0.1715882271528244 0.4867478907108307 -0.19442899525165558 0.17081499099731445
0.24479632079601288 -0.5729891061782837 -0.0608564093708992 0.16644449532032013 -0.5897950530052185 -0.17865677177906036 0.44785556197166443
-0.6544022560119629 -0.3282838463783264 -0.5127175450325012 0.1735990196466446 -0.11214129626750946 -0.11391870677471161 -0.3813374936580658
-0.24866612255573273 0.2862244248390198 -0.2729540467262268 0.02586430497467518 0.7989887595176697 -0.36525875329971313 -0.09628544002771378
-0.5799674987792969 -0.1429230272769928 -0.6618682146072388 0.16895537078380585 0.17740516364574432 -0.2497817575931549 -0.2876313328742981
-0.42687931656837463 0.26543939113616943 0.2851686179637909 -0.7138799428939819 -0.012874188832938671 -0.1430898904800415 0.36841514706611633
0.10142632573843002 0.7023304104804993 0.3431837856769562 0.2701532244682312 0.2899085283279419 -0.00484541105106473 -0.4707615077495575
0.725610077381134 0.09607207775115967 -0.20773917436599731 0.3651106655597687 0.20385651290416718 0.457243949174881 -0.1927933543920517
-0.03284676373004913 -0.8386960029602051 0.40202656388282776 0.018583424389362335 -0.35142967104911804 0.0798909068107605 0.06044863909482956
0.17711241543293 -0.06361190229654312 -0.34496787190437317 0.6639890670776367 -0.032839104533195496 -0.34164971113204956 -0.5356280207633972
-0.286714643239975 0.2965235114097595 -0.02088453248143196 -0.6619659066200256 0.19776318967342377 0.5886152386665344 0.07520224899053574
-0.17363880574703217 0.7357529401779175 0.0615069605410099 -0.25436386466026306 0.25918444991111755 -0.42501378059387207 -0.3349921405315399
-0.42031675577163696 -0.7322167158126831 -0.05257522687315941 -0.03281829133629799 0.35768869519233704 0.3830319046974182 0.09325633198022842
-0.32535311579704285 -0.02095833048224449 -0.8718502521514893 -0.16454589366912842 0.26278430223464966 -0.01960364542901516 -0.19253090023994446
0.1172691136598587 -0.4865315854549408 -0.669096827507019 -0.41808879375457764 0.0005602507153525949 -0.046528592705726624 0.35338491201400757
-0.5461003184318542 -0.23979687690734863 -0.669177770614624 -0.32470566034317017 -0.022124705836176872 -0.13593392074108124 -0.2684616446495056
-0.19939935207366943 0.19960731267929077 0.6398699283599854 0.24603095650672913 -0.5936980247497559 0.22275644540786743 -0.2198503315448761
-0.5644544363021851 -0.6890528798103333 -0.3987180292606354 0.06519676744937897 -0.1503731906414032 0.14182114601135254 0.02540271356701851
-0.43779289722442627 0.41233354806900024 -0.532604992389679 0.15837819874286652 0.054332341998815536 -0.48345986008644104 -0.30476412177085876
0.3650968372821808 0.3889460265636444 -0.5233973264694214 0.40731602907180786 0.4053778052330017 -0.32971638441085815 -0.0503002405166626
-0.33232852816581726 -0.039769403636455536 -0.8349625468254089 -0.018613742664456367 0.17513369023799896 -0.1869140863418579 -0.35335323214530945
0.24224214255809784 0.01067048218101263 -0.8398045301437378 -0.25399479269981384 0.30865803360939026 -0.2540007531642914 0.10785944759845734
-0.3137268126010895 -0.5953204035758972 -0.32575157284736633 -0.29400399327278137 0.5030683279037476 -0.02381986565887928 -0.3177603483200073
-0.18622860312461853 -0.8164945244789124 -0.17726996541023254 -0.16371333599090576 -0.14381931722164154 0.15063822269439697 0.44390663504600525
-0.11741378158330917 -0.7843310832977295 0.03272603079676628 -0.11475972831249237 0.011732710525393486 -0.10899822413921356 0.58717942237854
0.10347504913806915 0.7776073217391968 -0.23697251081466675 -0.22555920481681824 0.3769367039203644 0.35769224166870117 -0.08695865422487259
0.5872511267662048 0.020197855308651924 0.7808495163917542 -0.1461651474237442 -0.03285761922597885 0.13754767179489136 -0.06032406911253929
-0.5870526432991028 -0.6025751829147339 -0.22004449367523193 -0.024629024788737297 -0.4241773188114166 0.09886034578084946 -0.2314010113477707
-0.2544139623641968 0.2340974062681198 -0.4126147925853729 0.18241937458515167 0.6698473691940308 -0.08032355457544327 -0.47095298767089844
-0.5060120224952698 -0.4478134214878082 -0.3677091598510742 -0.11989961564540863 0.31833434104919434 0.40052610635757446 -0.3634156882762909
0.45406556129455566 -0.7066721320152283 0.2880786657333374 0.04234679788351059 0.25653931498527527 -0.3785342574119568 -0.023576760664582253
0.11861006915569305 -0.7788025140762329 -0.13050302863121033 -0.37877601385116577 -0.4507458209991455 0.03735687956213951 0.11970190703868866
0.059244588017463684 0.0051530529744923115 -0.5788415670394897 0.11327678710222244 0.7793407440185547 0.20248986780643463 0.014149310067296028
-0.4982936382293701 0.27159857749938965 -0.1724177896976471 0.2610166668891907 0.3892240822315216 -0.22840583324432373 -0.6135269999504089
0.17041641473770142 0.7353909611701965 0.3930487632751465 0.08905510604381561 0.20925702154636383 -0.19626519083976746 0.4306178092956543
-0.2534676790237427 -0.7998494505882263 -0.23481792211532593 0.07016932964324951 -0.32330843806266785 -0.0990438461303711 -0.3487030267715454
-0.29045364260673523 0.03096013329923153 0.5238866806030273 -0.5491877794265747 0.17042887210845947 0.4731055498123169 0.29281172156333923
0.07416778057813644 -0.521396815776825 -0.008664563298225403 -0.11496603488922119 -0.4648246467113495 -0.6893936991691589 -0.1342630833387375
0.09648682177066803 -0.1494101881980896 -0.19560369849205017 0.5234164595603943 -0.4239898920059204 -0.6120608448982239 -0.3189912438392639
0.35122445225715637 0.6461272835731506 -0.5390455722808838 0.4047502279281616 -0.01733943074941635 -0.06671271473169327 -0.004096105694770813
0.2010927051305771 -0.14172758162021637 -0.22818805277347565 0.6644318699836731 0.010531923733651638 -0.4907400906085968 -0.45276784896850586
0.06923247128725052 0.4806053638458252 0.670438826084137 0.045185741037130356 0.18163801729679108 0.07973720878362656 -0.5228240489959717
0.30166181921958923 0.04784127324819565 -0.1311100870370865 0.672784686088562 0.2842296063899994 0.30656683444976807 -0.5119693279266357
-0.5381940007209778 -0.49472567439079285 -0.2136385142803192 -0.15951846539974213 0.09468972682952881 0.6194764375686646 -0.04229647293686867
0.0040655252523720264 -0.17653565108776093 0.13623841106891632 0.30128973722457886 0.17489033937454224 0.04142597317695618 -0.9094940423965454
0.3007082939147949 -0.2707684636116028 0.14247219264507294 0.18258336186408997 -0.31780919432640076 -0.5319401621818542 -0.6313959956169128
0.5332280993461609 -0.26635873317718506 -0.03787853941321373 0.4772997498512268 0.45538485050201416 0.14630185067653656 -0.43207791447639465
-0.38859888911247253 0.3789004385471344 -0.3801564574241638 0.17842791974544525 0.5608237981796265 0.025260459631681442 -0.46250244975090027
0.5126395225524902 -0.5678955316543579 -0.05046910420060158 0.07739710807800293 -0.540955126285553 0.27390262484550476 0.1962214559316635
0.1685851514339447 0.06375035643577576 0.05232550576329231 0.20353806018829346 0.14406244456768036 -0.23720930516719818 -0.9199602603912354
-0.33400237560272217 -0.056449923664331436 -0.638745903968811 -0.30143195390701294 0.5905919075012207 0.06253480166196823 -0.18354536592960358
0.11208729445934296 -0.05432945117354393 -0.9300245642662048 0.05361423268914223 -0.1098557710647583 0.32023897767066956 -0.045201417058706284
0.09787500649690628 -0.13489994406700134 -0.24330218136310577 0.5606903433799744 -0.47533130645751953 -0.4456506669521332 -0.4172630310058594
-0.38053399324417114 0.05912186577916145 0.48212194442749023 -0.6992495656013489 -0.07908541709184647 0.2883981466293335 -0.2021852433681488
0.3657461106777191 0.40943408012390137 -0.5389849543571472 0.4188949763774872 0.3817554712295532 -0.28475797176361084 -0.07610095292329788
0.6340747475624084 -0.7428998947143555 0.050029296427965164 0.11749773472547531 0.11040914058685303 -0.1282140463590622 0.033335428684949875
-0.26441797614097595 -0.19707781076431274 -0.4846755564212799 -0.5636237263679504 0.4037981629371643 0.11051759868860245 -0.4042206406593323
0.9147313237190247 -0.1942300796508789 -0.22892801463603973 -0.020167861133813858 0.1705377846956253 -0.015610450878739357 -0.2083256095647812
0.47024133801460266 -0.7520263195037842 0.13255615532398224 0.05464522913098335 0.3783751428127289 -0.22233514487743378 0.013096306473016739
0.2178952395915985 -0.6816475987434387 0.24281129240989685 -0.013353632763028145 -0.37931832671165466 0.5066094398498535 0.1679498255252838
-0.7267774343490601 0.02957649901509285 0.5117496848106384 -0.29437968134880066 0.14097808301448822 0.12204989045858383 -0.29597577452659607
0.3613804876804352 -0.4160475730895996 0.1029084101319313 0.5465658903121948 0.31135639548301697 -0.0647118017077446 -0.5346529483795166
-0.43106532096862793 0.04398255795240402 -0.4028821587562561 -0.017253834754228592 0.3215908110141754 0.34053635597229004 -0.6559351086616516
-0.01562923565506935 -0.8301231861114502 -0.1308448612689972 -0.29909953474998474 -0.0016494262963533401 0.2672725021839142 0.3641880750656128
0.07280343770980835 -0.20406457781791687 0.5108672380447388 -0.5638604760169983 -0.272570937871933 -0.02948056161403656 0.5467808246612549
-0.6324286460876465 0.15441235899925232 -0.4137546420097351 0.1520044058561325 -0.325656920671463 -0.1227690577507019 -0.5106544494628906
-0.4386037588119507 -0.20648892223834991 -0.42619800567626953 0.16351664066314697 0.1238357424736023 -0.5234370827674866 -0.5169960856437683
0.4174555540084839 -0.09819121658802032 -0.5304768681526184 0.22283032536506653 -0.101165771484375 -0.17791399359703064 -0.6656894087791443
0.10845164954662323 -0.07376059889793396 0.9062883257865906 0.218394935131073 -0.2569620609283447 0.055735766887664795 -0.21120324730873108
0.25139591097831726 0.01866162195801735 -0.03568331524729729 0.5388338565826416 0.2836679518222809 0.27591124176979065 -0.6987432837486267
-0.2637355327606201 -0.7480536103248596 -0.5236530900001526 -0.20230983197689056 -0.1610904484987259 -0.16435110569000244 -0.05250012129545212
-0.6589245200157166 0.5071079134941101 0.24030561745166779 -0.25543099641799927 -0.299855500459671 -0.19441518187522888 -0.240743950009346
0.19590014219284058 -0.31125757098197937 0.770018994808197 -0.024256287142634392 -0.3844684660434723 0.27572521567344666 0.21767835319042206
-0.3105979859828949 -0.1965833157300949 -0.6629026532173157 -0.5169802904129028 -0.03352215513586998 -0.21631626784801483 -0.33205246925354004
0.264839768409729 0.5044703483581543 -0.3189128637313843 0.36995410919189453 0.42308273911476135 0.11815956979990005 -0.49379897117614746
-0.22382724285125732 -0.043222736567258835 -0.928259551525116 0.020373117178678513 0.2546716630458832 -0.10799941420555115 -0.09711290895938873
0.00693006906658411 0.6284180283546448 0.6744614839553833 0.008594170212745667 -0.2854228913784027 -0.01932416297495365 -0.2612106502056122
-0.08191397041082382 -0.14836151897907257 -0.40305033326148987 -0.11993624269962311 0.4853789806365967 -0.2748737335205078 -0.6951952576637268
-0.44294387102127075 0.06646047532558441 0.3684215545654297 -0.37954583764076233 -0.07750442624092102 0.715942919254303 0.03182851895689964
0.21214091777801514 -0.40092411637306213 -0.17366072535514832 0.7275524735450745 0.45705562829971313 0.10739409178495407 -0.1197172999382019
-0.16017192602157593 -0.7009226679801941 -0.16628298163414001 -0.006758780684322119 -0.48621028661727905 -0.08770568668842316 0.4596346318721771
0.42791423201560974 -0.5140410661697388 0.03933890163898468 0.5800940990447998 0.1634053736925125 0.2727392017841339 -0.3369073271751404
-0.17717134952545166 -0.3074042499065399 -0.02829703688621521 0.39908289909362793 0.044937506318092346 -0.7788230776786804 -0.3247462809085846
-0.2596893012523651 -0.017082104459404945 -0.2164224088191986 0.4721032381057739 0.6027045249938965 -0.048843737691640854 -0.5448954105377197
-0.11527814716100693 0.8011190295219421 0.43002405762672424 0.012890026904642582 -0.18099345266819 0.16455726325511932 -0.3162193298339844
0.3336739242076874 -0.35557758808135986 -0.1412997990846634 0.37323328852653503 -0.6923859119415283 -0.3413812220096588 -0.08377394825220108
0.1573190987110138 -0.7764073014259338 -0.1897754818201065 -0.349474161863327 -0.4394150674343109 -0.11005155742168427 -0.09538620710372925
-0.0048711951822042465 0.39973193407058716 -0.20415334403514862 0.5920448303222656 0.425073504447937 0.08427327126264572 -0.5101034641265869
-0.06515409052371979 -0.8257997632026672 -0.25486505031585693 -0.16347409784793854 0.25834864377975464 0.33665725588798523 -0.20505470037460327
0.30498746037483215 0.15925851464271545 0.7664889693260193 -0.23566290736198425 -0.385118305683136 -0.2974074184894562 0.04254215955734253
-0.2170478105545044 -0.1651233732700348 0.16721422970294952 -0.5522729754447937 -0.4105544090270996 0.3468465209007263 0.551181435585022
0.08653782308101654 -0.27472835779190063 -0.8857212066650391 0.21363596618175507 -0.16093921661376953 -0.18226924538612366 0.16664248704910278
-0.672142505645752 -0.5427888631820679 0.05741648003458977 -0.013230671174824238 0.3763836622238159 -0.2834494411945343 -0.16770413517951965
0.34804993867874146 -0.21168309450149536 -0.4987616539001465 -0.5223097205162048 0.34536904096603394 0.41096028685569763 -0.1559257060289383
0.10034196078777313 0.5707507729530334 -0.39927181601524353 0.46388721466064453 0.5264756083488464 0.08582949638366699 -0.07086944580078125
-0.5037189722061157 -0.14849205315113068 -0.6454879641532898 0.045646294951438904 0.14824974536895752 -0.34181180596351624 -0.40824708342552185
-0.3315748870372772 0.4964301884174347 0.4272497892379761 -0.40263062715530396 0.33096274733543396 0.24165096879005432 -0.3619803488254547
-0.1887643188238144 0.13521532714366913 0.8298580646514893 0.07503252476453781 0.29222989082336426 -0.20434309542179108 -0.3530385196208954
-0.32341688871383667 -0.5894343256950378 0.4453001916408539 -0.5261664986610413 -0.20035423338413239 0.07998285442590714 0.16213029623031616
-0.23026719689369202 -0.14950372278690338 0.2582031786441803 -0.7850508689880371 -0.43232035636901855 0.13530626893043518 0.19090113043785095
-0.1775306761264801 0.30982881784439087 0.15248195827007294 -0.6359963417053223 0.3718506395816803 0.5002000331878662 0.23722119629383087
-0.3969210684299469 0.45075663924217224 0.3562679886817932 -0.49127230048179626 0.38813596963882446 0.15802130103111267 -0.3088308274745941
-0.20131471753120422 -0.5477861166000366 -0.5686335563659668 0.2557227313518524 -0.25905540585517883 -0.28308773040771484 -0.35130640864372253
-0.09761086851358414 -0.4432816207408905 -0.17710016667842865 -0.050814975053071976 0.04352613911032677 -0.03240681439638138 -0.8701046109199524
-0.002392205409705639 0.20196647942066193 -0.4160374104976654 0.5301576852798462 0.46732932329177856 -0.4306581914424896 -0.31809812784194946
0.5803037285804749 -0.7512462735176086 -0.07511398941278458 -0.10011198371648788 0.06857222318649292 0.21819916367530823 -0.1757815033197403
0.3357490301132202 0.4262012839317322 0.6372524499893188 -0.04060840606689453 0.1682470142841339 -0.018268030136823654 -0.5188876390457153
0.6850250959396362 0.07066863775253296 -0.09352385252714157 0.17734655737876892 0.3533839285373688 -0.26683372259140015 -0.5380220413208008
0.2745216488838196 -0.7488725185394287 0.2250288873910904 -0.01475320104509592 -0.1882600635290146 0.37008044123649597 0.37492749094963074
0.03864346817135811 -0.39541980624198914 0.3370170593261719 0.38549908995628357 0.2059922069311142 -0.329460084438324 -0.6549680233001709
0.1413654237985611 -0.03616044297814369 0.7488603591918945 -0.02075531892478466 -0.0006231569568626583 0.5124582052230835 0.3935377597808838
-0.6685121059417725 -0.5808225870132446 -0.3759493827819824 -0.07344469428062439 -0.20198138058185577 0.13770388066768646 0.09615574032068253
0.6358056664466858 -0.5081124305725098 -0.19757671654224396 0.06531011313199997 0.36664655804634094 -0.06638574600219727 -0.3942513167858124
0.17709730565547943 -0.7245615124702454 -0.6076158881187439 -0.04352560639381409 -0.17499347031116486 -0.20245477557182312 -0.03073982521891594
-0.4259664714336395 0.6633883118629456 0.1083037480711937 -0.39086100459098816 -0.1396305412054062 0.361340194940567 0.25279054045677185
-0.23725226521492004 -0.4636773467063904 0.013402720913290977 -0.49334225058555603 0.34841471910476685 -0.4450010359287262 -0.4070991277694702
-0.5625739097595215 -0.3494308590888977 -0.615011990070343 -0.17910854518413544 0.16894589364528656 -0.33226141333580017 -0.11022073030471802
-0.6360613107681274 0.20903754234313965 -0.32450565695762634 0.2779903709888458 0.4554007053375244 -0.3061991333961487 -0.26076623797416687
-0.15516936779022217 0.32890069484710693 -0.4313046336174011 0.25109514594078064 -0.0016496069729328156 -0.14093288779258728 -0.773827850818634
-0.33351221680641174 -0.8310608267784119 0.14685706794261932 -0.04283611476421356 -0.41073375940322876 -0.07440602779388428 0.021615616977214813
-0.12023544311523438 0.25694385170936584 -0.2982293367385864 0.40982645750045776 0.6619511842727661 -0.13649649918079376 -0.4536673426628113
0.39967241883277893 -0.3089679181575775 -0.24762313067913055 0.22934775054454803 0.5916883945465088 -0.10900352895259857 -0.5185617804527283
-0.32518938183784485 -0.34732121229171753 -0.49830183386802673 0.10705246776342392 0.4173489212989807 -0.5679144859313965 -0.13094952702522278
-0.38009560108184814 0.773833692073822 0.17709164321422577 0.020335271954536438 0.30723831057548523 -0.34394198656082153 -0.1106443852186203
-0.04142256826162338 0.2005103975534439 0.7262609601020813 0.060840144753456116 0.1834942102432251 -0.41720420122146606 -0.468181312084198
0.05866961553692818 -0.5188144445419312 -0.6716756224632263 -0.362729549407959 -0.3287006616592407 0.19099771976470947 -0.012013783678412437
-0.3442456126213074 0.7788401246070862 0.23550888895988464 -0.03295861557126045 0.37724387645721436 -0.2686077356338501 -0.062365151941776276
-0.1827908754348755 -0.7908357381820679 0.14654092490673065 -0.15318308770656586 -0.27027904987335205 0.456248015165329 0.12253174185752869
0.31423455476760864 -0.05190831795334816 -0.469341903924942 0.688277006149292 0.13254433870315552 -0.35458001494407654 -0.24750807881355286
0.34103474020957947 -0.20306916534900665 0.7324177026748657 -0.2402298003435135 -0.4417041838169098 0.007964305579662323 0.2305346429347992
0.5031495690345764 0.2973065972328186 0.40793898701667786 -0.020616650581359863 -0.3258455693721771 -0.25946998596191406 0.564012348651886
0.4911225438117981 -0.7697136998176575 0.11581119149923325 0.05002061650156975 -0.1495491862297058 0.3223746120929718 0.15535403788089752
0.12047652155160904 -0.621239423751831 0.12382492423057556 0.39189255237579346 -0.4849960505962372 -0.24221117794513702 -0.3697935938835144
0.14914415776729584 -0.46948301792144775 -0.031397271901369095 0.5639871954917908 -0.36528003215789795 -0.3024737536907196 -0.46190303564071655
-0.09481494128704071 0.18590140342712402 0.20358596742153168 -0.7545154094696045 -0.5015181303024292 0.3065865635871887 0.013936084695160389
-0.17831870913505554 0.8165062665939331 0.23228111863136292 -0.12601308524608612 0.02936631254851818 -0.47876572608947754 0.040090110152959824
-0.4231037199497223 0.4712737500667572 -0.6719040274620056 0.16126227378845215 0.07842712849378586 -0.2407917082309723 -0.23935821652412415
0.030121218413114548 -0.8650975227355957 -0.08604463934898376 -0.344923198223114 0.26228708028793335 -0.07016874104738235 -0.22495585680007935
0.35729271173477173 -0.5734723806381226 0.38586699962615967 0.4693981111049652 -0.2766973376274109 0.30157434940338135 -0.08206760138273239
-0.5962702631950378 -0.16482198238372803 -0.5831663608551025 0.2410546988248825 0.16106675565242767 -0.12498416751623154 -0.4213568866252899
0.416690856218338 -0.498243123292923 -0.06570006906986237 0.3784331977367401 -0.573135495185852 0.016124289482831955 -0.31913942098617554
-0.5318836569786072 -0.6729423999786377 -0.28064578771591187 -0.0308808833360672 0.21009814739227295 0.37452805042266846 0.010953889228403568
0.19984672963619232 0.4685911238193512 -0.3158600330352783 0.2144176959991455 0.5789638161659241 -0.5004875659942627 0.09515346586704254
0.31570085883140564 -0.853209376335144 0.09676440060138702 0.1144426017999649 0.009869237430393696 -0.12233991175889969 -0.36720797419548035
-0.35452428460121155 -0.8445550203323364 0.30031833052635193 -0.2444673478603363 -0.10453774780035019 0.010440871119499207 0.006844677962362766
-0.5880440473556519 0.2978634834289551 0.3766239881515503 -0.2787664234638214 0.41928908228874207 -0.1309865564107895 -0.3911066949367523
-0.036880042403936386 -0.11295256018638611 0.2805759608745575 -0.5805327892303467 -0.277983695268631 0.380226731300354 0.5901637077331543
-0.21851114928722382 -0.914048433303833 0.12792618572711945 -0.13786786794662476 0.03363122045993805 0.14970989525318146 0.2405235469341278
-0.36555787920951843 0.6669984459877014 0.42141157388687134 -0.42563825845718384 -0.12797626852989197 -0.21090787649154663 -0.043182775378227234
0.14948327839374542 -0.30241522192955017 0.7832065224647522 -0.13616132736206055 -0.35107946395874023 -0.07574651390314102 0.3539111614227295
0.13775323331356049 0.028227005153894424 0.9209019541740417 0.11104600131511688 -0.09757619351148605 0.32145828008651733 -0.08354078233242035
-0.05036262422800064 -0.009721164591610432 -0.07612866908311844 0.6431441903114319 -0.29432934522628784 -0.1351642906665802 -0.6877790689468384
0.30799049139022827 -0.07347217947244644 -0.2015685737133026 0.43623194098472595 0.08432003110647202 -0.5303827524185181 -0.616765558719635
0.36049556732177734 -0.114433653652668 0.028908465057611465 0.8611828684806824 0.2671527862548828 0.12784156203269958 -0.1635916829109192
0.3549950122833252 -0.11595895141363144 -0.7773585319519043 -0.12039092183113098 0.05400580167770386 -0.32109948992729187 -0.3684159219264984
0.19573019444942474 -0.22826877236366272 -0.23956649005413055 0.6554668545722961 -0.16495130956172943 -0.46903514862060547 -0.41874960064888
-0.10329896211624146 -0.5368906259536743 -0.5560994744300842 -0.4552783966064453 -0.28819382190704346 -0.065730020403862 -0.3117315173149109
0.42579519748687744 -0.3835194706916809 0.12784790992736816 0.6343050003051758 0.13655132055282593 0.4182837903499603 0.2435479611158371
-0.1740659922361374 -0.41147857904434204 -0.7112499475479126 -0.01344986166805029 -0.093612901866436 0.3087770640850067 0.43614494800567627
-0.1291208118200302 0.5939258337020874 0.12586095929145813 -0.6149234771728516 -0.026357268914580345 0.14863204956054688 0.4624086320400238
-0.26253992319107056 0.11736638844013214 -0.6322675347328186 0.16291488707065582 0.501457929611206 0.4770407974720001 -0.10939158499240875
0.0006300823297351599 0.5010919570922852 0.6934533715248108 0.08982393145561218 0.37430816888809204 -0.20734509825706482 -0.2772398591041565
0.24311618506908417 -0.4192613959312439 -0.27890270948410034 0.31638023257255554 -0.08873382210731506 -0.47856706380844116 -0.5918878316879272
-0.23843099176883698 0.23567752540111542 -0.3690980076789856 -0.02628614380955696 0.6597984433174133 -0.3120272755622864 -0.46689116954803467
0.2756853401660919 -0.4677368998527527 0.6618009209632874 -0.22445076704025269 -0.18538373708724976 0.11080050468444824 0.41257402300834656
-0.17493118345737457 -0.593292772769928 -0.7563194632530212 0.03365026041865349 -0.1853630691766739 0.07192233949899673 -0.06869572401046753
-0.07081161439418793 0.47081422805786133 -0.550652801990509 0.2759229242801666 0.45525145530700684 0.1652783751487732 -0.3992452919483185
-0.7026708722114563 -0.2989782691001892 -0.5703113675117493 0.2813795208930969 0.09905339032411575 -0.043905071914196014 -0.02639886550605297
-0.17583800852298737 0.8264346718788147 -0.11394242942333221 -0.29180023074150085 0.07199743390083313 0.09660323709249496 -0.4164621829986572
0.49183523654937744 0.35485613346099854 0.6063358187675476 0.028868600726127625 -0.0056718988344073296 -0.16304126381874084 0.48691272735595703
-0.15773281455039978 -0.1278606355190277 -0.3166729211807251 0.46407604217529297 0.011622210964560509 -0.32496440410614014 -0.733066737651825
0.17030365765094757 0.0754595473408699 0.5926017761230469 -0.3836338222026825 -0.5055397152900696 -0.4597448408603668 0.003881392301991582
-0.03006669692695141 -0.43846723437309265 0.8300064206123352 -0.14762884378433228 -0.3032113015651703 0.04204149171710014 -0.049326032400131226
0.0028576618060469627 -0.4778604805469513 -0.6047376394271851 0.09821167588233948 -0.2512096166610718 -0.40497729182243347 0.4113090932369232
-0.4864695966243744 -0.6614791750907898 -0.21834209561347961 -0.014354795217514038 0.23818641901016235 0.468548059463501 -0.040536750108003616
0.4281328022480011 0.49544602632522583 0.6555806398391724 0.11278972774744034 0.27005890011787415 0.08077257126569748 -0.22197325527668
0.10762327164411545 -0.5424008369445801 0.1666005253791809 0.5066519975662231 -0.38306957483291626 -0.23330265283584595 -0.4567210376262665
0.494588166475296 -0.7935136556625366 -0.027372373268008232 0.00668034004047513 -0.10427249222993851 0.07439535856246948 -0.32941973209381104
0.029039528220891953 0.30703112483024597 -0.8521254658699036 -0.36463111639022827 0.1823008805513382 0.11201543360948563 0.005828110501170158
0.1515587866306305 0.7275056838989258 0.5043084621429443 -0.12757883965969086 -0.11008811742067337 -0.17983128130435944 -0.3642849922180176
0.42580410838127136 -0.27089402079582214 -0.36329594254493713 0.6666731238365173 -0.12370122224092484 -0.2715359032154083 -0.28255367279052734
-0.19660094380378723 0.041894372552633286 -0.5810604691505432 -0.46071383357048035 0.5470075607299805 -0.13964058458805084 -0.3016416132450104
-0.2639719247817993 -0.7750211954116821 -0.11518272757530212 0.2432008534669876 0.21349160373210907 0.43011629581451416 -0.1633046269416809
-0.1022079586982727 0.43963173031806946 -0.3598734438419342 0.3715021014213562 0.7089735269546509 0.12163808196783066 0.10637414455413818
0.5146706104278564 -0.7502911686897278 0.2025773525238037 -0.17680922150611877 -0.1515336036682129 0.1483936309814453 0.23429691791534424
-0.5031832456588745 0.24007335305213928 -0.31837302446365356 0.13372835516929626 0.5953421592712402 -0.08137238770723343 -0.45702630281448364
0.1995469033718109 -0.163864403963089 0.21284876763820648 0.7960630059242249 0.16242308914661407 0.07718018442392349 -0.4711375832557678
0.19089655578136444 -0.8168870210647583 -0.15617987513542175 -0.4312247037887573 0.24902868270874023 -0.0995352491736412 -0.11825688928365707
-0.41701287031173706 -0.5706511735916138 -0.2396845668554306 -0.01182632613927126 0.08452612161636353 0.648617148399353 -0.12255673110485077
-0.4364258050918579 -0.7407984137535095 -0.4079004228115082 0.20709840953350067 -0.08853360265493393 -0.1761520504951477 0.11229446530342102
-0.33175837993621826 -0.6762005090713501 -0.5760718584060669 0.03903895244002342 -0.18981067836284637 -0.13097932934761047 -0.2147621512413025
-0.3103158175945282 0.31877586245536804 -0.6201318502426147 0.4145297706127167 0.3369797468185425 -0.16958776116371155 -0.3215155005455017
0.5799835920333862 -0.71527099609375 0.1620708853006363 0.08738058805465698 -0.09322690963745117 0.1258375197649002 -0.30590489506721497
-0.24202726781368256 -0.08717398345470428 -0.4634457528591156 -0.4851006269454956 0.47346222400665283 0.23970232903957367 -0.4495498836040497
0.4949027895927429 -0.4423076808452606 -0.012141930870711803 0.26528802514076233 -0.3864951431751251 0.4122273921966553 0.41182515025138855
-0.18059587478637695 -0.30585864186286926 -0.6824586987495422 -0.41747838258743286 0.023276282474398613 -0.21930758655071259 -0.430302232503891
-0.6577154994010925 -0.07187338173389435 -0.6614608764648438 0.18764431774616241 0.14506244659423828 -0.06776110082864761 -0.25272315740585327
0.42927661538124084 0.11569756269454956 -0.5101313591003418 0.3241279721260071 -0.09374271333217621 -0.5880525708198547 -0.28713956475257874
0.653023898601532 -0.2296249270439148 -0.2862042784690857 0.33739086985588074 -0.33566567301750183 -0.26466450095176697 0.3773168623447418
-0.1966056227684021 0.06912310421466827 -0.504408061504364 -0.04607049748301506 0.562386691570282 -0.18917502462863922 -0.5898746848106384
0.07718101143836975 -0.5346054434776306 -0.7948422431945801 0.027523411437869072 0.07200795412063599 0.0956544578075409 0.2477363795042038
-0.23460251092910767 0.4582596719264984 -0.1335965245962143 0.4812071919441223 0.38954249024391174 -0.057326436042785645 -0.5749101042747498
0.23929157853126526 -0.13078655302524567 -0.5593734383583069 0.62615567445755 0.1849871426820755 -0.3766463100910187 -0.21114501357078552
0.10325616598129272 -0.6048061847686768 0.2973846197128296 0.19330525398254395 -0.6380124092102051 0.24599240720272064 -0.1736980676651001
0.11698514968156815 0.04219228774309158 -0.08952867239713669 0.7755855321884155 -0.10248840600252151 -0.3200758993625641 -0.5118920207023621
-0.022906852886080742 -0.17974700033664703 0.21876448392868042 0.60300612449646 0.4102688431739807 -0.45737308263778687 -0.42211517691612244
-0.1353582739830017 -0.7584466934204102 -0.2915569245815277 -0.33657196164131165 0.32985344529151917 0.29911747574806213 0.09937871992588043
0.3553306460380554 -0.22459019720554352 -0.0020796763710677624 0.5744006037712097 0.28512099385261536 -0.20824706554412842 -0.6072051525115967
0.5109750628471375 -0.11326631903648376 -0.3876255750656128 0.6465615630149841 -0.24766921997070312 -0.022966085001826286 -0.30969706177711487
0.3857867121696472 -0.055926721543073654 0.05994446203112602 0.674287736415863 0.39949801564216614 -0.13571739196777344 -0.4601801931858063
0.3158520758152008 -0.012555385008454323 0.11419405788183212 0.6501526832580566 0.4723028242588043 -0.23685376346111298 -0.43031543493270874
-0.24514836072921753 -0.3358370065689087 -0.3780978322029114 -0.28982236981391907 0.10883891582489014 0.4901086688041687 -0.5900070667266846
0.2501307427883148 -0.4591706097126007 -0.1342046707868576 0.6326607465744019 0.448652058839798 0.3155207335948944 -0.08651266247034073
-0.4451225996017456 0.2479628473520279 0.3833581805229187 -0.4171486496925354 -0.4390580654144287 0.4723825752735138 0.05904679372906685
-0.18112248182296753 -0.2817036509513855 0.43159782886505127 -0.4784923493862152 -0.20819181203842163 0.005501409526914358 0.6551579833030701
-0.2937747836112976 0.8975869417190552 -0.11331108957529068 -0.09518520534038544 0.0590888112783432 0.2151753157377243 -0.1906372755765915
0.20445264875888824 -0.7265461683273315 0.17838957905769348 0.21355056762695312 -0.4030003547668457 0.4334138035774231 -0.05144248902797699
-0.5700077414512634 -0.5218666791915894 -0.5724814534187317 0.1243487298488617 -0.046704649925231934 0.02417503483593464 -0.23829154670238495
-0.0233161598443985 0.5839895606040955 -0.34380558133125305 0.5381677150726318 0.18433856964111328 0.055443551391363144 -0.46209433674812317
-0.06648246943950653 0.29487502574920654 0.2683910131454468 -0.7686871290206909 -0.4129789173603058 0.24646440148353577 0.12007865309715271
-0.006689734756946564 -0.7470583915710449 0.2519625127315521 0.32800325751304626 -0.48165637254714966 -0.15880665183067322 -0.11651383340358734
-0.5393328070640564 -0.7217302322387695 -0.19975897669792175 -0.041093554347753525 0.3348771631717682 0.14048071205615997 0.12147282809019089
0.19486594200134277 0.24544170498847961 0.6905660033226013 0.23352713882923126 -0.12426462024450302 0.5875828862190247 -0.09835562855005264
0.5203620195388794 -0.17303231358528137 -0.008793222717940807 0.5514037013053894 0.4866017997264862 -0.11643201112747192 -0.38055506348609924
0.056137122213840485 -0.5014761090278625 -0.3496612012386322 -0.3816300928592682 -0.48765647411346436 0.14295974373817444 0.468208909034729
-0.1939343512058258 -0.7848962545394897 0.06305436789989471 -0.14179004728794098 -0.18386726081371307 -0.24593965709209442 0.47744491696357727
-0.5733930468559265 0.36863604187965393 0.3402670621871948 -0.49789103865623474 -0.23114246129989624 -0.01336140837520361 -0.3435773253440857
-0.16491733491420746 0.043879322707653046 -0.8486801385879517 0.3034997284412384 0.37497642636299133 0.0723898857831955 0.11251260340213776
-0.4522610604763031 0.3933686316013336 -0.38211363554000854 0.1883518546819687 0.5377755165100098 0.04086754098534584 -0.41031843423843384
-0.5049705505371094 -0.06650460511445999 -0.06545331329107285 -0.19518372416496277 0.5929437875747681 -0.4236038029193878 -0.4088747203350067
0.04925181716680527 -0.061043884605169296 -0.21059738099575043 -0.4090428650379181 0.6593124270439148 -0.41527315974235535 -0.41837283968925476
0.1392645388841629 0.5763663649559021 -0.3099817931652069 0.3305332660675049 -0.26511237025260925 -0.14589200913906097 -0.5928719639778137
-0.02715907245874405 0.6298156976699829 0.19054701924324036 -0.3110942244529724 0.59693443775177 0.2740928828716278 0.19506189227104187
-0.2646515667438507 -0.31301552057266235 0.4825466275215149 -0.4221479892730713 -0.11473234742879868 -0.1663808375597 0.6165018677711487
-0.3838568925857544 0.11363536864519119 -0.41781845688819885 0.007335958071053028 0.6621122360229492 -0.11299487948417664 -0.4625519812107086
-0.39242446422576904 -0.3403675854206085 -0.3499842584133148 0.2228248566389084 0.555132269859314 0.22847169637680054 -0.4445694386959076
-0.19286492466926575 0.12804222106933594 -0.2548779547214508 0.1937452256679535 0.8031347990036011 -0.3874135911464691 -0.22089244425296783
0.25946280360221863 -0.8248569369316101 0.15101750195026398 0.00489481445401907 -0.45620349049568176 -0.10330254584550858 0.10328077524900436
-0.3604040741920471 0.34579190611839294 -0.47696956992149353 0.18498189747333527 0.5999327898025513 -0.09394470602273941 -0.34651637077331543
0.11745044589042664 0.3766454756259918 -0.6329607963562012 0.1969069540500641 0.26579776406288147 -0.29186955094337463 -0.4990949332714081
0.5717536211013794 -0.6146901249885559 0.149652361869812 0.1804521232843399 -0.11507393419742584 0.14041417837142944 -0.45534268021583557
-0.5577772259712219 -0.6209338903427124 -0.3818844258785248 -0.0787607952952385 -0.3364398777484894 0.1798008531332016 -0.07593782246112823
0.3341005742549896 0.5644975900650024 -0.5281887650489807 0.4527750015258789 0.09719686955213547 -0.27474507689476013 0.0282598864287138
-0.34450942277908325 0.6093891859054565 0.0027915402315557003 -0.5955024361610413 -0.3445979654788971 -0.19009585678577423 0.021045397967100143
-0.3495050370693207 -0.31382009387016296 -0.6399067044258118 -0.05770832672715187 -0.2698062062263489 -0.11513824015855789 0.5296226143836975
0.10319478064775467 0.4227345585823059 -0.16681644320487976 0.6062230467796326 0.5049635767936707 0.0007908239495009184 -0.4004041850566864
0.7203935980796814 -0.6668311357498169 0.14266499876976013 0.061957649886608124 0.028339127078652382 -0.022293196991086006 -0.10429330915212631
0.05182499811053276 -0.5805984139442444 -0.37351498007774353 0.2076796442270279 0.40624648332595825 0.389456182718277 -0.4010773003101349
0.42107173800468445 -0.6025090217590332 0.11176291108131409 0.439792662858963 0.09902995824813843 -0.14237548410892487 -0.4729643762111664
-0.19784559309482574 -0.16709762811660767 -0.8868830800056458 -0.12982438504695892 0.32350388169288635 -0.14900557696819305 -0.05159575119614601
-0.05419348180294037 -0.845557451248169 0.023159600794315338 -0.11110109835863113 -0.17193487286567688 0.4795660674571991 0.09833919256925583
-0.11922682821750641 0.4458543658256531 -0.1444864273071289 -0.7379360795021057 -0.027899084612727165 -0.35462135076522827 0.3082829415798187
0.009362216107547283 0.43579670786857605 -0.40951642394065857 0.13417114317417145 0.6354288458824158 0.03905851021409035 -0.46796637773513794
-0.3543092906475067 0.34879204630851746 -0.4242097735404968 0.10724832862615585 0.2803601324558258 0.08777151256799698 -0.6892367005348206
-0.4368874430656433 0.7685508131980896 -0.02887433022260666 -0.11605951189994812 0.09420710802078247 -0.43004941940307617 -0.10167622566223145
-0.37046894431114197 -0.2851736545562744 -0.5688116550445557 -0.1435052752494812 0.3898724317550659 -0.5182668566703796 0.12917962670326233
0.09742439538240433 0.3926401436328888 0.8018165826797485 0.005175568629056215 -0.17880448698997498 -0.39980265498161316 0.03990524262189865
-0.46750277280807495 -0.7349505424499512 -0.16763533651828766 -0.04888727143406868 0.2911478281021118 0.3441429138183594 0.08715440332889557
0.1101478785276413 0.7119313478469849 0.3306817412376404 0.31580203771591187 0.5153570175170898 -0.022505462169647217 -0.07642312347888947
0.16479071974754333 -0.07432305067777634 -0.3169349431991577 0.16790978610515594 -0.2611638605594635 -0.2806500494480133 -0.8316895961761475
-0.21566224098205566 -0.6970452666282654 -0.3396150469779968 -0.12982310354709625 0.3279193639755249 0.4668487012386322 0.09973239153623581
-0.5785288214683533 -0.35499489307403564 -0.3123028874397278 0.10570912808179855 0.34317705035209656 0.4103544354438782 -0.3800188899040222
-0.6765334606170654 0.025642912834882736 -0.3702475428581238 0.17413072288036346 -0.16392318904399872 -0.42067813873291016 -0.41279444098472595
0.11141312122344971 0.49164730310440063 0.6929072141647339 0.28471022844314575 0.2770537734031677 0.0915895476937294 -0.31550318002700806
-0.550953209400177 -0.05406033992767334 -0.4355882704257965 -0.012704312801361084 -0.028753872960805893 -0.1164017766714096 -0.6994664669036865
-0.1223837211728096 0.554512619972229 0.36707550287246704 0.2292156219482422 0.17051921784877777 -0.09328555315732956 -0.6726624369621277
0.23346897959709167 -0.8339987993240356 0.08373194187879562 0.18305915594100952 -0.4380423426628113 0.08873213082551956 0.09829623997211456
0.3558446168899536 -0.7140762805938721 -0.032610148191452026 0.40634283423423767 -0.28035545349121094 -0.27279770374298096 -0.21041393280029297
-0.6416929364204407 0.5411955714225769 0.3326563537120819 -0.20626023411750793 -0.1465768814086914 -0.07093407213687897 -0.34002578258514404
0.05078088492155075 0.3634788393974304 0.5980622172355652 0.05365411564707756 -0.5438241362571716 -0.023074354976415634 -0.4565851390361786
0.31154975295066833 -0.2744835317134857 -0.25533610582351685 0.5430536270141602 -0.09347403049468994 -0.4831152856349945 -0.47471481561660767
0.03153635933995247 0.852009117603302 -0.16491317749023438 -0.28419792652130127 0.3875872492790222 -0.008542640134692192 0.12175454199314117
-0.47711414098739624 -0.732417106628418 -0.16091322898864746 0.019173158332705498 0.35506585240364075 0.2868727147579193 0.03604068607091904
-0.05579366162419319 0.274911493062973 -0.5108393430709839 0.09569704532623291 0.7351076006889343 -0.06403138488531113 -0.3266690969467163
-0.2763609290122986 0.023925628513097763 -0.8951259255409241 0.0727967694401741 0.06843844056129456 0.3042391836643219 0.13876983523368835
-0.16735589504241943 0.584662914276123 0.49061888456344604 -0.26577049493789673 0.41336482763290405 0.09874372184276581 -0.37175223231315613
-0.19756802916526794 -0.33916768431663513 -0.6430501341819763 -0.3816777169704437 -0.3721112012863159 -0.33042633533477783 -0.19771797955036163
-0.3930601179599762 -0.4119606614112854 -0.6797224283218384 -0.17242491245269775 -0.37463605403900146 -0.19255506992340088 0.08129958063364029
0.12536878883838654 -0.331379234790802 -0.1184706911444664 0.5387890934944153 0.1580139547586441 -0.7110734581947327 -0.19886597990989685
-0.18739627301692963 -0.7441437244415283 0.2089783102273941 -0.130783349275589 -0.3817160725593567 0.43312662839889526 -0.1305782049894333
0.2235460877418518 0.8303514122962952 -0.13222186267375946 -0.2546364665031433 0.3148941695690155 0.22422246634960175 -0.16966800391674042
-0.3471824824810028 -0.23127320408821106 0.4731315076351166 -0.3561863601207733 -0.37891682982444763 0.3842315673828125 0.4290023446083069
0.4220428466796875 0.47302114963531494 -0.4697500467300415 0.5351784229278564 -0.2922808825969696 0.0341307707130909 0.06675862520933151
0.30413609743118286 -0.79256671667099 -0.2929876148700714 -0.19209197163581848 0.23830239474773407 0.2738965153694153 -0.15745115280151367
-0.10881936550140381 0.1460074484348297 0.3296242952346802 -0.7637155055999756 0.14102788269519806 0.40602409839630127 0.3003033995628357
0.37195515632629395 -0.26140275597572327 -0.21880649030208588 0.4744093120098114 0.48247650265693665 0.08006808906793594 -0.5302668809890747
-0.4381265640258789 -0.7106935977935791 0.039642464369535446 -0.056496743112802505 0.48214325308799744 -0.05023128166794777 0.25141826272010803
-0.027344876900315285 -0.7220640778541565 0.4543294310569763 0.33190637826919556 0.07694561779499054 -0.3595697581768036 -0.1615164428949356
-0.3648641109466553 0.39538460969924927 0.623811662197113 -0.286409854888916 -0.38645297288894653 -0.1075429767370224 -0.28011107444763184
0.2093358039855957 -0.47736701369285583 0.6234923005104065 -0.34695085883140564 -0.4294443726539612 0.15615621209144592 -0.10185448825359344
0.4467155635356903 -0.3071703016757965 -0.55174720287323 0.5986981391906738 0.041374076157808304 -0.14231587946414948 -0.1458134800195694
0.01618889532983303 -0.5217506289482117 -0.3553493916988373 -0.7123764753341675 -0.14347125589847565 -0.25609856843948364 -0.08712216466665268
-0.22064058482646942 -0.363922119140625 0.27189093828201294 -0.5729339718818665 -0.0661986693739891 0.5293017625808716 0.36353519558906555
0.07956284284591675 -0.16483081877231598 -0.5766674876213074 0.039219990372657776 0.7543487548828125 0.24835839867591858 0.041146419942379
0.07503616064786911 0.014830309897661209 0.9578261971473694 0.07021963596343994 0.12214385718107224 -0.10952513664960861 -0.2118324637413025
-0.03817946836352348 -0.18383723497390747 -0.20916607975959778 0.6453879475593567 -0.3845939636230469 -0.5196301341056824 -0.2941802442073822
0.06711751222610474 0.7335776090621948 0.35921627283096313 0.24845042824745178 0.48951759934425354 0.04586521536111832 -0.1576833724975586
0.22147609293460846 -0.6523522734642029 0.0034617737401276827 0.5601978898048401 0.14405187964439392 0.07865547388792038 -0.429666668176651
0.3052429258823395 -0.3624139428138733 -0.26320093870162964 0.03133019432425499 -0.10302858799695969 -0.5209865570068359 -0.6505265235900879
0.11233926564455032 -0.5261673331260681 -0.051105234771966934 0.5447267293930054 -0.5811777114868164 0.09527962654829025 -0.25365936756134033
-0.017245933413505554 0.15806765854358673 -0.07444536685943604 0.5622165203094482 0.6674879193305969 -0.3144977390766144 -0.32960379123687744
-0.17813348770141602 -0.25052139163017273 0.23818598687648773 -0.6861688494682312 -0.49312320351600647 0.17507043480873108 0.32268738746643066
-0.18908506631851196 0.4531225562095642 -0.4659503698348999 0.2488887906074524 0.5760667324066162 0.17721524834632874 -0.34148699045181274
0.7155511975288391 -0.5729912519454956 0.05569830909371376 0.19868886470794678 -0.003842782462015748 0.2523705065250397 -0.23104633390903473
0.07722245901823044 0.23529380559921265 0.34051722288131714 -0.8277599811553955 -0.33930423855781555 0.02665189653635025 0.14729994535446167
0.5048943758010864 -0.3625708818435669 -0.24999184906482697 0.40903106331825256 -0.5471805930137634 -0.26238375902175903 0.12477894872426987
0.20779107511043549 -0.5763886570930481 -0.00836934708058834 0.5640756487846375 -0.36131545901298523 -0.15732704102993011 -0.3886476755142212
-0.44022929668426514 -0.7285940051078796 0.009190038777887821 -0.032930318266153336 0.4665256142616272 -0.03234212473034859 0.23555870354175568
0.284396231174469 0.698905348777771 -0.06701608002185822 -0.6433802843093872 0.06537209451198578 -0.0805555135011673 0.03818279877305031
0.39076897501945496 -0.38118577003479004 0.1978435069322586 0.7398701906204224 0.2503936290740967 -0.16926434636116028 -0.1552409678697586
-0.39529693126678467 0.7997556328773499 0.03506089746952057 -0.13515178859233856 0.2011755108833313 -0.08057378232479095 -0.37104228138923645
-0.4455397427082062 0.2999981939792633 -0.41479969024658203 0.24985869228839874 0.6785722970962524 0.07339148223400116 -0.10564341396093369
-0.3329160511493683 0.19590914249420166 -0.2908995449542999 0.14653737843036652 0.8214039206504822 -0.25158509612083435 -0.08180087059736252
0.1012287437915802 -0.25090596079826355 -0.6035593748092651 -0.3257211148738861 0.005435396451503038 -0.4744292199611664 -0.4809451103210449
-0.13017648458480835 0.35087841749191284 0.014315731823444366 0.49363529682159424 0.30459997057914734 -0.15795622766017914 -0.7059223055839539
-0.4130677580833435 0.3072860836982727 -0.5055269002914429 0.3292030394077301 0.5787821412086487 0.13236728310585022 -0.13604547083377838
0.40620794892311096 -0.5039931535720825 0.17188535630702972 0.09179700165987015 -0.11748049408197403 0.426545113325119 0.5892981886863708
-0.06051947921514511 -0.8859288096427917 0.31881046295166016 0.15975318849086761 -0.2705763578414917 0.07970599085092545 -0.06886114925146103
0.5805351734161377 -0.00728357071056962 0.709396481513977 -0.26243752241134644 -0.11827713996171951 0.27054259181022644 0.06021806597709656
0.3965637683868408 0.5255843997001648 -0.45161527395248413 0.517305314540863 0.22787925601005554 -0.201411172747612 -0.04941345006227493
-0.47649505734443665 0.7352221608161926 0.21528023481369019 -0.3933236002922058 -0.04966690391302109 -0.04837075620889664 -0.16292698681354523
0.08289754390716553 0.11506254971027374 -0.17578168213367462 0.584844708442688 0.42382898926734924 0.05133841559290886 -0.6516743302345276
-0.47582340240478516 -0.059097208082675934 -0.5346924662590027 0.18220899999141693 0.588297426700592 0.21672451496124268 -0.24070753157138824
0.3900573253631592 -0.31663694977760315 0.22866331040859222 0.7397617697715759 0.13277554512023926 0.0933307558298111 -0.3488868176937103
-0.45312610268592834 -0.5384049415588379 -0.3590191900730133 -0.4853644073009491 0.36587727069854736 -0.026680108159780502 -0.07579891383647919
0.23524560034275055 -0.4520780146121979 0.09873447567224503 0.5520481467247009 0.46831992268562317 0.06724333018064499 -0.44937077164649963
0.1472705751657486 -0.5736878514289856 -0.2569717764854431 0.31308165192604065 -0.5416954755783081 -0.4364358186721802 -0.0350559838116169
-0.457936555147171 0.0020228824578225613 0.5325746536254883 -0.4230341911315918 0.07181208580732346 0.5400391221046448 0.1757754683494568
-0.5287604928016663 -0.2179134339094162 -0.13056017458438873 -0.4335271120071411 -0.11540447920560837 0.3407609760761261 -0.5818060636520386
-0.14421221613883972 0.2502499520778656 -0.19040820002555847 0.6105711460113525 0.6664278507232666 -0.2360384166240692 -0.08766461908817291
-0.46397843956947327 0.05128134787082672 0.5464538931846619 -0.43352341651916504 0.007995652966201305 0.5006743669509888 0.21166248619556427
0.30387580394744873 -0.09937591850757599 -0.336646169424057 0.5784621238708496 -0.16296952962875366 -0.2727339565753937 -0.590670645236969
0.18489274382591248 -0.6239458918571472 -0.2813563346862793 -0.05724535509943962 0.20147746801376343 -0.07651718705892563 -0.6690438985824585
-0.18876542150974274 -0.4913235902786255 -0.720613956451416 -0.17801892757415771 -0.1977831870317459 -0.16642224788665771 0.3243129253387451
-0.024741653352975845 -0.011021418496966362 0.8496382236480713 0.07792571187019348 -0.3170078694820404 -0.3617432415485382 -0.19989164173603058
0.13739709556102753 -0.8014931082725525 0.4449901878833771 -0.07280071079730988 -0.3622323274612427 0.06167080998420715 0.019977431744337082
-0.48517218232154846 -0.39252954721450806 -0.7463900446891785 0.1269582360982895 -0.08501414209604263 0.08252982795238495 -0.15255659818649292
0.15831711888313293 -0.49245506525039673 -0.30578628182411194 0.311209499835968 -0.5665608644485474 -0.47012799978256226 0.007461397908627987
0.21171188354492188 -0.44694218039512634 0.009747827425599098 0.3621141016483307 -0.6552166938781738 0.13809172809123993 -0.4193100333213806
-0.1563418060541153 0.6789090633392334 0.22982488572597504 0.2126873880624771 0.5211378931999207 -0.22648528218269348 -0.30611106753349304
0.3743305206298828 -0.16258475184440613 0.8736955523490906 -0.17853623628616333 0.01829707622528076 -0.14253376424312592 -0.1325635313987732
-0.16848565638065338 -0.0009922700701281428 -0.8279845714569092 0.18069861829280853 0.11844410002231598 -0.4797474145889282 0.0959925726056099
-0.5706266760826111 -0.08276781439781189 0.5075121521949768 -0.5214992761611938 -0.2773941457271576 -0.24707242846488953 0.0035024923272430897
-0.4533657729625702 -0.6588746905326843 -0.4484917223453522 0.16290497779846191 -0.32971054315567017 0.15183857083320618 -0.029945993795990944
-0.4279862940311432 -0.6434313058853149 -0.32236194610595703 -0.4472883939743042 0.11130066961050034 0.283368319272995 -0.07844936847686768
-0.45181921124458313 -0.6447319388389587 -0.23293912410736084 -0.007309109903872013 0.18193525075912476 0.5348525047302246 -0.08184409886598587
-0.28426146507263184 0.9291849136352539 0.15356537699699402 -0.1336420625448227 0.06817295402288437 0.09614894539117813 -0.021819937974214554
0.6650097370147705 -0.26758942008018494 -0.44382914900779724 0.45385053753852844 -0.26666897535324097 0.10298041254281998 0.03842024877667427
-0.20041126012802124 0.4885557293891907 0.15609769523143768 -0.17461064457893372 0.5120465755462646 -0.5338999629020691 -0.3450396955013275
0.5480422377586365 -0.17421557009220123 0.7481394410133362 -0.30868175625801086 0.08160161226987839 0.04282710701227188 0.07621461153030396
0.26978522539138794 -0.7699629664421082 0.09721513092517853 0.3032151460647583 -0.43143969774246216 0.14746485650539398 0.1584194451570511
0.44002312421798706 -0.3752264976501465 -0.5466322302818298 -0.37756335735321045 -0.2489214688539505 -0.26789647340774536 0.3008212149143219
-0.2036474645137787 0.6204542517662048 0.08529961109161377 -0.4449373185634613 0.12411948293447495 0.5375809669494629 -0.25282418727874756
-0.4225311577320099 0.7082697153091431 0.11854950338602066 0.032198596745729446 -0.07307636737823486 -0.005099000409245491 -0.5471421480178833
-0.3830207288265228 -0.5755830407142639 -0.6673747897148132 -0.17902611196041107 -0.1226937472820282 -0.08866976946592331 -0.14711856842041016
0.4366662800312042 0.09271808713674545 -0.2796560525894165 0.4165031313896179 -0.2931522727012634 -0.5364861488342285 -0.4186740815639496
-0.43407872319221497 0.7212552428245544 0.3639204800128937 -0.1517077088356018 0.2652212083339691 -0.08719754219055176 0.2407643049955368
0.16999350488185883 0.4420040249824524 0.32773277163505554 -0.21653617918491364 -0.3583996593952179 -0.4996701776981354 -0.493272066116333
-0.17333556711673737 0.3066084086894989 -0.39547327160835266 0.604167640209198 0.15864625573158264 -0.23828673362731934 -0.5220912098884583
-0.0010733521776273847 -0.1661033183336258 0.00888717733323574 0.6189433336257935 -0.0452171191573143 -0.439365953207016 -0.6278148889541626
-0.2813829481601715 -0.7857984900474548 -0.17500139772891998 -0.05129015073180199 -0.007280952762812376 -0.5115359425544739 0.09146616607904434
-0.4760788679122925 -0.35704904794692993 -0.21069149672985077 -0.19786137342453003 0.30624449253082275 0.038859810680150986 -0.683395266532898
0.7029100060462952 -0.6458340287208557 0.0508522130548954 0.25211644172668457 0.05786570906639099 -0.049197740852832794 -0.12999457120895386
-0.020485689863562584 0.4244912564754486 0.5376120209693909 -0.16484299302101135 0.12491831928491592 -0.03603158891201019 -0.6973412036895752
0.18593938648700714 0.4263676106929779 -0.5847988128662109 0.5372717380523682 0.3801329731941223 -0.07960082590579987 0.04636124148964882
-0.04115134850144386 -0.5053799152374268 -0.5471172332763672 -0.5189344882965088 -0.3653005063533783 0.14031580090522766 -0.14537666738033295
-0.4495188295841217 -0.771088719367981 -0.1039956659078598 -0.052178844809532166 0.35259291529655457 0.20025309920310974 0.1593557894229889
-0.5736747980117798 0.6626572608947754 0.31667226552963257 -0.3466018736362457 0.025047684088349342 0.026019660755991936 -0.10031906515359879
0.025217117741703987 -0.11770042032003403 -0.5817986130714417 0.24624231457710266 0.5780903697013855 0.10115277022123337 -0.4918998181819916
0.16694267094135284 0.49649563431739807 0.43230870366096497 0.3100932538509369 -0.6529068946838379 0.014186976477503777 -0.12682633101940155
0.777675986289978 -0.018492406234145164 -0.4493275582790375 0.2625247836112976 -0.19660554826259613 -0.09157863259315491 -0.2775305509567261
0.31255900859832764 -0.8019946813583374 0.33285388350486755 -0.03585852310061455 -0.19662685692310333 0.14656537771224976 0.29477185010910034
0.15693771839141846 -0.21027392148971558 0.6700042486190796 -0.5114916563034058 -0.25207817554473877 0.3102200925350189 0.24667012691497803
0.5640453696250916 -0.07883307337760925 -0.4327332377433777 0.6387929320335388 -0.20042289793491364 -0.005724557675421238 -0.20030376315116882
0.47833338379859924 -0.20257917046546936 -0.10699395835399628 0.5931933522224426 0.37206530570983887 -0.13330243527889252 -0.458945095539093
0.11465482413768768 -0.8008427619934082 -0.07683249562978745 0.39730289578437805 -0.023837309330701828 -0.14009088277816772 0.40194350481033325
-0.468065083026886 -0.7127147316932678 -0.4329836070537567 0.1799798458814621 -0.22648437321186066 0.038163717836141586 0.018265778198838234
0.036544643342494965 -0.6473398208618164 -0.12654872238636017 -0.24458880722522736 0.1433720737695694 0.38152045011520386 0.5810886025428772
-0.09295456111431122 0.3147512972354889 -0.4223673641681671 0.621645450592041 0.3600432872772217 -0.33852070569992065 -0.28848975896835327
-0.19749009609222412 -0.8019975423812866 0.15954840183258057 -0.15156705677509308 -0.2629724442958832 0.4315466582775116 0.11824746429920197
-0.27044180035591125 0.5290535688400269 0.2164667397737503 -0.5132879018783569 0.4485720098018646 0.34268566966056824 -0.13413012027740479
-0.3524633049964905 -0.7421325445175171 -0.2714865803718567 0.09940968453884125 0.12487756460905075 0.47319164872169495 -0.043782103806734085
0.08742338418960571 -0.4877718389034271 -0.14952701330184937 -0.5498150587081909 -0.14875589311122894 0.5465587973594666 0.33003947138786316
0.48050370812416077 -0.5978639125823975 0.4736453592777252 0.11345213651657104 0.1852867305278778 -0.3558439314365387 -0.11622144281864166
-0.3494642972946167 0.8808488845825195 -0.004591247066855431 -0.10705149173736572 0.28787821531295776 0.07837165147066116 -0.03850703686475754
0.11783531308174133 -0.0394296832382679 0.5379142165184021 -0.7816309928894043 -0.05563700199127197 0.27473950386047363 -0.07539376616477966
0.06217325106263161 0.6507715582847595 0.036712054163217545 -0.718330979347229 0.052294157445430756 0.07938413321971893 0.21505141258239746
-0.24287809431552887 -0.31294095516204834 -0.5829814076423645 0.05519891902804375 0.37852299213409424 -0.3162658214569092 0.506813645362854
-0.39120519161224365 -0.4034927189350128 -0.6843300461769104 -0.17304322123527527 -0.3874940574169159 -0.17404060065746307 0.0738828182220459
0.27265557646751404 0.23036162555217743 0.8789251446723938 -0.05822378396987915 0.30788034200668335 0.024096110835671425 -0.03635961189866066
0.5256364941596985 -0.14702749252319336 -0.08169453591108322 0.5196330547332764 0.16242939233779907 0.2793591320514679 -0.5665437579154968
0.39201661944389343 -0.8047666549682617 0.24276530742645264 -0.04312150552868843 -0.2645842432975769 0.2389809489250183 0.10374180227518082
-0.05537596344947815 0.7186946868896484 0.3321090042591095 0.252932071685791 0.2532685399055481 0.17497695982456207 -0.45975932478904724
0.194194957613945 -0.8668510913848877 -0.09787926077842712 -0.2475825697183609 -0.03201515972614288 0.20242315530776978 0.31301769614219666
0.2176707535982132 0.4661741256713867 -0.26392993330955505 0.5243289470672607 0.45291459560394287 0.0532347597181797 -0.4274994134902954
-0.36344993114471436 -0.5020821690559387 -0.6361653208732605 0.031753960996866226 -0.2836804687976837 0.35237330198287964 0.07390113174915314
0.2099890559911728 -0.36010488867759705 -0.5151416659355164 -0.46399620175361633 -0.3679650127887726 -0.05796054005622864 -0.45476141571998596
-0.5663084983825684 -0.4538358151912689 -0.32043108344078064 -0.10291983187198639 -0.1328367441892624 -0.36249396204948425 -0.4593599736690521
-0.4628056287765503 0.3033178746700287 0.2962031066417694 -0.5807437300682068 -0.4469996392726898 0.21981972455978394 -0.14380674064159393
-0.25018221139907837 0.5131947994232178 -0.3885118365287781 0.2264433652162552 0.2961144745349884 0.3387516438961029 -0.5190236568450928
0.3916568160057068 0.5599369406700134 0.2838596701622009 0.01437574066221714 -0.0463273823261261 -0.6703681349754333 -0.02743811346590519
-0.30569761991500854 0.39818814396858215 -0.39793580770492554 -0.18486902117729187 0.18413227796554565 -0.3301199674606323 -0.642325222492218
0.24096883833408356 0.3947904109954834 -0.44828638434410095 0.6052179932594299 0.2530602812767029 -0.09808921068906784 -0.3810039758682251
-0.5263572931289673 -0.16696690022945404 -0.299545019865036 -0.009852375835180283 0.2284936159849167 -0.6410858631134033 -0.37688902020454407
0.27652618288993835 0.3798668384552002 0.6391991972923279 -0.007083653938025236 0.09093082696199417 -0.07915714383125305 -0.5967196822166443
0.1882731318473816 0.30860498547554016 -0.23968088626861572 0.4717484414577484 0.2827031910419464 -0.4505182206630707 -0.5535655617713928
-0.6096424460411072 -0.21326373517513275 -0.6423103213310242 0.07909887284040451 -0.2560918927192688 -0.29942068457603455 0.09380616992712021
-0.4100281298160553 -0.6434009075164795 -0.2895165681838989 -0.34972119331359863 0.23208191990852356 0.26150691509246826 -0.2992313802242279
0.23550547659397125 -0.3833260238170624 0.7800456881523132 -0.013148757629096508 -0.17696157097816467 0.15997344255447388 0.3633829355239868
0.42917996644973755 -0.4898759126663208 -0.11489652097225189 0.2215302288532257 -0.4450462758541107 -0.3994061052799225 -0.39491507411003113
0.4482172131538391 -0.666894257068634 -0.060280270874500275 0.06521805375814438 -0.03906867653131485 0.35618335008621216 0.4669831693172455
-0.34962472319602966 -0.06607244163751602 0.24388033151626587 -0.6836830377578735 -0.10134466737508774 0.5798360109329224 -0.004049618262797594
0.06447447836399078 0.37385183572769165 -0.04296291619539261 0.22048011422157288 0.2738950252532959 -0.27825063467025757 -0.8081946969032288
0.2892450988292694 -0.3149715065956116 0.6911283731460571 -0.21030081808567047 -0.411489874124527 -0.15766887366771698 0.317902535200119
0.03036540187895298 0.2657719552516937 -0.057302121073007584 0.4743782579898834 0.746600866317749 -0.364547997713089 -0.09907973557710648
0.3568212389945984 0.023059381172060966 0.04191208258271217 0.7434527277946472 0.3914136588573456 0.04327051341533661 -0.4032260775566101
0.4198424816131592 -0.051434628665447235 -0.3154395818710327 0.4704619348049164 0.11589983105659485 -0.45822542905807495 -0.5261624455451965
-0.06269925832748413 -0.20868763327598572 -0.3006950616836548 0.5570799708366394 -0.26611894369125366 -0.010399005375802517 -0.6934229135513306
-0.2587970197200775 0.26714828610420227 -0.5295734405517578 0.2234780341386795 0.5127509832382202 -0.007751926779747009 -0.517969012260437
-0.349958598613739 0.7186658382415771 0.40124669671058655 -0.3491373658180237 -0.1153494119644165 0.11940466612577438 0.22492139041423798
-0.1662169098854065 0.3045756220817566 -0.5226302146911621 -0.005738221108913422 0.6100587248802185 -0.043583255261182785 -0.4820364713668823
-0.03760146349668503 -0.6737473607063293 -0.2445453256368637 0.19533394277095795 0.3622075021266937 0.5259273052215576 0.197228342294693
0.048470668494701385 0.645929753780365 -0.4267130494117737 0.3146843910217285 -0.06478901207447052 -0.2239282727241516 -0.49494805932044983
0.10322990268468857 -0.583438515663147 -0.47566989064216614 -0.4661475419998169 0.040657009929418564 0.43844982981681824 -0.1072210967540741
-0.18414467573165894 0.6814974546432495 0.014946900308132172 -0.12533427774906158 0.681255042552948 0.05948569253087044 0.1344352513551712
-0.230133518576622 0.5175393223762512 0.323744535446167 -0.15878064930438995 0.07745209336280823 0.2674500644207001 -0.6867614984512329
-0.43801406025886536 -0.503018319606781 -0.4812847077846527 -0.12731850147247314 0.16953769326210022 -0.5252059102058411 -0.051837123930454254
0.12670259177684784 0.443576842546463 -0.5331616401672363 0.2177373468875885 -0.01738693006336689 -0.4891335070133209 -0.4647162854671478
0.5401877164840698 -0.7380631566047668 0.16124753654003143 -0.054724741727113724 0.27689099311828613 -0.22517956793308258 0.08420199155807495
0.08290338516235352 -0.29791420698165894 0.783130943775177 -0.049445584416389465 -0.4038907587528229 -0.22131727635860443 0.27663344144821167
-0.11154750734567642 0.1349748820066452 0.3819994628429413 -0.6607211828231812 -0.49604570865631104 -0.34009408950805664 0.1585482805967331
-0.4890897870063782 0.42018696665763855 0.31412312388420105 -0.3688879907131195 0.5720921754837036 -0.011477744206786156 -0.1485299915075302
-0.5062010288238525 0.5669451951980591 0.11654037982225418 -0.5957596898078918 -0.1257341206073761 0.027454402297735214 0.19302748143672943
0.3879263997077942 -0.5251900553703308 -0.1934601068496704 0.3858511447906494 -0.5337837338447571 0.027735847979784012 -0.31888267397880554
0.19488254189491272 -0.04384049400687218 -0.38075774908065796 0.6908797025680542 -0.02727450430393219 -0.3293338119983673 -0.4781244397163391
-0.08583912253379822 0.44756221771240234 -0.6458233594894409 -0.05163608863949776 0.31543269753456116 -0.26971644163131714 -0.44757235050201416
0.07807192206382751 0.43193212151527405 0.7443926334381104 0.09684740751981735 -0.4187658429145813 -0.14338773488998413 -0.21889431774616241
-0.12917031347751617 -0.9136133193969727 0.15395879745483398 -0.08784247189760208 -0.19329319894313812 0.20323917269706726 0.19631022214889526
-0.5657134056091309 -0.5325455069541931 -0.5817939639091492 0.13097035884857178 -0.016515489667654037 0.0015994608402252197 -0.20112435519695282
-0.6088142991065979 -0.31304699182510376 -0.10852693766355515 0.001984632108360529 0.23909194767475128 0.12056945264339447 -0.6692254543304443
0.23289072513580322 0.37111255526542664 -0.24866142868995667 0.4388813078403473 0.7071859240531921 -0.2031981348991394 -0.11039342731237411
-0.49131301045417786 0.3538025915622711 -0.5823897123336792 0.18851295113563538 0.2913720905780792 -0.1492738425731659 -0.3892814815044403
-0.16972656548023224 0.1069645956158638 0.28146401047706604 -0.44924744963645935 -0.14892660081386566 0.8067275881767273 0.0756157711148262
-0.18724608421325684 -0.23431815207004547 -0.6793359518051147 0.28827768564224243 0.12403110414743423 -0.3588427007198334 -0.4704049229621887
-0.25258129835128784 -0.8877910375595093 -0.08733777701854706 0.20553097128868103 0.296921044588089 0.09570050239562988 0.028950626030564308
-0.4359194040298462 -0.13793595135211945 -0.10691554099321365 0.11691512912511826 0.5223005414009094 -0.04564521834254265 -0.700689971446991
-0.4185927212238312 -0.07377169281244278 -0.43291914463043213 -0.07218030095100403 0.3682688772678375 0.3704144060611725 -0.5948781967163086
0.3061806559562683 -0.08681710064411163 -0.08613357692956924 0.7094900012016296 0.5280532240867615 0.01632259599864483 -0.32987064123153687
-0.4281780421733856 -0.08380024880170822 -0.5270386934280396 0.20085810124874115 0.6707059144973755 0.12780611217021942 -0.15920574963092804
-0.3702274560928345 -0.5939489006996155 -0.16872842609882355 0.1415959596633911 -0.007333262823522091 -0.6212537884712219 -0.2750048339366913
-0.33509135246276855 -0.24204275012016296 -0.7671785354614258 0.056589093059301376 -0.16078297793865204 0.400346577167511 -0.2263522893190384
0.2067720741033554 0.18655511736869812 0.8360109925270081 0.08851549029350281 -0.04538966715335846 0.10224272310733795 -0.4507542550563812
-0.1711745411157608 0.41296038031578064 -0.41344889998435974 0.2696639597415924 0.5229230523109436 0.08942330628633499 -0.524461030960083
0.16948582231998444 -0.8352479338645935 0.11920583248138428 -0.14432112872600555 -0.25188249349594116 0.41647869348526 0.041200824081897736
-0.6265278458595276 -0.011390731669962406 0.591433584690094 -0.4022288918495178 -0.30480629205703735 -0.0058327955193817616 -0.053014226257801056
-0.17671999335289001 -0.6997960209846497 0.12849777936935425 -0.4872138798236847 0.20006012916564941 -0.3496178686618805 -0.25081831216812134
-0.3408344089984894 0.3528153598308563 -0.6774025559425354 0.15018031001091003 0.4449787735939026 -0.09603498876094818 -0.2658870816230774
-0.10556355118751526 0.11784632503986359 -0.7041202783584595 -0.438774436712265 0.12358564138412476 -0.25235751271247864 -0.45574384927749634
0.3670371174812317 -0.2894347012042999 0.298144668340683 0.7487620711326599 0.3262938857078552 0.11135679483413696 -0.11449158936738968
-0.015308011323213577 0.7235628366470337 0.28932052850723267 0.31881675124168396 0.32136309146881104 0.0165706854313612 -0.43280845880508423
0.5930435657501221 -0.5276739001274109 -0.004702902864664793 0.4188939929008484 0.2999652326107025 0.023159628733992577 0.32225728034973145
-0.16194291412830353 0.3727797269821167 -0.6849845051765442 0.1842317134141922 0.5627495050430298 -0.09072141349315643 0.08214269578456879
-0.36982008814811707 -0.1817055642604828 -0.4729049801826477 -0.1207374706864357 0.5484879612922668 0.1452530026435852 -0.519675076007843
0.5418385863304138 -0.8157960176467896 -0.11900431662797928 -0.07034555077552795 0.11114592850208282 -0.020840153098106384 -0.09481322765350342
-0.12700454890727997 -0.7348311543464661 0.035113029181957245 -0.14819814264774323 -0.23892411589622498 0.5936180353164673 0.10597307235002518
-0.22207975387573242 -0.8208075165748596 -0.003939492627978325 -0.22116009891033173 -0.10609398782253265 0.434901624917984 0.16623158752918243
-0.16205070912837982 0.31124693155288696 -0.621593713760376 0.11376159638166428 0.3526972532272339 -0.25773924589157104 -0.535461962223053
-0.07614772021770477 0.23371218144893646 0.2906895875930786 -0.8365430235862732 -0.27021855115890503 0.07847046107053757 0.2758617699146271
0.23857101798057556 -0.4179094135761261 -0.2712591588497162 0.6209046840667725 -0.3372684717178345 -0.31708893179893494 -0.3082791268825531
-0.3533855080604553 -0.6634522080421448 -0.30659908056259155 -0.20844168961048126 0.27801838517189026 0.4603119194507599 0.09120135009288788
-0.18005676567554474 -0.5663567185401917 0.04910947382450104 -0.08949059247970581 -0.2660219967365265 0.45546087622642517 -0.5984872579574585
-0.19539660215377808 0.13634219765663147 0.4305422604084015 -0.7841769456863403 -0.04550839960575104 0.1762164980173111 -0.3313720226287842
-0.4782399833202362 0.19691169261932373 -0.02157740108668804 0.2110452502965927 0.5960093140602112 -0.4327223598957062 -0.3808293044567108
-0.16036219894886017 -0.6039969325065613 0.20538243651390076 -0.2564326524734497 -0.4558272063732147 0.4833184480667114 -0.24526898562908173
0.07630521804094315 0.6243679523468018 0.02946755848824978 0.16812478005886078 0.5963557362556458 -0.41263794898986816 0.2220308780670166
-0.1515960991382599 -0.4338896870613098 -0.16333076357841492 -0.31256556510925293 0.1526576280593872 -0.26933661103248596 -0.7540144324302673
-0.2236054688692093 0.5340216159820557 -0.7462457418441772 0.061856742948293686 0.09011568874120712 -0.29059284925460815 -0.10745979100465775
0.020491158589720726 -0.008714164607226849 -0.1613769829273224 0.7802184820175171 -0.05071769654750824 -0.4467550218105316 -0.4031853675842285
0.04182529076933861 -0.3126588463783264 -0.715334951877594 -0.05199490115046501 -0.24329444766044617 -0.18798024952411652 0.5399618148803711
-0.17712143063545227 0.08360327035188675 0.7516477704048157 -0.4114105701446533 0.23878949880599976 0.35041043162345886 0.2181684672832489
0.5330532193183899 0.43364381790161133 0.5063608884811401 -0.08417213708162308 -0.007876343093812466 -0.5139200091362 -0.012046772055327892
-0.5775339007377625 -0.07856478542089462 -0.23823660612106323 0.09383512288331985 0.3095817565917969 -0.02184254862368107 -0.7059761881828308
0.2466496229171753 -0.2962442636489868 -0.4653211236000061 0.5833753347396851 -0.36917999386787415 0.03442595154047012 -0.3963254392147064
-0.46042630076408386 0.3089768886566162 0.25376376509666443 -0.3370383381843567 0.031409431248903275 0.7009202837944031 -0.1492454707622528
-0.6045721769332886 -0.45976266264915466 -0.31439051032066345 -0.4143064618110657 -0.24619139730930328 -0.07142361998558044 -0.29480159282684326
-0.1417052000761032 0.736650824546814 -0.23395225405693054 -0.3258987367153168 0.44775980710983276 -0.26894688606262207 0.05916315317153931
-0.20873433351516724 -0.3592067062854767 -0.538327157497406 -0.3244228959083557 -0.27589306235313416 -0.19517169892787933 -0.5640434622764587
0.39050590991973877 -0.030786605551838875 -0.7058360576629639 -0.4905973970890045 -0.1993331015110016 0.25913894176483154 0.027932386845350266
0.17588162422180176 0.6750122904777527 0.5403279662132263 0.031482186168432236 0.12617239356040955 0.34613755345344543 -0.291114866733551
-0.1640499234199524 0.07306182384490967 -0.6271111369132996 -0.4574834406375885 0.18318958580493927 -0.3768156170845032 -0.43547865748405457
0.4818517863750458 0.41253820061683655 0.40647727251052856 -0.19471630454063416 -0.39468473196029663 0.39639046788215637 0.28564196825027466
-0.06020909175276756 -0.1947687715291977 -0.9286781549453735 -0.1606168895959854 -0.10923197120428085 0.1897689700126648 0.14918185770511627
-0.5180163979530334 0.07336563616991043 -0.7155980467796326 -0.2747901976108551 0.16870209574699402 -0.13536398112773895 -0.3031541109085083
0.05849170312285423 0.6714736819267273 0.5783247947692871 0.15510116517543793 0.4026733636856079 0.15632475912570953 0.02454562485218048
0.347709059715271 0.6046913862228394 0.3720654249191284 0.05142807587981224 -0.3472137749195099 -0.4419081211090088 -0.23775815963745117
-0.36123067140579224 -0.7416021823883057 -0.15316197276115417 -0.3602216839790344 0.3274118900299072 -0.03669123724102974 -0.2403656244277954
-0.24943660199642181 0.05719786882400513 0.4856272339820862 -0.5584473013877869 0.1686774343252182 0.5211248993873596 0.2946004271507263
0.2691633403301239 -0.7966243624687195 0.27094608545303345 -0.21812628209590912 -0.35228443145751953 0.19933009147644043 0.09007257223129272
0.12777800858020782 0.3253747820854187 -0.3562541604042053 0.5917513370513916 0.28154456615448 -0.41172730922698975 -0.3897826373577118
-0.5003159642219543 -0.056502923369407654 -0.6137585639953613 -0.36864015460014343 -0.286325067281723 -0.33204731345176697 -0.20410479605197906
0.035957638174295425 0.22090809047222137 -0.15898765623569489 0.6677615642547607 0.4788399934768677 -0.1947907656431198 -0.45988351106643677
-0.017075786367058754 -0.6033040285110474 0.32381823658943176 0.0231101606041193 -0.5040588974952698 0.45371004939079285 -0.26535287499427795
0.5306844711303711 -0.28647273778915405 -0.1241668313741684 0.5890651345252991 0.3090450167655945 -0.009100852534174919 -0.4222566485404968
0.2837732434272766 -0.5071216225624084 -0.03934665396809578 0.6128671169281006 -0.3991674482822418 -0.22986097633838654 -0.2701397240161896
-0.04625707119703293 0.11681152135133743 0.7725438475608826 -0.08761337399482727 -0.5058003664016724 0.17516431212425232 0.30528461933135986
-0.08857883512973785 0.6908738017082214 0.42681702971458435 -0.02247333526611328 0.5437886714935303 0.1622486114501953 -0.10069076716899872
0.11925796419382095 0.7785166501998901 -0.12065528333187103 -0.361056923866272 0.48311948776245117 0.016108866780996323 -0.033250294625759125
0.5078491568565369 -0.2698281407356262 -0.39848777651786804 0.6601832509040833 -0.20699180662631989 -0.09038786590099335 -0.15372706949710846
-0.2805742025375366 -0.5878678560256958 -0.3771617114543915 0.23636165261268616 -0.05577776953577995 -0.49621832370758057 -0.35808905959129333
0.5088291168212891 0.5358931422233582 0.44617876410484314 -0.09975549578666687 0.0973859652876854 -0.409456342458725 0.2602810263633728
-0.31881269812583923 0.011455712839961052 -0.8191258311271667 0.009018893353641033 -0.03668997809290886 0.017674172297120094 -0.474889874458313
-0.5487747192382812 -0.3230426609516144 -0.6961576342582703 -0.1722768098115921 0.07243331521749496 -0.06406766176223755 -0.26612740755081177
0.15221889317035675 0.5884156227111816 -0.33233898878097534 0.42438581585884094 0.5644541382789612 0.10460199415683746 -0.10243963450193405
-0.4436860978603363 0.7315563559532166 -0.11197257041931152 -0.14748525619506836 0.43133145570755005 -0.2084401249885559 0.06468462198972702
-0.5344595909118652 -0.6725695729255676 -0.28085577487945557 -0.0335189551115036 0.20898529887199402 0.3717898428440094 0.009848607704043388
-0.2871932089328766 -0.0685470700263977 -0.8569821119308472 0.0745074599981308 0.09882655739784241 0.37818384170532227 0.14164038002490997
0.2812179625034332 -0.4931879937648773 -0.0022532357834279537 0.2713146507740021 -0.11344072222709656 0.7345463037490845 0.22724086046218872
-0.5574552416801453 -0.7233697175979614 -0.317602276802063 0.07990197837352753 -0.08718577772378922 -0.15740880370140076 0.16231313347816467
-0.3949989080429077 -0.521328866481781 -0.06735733896493912 0.03469838574528694 -0.138658344745636 0.65863436460495 -0.3367873728275299
0.529870867729187 -0.004463290795683861 -0.43828174471855164 0.31546294689178467 0.45283961296081543 0.4296022951602936 -0.1949036717414856
-0.38747304677963257 0.6089008450508118 0.18587057292461395 -0.17934264242649078 0.2970690131187439 0.5397911071777344 -0.1810205578804016
0.5798259377479553 -0.33972227573394775 -0.03755255416035652 0.47976043820381165 0.26692458987236023 0.05878613144159317 -0.49204254150390625
-0.4617440104484558 0.4599088430404663 -0.5763880610466003 0.03432024270296097 0.32910990715026855 -0.14272260665893555 -0.33644038438796997
-0.4217066168785095 -0.07477277517318726 -0.2553921639919281 -0.20985378324985504 0.7386780977249146 -0.32130545377731323 -0.241715207695961
-0.4072442650794983 -0.34718558192253113 -0.4241647720336914 0.05459525063633919 0.3443326950073242 0.6228756904602051 -0.15549536049365997
0.5310806632041931 -0.7902781963348389 -0.04830208048224449 0.13877034187316895 0.24087828397750854 -0.11405692249536514 -0.028145285323262215
0.7472005486488342 -0.5928849577903748 0.09035295993089676 0.11950773745775223 -0.0888686403632164 0.20143947005271912 -0.13877159357070923
-0.5124038457870483 -0.15448397397994995 -0.7161505222320557 0.2575415074825287 0.23507694900035858 -0.06752856820821762 -0.2730502486228943
-0.36042436957359314 -0.5436311960220337 -0.6193485260009766 -0.19148139655590057 -0.02483098767697811 -0.3084903359413147 -0.24190659821033478
0.002810793463140726 -0.8591018915176392 0.11107542365789413 0.23819491267204285 -0.31640592217445374 -0.14191323518753052 0.26946136355400085
-0.15428906679153442 -0.8821650147438049 0.19339682161808014 -0.1938496232032776 -0.13464315235614777 0.2512190043926239 0.20435263216495514
0.01711023598909378 0.6400866508483887 0.2292950600385666 -0.39940494298934937 0.3712502717971802 0.46168792247772217 0.16405272483825684
0.5585922598838806 -0.038717515766620636 0.06217456981539726 0.5379625558853149 0.5922020077705383 -0.19238761067390442 0.0740942656993866
-0.4918455183506012 -0.07783128321170807 0.6514920592308044 -0.5082764625549316 0.16061198711395264 0.10273687541484833 0.1813625991344452
-0.1959102600812912 0.9135032892227173 -0.136851504445076 -0.23201146721839905 0.17812299728393555 -0.09647490829229355 -0.1163528636097908
-0.3978319764137268 0.276471883058548 -0.58354651927948 0.19223956763744354 0.45254454016685486 -0.24693265557289124 -0.34933945536613464
-0.20994150638580322 0.17444033920764923 -0.45117872953414917 -0.4164159297943115 -0.0609743706882 -0.08746923506259918 -0.7329133152961731
0.7069042325019836 -0.071924589574337 -0.08897466212511063 0.44667890667915344 0.48855122923851013 0.20472170412540436 -0.08415115624666214
-0.021052105352282524 0.37033966183662415 -0.4955940842628479 0.6162774562835693 0.3520934283733368 -0.26386287808418274 -0.20832793414592743
0.5568556785583496 -0.399969220161438 -0.08507127314805984 0.3763151466846466 0.2606668472290039 -0.20879381895065308 -0.5191763043403625
-0.020216846838593483 -0.7664324045181274 -0.22735536098480225 -0.019934892654418945 -0.3155040740966797 0.24875015020370483 0.44571882486343384
-0.2839713990688324 0.771041750907898 -0.06428072601556778 -0.10559104382991791 0.4994853734970093 0.179432213306427 -0.1670086830854416
0.0542013980448246 0.3724817633628845 -0.22275499999523163 0.19762581586837769 0.5139303803443909 -0.6236987709999084 -0.3413490951061249
-0.24828225374221802 -0.8690881133079529 -0.015083469450473785 0.1905817687511444 0.3514544665813446 0.1503618359565735 0.019080886617302895
-0.5545476078987122 -0.17088456451892853 0.4722650349140167 -0.4558239281177521 0.2732934355735779 0.18038001656532288 0.3538919687271118
-0.056698840111494064 0.1460307091474533 0.24766325950622559 -0.638349711894989 -0.34931105375289917 -0.5781381130218506 -0.2244347184896469
0.2810823917388916 -0.3386668860912323 -0.22647911310195923 0.4000592827796936 0.6079074144363403 0.011347356252372265 -0.4746337831020355
0.012817462906241417 0.22854803502559662 0.4943593442440033 -0.09873144328594208 -0.3424530625343323 -0.6955386996269226 -0.3039971888065338
0.2783954441547394 0.4774283766746521 -0.4682264029979706 0.4749457538127899 0.08612476289272308 -0.09747732430696487 -0.48252400755882263
0.2857476472854614 -0.3357742726802826 0.23816844820976257 0.14310306310653687 -0.04165549948811531 -0.7390815019607544 -0.4247641861438751
-0.246181458234787 0.9202499389648438 0.09483598917722702 -0.0990227684378624 0.12978456914424896 -0.0978117436170578 -0.21754099428653717
0.09327898174524307 -0.13444887101650238 -0.1606353372335434 0.3394155204296112 -0.6624858975410461 -0.2758362889289856 -0.5632429718971252
-0.061488088220357895 -0.6932646632194519 -0.26208433508872986 -0.5381566882133484 0.04581673815846443 0.26786670088768005 -0.28887850046157837
-0.5646621584892273 0.0108147282153368 0.5002400279045105 -0.29407215118408203 -0.45854511857032776 -0.35575994849205017 0.08655872195959091
0.690651535987854 0.011333078145980835 -0.19398285448551178 0.45581960678100586 0.49369901418685913 0.14547456800937653 -0.11211418360471725
0.3899896442890167 0.853510856628418 0.1840204894542694 0.14549855887889862 -0.1623631864786148 0.19404396414756775 0.019468942657113075
0.5290815830230713 -0.20135679841041565 -0.5037290453910828 0.6352529525756836 -0.1360062211751938 -0.018796022981405258 0.05820494517683983
-0.17984260618686676 0.11048907786607742 -0.579296886920929 0.38940396904945374 0.13798485696315765 -0.2887507975101471 -0.6048237085342407
-0.19333769381046295 0.4100789725780487 -0.7198212742805481 0.10709916800260544 0.4891306161880493 -0.15966825187206268 0.01000936608761549
-0.2446231245994568 -0.4685395658016205 -0.16505303978919983 -0.401608407497406 0.14383704960346222 0.0277105700224638 -0.7145918011665344
-0.10618875920772552 -0.19160489737987518 -0.7363554835319519 -0.5663338303565979 -0.08927728980779648 0.1069011241197586 -0.2639316916465759
-0.37740495800971985 -0.20888495445251465 -0.4904254376888275 -0.43709272146224976 0.27682363986968994 0.5268051028251648 -0.16795942187309265
-0.35375240445137024 0.3637350797653198 0.03985561802983284 -0.7525960803031921 -0.03700735792517662 0.23844242095947266 0.3410901129245758
-0.31341201066970825 0.23564518988132477 -0.12808874249458313 0.45991435647010803 0.5183015465736389 -0.13064053654670715 -0.576725959777832
-0.5271087288856506 0.4576861262321472 0.31416723132133484 -0.3577321767807007 0.005930652376264334 -0.39701762795448303 -0.35825738310813904
0.17951366305351257 0.13028298318386078 0.9033064246177673 -0.2197265774011612 0.2430451363325119 0.15285925567150116 0.06420281529426575
-0.3733974099159241 -0.8226891160011292 -0.19151543080806732 0.10059846192598343 0.2636769413948059 0.24472859501838684 0.08683989197015762
0.19635295867919922 0.023147933185100555 -0.3427150547504425 0.20931395888328552 -0.0008557306136935949 -0.8648960590362549 -0.22715149819850922
-0.09791048616170883 -0.21991495788097382 -0.342428982257843 0.5845975875854492 -0.295460969209671 -0.24446839094161987 -0.5796352028846741
0.10320297628641129 -0.6609013080596924 0.24890278279781342 0.2174057513475418 -0.5990592241287231 -0.11672054976224899 -0.26616746187210083
0.5066348314285278 -0.7048468589782715 0.16321644186973572 0.15834830701351166 -0.055105578154325485 0.04769620671868324 -0.4353005886077881
0.3273043930530548 -0.0546039417386055 0.528938353061676 -0.10940845310688019 -0.24957101047039032 0.0504714697599411 0.7302815914154053
0.38226979970932007 0.1931457221508026 -0.5185953378677368 0.5589983463287354 -0.18420685827732086 0.13869033753871918 -0.42658767104148865
-0.1299467831850052 0.37289074063301086 -0.1375913918018341 0.49092361330986023 0.4418516755104065 0.07699534296989441 -0.6188438534736633
-0.056655269116163254 0.49187779426574707 -0.08362038433551788 0.5019959211349487 0.48158225417137146 -0.028867464512586594 -0.5129321813583374
-0.5757550597190857 -0.16341587901115417 0.4462239146232605 -0.44405099749565125 0.3353506624698639 0.26579126715660095 0.24979843199253082
-0.4936109185218811 0.10147232562303543 -0.35546737909317017 -0.1613064408302307 0.20860116183757782 0.11857859790325165 -0.7321881055831909
0.22585053741931915 -0.08316779136657715 -0.19553792476654053 0.4070459008216858 0.07927098870277405 -0.6470490097999573 -0.5596399307250977
-0.488704651594162 0.31835320591926575 -0.3747999370098114 0.145332932472229 0.43624019622802734 0.11521469801664352 -0.5428097248077393
0.10016338527202606 -0.5899866223335266 -0.4440005421638489 -0.47440335154533386 -0.013322257436811924 0.4522266983985901 -0.12248074263334274
-0.07522082328796387 -0.8954954147338867 0.26310259103775024 -0.2617194950580597 -0.22288449108600616 -0.051342424005270004 0.04895052686333656
-0.5332306027412415 -0.19107389450073242 -0.724367082118988 0.09625158458948135 -0.047225456684827805 0.30147692561149597 -0.22817806899547577
-0.5032769441604614 -0.02751166559755802 -0.7066481709480286 0.25776922702789307 0.06670526415109634 0.1807195246219635 -0.37821903824806213
-0.12423458695411682 0.44986066222190857 -0.500304102897644 0.13074058294296265 0.7160456776618958 0.0396912656724453 -0.0222936999052763
-0.32793092727661133 -0.726424515247345 -0.2617211639881134 -0.1523762345314026 0.3987981379032135 0.3332836627960205 0.0541691929101944
0.1521516740322113 -0.3755604922771454 -0.31185632944107056 0.4763127863407135 -0.026902489364147186 -0.4436826705932617 -0.5604442358016968
0.056682098656892776 0.03473667800426483 0.5836332440376282 -0.0246732160449028 -0.7385789155960083 -0.24945960938930511 -0.21590514481067657
-0.2235129475593567 -0.17665039002895355 -0.8330358862876892 0.23007042706012726 0.22776177525520325 -0.28055763244628906 -0.20339009165763855
-0.530866801738739 -0.3955337107181549 -0.30939003825187683 -0.0445452518761158 0.6568353176116943 0.026061205193400383 -0.17864815890789032
-0.3556762933731079 0.22271032631397247 0.43396511673927307 -0.6835103631019592 0.2831064760684967 0.27342450618743896 -0.11606955528259277
0.35600557923316956 -0.6987828612327576 -0.061665210872888565 0.4508632719516754 -0.34122857451438904 0.14319093525409698 0.2023400515317917
0.13307234644889832 -0.8494667410850525 -0.2006688266992569 0.26527878642082214 -0.17250630259513855 -0.31707197427749634 -0.14058460295200348
0.2664004862308502 -0.7152946591377258 -0.2106715738773346 0.35487037897109985 -0.39295727014541626 -0.19276954233646393 -0.23556983470916748
0.11724276095628738 -0.5581925511360168 0.042814403772354126 0.3578818142414093 -0.4584660530090332 -0.297828733921051 -0.49585235118865967
-0.13516610860824585 0.3664463460445404 0.13763107359409332 -0.6838540434837341 0.09450627118349075 0.39573222398757935 -0.4419422745704651
-0.5312983393669128 -0.42211756110191345 -0.13831111788749695 -0.41620028018951416 0.5476340651512146 -0.21281152963638306 -0.044658198952674866
-0.0003372915380168706 0.45015957951545715 -0.14227747917175293 0.49031123518943787 0.5438339710235596 -0.18890638649463654 -0.4530642330646515
0.19737817347049713 -0.5034306049346924 -0.30855295062065125 0.45137837529182434 -0.16074857115745544 -0.47969409823417664 -0.3907756805419922
-0.39616578817367554 0.4690437912940979 0.10929488390684128 -0.1487147957086563 0.3476349413394928 -0.6103224754333496 -0.3092661201953888
-0.1366230994462967 -0.631720244884491 -0.1826285570859909 -0.42433351278305054 0.4335000813007355 -0.393932044506073 -0.1604578047990799
0.005160617176443338 -0.11641489714384079 -0.5573791265487671 0.5740560293197632 -0.01538004819303751 -0.22356387972831726 -0.5440511107444763
-0.14158155024051666 -0.5914456844329834 -0.2367475926876068 -0.722949743270874 0.14611206948757172 0.033899564296007156 -0.17012634873390198
0.28209951519966125 0.3960776925086975 -0.1861696094274521 0.539080023765564 0.5994307398796082 0.0857735127210617 -0.2675849199295044
0.4781712591648102 -0.30579280853271484 -0.036040592938661575 0.2716814875602722 0.26496464014053345 -0.09669683128595352 -0.7233095765113831
-0.36381497979164124 -0.6342563629150391 0.0773983895778656 -0.3672245144844055 -0.5171230435371399 0.22651641070842743 0.0760740265250206
-0.1187918558716774 0.25581538677215576 -0.3102833330631256 0.45890387892723083 0.7491570115089417 -0.1204061284661293 -0.19453729689121246
0.45260515809059143 0.16527129709720612 0.027998294681310654 0.5686005353927612 0.2275412678718567 0.2933656871318817 -0.5530868172645569
-0.1540617197751999 -0.8425119519233704 0.25030139088630676 -0.20191463828086853 0.07475681602954865 -0.03725835308432579 0.395020991563797
-0.20750565826892853 0.7590505480766296 0.19661985337734222 -0.25681072473526 -0.5244969129562378 0.017174461856484413 -0.027941331267356873
0.20314645767211914 0.6761032938957214 0.4326684772968292 -0.02714967355132103 -0.2263149470090866 -0.07090330123901367 -0.5073766112327576
0.06778529286384583 0.058383818715810776 -0.01684137061238289 0.6322908401489258 0.5197403430938721 -0.1884816288948059 -0.5350379943847656
0.08236437290906906 0.907964825630188 0.2401789277791977 0.28052717447280884 0.11445160210132599 -0.1108868345618248 -0.08390148729085922
0.3691001832485199 0.07285289466381073 0.8079005479812622 -0.11061174422502518 0.23109698295593262 -0.30976706743240356 -0.2101377546787262
-0.5704483985900879 -0.6089373826980591 -0.130873903632164 0.02493249997496605 0.2082757204771042 0.47305139899253845 0.13739684224128723
-0.10586618632078171 -0.5842816233634949 -0.7156769633293152 -0.14827436208724976 -0.08161373436450958 0.11828862875699997 0.3042624890804291
0.6111195683479309 -0.2827504873275757 -0.3436599373817444 0.3480049669742584 -0.4329129159450531 -0.18937210738658905 0.28999993205070496
-0.5327593088150024 0.7232624292373657 0.10969763994216919 -0.11546510457992554 0.3303699493408203 -0.16814690828323364 -0.17399854958057404
0.12607988715171814 0.6887394785881042 0.5184227228164673 0.0885978564620018 0.11327947676181793 0.2709025740623474 -0.3832879662513733
0.033990878611803055 -0.5757358074188232 -0.1418388932943344 -0.5922414064407349 -0.47420504689216614 0.24570445716381073 0.10613098740577698
0.2114822119474411 0.6241006851196289 -0.5016790628433228 0.40110859274864197 0.37989377975463867 -0.0938936099410057 0.00825415551662445
0.5849632620811462 -0.03503300994634628 0.09807704389095306 0.39347967505455017 0.6147102117538452 -0.32764217257499695 0.08323007076978683
0.3075000047683716 -0.016588088124990463 -0.39207515120506287 0.6369532346725464 -0.21435889601707458 -0.08119920641183853 -0.5414731502532959
-0.25904688239097595 -0.3958670198917389 -0.28136593103408813 -0.5552187561988831 0.5829651951789856 -0.21821996569633484 0.035790469497442245
0.29012373089790344 0.3072423040866852 -0.3202957510948181 0.4319438934326172 0.5631033778190613 -0.0687166154384613 -0.45875704288482666
0.5504862070083618 -0.24604226648807526 0.6920446157455444 -0.1524711400270462 0.10980361700057983 -0.273250550031662 0.21801885962486267
-0.4747987389564514 0.5179873704910278 0.221467986702919 -0.08764232695102692 0.5061453580856323 -0.1883658766746521 -0.39731743931770325
-0.09794647246599197 -0.25603440403938293 -0.291858434677124 0.6669850945472717 -0.5622279644012451 -0.2753566801548004 -0.053673308342695236
-0.23206943273544312 0.6116968393325806 0.5237131118774414 -0.034539271146059036 -0.16275447607040405 -0.29011809825897217 -0.4310973882675171
-0.01317260880023241 -0.6831048130989075 0.44394350051879883 0.4244382381439209 -0.2573435306549072 0.2937411963939667 0.05874468758702278
-0.027140846475958824 -0.18468120694160461 -0.1785048395395279 0.5971839427947998 0.3011362850666046 0.38592275977134705 -0.5805550813674927
-0.1192711666226387 0.6222559213638306 -0.12228363752365112 -0.6405977010726929 -0.12241389602422714 -0.018040794879198074 -0.3974199891090393
0.5411387085914612 -0.40372294187545776 -0.47744220495224 0.3838888108730316 -0.20541048049926758 0.2763363718986511 0.2242758423089981
0.11882470548152924 0.6419010758399963 0.4293167293071747 -0.07011178880929947 -0.4642285406589508 0.14455701410770416 -0.3849810063838959
-0.467122346162796 0.49445638060569763 0.3795163631439209 -0.3295198976993561 0.4362662732601166 0.26573455333709717 -0.1541118174791336
0.22415989637374878 -0.6625878810882568 0.18250492215156555 -0.03132963553071022 -0.08848224580287933 -0.30347076058387756 -0.613609254360199
0.36367231607437134 -0.7435013651847839 -0.2566915452480316 -0.08706656098365784 -0.11968187987804413 0.06160547211766243 0.47260764241218567
0.1437290757894516 -0.7879633903503418 0.10142670571804047 -0.17665687203407288 -0.41829347610473633 0.36713266372680664 -0.08488182723522186
0.44381794333457947 -0.7086742520332336 0.32197949290275574 0.10036712139844894 0.18281590938568115 -0.35701143741607666 -0.16181275248527527
-0.2711697220802307 -0.1962784081697464 -0.8742586374282837 0.09594794362783432 -0.0844319686293602 0.3179643154144287 0.0785960853099823
0.29954543709754944 -0.36296361684799194 -0.334942102432251 0.633205771446228 -0.30463361740112305 -0.1701231598854065 -0.3790128231048584
-0.2079906463623047 -0.6495689153671265 -0.5900167226791382 0.28251078724861145 -0.005039429757744074 -0.19934064149856567 -0.2590484023094177
0.512123167514801 -0.6661461591720581 0.07975815236568451 -0.045103732496500015 -0.523115336894989 0.0023504369892179966 0.10921713709831238
-0.456677109003067 0.2339741438627243 0.4318080246448517 -0.6876181960105896 -0.011355438269674778 -0.16084645688533783 0.22676981985569
0.09822211414575577 0.22638678550720215 0.7954548597335815 0.4478086233139038 0.2789148986339569 -0.0862995907664299 -0.1434553563594818
-0.023999225348234177 -0.4495582580566406 -0.22315342724323273 -0.39198169112205505 0.44999948143959045 -0.06303486227989197 -0.6224157214164734
-0.035755664110183716 -0.35746538639068604 0.8345882296562195 0.1831914484500885 -0.20295263826847076 0.20688416063785553 0.2384379506111145
0.522057294845581 -0.46760106086730957 0.25660717487335205 0.6105426549911499 0.06447573006153107 0.2564369738101959 -0.016700370237231255
-0.5373824238777161 0.24368536472320557 0.4991828501224518 -0.3819302022457123 0.2008000910282135 -0.35007521510124207 0.30644741654396057
-0.3285643458366394 0.7563993334770203 0.08815082907676697 -0.4714704155921936 -0.1592288464307785 0.1750100702047348 -0.18403314054012299
-0.45194390416145325 0.2592274844646454 0.40946370363235474 -0.502698540687561 0.39256569743156433 0.3648599088191986 0.14474433660507202
0.07848167419433594 -0.25566035509109497 0.03692992776632309 0.468318372964859 0.47479307651519775 -0.2901008129119873 -0.6310353875160217
-0.25588539242744446 0.10347393155097961 -0.8896892666816711 0.3250492513179779 -0.08989543467760086 -0.12295731157064438 -0.05841397866606712
0.0040439716540277 -0.780565083026886 0.3236900568008423 -0.0726483091711998 -0.5207880735397339 -0.08874183148145676 0.03941362351179123
-0.005484431516379118 -0.48549124598503113 -0.5110485553741455 -0.44012007117271423 0.08604402095079422 0.3184693157672882 -0.4478453993797302
0.2211468517780304 -0.02957773581147194 -0.3365112245082855 0.7050806283950806 -0.03773798048496246 -0.33566609025001526 -0.4751262068748474
-0.13935692608356476 0.42354756593704224 -0.4998064637184143 0.09528513997793198 0.38366425037384033 -0.5313481688499451 0.33581581711769104
-0.05871843174099922 -0.45817986130714417 -0.7667308449745178 0.21234147250652313 -0.27295494079589844 0.1858222633600235 -0.2112438976764679
-0.30126288533210754 -0.27765703201293945 -0.5503090023994446 0.329893559217453 0.19256405532360077 -0.471431702375412 -0.4014333486557007
-0.05848711356520653 -0.08443833887577057 0.22040727734565735 0.45720428228378296 0.3507211208343506 -0.35996007919311523 -0.6922844052314758
0.4911108911037445 -0.1341223418712616 0.009203178808093071 0.507917046546936 0.4471060335636139 0.0829002633690834 -0.5253385901451111
0.14633896946907043 0.28719574213027954 0.5413179397583008 -0.16963821649551392 -0.46897467970848083 -0.4351109564304352 0.4062541425228119
0.3071318566799164 -0.49926111102104187 -0.020521072670817375 0.2453548163175583 -0.2631511688232422 0.35927245020866394 -0.63044673204422
0.3956150710582733 0.19657820463180542 0.8275424838066101 0.11925707757472992 0.04185933247208595 0.32008031010627747 -0.03991543501615524
0.3950546085834503 -0.0710020437836647 -0.2955087423324585 0.307540625333786 0.14284168183803558 -0.6477271318435669 -0.4658644497394562
-0.03922203183174133 -0.7471265196800232 0.1282234638929367 -0.6247661113739014 -0.16024149954319 0.04502107948064804 0.07606162875890732
0.6389691829681396 -0.1783163845539093 0.08995337039232254 0.2396213561296463 0.21898430585861206 -0.2642875015735626 -0.6136853098869324
-0.34876179695129395 0.024259446188807487 -0.800058901309967 0.40872326493263245 0.26429325342178345 -0.02760847844183445 0.003819937352091074
0.05471980199217796 0.25399091839790344 0.4014471471309662 -0.5773664116859436 0.33084991574287415 0.49484872817993164 0.28921565413475037
-0.7251965403556824 -0.05897882580757141 -0.36465662717819214 0.12817977368831635 -0.027527738362550735 -0.18976669013500214 -0.5333271026611328
-0.3116314709186554 0.5888976454734802 0.1574508547782898 -0.14273208379745483 0.2518227696418762 -0.08533918857574463 -0.6634942293167114
-0.46643611788749695 0.12962470948696136 0.2436215728521347 -0.7623478770256042 -0.27130600810050964 0.12148301303386688 0.19168703258037567
0.12759360671043396 -0.038840338587760925 0.18591317534446716 0.3811303675174713 -0.024295270442962646 0.041684962809085846 -0.8944603204727173
-0.44051310420036316 -0.7122698426246643 -0.19114536046981812 -0.013719415292143822 0.2281721979379654 0.45706868171691895 0.030345825478434563
0.0711200162768364 -0.5631449818611145 0.06481403857469559 0.32925310730934143 -0.45754656195640564 -0.31476718187332153 -0.5067286491394043
0.19806399941444397 0.39993274211883545 0.5437775254249573 -0.19342680275440216 -0.622544527053833 -0.10423771291971207 0.26322874426841736
0.3902739882469177 -0.20945309102535248 -0.17543615400791168 0.25075361132621765 0.8012741804122925 -0.24931751191616058 0.07720687985420227
0.18200436234474182 -0.7606585025787354 -0.4132908880710602 -0.2883872091770172 0.11057031899690628 0.2849500775337219 -0.20217390358448029
-0.10038197785615921 0.3271397650241852 -0.4509808123111725 0.5066419243812561 0.5747068524360657 0.0592057965695858 -0.2983958125114441
-0.24335089325904846 0.41040560603141785 -0.5329113602638245 -0.1969297081232071 0.2586607038974762 -0.3119254410266876 -0.5341992974281311
-0.06104974448680878 -0.7353743314743042 0.19348134100437164 0.3668971657752991 0.07818014919757843 0.17519263923168182 -0.49663296341896057
0.12729887664318085 -0.3485422432422638 0.2381531298160553 0.43748560547828674 0.08935950696468353 -0.0793171152472496 -0.7745492458343506
-0.5792781710624695 -0.6936577558517456 -0.0071272035129368305 -0.04551016166806221 -0.06011147052049637 -0.41911986470222473 0.043346431106328964
0.7820490598678589 -0.5157720446586609 -0.056338369846343994 -0.0462009459733963 0.3256131410598755 0.07230774313211441 -0.07627270370721817
-0.2093570977449417 0.4530342221260071 0.16930651664733887 -0.3946821391582489 0.23446543514728546 0.7148749232292175 0.02169674076139927
0.44413426518440247 0.08077816665172577 0.6837635040283203 0.1889033019542694 0.29122769832611084 0.06622617691755295 0.4514455199241638
-0.4027898609638214 0.5180066227912903 -0.40683451294898987 0.21503852307796478 -0.19774964451789856 -0.02802838571369648 -0.5637224912643433
-0.6156250834465027 -0.5790584683418274 -0.41282588243484497 0.00985201820731163 -0.3150877356529236 0.0986398234963417 0.07851506024599075
-0.311191588640213 -0.5139825940132141 -0.3233407437801361 -0.01959548331797123 0.16867996752262115 0.7093972563743591 0.048487499356269836
-0.37715378403663635 0.392065167427063 -0.6819388270378113 0.14456698298454285 0.2909233570098877 -0.07830366492271423 -0.3568359613418579
-0.4871777296066284 0.1917380839586258 -0.29476258158683777 0.3563450574874878 0.5217459201812744 -0.48509296774864197 -0.06703463941812515
-0.2656651437282562 -0.22811637818813324 -0.3770003616809845 -0.5753962993621826 0.5523621439933777 0.015094281174242496 -0.3143930435180664
-0.0586862750351429 -0.5511184334754944 -0.2397884577512741 -0.18977469205856323 -0.393202006816864 0.4867957532405853 0.4557778835296631
-0.03271458297967911 -0.6678205728530884 -0.4912053942680359 -0.404276579618454 0.040917716920375824 -0.33242958784103394 0.18984034657478333
-0.26053595542907715 0.5652096271514893 -0.5044416189193726 0.0258933212608099 0.4952254891395569 0.2864294946193695 -0.1738882064819336
0.08443723618984222 -0.24319911003112793 0.6196467280387878 -0.28730326890945435 -0.13356485962867737 0.4901726245880127 0.45728614926338196
-0.4698554575443268 0.26319068670272827 0.5969222784042358 -0.3480452597141266 -0.3925662636756897 0.18148870766162872 0.2132331132888794
0.25667479634284973 0.31651079654693604 0.5061765313148499 -0.05274345725774765 -0.323138564825058 -0.4177784025669098 -0.5440451502799988
-0.2035054713487625 -0.019251763820648193 -0.27973055839538574 0.4217224419116974 0.5362718105316162 0.03828859701752663 -0.6426993608474731
0.038329314440488815 0.8390296101570129 0.223749041557312 0.279771089553833 0.047012463212013245 -0.19595308601856232 -0.35442498326301575
-0.13289326429367065 0.09612932056188583 -0.95517897605896 0.0047629945911467075 0.23288503289222717 0.051595114171504974 0.06173808127641678
-0.035996925085783005 0.4435656666755676 -0.3037537932395935 0.6193418502807617 -0.051678430289030075 -0.11157584935426712 -0.5576586127281189
-0.1770935207605362 -0.5192610621452332 -0.14909213781356812 -0.7061048150062561 -0.08537869900465012 0.18967103958129883 -0.3673262298107147
-0.169707790017128 -0.036008864641189575 -0.41416555643081665 -0.2942206859588623 0.4773392081260681 0.17490145564079285 -0.6733204126358032
-0.2157304435968399 0.3613622486591339 -0.5021042823791504 0.17626725137233734 0.3477352559566498 -0.6230984330177307 0.1747206747531891
0.23552504181861877 0.5853326320648193 0.4133426249027252 -0.006041269283741713 -0.2894294857978821 -0.557607114315033 -0.19060415029525757
0.4639330804347992 -0.18582434952259064 -0.07417868077754974 0.22962255775928497 -0.3485364615917206 -0.6943621635437012 -0.29730433225631714
0.17223571240901947 0.6354385614395142 0.508600115776062 -0.02305719442665577 -0.14949075877666473 -0.3399645984172821 -0.4116109013557434
-0.14832152426242828 -0.5325931310653687 -0.41701486706733704 -0.3390244245529175 0.16611115634441376 0.614078938961029 0.02864140085875988
-0.3493635058403015 0.34928423166275024 -0.6093140244483948 0.2797962427139282 0.254890114068985 -0.18991249799728394 -0.45316722989082336
0.5881175994873047 -0.21549499034881592 -0.3071620464324951 0.12350968271493912 -0.19012247025966644 -0.3034268617630005 -0.6081627607345581
0.1712876707315445 0.3581724166870117 -0.31999313831329346 0.46131354570388794 0.32242023944854736 -0.4007651209831238 -0.5124449729919434
0.28625762462615967 0.6455842852592468 -0.46393275260925293 0.5301425457000732 -0.03416164591908455 -0.050883710384368896 -0.03516552969813347
0.2143568992614746 -0.6619482636451721 0.37376880645751953 0.01822834648191929 -0.5383270978927612 0.23734523355960846 -0.17237016558647156
0.35853004455566406 -0.4230557382106781 -0.03360818326473236 0.09483487159013748 -0.2853160500526428 -0.26665210723876953 0.7279067039489746
-0.4580484926700592 -0.6758079528808594 -0.19453206658363342 -0.05000707134604454 0.2253979593515396 0.4922376871109009 0.005431456491351128
-0.12383747100830078 0.47051456570625305 -0.7325228452682495 0.1677769124507904 0.4374016225337982 -0.007943857461214066 0.08460669964551926
0.004707258194684982 -0.4444156587123871 0.6304975152015686 -0.5147933959960938 -0.11959149688482285 -0.019971264526247978 0.3538815677165985
0.08208684623241425 -0.05468860641121864 0.49808749556541443 -0.6013992428779602 -0.24915537238121033 0.14536987245082855 -0.5452411770820618
-0.1858799308538437 0.8715287446975708 0.046296630054712296 -0.3397386968135834 -0.1408596783876419 -0.06469377875328064 0.25356242060661316
-0.33880457282066345 -0.2789921164512634 -0.5443640947341919 -0.23338867723941803 0.5673117637634277 0.30636969208717346 -0.20215632021427155
0.025430873036384583 -0.2146783024072647 0.11721218377351761 0.33712324500083923 0.0011699965689331293 0.13185182213783264 -0.8991603851318359
-0.14655104279518127 0.25184544920921326 -0.2795332074165344 0.46420174837112427 0.7374512553215027 -0.10977915674448013 -0.2561032772064209
-0.05702362582087517 0.26086172461509705 0.33860793709754944 -0.8014447093009949 -0.3165227472782135 0.1082812249660492 0.2445792853832245
-0.4706341028213501 0.71123206615448 0.059826627373695374 -0.403232216835022 -0.24445536732673645 -0.18860147893428802 -0.10558413714170456
-0.3683640658855438 -0.1791064739227295 -0.7493147253990173 0.01438000239431858 0.24929895997047424 -0.2504437565803528 -0.3816770911216736
-0.26197588443756104 0.6140559911727905 0.17343494296073914 -0.6851613521575928 -0.07403361052274704 -0.13751479983329773 -0.1743178367614746
0.7378749251365662 -0.4653379023075104 0.0559207946062088 0.20159217715263367 -0.12283538281917572 0.33785155415534973 -0.25690945982933044
-0.5161787271499634 -0.5818450450897217 -0.4967595338821411 -0.18814373016357422 -0.1336698681116104 -0.2271517962217331 -0.2082839161157608
0.42200934886932373 0.38833358883857727 0.5950310230255127 -0.21080513298511505 -0.27156683802604675 0.03409894183278084 0.44462692737579346
-0.06034126877784729 0.8857936263084412 -0.08140455931425095 0.195530503988266 -0.15485957264900208 -0.07232335954904556 -0.3710222542285919
0.2042754739522934 -0.36727625131607056 -0.029936622828245163 0.6552034616470337 0.24863871932029724 -0.024038372561335564 -0.575145959854126
-0.34616589546203613 0.27242299914360046 0.6363427639007568 -0.44230976700782776 -0.0705559030175209 -0.01260586641728878 0.4474906027317047
-0.04092889651656151 -0.17892661690711975 -0.5734042525291443 -0.3522246181964874 0.5212591886520386 0.13579358160495758 -0.47255080938339233
0.4212019741535187 0.14774902164936066 -0.38631123304367065 0.7389528751373291 0.20601291954517365 -0.1966753900051117 0.15604163706302643
-0.1005554124712944 -0.3079318404197693 -0.7434483170509338 -0.20939850807189941 -0.26952242851257324 0.03882625699043274 0.473659873008728
-0.4404347538948059 -0.5732088685035706 -0.471398264169693 -0.026819240301847458 -0.4166176915168762 0.2738989293575287 -0.07695674896240234
0.3150774836540222 -0.6258001327514648 0.1431901603937149 0.15152128040790558 -0.45058947801589966 -0.26123905181884766 -0.4408644437789917
-0.22535870969295502 0.27665844559669495 0.6644463539123535 -0.00208891904912889 -0.5797830820083618 -0.0905151218175888 -0.29468438029289246
-0.2583831548690796 0.42173248529434204 -0.6623566150665283 0.32433202862739563 0.3985942602157593 -0.12400498241186142 -0.19291889667510986
0.03719470277428627 -0.5646389126777649 -0.10344821214675903 -0.31413939595222473 0.07420279085636139 -0.12780959904193878 0.7406571507453918
0.1651267558336258 0.5085330009460449 -0.6270208954811096 0.33458247780799866 -0.023465588688850403 -0.3912568986415863 -0.23535975813865662
-0.23317888379096985 0.6085763573646545 -0.06082429736852646 -0.40784549713134766 0.389761358499527 -0.4309036135673523 -0.2600634694099426
0.1404087394475937 -0.5968008041381836 0.14726519584655762 0.40030965209007263 -0.5039975047111511 -0.2208343744277954 -0.3733605742454529
0.10716202855110168 -0.08432147651910782 -0.956010103225708 0.09028958529233932 0.0013914002338424325 0.2171555608510971 0.1101834699511528
0.33318883180618286 0.7053911089897156 0.29569947719573975 0.04265247657895088 -0.3428611159324646 -0.22255147993564606 0.3675163984298706
-0.4449801743030548 -0.42209482192993164 -0.7571462988853455 0.15492504835128784 0.09937044978141785 -0.08385466784238815 0.09823485463857651
0.219290092587471 0.38031429052352905 -0.6235652565956116 0.02234329842031002 0.560340166091919 -0.03980761766433716 -0.31995970010757446
0.10856447368860245 0.2763233780860901 -0.3237822651863098 0.6545304656028748 0.5094583034515381 -0.017082246020436287 -0.344637006521225
0.241986945271492 -0.7958967089653015 0.35555994510650635 -0.2261083573102951 -0.06852822750806808 -0.15611532330513 0.31839412450790405
-0.11954464018344879 0.8033090233802795 0.3949061632156372 0.23540179431438446 0.180617094039917 -0.19174866378307343 -0.24423089623451233
0.3580121099948883 -0.49284011125564575 0.008420285768806934 0.054790325462818146 -0.248196542263031 0.10742003470659256 0.7434530854225159
0.4660986363887787 -0.5235903263092041 0.13878950476646423 -0.09292709082365036 -0.39397215843200684 0.5621235370635986 0.09752051532268524
0.028899619355797768 0.7433018684387207 0.3696657419204712 0.26019322872161865 0.20332780480384827 -0.32843491435050964 -0.3051263988018036
-0.48265814781188965 -0.5285632610321045 -0.2423652857542038 -0.09173563867807388 0.07979753613471985 0.6381359696388245 -0.08318979293107986
0.33075329661369324 -0.47161877155303955 -0.23297187685966492 0.2750096321105957 -0.46069565415382385 -0.20301544666290283 0.5336815118789673
0.17524346709251404 0.3852594494819641 -0.355806827545166 0.5036123991012573 0.28575399518013 -0.4262228012084961 -0.421093612909317
-0.24282388389110565 0.3705749809741974 0.2830991744995117 -0.5320504307746887 0.17585496604442596 0.00036264947266317904 -0.6399709582328796
-0.3123288154602051 0.44205930829048157 -0.7377889752388 0.1264519840478897 0.2809560298919678 -0.13825494050979614 -0.2205924093723297
-0.4548088610172272 0.20148855447769165 -0.11737102270126343 0.28772082924842834 0.434663325548172 -0.1840384304523468 -0.6581714153289795
-0.48511770367622375 -0.47527483105659485 -0.6759445071220398 -0.06477876007556915 -0.0038610068149864674 -0.2224876880645752 -0.1678144931793213
0.1584993600845337 0.3620263636112213 -0.174185648560524 0.5314452648162842 0.590351402759552 -0.19957907497882843 -0.3777479827404022
-0.4274888336658478 0.5944363474845886 0.16704322397708893 -0.43371129035949707 0.3052282929420471 -0.3071065843105316 0.24578647315502167
0.2212686389684677 0.5327930450439453 0.665273904800415 -0.13526754081249237 0.37577012181282043 0.19024647772312164 -0.16996531188488007
0.20668058097362518 -0.5437331795692444 -0.1974441558122635 0.31735894083976746 -0.570639431476593 -0.26220759749412537 0.3571474850177765
0.08327385038137436 -0.20004720985889435 0.011487282812595367 0.821176290512085 0.3827730119228363 0.31025663018226624 -0.18923477828502655
0.4101298451423645 -0.6381607055664062 0.30389973521232605 -0.026366500183939934 -0.4544515311717987 0.35209742188453674 -0.03155212476849556
-0.026265334337949753 0.3692115545272827 -0.6287676692008972 0.307743102312088 0.5450485944747925 -0.21735087037086487 0.1691713035106659
0.26636213064193726 0.38508379459381104 0.5963539481163025 0.0968390703201294 -0.5188474059104919 -0.26057112216949463 0.2804385721683502
-0.33703944087028503 -0.3358722925186157 -0.8070604205131531 0.32082346081733704 0.05086420848965645 -0.07938116788864136 -0.10213468223810196
-0.10028262436389923 0.3598843812942505 -0.3040134012699127 0.45344918966293335 0.6657620072364807 0.1497948318719864 -0.31098029017448425
0.018693814054131508 0.7813417315483093 0.39073577523231506 0.2552347481250763 -0.3365110456943512 -0.23070894181728363 -0.069786936044693
0.14026908576488495 0.02228313311934471 0.7886839509010315 0.11837691068649292 -0.25397980213165283 0.49214068055152893 -0.19257335364818573
-0.24650569260120392 0.46964848041534424 -0.4590747654438019 0.14477436244487762 0.34591200947761536 0.4400832951068878 -0.41668641567230225
-0.22680065035820007 -0.7349841594696045 0.08762136101722717 -0.06459902971982956 -0.09038101136684418 0.24754826724529266 -0.5718918442726135
-0.6144490242004395 -0.645577609539032 -0.383237361907959 0.010400553233921528 -0.212103009223938 0.09316738694906235 0.07095696777105331
-0.10877325385808945 -0.6858395934104919 -0.18916790187358856 -0.27892985939979553 -0.3248879909515381 0.2627020478248596 0.4792090356349945
-0.5066290497779846 0.3926858603954315 -0.2982950806617737 0.00743096275255084 0.34835678339004517 -0.1309787780046463 -0.6013166308403015
-0.5578063130378723 0.2553788125514984 0.06082657352089882 -0.5674445033073425 0.14417922496795654 0.46576905250549316 -0.24538153409957886
-0.07204167544841766 0.2089320570230484 0.7425814867019653 -0.030542263761162758 -0.22373756766319275 0.553539514541626 -0.2057492733001709
0.40552085638046265 0.23115622997283936 -0.6321887373924255 0.2647510766983032 -0.27728068828582764 -0.26409271359443665 -0.4071049392223358
-0.4299040138721466 0.5556266903877258 -0.030119821429252625 -0.1716434210538864 0.6034835577011108 -0.15022839605808258 -0.2988842725753784
-0.43671825528144836 -0.038210269063711166 -0.4249424934387207 0.06291590631008148 0.4996921122074127 0.25658291578292847 -0.554757297039032
0.2746581435203552 -0.7535958290100098 0.2110607624053955 -0.010522939264774323 -0.19795049726963043 0.36080998182296753 0.3776647746562958
-0.5647786855697632 0.5219372510910034 0.35285961627960205 -0.236307293176651 0.4621262550354004 0.11811940371990204 -0.02725229598581791
0.3214155435562134 -0.3592900335788727 -0.01608152501285076 0.8203108310699463 -0.2940100133419037 -0.07074355334043503 0.05465973913669586
-0.39714184403419495 -0.45410600304603577 -0.7140064239501953 -0.21640408039093018 -0.25523635745048523 0.014920840971171856 -0.11858291923999786
-0.0985172688961029 0.47535979747772217 -0.24342910945415497 0.44458892941474915 0.29802173376083374 -0.6439691781997681 0.06242632120847702
-0.44539231061935425 -0.4122999608516693 -0.20684388279914856 -0.17679893970489502 -0.071748748421669 0.7423948049545288 -0.035976119339466095
-0.20540770888328552 -0.36281153559684753 -0.6767515540122986 -0.25745365023612976 0.2357548326253891 -0.08740882575511932 0.4885486662387848
0.25672999024391174 -0.19989970326423645 -0.44237709045410156 0.527264416217804 -0.45084744691848755 0.17448057234287262 -0.4321083426475525
-0.5031493306159973 -0.7333581447601318 -0.4037599563598633 -0.016967488452792168 -0.1936439424753189 -0.06485072523355484 0.06334701180458069
-0.5946469306945801 0.40421992540359497 0.0645613968372345 -0.6852321028709412 -0.09481966495513916 0.002197681460529566 -0.017159834504127502
0.5433096289634705 0.004723729100078344 -0.13821978867053986 0.49731847643852234 0.2213461697101593 0.309757798910141 -0.5416807532310486
0.04519658535718918 -0.5249994397163391 0.756839394569397 -0.0743982195854187 -0.22483699023723602 0.10371626913547516 0.28754672408103943
-0.12135830521583557 0.10260205715894699 -0.9252437949180603 -0.056189972907304764 0.2929978668689728 0.0080107431858778 0.17204587161540985
0.5763871073722839 -0.6495517492294312 0.19535017013549805 0.1714806705713272 0.21991269290447235 -0.3576829731464386 0.04465976729989052
-0.27228981256484985 0.2862502634525299 -0.41358768939971924 0.03184868395328522 0.6207106709480286 -0.13765808939933777 -0.5173184275627136
0.18617720901966095 0.4470941722393036 0.6847168207168579 0.2950473725795746 0.4374932050704956 -0.085416778922081 -0.10420428216457367
0.312264084815979 -0.7273034453392029 0.051066841930150986 -0.016493480652570724 -0.4401610791683197 0.1738281100988388 0.3829921782016754
0.21680711209774017 -0.12451379001140594 -0.3755355477333069 0.392845094203949 0.14415249228477478 -0.6083686351776123 -0.5012428164482117
0.17876137793064117 -0.8683710694313049 0.32178980112075806 0.10120479762554169 0.017873752862215042 -0.2039746791124344 0.24137075245380402
0.2779746353626251 0.41665711998939514 -0.417113333940506 0.5006053447723389 0.32758888602256775 -0.26094916462898254 -0.38617178797721863
0.2902791202068329 -0.5719743967056274 0.16967394948005676 0.3607441186904907 0.2984808087348938 -0.2834097743034363 -0.510142982006073
-0.09716957062482834 0.07230217754840851 -0.6356201767921448 -0.04483021795749664 0.6896818280220032 0.31340354681015015 -0.07365373522043228
-0.3573148846626282 0.7802727818489075 0.19741207361221313 -0.4703778922557831 0.007263934705406427 -0.019830068573355675 0.0531759113073349
-0.0438169501721859 -0.7998253703117371 -0.16091234982013702 -0.41702574491500854 -0.3235500454902649 0.15216174721717834 0.1752665489912033
-0.19100160896778107 0.14278826117515564 -0.26606518030166626 0.19975173473358154 0.8079791069030762 -0.3414039611816406 -0.2511008083820343
-0.4984496235847473 -0.38267603516578674 -0.29531893134117126 -0.030994955450296402 0.5243985056877136 0.4903804361820221 -0.03829153627157211
0.17274878919124603 0.5807563662528992 -0.3652929365634918 0.37167003750801086 0.5893349051475525 0.06525527685880661 -0.09863266348838806
0.08548081666231155 0.3018253743648529 0.444459468126297 -0.7449904680252075 -0.27934330701828003 -0.0139024518430233 0.26610809564590454
0.3416095972061157 -0.14033246040344238 -0.6433740854263306 0.6527022123336792 0.0957680493593216 -0.09124402701854706 0.07850043475627899
-0.2286558598279953 -0.3166137933731079 -0.726998507976532 -0.2778257727622986 -0.2507980763912201 0.00953308492898941 0.4228092432022095
0.7164421677589417 -0.3641815781593323 0.08521788567304611 0.05409986898303032 -0.27914249897003174 0.4774676561355591 -0.1949297934770584
-0.1894681602716446 -0.8836669921875 0.10651954263448715 -0.19840215146541595 -0.17300741374492645 0.31973108649253845 0.01910984143614769
0.03523300215601921 -0.48818081617355347 -0.7154644727706909 0.13607686758041382 -0.3689650595188141 -0.16994644701480865 0.25497981905937195
0.5078340768814087 -0.12879294157028198 -0.1308438777923584 0.23998534679412842 -0.47303545475006104 -0.5259672999382019 -0.3878139853477478
-0.5288986563682556 0.15167857706546783 0.4383471608161926 -0.4996568560600281 0.337123841047287 0.3599488139152527 -0.11062966287136078
-0.2964048385620117 0.46238914132118225 -0.6147231459617615 -0.12966468930244446 0.23154234886169434 -0.1352163553237915 -0.4814017117023468
0.2375447005033493 0.3350021541118622 -0.30102863907814026 0.4434395432472229 0.23708073794841766 -0.5168154239654541 -0.4698762595653534
-0.6083436608314514 -0.6536619067192078 -0.4201103746891022 0.03865432366728783 -0.08291476964950562 -0.050218384712934494 0.12353330850601196
-0.44492629170417786 0.6646542549133301 0.07324729859828949 0.07772548496723175 0.5840528011322021 0.06314919143915176 -0.06134572997689247
0.4306756854057312 0.5636956095695496 0.6303432583808899 0.10846138745546341 0.15829484164714813 0.12488119304180145 -0.21683308482170105
0.34747111797332764 0.4983751177787781 -0.28529077768325806 0.49160751700401306 0.4391225278377533 0.25634315609931946 -0.22198420763015747
-0.4975857734680176 -0.4342164695262909 -0.4123988151550293 -0.005358205642551184 -0.355948805809021 0.5083621740341187 -0.09290465712547302
-0.21853575110435486 -0.5568946599960327 -0.11495374888181686 -0.3717973828315735 -0.47501498460769653 0.41796284914016724 0.3005504310131073
0.06016195937991142 -0.519554853439331 -0.7033882737159729 -0.14401832222938538 -0.33309218287467957 0.06152860447764397 -0.3101789355278015
-0.04951932653784752 0.3033575713634491 0.718368649482727 0.02924371138215065 -0.42147096991539 -0.12604643404483795 -0.44168761372566223
-0.3749834895133972 -0.5756125450134277 -0.6739396452903748 -0.18300874531269073 -0.117515429854393 -0.08710896968841553 -0.13774190843105316
0.5390892624855042 0.3983864486217499 0.31297287344932556 -0.07289108633995056 -0.5173330903053284 0.02166450209915638 0.42344191670417786
-0.3567723035812378 -0.29025694727897644 -0.539722204208374 -0.3520142138004303 -0.09681065380573273 -0.3054087460041046 -0.520195722579956
-0.046452756971120834 -0.7156095504760742 0.2529497742652893 0.3001602292060852 -0.28470709919929504 0.45538821816444397 -0.20791538059711456
-0.5303654670715332 0.0010293949162587523 0.46669894456863403 -0.4289398789405823 0.11665269732475281 0.5329838991165161 0.13868840038776398
0.3129590153694153 0.5677867531776428 0.659142255783081 0.04234424605965614 -0.37648093700408936 -0.04056449234485626 0.0054651955142617226
-0.21562352776527405 -0.39378055930137634 -0.6279177665710449 -0.27306827902793884 0.4716626703739166 0.2118871510028839 -0.24946868419647217
-0.6649084687232971 0.054638948291540146 -0.41904696822166443 0.15759797394275665 -0.17832976579666138 -0.4570256471633911 -0.33734244108200073
-0.14723533391952515 0.0038555487990379333 0.8169134855270386 -0.06918201595544815 -0.18290415406227112 0.35214537382125854 -0.3856329321861267
0.21903300285339355 -0.6714125275611877 0.29104703664779663 0.5643808245658875 -0.0006378962425515056 0.17587336897850037 -0.2589670419692993
0.25051525235176086 -0.19318179786205292 0.13526466488838196 0.6426247358322144 0.22282090783119202 -0.24847936630249023 -0.5977195501327515
-0.07519640028476715 0.7206704020500183 0.18461786210536957 0.33166825771331787 -0.0285128653049469 -0.5599369406700134 -0.12864522635936737
-0.11811213195323944 -0.7322477102279663 -0.10113867372274399 -0.5341851711273193 -0.3185955882072449 0.14953318238258362 0.17440366744995117
-0.12908925116062164 0.41158410906791687 -0.4949445426464081 0.3100236654281616 0.5067481994628906 0.293715238571167 -0.3602599501609802
-0.13859087228775024 0.8020095825195312 0.0013757540145888925 -0.5087101459503174 0.08201716095209122 0.08956684172153473 0.25305378437042236
0.12659290432929993 0.10143697261810303 -0.5508329272270203 -0.37902337312698364 0.23180006444454193 0.06009314954280853 -0.685030460357666
-0.4396502673625946 -0.48857587575912476 -0.6849031448364258 -0.09079664200544357 0.007337508257478476 -0.22782932221889496 -0.1967354714870453
-0.3461935818195343 -0.37966063618659973 -0.357901394367218 0.24882401525974274 -0.2407812923192978 -0.2878287136554718 -0.636537492275238
0.3347570598125458 -0.1599077731370926 -0.27099111676216125 0.22265399992465973 0.2554963231086731 0.19687218964099884 -0.7970691323280334
0.35576245188713074 -0.8083706498146057 0.3306604325771332 0.0758000835776329 -0.3028131127357483 0.06071550399065018 0.09749861061573029
0.2928750813007355 0.560482382774353 -0.33083483576774597 0.24259068071842194 0.6468074321746826 -0.09400030970573425 -0.06771846860647202
-0.06434857845306396 0.5797901153564453 0.5982580184936523 -0.09339439868927002 -0.3872828483581543 -0.12943869829177856 -0.3554225564002991
0.405223548412323 -0.6795960068702698 -0.02312537468969822 0.43732377886772156 -0.31976863741874695 -0.06898088753223419 0.27412769198417664
-0.1103183776140213 0.09909398853778839 -0.6910194158554077 -0.44376951456069946 0.1521771401166916 -0.297581285238266 -0.4380166530609131
0.12641309201717377 0.3248489797115326 -0.28127866983413696 0.724193274974823 0.33781176805496216 -0.2691009044647217 -0.2972998321056366
0.0893527939915657 0.3956449627876282 -0.2857462763786316 0.5982659459114075 0.09796354174613953 -0.38088303804397583 -0.49116116762161255
-0.044888708740472794 0.4129714369773865 -0.3920459747314453 0.613604724407196 0.012228543870151043 -0.018086440861225128 -0.5447496175765991
0.39483386278152466 -0.7926899790763855 0.36104756593704224 0.05638406425714493 -0.22407102584838867 0.0981123223900795 0.14960084855556488
0.17918428778648376 0.5128629803657532 0.6570779085159302 0.06368910521268845 -0.48615506291389465 -0.1344430297613144 -0.12097559869289398
0.3737621605396271 0.527129054069519 0.6956669688224792 0.14187204837799072 0.15814685821533203 0.22107023000717163 -0.06688990443944931
-0.5708279609680176 -0.41247737407684326 -0.3798564374446869 0.254525363445282 -0.06193837895989418 -0.3197285830974579 -0.4346044659614563
-0.15416979789733887 -0.3283253014087677 -0.35279133915901184 0.22544603049755096 0.6384130120277405 0.03325926885008812 -0.5333565473556519
-0.441575825214386 0.4942382872104645 0.14544036984443665 -0.5390810370445251 -0.44150811433792114 -0.16382090747356415 0.1649584323167801
-0.010758673772215843 0.22890956699848175 0.5043436288833618 -0.7716113328933716 -0.3035137355327606 0.016444958746433258 0.0731237605214119
-0.6078259944915771 -0.22538185119628906 -0.032287295907735825 0.027126429602503777 0.5579898357391357 -0.30344143509864807 -0.41778334975242615
0.5178769826889038 0.07355210185050964 -0.10665100067853928 0.6546962857246399 0.4744046628475189 -0.14414389431476593 -0.20138214528560638
-0.07528810948133469 -0.7414610385894775 -0.16685514152050018 -0.3952588737010956 -0.24699725210666656 -0.304556280374527 -0.3267030119895935
0.5083896517753601 -0.06896141916513443 -0.33112117648124695 0.27925336360931396 0.4864559471607208 0.019248709082603455 -0.5587044358253479
-0.10526067018508911 0.81135094165802 0.03380084037780762 -0.344028115272522 -0.14987632632255554 0.42715513706207275 -0.07878780364990234
-0.5835562944412231 -0.5910153388977051 -0.1916045844554901 -0.15048208832740784 0.25201138854026794 0.43041592836380005 0.045144256204366684
-0.008800593204796314 -0.795945942401886 0.06294753402471542 -0.43131569027900696 -0.23780807852745056 0.32102805376052856 0.12955839931964874
0.5084474086761475 -0.5932488441467285 0.06972631067037582 0.1640915721654892 -0.2678726613521576 0.20479713380336761 -0.49401572346687317
0.18295225501060486 -0.07706650346517563 0.9351175427436829 -0.03202936053276062 -0.1083742156624794 0.1406489908695221 -0.23149827122688293
-0.397249311208725 0.13551829755306244 0.6676044464111328 -0.35069766640663147 0.03583714738488197 0.4859396517276764 0.13312241435050964
-0.4938414394855499 -0.20240983366966248 -0.7734376788139343 0.06422851979732513 -0.14656628668308258 -0.20259104669094086 0.22426539659500122
-0.03640417009592056 -0.04784322530031204 -0.06186259537935257 0.5323926210403442 0.016279717907309532 -0.5906909704208374 -0.5999466776847839
0.6478496193885803 -0.3133949637413025 -0.5983602404594421 0.13183173537254333 0.010796751827001572 -0.32639193534851074 -0.0034177093766629696
0.4892864525318146 0.5775946974754333 0.27293258905410767 0.007924158126115799 0.11518971621990204 0.37232348322868347 -0.4478110074996948
-0.7217268347740173 -0.3918973207473755 -0.4403098523616791 0.057279881089925766 -0.1340823471546173 -0.12195705622434616 -0.309065580368042
-0.42432093620300293 -0.15940390527248383 -0.40402016043663025 -0.11645066738128662 0.06494265049695969 0.4352133572101593 -0.651245653629303
-0.49168261885643005 -0.7046239972114563 -0.03234003484249115 -0.0976538434624672 0.44471773505210876 0.023763034492731094 0.22985324263572693
-0.1242523044347763 -0.4128628373146057 0.41626739501953125 -0.487918496131897 0.01493366900831461 0.27433207631111145 0.5720853209495544
-0.0522952601313591 0.739258885383606 -0.29883214831352234 -0.312406986951828 0.4530303478240967 -0.18443623185157776 0.15687446296215057
0.26554131507873535 -0.06823982298374176 -0.4793548285961151 0.3979020118713379 0.525895893573761 -0.4821628928184509 0.1663627177476883
-0.038578201085329056 -0.4394163489341736 -0.55089271068573 0.2521919310092926 0.5702581405639648 0.3239308297634125 -0.09064149111509323
0.28156977891921997 0.16872529685497284 -0.21064718067646027 0.6284221410751343 0.5220950245857239 0.04384375363588333 -0.42244306206703186
-0.13653993606567383 0.12764298915863037 0.16817417740821838 -0.7950403094291687 -0.3217819631099701 -0.4249977469444275 0.14326828718185425
0.06901704519987106 -0.6902861595153809 0.3338068127632141 -0.0005475702346302569 -0.46587100625038147 0.4358740746974945 0.017101872712373734
0.19766373932361603 -0.13649441301822662 -0.045450661331415176 0.7392004132270813 -0.39983537793159485 -0.4722375273704529 -0.10458831489086151
0.0981166809797287 -0.12317607551813126 0.24263310432434082 0.7766939997673035 0.07160282135009766 0.14771611988544464 -0.5349104404449463
-0.18998681008815765 0.5933787822723389 -0.5044246315956116 0.006251738406717777 0.49576395750045776 0.3168780207633972 -0.10549777746200562
-0.45969539880752563 0.5544220209121704 0.24579402804374695 -0.23374928534030914 0.4570525586605072 0.38519972562789917 -0.09469442069530487
-0.03463058918714523 -0.7620891332626343 -0.25780463218688965 -0.13023409247398376 -0.2925567030906677 0.22033199667930603 0.44772884249687195
-0.1691276878118515 0.1876635104417801 -0.5724548697471619 0.0887889713048935 0.5571628212928772 0.5383065938949585 0.019643131643533707
-0.12951047718524933 0.35722604393959045 0.029554808512330055 0.4664299786090851 0.1406995803117752 0.030150625854730606 -0.7851628661155701
-0.10961943864822388 0.4575342833995819 -0.7048309445381165 0.08249383419752121 0.0860711857676506 -0.38986968994140625 -0.3400696814060211
0.47371864318847656 0.1498425304889679 -0.4973803162574768 0.32906490564346313 -0.08825937658548355 -0.5795952081680298 -0.23183336853981018
-0.47643548250198364 -0.718272864818573 -0.18558348715305328 -0.0029873179737478495 0.31687718629837036 0.34939101338386536 0.012562721967697144
-0.02803564816713333 -0.6623397469520569 0.3517579138278961 0.42126569151878357 -0.21186809241771698 0.040657784789800644 -0.4612814486026764
0.03481817990541458 0.19909122586250305 -0.47674089670181274 0.30603593587875366 0.404330849647522 0.668450117111206 -0.16703765094280243
-0.01516029890626669 0.1477164775133133 -0.7162569165229797 -0.5291723608970642 0.28706949949264526 -0.30358877778053284 -0.1016247346997261
-0.38951587677001953 0.6764044165611267 0.0774591714143753 -0.18711306154727936 0.1072826236486435 -0.17785941064357758 -0.5537145137786865
-0.13012175261974335 0.8630642890930176 0.16331979632377625 -0.12352504581212997 -0.006015895400196314 -0.23658190667629242 -0.3744989037513733
0.15764346718788147 -0.58675217628479 -0.3869270384311676 -0.5591198205947876 -0.30358031392097473 -0.03881256282329559 -0.2736337184906006
0.11752141267061234 0.26153936982154846 -0.09029485285282135 0.44437387585639954 0.6665545701980591 -0.4931342601776123 -0.15712465345859528
0.3704183101654053 -0.43688666820526123 -0.11335200816392899 0.4086582660675049 -0.53947514295578 -0.4480177164077759 -0.017798589542508125
0.3872990608215332 0.4832466244697571 0.4078458845615387 -0.13814155757427216 -0.43658095598220825 0.073741614818573 -0.48477834463119507
-0.31479111313819885 0.3883516788482666 -0.5785872936248779 -0.13533294200897217 0.3620476722717285 -0.21817521750926971 -0.46726053953170776
0.2971040606498718 -0.40877196192741394 -0.3345791697502136 0.6628481149673462 -0.20031599700450897 -0.2552811801433563 -0.29669642448425293
0.03953339532017708 -0.5149815082550049 -0.2906874120235443 -0.39552855491638184 -0.5389201045036316 0.016729796305298805 0.4489702582359314
0.15454088151454926 0.390472948551178 -0.4896000027656555 -0.15500818192958832 0.732011616230011 -0.04790101572871208 -0.1475696712732315
0.2889549732208252 0.08912832289934158 -0.6578477621078491 0.6776266098022461 0.12726518511772156 0.00564630888402462 -0.01978256180882454
0.08980923891067505 0.3927057981491089 -0.1781361997127533 0.647408127784729 0.2512069344520569 0.07665792107582092 -0.5637954473495483
-0.11313293129205704 0.4006596505641937 -0.24334768950939178 0.4523506760597229 -0.058836739510297775 -0.12098751217126846 -0.7380608916282654
0.5755800604820251 -0.33199769258499146 -0.04022843390703201 0.25906243920326233 -0.13942311704158783 -0.5015793442726135 -0.46768879890441895
-0.40050193667411804 -0.786433756351471 -0.24520601332187653 0.11621171236038208 0.279106080532074 0.26361948251724243 -0.009671887382864952
-0.44378578662872314 0.5927602648735046 0.4558138847351074 -0.35874688625335693 -0.2466835379600525 0.18981173634529114 -0.13543440401554108
-0.2974386215209961 -0.6927096247673035 -0.5990099906921387 -0.1349123865365982 -0.22275018692016602 0.06709038466215134 0.023463990539312363
0.11411850899457932 -0.08162689954042435 -0.17114794254302979 0.017644688487052917 -0.1251859813928604 -0.8295400738716125 -0.4968930780887604
-0.07723550498485565 -0.7040145397186279 -0.25818249583244324 -0.30872559547424316 -0.3153252899646759 0.2286694198846817 0.42977750301361084
0.033239249140024185 -0.4804612100124359 -0.45560163259506226 -0.528827965259552 0.4243825674057007 0.01240885816514492 -0.3171209394931793
-0.4801183044910431 0.3280734121799469 -0.2151583880186081 0.2587745785713196 0.30523747205734253 -0.09733705222606659 -0.6677966713905334
-0.3001297116279602 -0.6696991920471191 -0.00587504543364048 0.1921415627002716 -0.020550210028886795 0.5512604713439941 -0.34664374589920044
-0.5015871524810791 -0.1031780019402504 0.5989000797271729 -0.3988364636898041 0.3372316360473633 0.16590814292430878 0.28064581751823425
0.01743120700120926 -0.42303797602653503 -0.33698582649230957 -0.20108139514923096 -0.37612560391426086 0.17110276222229004 0.704269289970398
0.030513089150190353 -0.36024314165115356 -0.6516086459159851 -0.5066102743148804 -0.2529523968696594 -0.3265766203403473 0.13194291293621063
-0.2429368495941162 0.2559555172920227 0.7075872421264648 0.3996363878250122 0.3716795742511749 -0.17261916399002075 -0.21710927784442902
0.03856190666556358 0.5375072956085205 -0.4233272671699524 0.5967669486999512 -0.1385984569787979 -0.1464260071516037 -0.36552974581718445
-0.25044071674346924 -0.5926725268363953 -0.44467300176620483 -0.25085800886154175 0.4142460525035858 0.3838295340538025 -0.08018740266561508
-0.15773849189281464 0.17690445482730865 -0.32250526547431946 0.47637203335762024 0.6560942530632019 -0.056423578411340714 -0.42336761951446533
0.025194227695465088 -0.018579741939902306 -0.22354991734027863 0.771410346031189 -0.05054733529686928 -0.12307770550251007 -0.5798864960670471
0.2578219771385193 0.800308108329773 0.40774184465408325 0.24899278581142426 0.01636948250234127 -0.039973292499780655 0.25083503127098083
-0.16455072164535522 0.39388248324394226 -0.6593477725982666 0.1588076651096344 0.22342021763324738 -0.009737970307469368 -0.554805338382721
-0.290689080953598 0.08562689274549484 -0.8350850939750671 -0.029856957495212555 -0.019809085875749588 0.05317939072847366 -0.4546305239200592
0.21360045671463013 0.19173893332481384 -0.20200778543949127 0.7863940596580505 -0.1575249880552292 -0.04237423092126846 -0.4814339280128479
0.3209620416164398 -0.043751828372478485 0.9414929151535034 0.05238666012883186 -0.011873435229063034 0.01391005702316761 -0.07470811903476715
-0.5809637904167175 0.17830325663089752 0.44502922892570496 -0.490750253200531 -0.15074023604393005 -0.36657196283340454 -0.18629150092601776
-0.2331160306930542 -0.7694545984268188 -0.38364309072494507 -0.14926974475383759 -0.2858844995498657 0.2853366732597351 0.14486552774906158
0.21367673575878143 -0.6950781941413879 0.4211605489253998 0.2642192244529724 -0.12051503360271454 -0.10393277555704117 -0.44575172662734985
0.03431447595357895 -0.5763612389564514 0.06645039469003677 0.33689501881599426 -0.04555090144276619 0.35516154766082764 -0.6484610438346863
0.08407168090343475 -0.12063920497894287 -0.5088093280792236 0.7463854551315308 0.150099515914917 -0.29262033104896545 -0.23290222883224487
-0.18670536577701569 0.4125998914241791 0.4520232379436493 -0.29785406589508057 -0.4875507950782776 0.45892423391342163 0.23139390349388123
-0.6330189108848572 -0.13789184391498566 -0.14435987174510956 0.05865463986992836 0.3181455433368683 0.05821147561073303 -0.67185378074646
-0.4049440026283264 0.3055475354194641 -0.5829356908798218 0.3292910158634186 0.28919392824172974 -0.19230817258358002 -0.4168919622898102
-0.4338516294956207 0.26095086336135864 -0.27069538831710815 0.09498266130685806 0.4168660640716553 -0.0946052223443985 -0.6918470859527588
-0.49483561515808105 0.44298964738845825 -0.5392640829086304 0.037749387323856354 0.32478779554367065 -0.17783895134925842 -0.3599352240562439
0.43469956517219543 -0.2628917098045349 0.7955214977264404 -0.22092536091804504 0.0354793444275856 -0.236260324716568 0.056427374482154846
-0.537624716758728 0.5278348922729492 0.37268856167793274 -0.24581196904182434 -0.37848618626594543 0.17707601189613342 -0.2417064756155014
-0.22505199909210205 -0.8020665645599365 -0.12757644057273865 -0.35513338446617126 0.02860923670232296 0.38741859793663025 0.11284391582012177
0.4643087089061737 -0.6236209273338318 0.03427129238843918 0.4308243989944458 0.04415256530046463 0.0187259241938591 -0.454345703125
0.5426931381225586 -0.22438396513462067 -0.06878980994224548 0.22244159877300262 -0.0851920023560524 0.3600195348262787 -0.6812135577201843
-0.4903702735900879 -0.7197659611701965 -0.15617218613624573 -0.08538564294576645 0.27822285890579224 0.34242334961891174 0.1230110451579094
0.06036640331149101 0.23384656012058258 0.286196768283844 -0.20338281989097595 -0.0449313223361969 0.8661400079727173 0.2572570741176605
0.41000619530677795 -0.20225591957569122 0.135628342628479 0.44216954708099365 0.6085390448570251 -0.40339037775993347 -0.20984506607055664
0.09027786552906036 -0.28978145122528076 0.756907045841217 -0.3586009442806244 -0.3487175405025482 -0.12045371532440186 0.26506754755973816
-0.17895770072937012 -0.4695327579975128 -0.26073214411735535 0.22451789677143097 0.6491824984550476 -0.25389108061790466 -0.3784506618976593
0.0814485251903534 0.2777176797389984 -0.518144428730011 0.4510900676250458 0.31383922696113586 -0.40636706352233887 -0.42503392696380615
-0.45991331338882446 -0.023488180711865425 0.4943643808364868 -0.6465223431587219 0.08464159071445465 0.19312836229801178 -0.28474199771881104
-0.0076141622848808765 -0.7903352975845337 -0.20892305672168732 -0.020935578271746635 -0.2720073461532593 0.3152526319026947 0.397306889295578
-0.2798927128314972 0.4301398694515228 0.15569175779819489 -0.47196200489997864 0.3702722191810608 -0.426565021276474 0.4130285382270813
0.03156818822026253 0.8507115244865417 0.112993985414505 -0.04672223702073097 0.3802860975265503 -0.24821938574314117 0.232620507478714
0.16629700362682343 0.8471958637237549 0.16884112358093262 0.2779155373573303 0.30339640378952026 -0.1710389107465744 0.16600103676319122
-0.17970672249794006 0.5807508230209351 0.2622995674610138 -0.3690548539161682 0.2748202979564667 0.5256898403167725 -0.2712112069129944
-0.01809387281537056 -0.23953717947006226 -0.029835661873221397 0.31896156072616577 0.1867237240076065 0.04616468772292137 -0.8959190845489502
0.4774540662765503 -0.34565815329551697 -0.2999419867992401 0.6360057592391968 -0.30712541937828064 0.11812485009431839 -0.2231815904378891
0.6494878530502319 -0.22048987448215485 -0.0853438675403595 0.5465657114982605 0.3762001097202301 0.19128155708312988 -0.2131124585866928
0.020405873656272888 0.46509596705436707 0.681463897228241 0.10833962261676788 0.44043639302253723 -0.16330984234809875 -0.2940826416015625
-0.06743855774402618 0.8421862721443176 0.2639386057853699 0.018647974357008934 0.059073854237794876 -0.240463525056839 -0.3935105800628662
-0.11630386114120483 -0.1414596140384674 0.3241792619228363 -0.5882987976074219 -0.37727341055870056 0.27700796723365784 0.5442483425140381
0.1878701001405716 -0.2134690284729004 -0.8939487934112549 0.27348098158836365 0.053765054792165756 0.2054603099822998 -0.009746433235704899
0.07097887247800827 0.763430118560791 0.02024037018418312 0.24396809935569763 0.5857883095741272 0.028040722012519836 0.09095144271850586
-0.017247365787625313 0.838313102722168 0.3664776384830475 -0.04712417721748352 -0.22238127887248993 -0.31510984897613525 0.1079791709780693
0.22154031693935394 0.3923102617263794 -0.38592296838760376 0.4921077489852905 0.3089672029018402 -0.4499918520450592 -0.3285614252090454
-0.5738840103149414 0.3538064956665039 -0.39587315917015076 0.04961521551012993 0.2650170922279358 -0.5420789122581482 -0.1490543633699417
0.042288828641176224 0.6507401466369629 0.36631619930267334 0.3154744803905487 0.39882537722587585 -0.4261835515499115 0.018521757796406746
0.15950803458690643 -0.39604079723358154 0.3475417196750641 0.6839633584022522 0.3163236081600189 -0.34623444080352783 -0.09580561518669128
0.30463990569114685 -0.3263589143753052 -0.002922037849202752 0.6136640906333923 0.36341264843940735 0.09065447747707367 -0.5327337384223938
0.12290699034929276 0.2544958293437958 0.6897271871566772 -0.014311926439404488 -0.13396522402763367 0.38850346207618713 -0.5247053503990173
0.01935357227921486 -0.5666286945343018 -0.19536040723323822 -0.39254459738731384 -0.3661172389984131 -0.2074160873889923 0.5560908913612366
-0.26305994391441345 0.31307268142700195 -0.4648038148880005 -0.047206372022628784 0.5334699153900146 -0.06566164642572403 -0.5706244707107544
-0.13223809003829956 0.7068037986755371 0.3549398183822632 -0.12182910740375519 0.33692246675491333 -0.16139250993728638 -0.4500584602355957
0.3615144193172455 0.3654480278491974 0.7088798880577087 0.12669332325458527 0.40341421961784363 -0.14756807684898376 -0.18075893819332123
0.36232203245162964 -0.5567560791969299 -0.1752183437347412 0.5158719420433044 -0.3608933091163635 -0.2549044191837311 -0.25826331973075867
0.3919726610183716 -0.2567082643508911 -0.4932039678096771 0.3624151647090912 -0.11663717031478882 -0.3839144706726074 -0.4948422610759735
0.5895163416862488 -0.725273847579956 -0.05603749677538872 0.13769911229610443 0.14365535974502563 0.18146109580993652 -0.22534869611263275
0.5353155732154846 0.25748729705810547 -0.3738086521625519 0.34237268567085266 -0.15127912163734436 -0.5741908550262451 -0.19392029941082
0.16366878151893616 -0.12176796048879623 -0.5181435346603394 0.1748451292514801 0.7938380837440491 0.16691772639751434 0.0360717847943306
-0.3219177722930908 -0.7909287810325623 -0.33874937891960144 -0.05130195990204811 -0.27358096837997437 -0.05842289328575134 -0.2741492688655853
-0.16531822085380554 -0.8302015662193298 0.10544635355472565 -0.25293290615081787 -0.05529352277517319 0.27132487297058105 0.3628590703010559
-0.5975902676582336 -0.06971174478530884 -0.2599121332168579 0.15959981083869934 0.17756760120391846 0.23484374582767487 -0.6769917607307434
0.23688063025474548 0.10365809500217438 0.5941885113716125 -0.744099497795105 0.012366740964353085 0.16076800227165222 0.019982611760497093
0.49508726596832275 -0.7439612150192261 0.2817992866039276 0.008344806730747223 -0.29203081130981445 0.1893918216228485 -0.02790507674217224
-0.567147433757782 0.31747397780418396 -0.13830187916755676 0.1600348949432373 0.4182513654232025 -0.16635750234127045 -0.574635922908783
0.12720727920532227 -0.7422654032707214 0.13092197477817535 0.12146071344614029 -0.5218537449836731 0.1893201768398285 0.30462029576301575
0.12085029482841492 -0.6395635008811951 -0.11899488419294357 0.3240699768066406 -0.586823046207428 -0.27589699625968933 0.1915520578622818
0.5356869101524353 -0.2435457855463028 0.07783061265945435 0.38816261291503906 0.6194665431976318 -0.297081857919693 0.15811602771282196
-0.3278668522834778 -0.6674633622169495 -0.2544232904911041 -0.22059713304042816 0.4885823428630829 0.2218257188796997 0.21373437345027924
-0.39031749963760376 0.8037247657775879 -0.08260126411914825 -0.12462002784013748 0.003948559518903494 0.11429313570261002 -0.407734215259552
0.401244193315506 -0.4478875696659088 -0.2223084568977356 0.4822766184806824 -0.48726537823677063 0.003652895800769329 -0.3448871672153473
-0.38088473677635193 -0.7102957367897034 -0.1788819134235382 -0.36528444290161133 0.22103174030780792 0.11131386458873749 -0.35175204277038574
-0.5993059873580933 0.37215039134025574 0.41066649556159973 -0.18372534215450287 0.51064133644104 -0.015578985214233398 -0.19732502102851868
-0.20346154272556305 -0.18298061192035675 0.4476575255393982 -0.5351243615150452 -0.28495755791664124 0.13672475516796112 0.5817831158638
-0.2716788947582245 -0.5547400116920471 -0.15176479518413544 -0.09966385364532471 0.6620648503303528 -0.288044273853302 -0.253356009721756
-0.2936498522758484 -0.6423138976097107 -0.39084112644195557 -0.2350068837404251 0.4685532748699188 0.26239392161369324 -0.06946134567260742
-0.26576223969459534 -0.8494210243225098 0.16711699962615967 -0.06264742463827133 0.1438954621553421 -0.12332204729318619 -0.3742823302745819
0.5270859003067017 -0.24920259416103363 -0.2641202211380005 0.4946269690990448 0.4955907166004181 0.3162126839160919 -0.007915223948657513
-0.3520966172218323 -0.002341165207326412 0.5651516914367676 -0.6803060173988342 0.08440971374511719 0.23636165261268616 -0.17555038630962372
-0.5274596214294434 0.7148240804672241 -0.0038070143200457096 -0.043725594878196716 0.028697006404399872 -0.39631250500679016 -0.2258303165435791
-0.43970468640327454 0.20327559113502502 0.33411458134651184 -0.4234015941619873 0.6208975315093994 -0.2947935461997986 -0.04494825005531311
-0.4252294898033142 -0.6730940341949463 -0.19433419406414032 -0.0985746756196022 0.37458112835884094 0.35547375679016113 0.22796718776226044
0.4969182312488556 -0.1553926020860672 -0.5157418847084045 0.24041138589382172 -0.5524315237998962 0.030187176540493965 0.3147161602973938
-0.4278862476348877 0.23483659327030182 -0.46827220916748047 0.22606240212917328 0.5850295424461365 -0.07550768554210663 -0.3787098526954651
-0.28573498129844666 -0.3356318771839142 -0.45988598465919495 -0.39500877261161804 0.04451051726937294 -0.5388655662536621 -0.381866991519928
-0.5130660533905029 -0.027799014002084732 0.5111514329910278 -0.44326484203338623 0.12495311349630356 0.45833805203437805 0.22922442853450775
0.008022218011319637 0.7615782618522644 0.3671779930591583 0.27678707242012024 0.32178059220314026 -0.32033947110176086 -0.04840840771794319
-0.24302534759044647 0.7374544143676758 0.264094740152359 0.14627136290073395 0.4048232138156891 0.13262978196144104 -0.35282546281814575
0.29122328758239746 -0.47695809602737427 -0.15978923439979553 0.7512357234954834 -0.28699594736099243 -0.12427929788827896 0.0004933990421704948
-0.034304965287446976 -0.18932735919952393 0.9213868379592896 0.16409943997859955 -0.1781272441148758 -0.12536588311195374 -0.1991233080625534
-0.025857428088784218 -0.596688985824585 -0.4037719964981079 0.24911074340343475 0.5894235968589783 -0.005848964676260948 -0.2659909129142761
-0.5790455341339111 -0.5324214696884155 -0.016129925847053528 -0.17941388487815857 0.31337878108024597 -0.1507221907377243 -0.47734755277633667
-0.00896438304334879 -0.8825075030326843 -0.11802707612514496 -0.1778627336025238 -0.3664068281650543 0.005091784056276083 0.20311272144317627
-0.3330312967300415 0.32901644706726074 -0.40560415387153625 0.36075106263160706 0.3429447412490845 0.13387241959571838 -0.5921564102172852
0.246171772480011 0.019307801499962807 -0.6150790452957153 0.6017234921455383 -0.0801672637462616 -0.025383351370692253 -0.4376782476902008
-0.36317405104637146 -0.7603304982185364 -0.257447749376297 0.10737529397010803 0.15756094455718994 0.4325520992279053 -0.01632440835237503
-0.45281267166137695 -0.8197934031486511 -0.06527802348136902 -0.1359216719865799 0.2987763285636902 0.10162859410047531 -0.02383051998913288
-0.4299984574317932 -0.7986769676208496 -0.042614325881004333 -0.16519922018051147 0.3837982714176178 -0.01477501168847084 0.02429446205496788
0.12932522594928741 0.1192115992307663 -0.007369209546595812 0.5501809120178223 0.463888555765152 -0.27288323640823364 -0.6137200593948364
0.12621277570724487 0.6478395462036133 -0.3611542284488678 0.3779706656932831 0.4419328272342682 0.2895760238170624 -0.10918433964252472
0.3018164038658142 -0.20252837240695953 0.7086881995201111 -0.12421922385692596 -0.18650762736797333 0.45369598269462585 0.33105096220970154
-0.5212329626083374 0.3637665808200836 0.3647461533546448 -0.3951558768749237 0.13449443876743317 0.020225349813699722 -0.5369398593902588
-0.2158079296350479 -0.17444439232349396 -0.49227502942085266 -0.2295735627412796 0.5317372679710388 -0.1901911199092865 -0.5559137463569641
-0.4708898365497589 -0.2404247373342514 -0.8213829398155212 0.0705103650689125 0.1868162602186203 0.044752299785614014 -0.06256140023469925
-0.13587552309036255 0.44862648844718933 -0.769521951675415 0.11864827573299408 0.3940490186214447 -0.06792739033699036 -0.1189202070236206
-0.19346287846565247 0.8039112091064453 0.09225312620401382 -0.017090924084186554 0.3955346941947937 0.14402131736278534 -0.36097946763038635
-0.021476514637470245 -0.24966628849506378 0.3997361361980438 -0.39348408579826355 -0.16429045796394348 0.5936596393585205 0.4931163191795349
-0.24212871491909027 -0.7685953378677368 -0.10098327696323395 -0.18170887231826782 -0.386182963848114 0.20233291387557983 0.34255409240722656
-0.3146252930164337 0.2841324806213379 0.70744788646698 -0.268874853849411 0.02501862123608589 0.13780862092971802 -0.47737446427345276
0.36568111181259155 -0.6559720039367676 0.29028013348579407 -0.15716959536075592 -0.46611714363098145 0.2540105879306793 -0.21266557276248932
0.22473548352718353 -0.091091588139534 0.5331072807312012 -0.27284735441207886 -0.34595489501953125 -0.6709975004196167 0.11235963553190231
-0.26502934098243713 0.36206841468811035 -0.6286714673042297 0.0462726429104805 0.2841666042804718 -0.26555877923965454 -0.5000247955322266
-0.397688627243042 0.3253796696662903 -0.4113968312740326 0.1654559224843979 0.4866495430469513 0.15298804640769958 -0.5283139944076538
0.3911258280277252 -0.27996912598609924 0.11710274964570999 0.8312126994132996 0.14980453252792358 0.13958187401294708 -0.14861264824867249
0.2944120466709137 -0.10875361412763596 -0.011892322450876236 0.6405203938484192 0.6150697469711304 -0.32850712537765503 -0.06970414519309998
-0.27764567732810974 0.6773076057434082 0.2926158308982849 -0.20059874653816223 0.43562647700309753 0.38154351711273193 0.05438314005732536
-0.2629530727863312 0.03672639653086662 -0.3104947507381439 -0.4654900133609772 0.24755097925662994 -0.6820650696754456 -0.2998744249343872
-0.4760677218437195 -0.1473706066608429 -0.6456388235092163 0.08170092105865479 0.3780926764011383 -0.3413671553134918 -0.26197585463523865
-0.4570620059967041 -0.5519107580184937 -0.6184835433959961 -0.1082073524594307 -0.21473878622055054 -0.14473243057727814 -0.15873879194259644
0.46537142992019653 -0.22604914009571075 -0.30206161737442017 0.6334371566772461 0.0010350844822824001 -0.48969414830207825 -0.006772289052605629
-0.14073577523231506 0.27358686923980713 0.02250668779015541 0.38675838708877563 0.16212359070777893 -0.7938272953033447 -0.3143393099308014
-0.006475531496107578 -0.549362063407898 -0.1653735637664795 -0.65287846326828 0.007069133687764406 -0.4915409982204437 0.0538346953690052
-0.4229932129383087 0.03670793026685715 -0.4986151456832886 -0.20037488639354706 0.5277495980262756 0.13661879301071167 -0.4835056960582733
-0.2834525406360626 -0.6389794945716858 -0.4521559476852417 -0.20794163644313812 0.508097767829895 0.07400012016296387 0.005969932768493891
-0.1878974735736847 0.25209110975265503 -0.3445391356945038 0.5768497586250305 0.2386150062084198 -0.3678557574748993 -0.5073724389076233
0.12901052832603455 0.35754963755607605 0.14044268429279327 -0.8814080357551575 -0.23256425559520721 -0.058292318135499954 0.03776422142982483
-0.1113385334610939 0.49462249875068665 0.43583914637565613 -0.5736606121063232 -0.16493484377861023 0.21822033822536469 0.386117160320282
-0.22683419287204742 0.21448956429958344 -0.493418425321579 0.3773611783981323 0.6783075332641602 -0.06209520995616913 -0.22960898280143738
0.051679905503988266 0.27900221943855286 -0.20461809635162354 0.6153387427330017 0.520763099193573 0.022790972143411636 -0.4767210781574249
0.44223931431770325 -0.47512322664260864 -0.4851386845111847 -0.42005065083503723 0.08261975646018982 0.39998945593833923 0.007910420186817646
-0.3562059998512268 0.32781875133514404 0.5979605317115784 -0.5177773833274841 -0.37364131212234497 -0.014635168015956879 0.013412400148808956
0.340196818113327 -0.40698933601379395 -0.10417021065950394 0.5900314450263977 -0.5094599723815918 0.029947131872177124 -0.31494593620300293
-0.4608476459980011 0.3268772065639496 -0.5934685468673706 0.2047247439622879 0.4152941405773163 -0.2683990001678467 -0.20529577136039734
0.206222265958786 0.22704289853572845 -0.15239837765693665 0.7412821054458618 0.11031840741634369 -0.2549353539943695 -0.5060012340545654
0.2004895955324173 0.5754774212837219 0.559811532497406 0.010428103618323803 -0.500068187713623 0.1705813854932785 -0.18964660167694092
-0.16535820066928864 -0.7351064085960388 -0.22509047389030457 0.06888943165540695 0.31948691606521606 0.22900784015655518 -0.4715370833873749
-0.08580803871154785 0.049014657735824585 -0.620856761932373 -0.29495808482170105 0.03751252219080925 -0.6511064171791077 -0.3040139079093933
0.42810192704200745 -0.24195949733257294 -0.5690552592277527 -0.3205258846282959 0.5403510332107544 0.1838793158531189 -0.07637330144643784
-0.16698037087917328 0.7820241451263428 -0.32746198773384094 -0.33309149742126465 -0.19985084235668182 0.1870729774236679 0.2596881091594696
-0.4917292594909668 -0.475259006023407 -0.6908010244369507 -0.029548365622758865 -0.001891224179416895 -0.19530130922794342 -0.1269093006849289
-0.3937060832977295 0.37764307856559753 0.30115893483161926 -0.6142615675926208 0.44703176617622375 0.1527162343263626 0.10586587339639664
-0.3868686258792877 -0.25851595401763916 -0.38009005784988403 -0.12599912285804749 0.678996741771698 -0.10376932471990585 -0.38904136419296265
-0.4988822638988495 0.09838811308145523 0.21572411060333252 -0.5767268538475037 -0.4693218767642975 -0.2183646708726883 0.30714699625968933
-0.3173183798789978 0.2727775275707245 -0.4009523391723633 0.2348542958498001 0.5889832973480225 0.035451557487249374 -0.5107093453407288
-0.5835047960281372 -0.67594313621521 -0.41210436820983887 0.08473177999258041 -0.09253333508968353 -0.05767101049423218 0.11715419590473175
0.11123775690793991 0.6058737635612488 0.17684084177017212 -0.5066134333610535 0.06746926158666611 0.48801782727241516 -0.2998327910900116
0.2276470810174942 -0.00954793393611908 -0.4641660749912262 0.46028879284858704 -0.2916516363620758 0.014401422813534737 -0.6599254608154297
0.07778596878051758 -0.2137095183134079 0.001248915446922183 0.8313689231872559 0.3888741731643677 0.2751691937446594 -0.17366762459278107
0.3119521737098694 0.06496980786323547 0.6473100781440735 0.04903263598680496 -0.0027138646692037582 -0.43394210934638977 0.5373424887657166
0.2117999941110611 -0.49209895730018616 -0.04459509253501892 0.5754243731498718 0.04598809778690338 -0.5695841908454895 -0.2309466451406479
0.27312251925468445 0.5714144706726074 -0.4205162227153778 0.49816179275512695 0.10905138403177261 -0.35505807399749756 0.1895575076341629
-0.12681463360786438 0.027578160166740417 -0.4930703341960907 0.05759589001536369 -0.3007872402667999 -0.41984525322914124 -0.6855500340461731
-0.4268876910209656 0.2786474823951721 -0.2712096869945526 0.18333515524864197 0.685452938079834 -0.22134368121623993 -0.33781248331069946
0.09853819012641907 -0.5378056168556213 -0.2907463610172272 -0.3147895932197571 -0.10977136343717575 0.20595994591712952 0.6804118156433105
0.15445120632648468 -0.938183069229126 0.07913697510957718 -0.10197211802005768 -0.1462765336036682 0.17150834202766418 0.16877339780330658
-0.26140037178993225 -0.17767277359962463 -0.4881654679775238 0.24209217727184296 0.6579079031944275 0.315887451171875 -0.26563188433647156
0.24082626402378082 -0.4139222502708435 0.11590296030044556 0.7389927506446838 -0.14791041612625122 -0.4235098659992218 -0.09944520890712738
-0.5358626842498779 0.1977900266647339 -0.1326354295015335 0.15463699400424957 0.45878368616104126 -0.20760206878185272 -0.6153409481048584
0.4823151230812073 -0.1667822003364563 -0.47118186950683594 0.39326491951942444 0.5665479302406311 0.14442157745361328 -0.1450929343700409
-0.1884714961051941 0.1811819076538086 -0.5637370944023132 -0.3111880123615265 0.41766276955604553 -0.46689561009407043 -0.35295963287353516
-0.4364946484565735 0.09107497334480286 0.476844847202301 -0.666780948638916 -0.14848783612251282 -0.18437397480010986 0.27047643065452576
-0.5013859272003174 -0.06632887572050095 0.5761564373970032 -0.4296432137489319 0.2051159292459488 0.3318959176540375 0.27465561032295227
-0.06875845044851303 -0.7564873695373535 0.2833234965801239 0.11873970180749893 0.18815086781978607 0.06624771654605865 0.537436842918396
0.06496571749448776 0.5291777849197388 -0.5300319194793701 -0.12072225660085678 0.555597186088562 0.26143431663513184 -0.20786145329475403
-0.2558121085166931 -0.21587127447128296 0.73717200756073 -0.40198200941085815 -0.018363162875175476 0.352521687746048 0.2415345460176468
-0.6362742781639099 -0.6187669038772583 -0.45597171783447266 -0.0016425435896962881 -0.0028766836039721966 -0.04751356318593025 -0.04586600139737129
-0.09241074323654175 -0.004854087717831135 0.271149218082428 -0.6726134419441223 -0.5645394921302795 0.36161065101623535 0.12664508819580078
0.05138580873608589 -0.14043250679969788 -0.5970973372459412 -0.3778698742389679 0.13826996088027954 -0.5539224743843079 0.39035701751708984
-0.5745700001716614 0.3819572329521179 -0.24167117476463318 0.23477834463119507 0.28087103366851807 0.20449455082416534 -0.538280189037323
0.14952075481414795 0.4239131510257721 -0.7376349568367004 0.3576637804508209 0.323652058839798 -0.1451398730278015 -0.009808732196688652
-0.3830828070640564 0.2565295398235321 -0.5566818118095398 0.3410637378692627 0.4403334856033325 -0.22804151475429535 -0.33959469199180603
-0.1774032860994339 -0.15540297329425812 -0.4581858217716217 -0.26451462507247925 0.6151599287986755 -0.1119966059923172 -0.5229825973510742
-0.2754117250442505 0.4116353392601013 -0.46138104796409607 0.1073271781206131 0.5737865567207336 0.04823724180459976 -0.4458198547363281
-0.4170999825000763 -0.6376502513885498 -0.3109011948108673 -0.06962191313505173 0.1746593564748764 -0.2981358766555786 0.44556954503059387
0.2894536852836609 -0.5716140270233154 -0.32593509554862976 0.31491619348526 -0.5228433012962341 0.08519428968429565 -0.3216284513473511
0.3012315034866333 -0.48881375789642334 -0.40312445163726807 -0.5152816772460938 0.4229046702384949 -0.11785494536161423 0.22261637449264526
-0.3738546371459961 0.24220094084739685 -0.37906181812286377 0.3801952004432678 0.47541725635528564 -0.040361374616622925 -0.5344947576522827
-0.36685001850128174 0.49255871772766113 -0.6745506525039673 0.17880110442638397 0.040423281490802765 -0.31158334016799927 -0.19261445105075836
-0.049046240746974945 -0.5438907742500305 -0.6329248547554016 -0.37065383791923523 -0.20115797221660614 -0.16907823085784912 -0.30781036615371704
-0.6211527585983276 0.541772186756134 0.3888746500015259 -0.2965430021286011 0.18588995933532715 -0.21572740375995636 0.019941983744502068
-0.41879287362098694 -0.748191237449646 -0.19288533926010132 0.1390267014503479 0.05442562699317932 -0.38495445251464844 0.23903384804725647
-0.3762570023536682 0.5612866878509521 0.3510124683380127 -0.4196459949016571 -0.38235577940940857 0.13592851161956787 -0.28178542852401733
0.3031146228313446 -0.4106157720088959 -0.04856368526816368 0.09952450543642044 -0.4709895849227905 0.1531408578157425 0.694240152835846
-0.4533328413963318 0.3565179705619812 -0.4441642761230469 -0.018108710646629333 0.5376128554344177 0.09115888178348541 -0.41525524854660034
0.29704025387763977 0.27601000666618347 0.10801593959331512 -0.8469173908233643 0.280765175819397 0.15830503404140472 0.052530840039253235
-0.07530804723501205 -0.5411451458930969 -0.5900906920433044 -0.46454185247421265 -0.2552111744880676 -0.0751415267586708 -0.2582741379737854
0.24278981983661652 -0.3161120116710663 -0.15077757835388184 0.6958068609237671 0.39103269577026367 0.35897162556648254 -0.2290806770324707
0.04958866536617279 -0.7962002754211426 -0.4308682084083557 -0.07950339466333389 -0.21119534969329834 -0.31090572476387024 -0.1742759495973587
0.40066778659820557 -0.03102012723684311 -0.41762930154800415 0.4639551639556885 0.09861931949853897 -0.48123010993003845 -0.4555504620075226
0.13532748818397522 -0.3705746531486511 -0.47256702184677124 0.2334180474281311 0.6521126627922058 0.3116952180862427 -0.21012471616268158
-0.4560575783252716 -0.21284376084804535 0.2901252806186676 -0.5041536688804626 -0.530423641204834 0.3415178060531616 -0.10189048200845718
-0.5753180384635925 0.4315774440765381 0.4563486576080322 -0.42748117446899414 -0.04281823709607124 -0.13652846217155457 0.26698774099349976
0.511916995048523 -0.7320554852485657 0.21227288246154785 0.32599595189094543 0.12703919410705566 -0.007907147519290447 -0.18574494123458862
-0.3270745575428009 -0.702869176864624 -0.2328983098268509 -0.013054650276899338 0.3642204701900482 0.39430859684944153 0.23759044706821442
-0.0793469101190567 0.33356940746307373 -0.3106265664100647 0.5014837980270386 0.07575859129428864 -0.4100692570209503 -0.600470244884491
0.15833306312561035 0.1435346156358719 0.6505706906318665 -0.6502430438995361 -0.0011610548244789243 0.32765689492225647 0.030162625014781952
0.15416453778743744 0.42970794439315796 -0.5666940808296204 0.03095138445496559 0.6758189797401428 0.08074691891670227 -0.0789482593536377
-0.43337324261665344 -0.6772088408470154 -0.5288149118423462 -0.17731967568397522 -0.20118111371994019 -0.01454807911068201 -0.04245973750948906
-0.5809889435768127 0.051754895597696304 0.49696430563926697 -0.309860497713089 -0.4645794928073883 0.3081771731376648 -0.07732297480106354
-0.3275679349899292 -0.06888531148433685 -0.4523206949234009 -0.11103083193302155 0.36446091532707214 0.3365577161312103 -0.6518661379814148
-0.6209969520568848 0.33700987696647644 -0.2709750235080719 0.3068530857563019 0.23928141593933105 -0.11979016661643982 -0.5114641785621643
0.1220867708325386 -0.3399641513824463 0.5996511578559875 -0.3121054768562317 -0.5893195271492004 0.1150617003440857 0.22801586985588074
-0.2541607916355133 0.5960530042648315 0.38773679733276367 -0.2873585522174835 0.511292576789856 0.27449896931648254 -0.10216956585645676
-0.2807110846042633 0.3995468020439148 0.3099644184112549 -0.6254212260246277 0.4169592559337616 -0.1855705976486206 -0.25698763132095337
0.003025200217962265 -0.5626600980758667 -0.5254678130149841 -0.24950507283210754 -0.422818124294281 -0.404134064912796 -0.0541837252676487
-0.16664595901966095 0.2116755247116089 0.3567729890346527 -0.8147005438804626 -0.35705193877220154 0.039877671748399734 0.08556955307722092
-0.09463869035243988 -0.3513738811016083 -0.6467233300209045 -0.4987349510192871 0.06224537640810013 0.07227746397256851 0.4376000761985779
-0.4086986780166626 0.13868938386440277 0.43081945180892944 -0.37144070863723755 -0.14621159434318542 0.6833437085151672 0.042667217552661896
0.4606141746044159 -0.24248604476451874 -0.18584293127059937 0.5635193586349487 0.4556274712085724 -0.11640778928995132 -0.394710510969162
0.23787063360214233 -0.5923914909362793 -0.40370693802833557 -0.495797723531723 -0.06526140123605728 0.35597825050354004 -0.2295987904071808
-0.492056280374527 0.6129223108291626 -0.01376298163086176 -0.13465307652950287 0.5257030725479126 -0.06317030638456345 -0.28901854157447815
-0.2863689064979553 0.4395889937877655 -0.6744499802589417 0.08999130874872208 0.26524561643600464 0.07266854494810104 -0.43143630027770996
-0.31524187326431274 0.4057029187679291 0.44433918595314026 -0.46814700961112976 -0.5086311101913452 0.2062392681837082 -0.1348649561405182
0.3198576867580414 0.021547406911849976 -0.259776771068573 0.43682464957237244 -0.06213155388832092 -0.43265092372894287 -0.6692383289337158
0.1190045028924942 -0.8991603851318359 -0.16529375314712524 -0.17991971969604492 0.1352929025888443 -0.04180913791060448 -0.3124151825904846
-0.37297365069389343 -0.7681934833526611 -0.25638383626937866 0.11011508107185364 0.1874922513961792 0.3969058096408844 -0.01496429368853569
-0.5886593461036682 0.19931209087371826 0.511335551738739 -0.5159944891929626 0.26315590739250183 0.12265866994857788 -0.04176541790366173
-0.07442814856767654 -0.31962189078330994 -0.7406553030014038 -0.18872638046741486 -0.3373909890651703 0.09956564009189606 0.42938148975372314
-0.03679977357387543 0.13775339722633362 0.4799517095088959 -0.6592079997062683 0.13609696924686432 -0.19586583971977234 -0.5078141689300537
0.339450865983963 0.09780620783567429 -0.784896731376648 -0.29087626934051514 0.2813749611377716 -0.30551332235336304 -0.04499853402376175
0.6749835014343262 0.01928846165537834 0.6966592073440552 -0.05805804207921028 -0.11008462309837341 0.2040385603904724 -0.03962327167391777
0.07472351938486099 -0.3001733124256134 -0.34645506739616394 -0.2208109050989151 -0.47254323959350586 0.3816779553890228 0.6054326891899109
0.17701992392539978 -0.11282797902822495 -0.6989757418632507 -0.3341515362262726 -0.16984373331069946 -0.15825092792510986 -0.5493807792663574
0.14933042228221893 -0.054677415639162064 0.532078742980957 -0.36075401306152344 -0.3363800048828125 -0.6544365882873535 0.1414952129125595
-0.29525822401046753 -0.6612914204597473 0.05541253834962845 -0.044292010366916656 -0.6327213644981384 -0.17520646750926971 0.19862103462219238
-0.45934751629829407 -0.7507939338684082 -0.1536964327096939 -0.03640184551477432 0.32059353590011597 0.29743313789367676 0.09546784311532974
0.7453736662864685 -0.3694949746131897 0.06709311902523041 0.07238166034221649 -0.3618027865886688 0.3369631767272949 -0.2317441701889038
-0.08796828985214233 -0.4220598340034485 -0.715175986289978 0.3396438956260681 -0.23953036963939667 0.07169285416603088 -0.3532389998435974
-0.07268937677145004 -0.1837833672761917 0.30957576632499695 -0.5616980791091919 -0.1572733074426651 0.08991865813732147 0.718872606754303
0.09667778015136719 -0.10792507231235504 -0.06037718802690506 0.5639014840126038 0.7831759452819824 -0.2038005292415619 -0.04975974187254906
0.30074796080589294 0.1953134387731552 -0.6183172464370728 0.5334920287132263 0.05486643314361572 -0.3635883927345276 0.26318514347076416
-0.5471378564834595 0.3825797140598297 -0.5563619136810303 0.313651978969574 0.33191701769828796 -0.07104139775037766 -0.17646783590316772
-0.18666568398475647 -0.6316794753074646 -0.398504376411438 -0.32677486538887024 0.32245656847953796 0.43111544847488403 0.10349198430776596
0.22038079798221588 -0.35297393798828125 -0.10911054164171219 0.710318922996521 0.4589096009731293 0.26461347937583923 -0.1725262850522995
-0.17392833530902863 -0.8294169306755066 0.07811014354228973 -0.3815554976463318 0.023860620334744453 0.2992396950721741 0.20004239678382874
0.49929800629615784 0.6129012703895569 0.29774725437164307 -0.15347199141979218 -0.12170370668172836 -0.21198394894599915 -0.45066341757774353
-0.10331441462039948 0.352148175239563 -0.5471624135971069 0.04316091537475586 0.3424800634384155 -0.4665553569793701 -0.4786457121372223
-0.024267205968499184 -0.358773410320282 -0.6000734567642212 -0.3431793451309204 -0.21864931285381317 -0.07436351478099823 -0.582662045955658
0.3309726417064667 -0.6227238178253174 0.23506875336170197 0.42045632004737854 -0.22433795034885406 0.11921606957912445 -0.45397278666496277
-0.27090463042259216 0.438632994890213 0.39561718702316284 -0.2251613736152649 -0.5485749244689941 0.24172815680503845 -0.4094315469264984
-0.5464029908180237 0.6206253170967102 0.02825031615793705 -0.4268370568752289 -0.04079613834619522 -0.33968186378479004 0.12740419805049896
0.08300561457872391 -0.544773519039154 0.15996703505516052 0.5027288198471069 -0.3864416480064392 -0.2309902161359787 -0.4640178084373474
0.35607948899269104 0.6365747451782227 0.3919607400894165 0.34804728627204895 0.24113574624061584 -0.19087126851081848 0.31405651569366455
0.2795410454273224 0.2067117840051651 -0.3771970570087433 0.6989282965660095 0.20382820069789886 -0.37442293763160706 -0.2580896317958832
-0.14320749044418335 0.2873472571372986 0.010012364014983177 0.452135294675827 0.30625423789024353 -0.3381173312664032 -0.6959034204483032
-0.5917726755142212 0.002602312481030822 -0.532203197479248 -0.16200131177902222 0.22845932841300964 -0.2651975154876709 -0.4666800796985626
-0.06055530160665512 0.6694111227989197 0.5082635283470154 0.03800264373421669 -0.42556798458099365 0.17759749293327332 -0.27531224489212036
0.10380761325359344 -0.7729661464691162 0.24312850832939148 0.1520223319530487 -0.44622141122817993 0.04200764000415802 0.32961633801460266
0.6348739862442017 -0.3721209764480591 -0.3132278025150299 0.4807540476322174 -0.17947933077812195 0.00391783332452178 0.31144317984580994
-0.10577544569969177 -0.14829397201538086 0.17244969308376312 0.6073365211486816 0.29795849323272705 -0.1650180071592331 -0.6724683046340942
-0.24668879806995392 0.26404356956481934 -0.32757145166397095 0.09784843772649765 0.7615249156951904 -0.40528246760368347 -0.09151004999876022
0.516234278678894 -0.40725579857826233 -0.07016932219266891 -0.10198520123958588 0.3504503667354584 -0.36357855796813965 -0.545266330242157
-0.011184747330844402 -0.06688077002763748 -0.09944812208414078 0.774418294429779 0.020291246473789215 -0.43140456080436707 -0.44639280438423157
0.35494929552078247 0.7277413606643677 0.3401055634021759 -0.0006822484428994358 -0.22998888790607452 0.05402267724275589 -0.4158339202404022
-0.27833297848701477 -0.6629135608673096 -0.4507679343223572 0.30661046504974365 -0.3071816861629486 0.2659258246421814 -0.14421305060386658
0.6906654238700867 0.47871866822242737 0.15094693005084991 -0.35793259739875793 0.27665966749191284 0.1362186074256897 -0.21866141259670258
-0.4367418587207794 0.20758859813213348 -0.43693724274635315 0.12247475981712341 0.5519102811813354 -0.44492483139038086 -0.24017949402332306
-0.26941847801208496 -0.6974660754203796 -0.1800800859928131 -0.2457633763551712 -0.4442763030529022 -0.026785017922520638 0.38733381032943726
-0.6307072639465332 -0.04609401151537895 0.6083844900131226 -0.40189412236213684 -0.2547077536582947 -0.04689542576670647 0.036849647760391235
-0.20225556194782257 0.6538635492324829 0.3169235587120056 0.06666669249534607 0.567634105682373 -0.17371882498264313 -0.2725498080253601
-0.09427687525749207 0.3456944525241852 -0.17166630923748016 0.49578857421875 0.02952447347342968 -0.2803918421268463 -0.718916118144989
0.3996095061302185 -0.05937303230166435 -0.4602842330932617 0.09473814815282822 0.1621122807264328 -0.6283953785896301 -0.4413490295410156
-0.32989493012428284 -0.3772260546684265 -0.5645813941955566 0.21560806035995483 0.37430182099342346 -0.42084601521492004 0.2577162981033325
0.08749014139175415 -0.85019850730896 0.013036021962761879 0.2663266062736511 -0.378012478351593 0.1521114706993103 0.1799355447292328
-0.10521857440471649 0.3779950439929962 -0.5639178156852722 0.08654836565256119 0.6707709431648254 0.15879668295383453 -0.21308432519435883
-0.12185446918010712 0.5187012553215027 -0.722680389881134 -0.08291406184434891 0.42762893438339233 -0.02019544318318367 0.060699544847011566
-0.508698046207428 0.259011447429657 -0.2912708818912506 0.2549174129962921 0.19910675287246704 -0.38065415620803833 -0.5829037427902222
-0.11176160722970963 -0.3759883940219879 -0.3234354555606842 -0.3518625795841217 0.6935875415802002 -0.06744872033596039 0.36347123980522156
-0.09525848925113678 0.5405280590057373 -0.6908755898475647 -0.15006481111049652 0.4070575535297394 -0.1302345246076584 -0.12755349278450012
-0.10787520557641983 0.2961288392543793 -0.15974949300289154 0.13715702295303345 0.3440437614917755 -0.23330864310264587 -0.8267645835876465
-0.6791053414344788 0.2865625321865082 0.5078534483909607 -0.34456518292427063 -0.17714138329029083 -0.1948508322238922 -0.10349677503108978
0.2889430820941925 0.152215376496315 0.8542737364768982 0.01949016936123371 -0.09296026825904846 0.27867692708969116 -0.2772660553455353
-0.34209492802619934 -0.42187196016311646 -0.3982854187488556 0.28969448804855347 -0.18476498126983643 -0.32043012976646423 -0.5706377029418945
0.13800819218158722 0.4419880509376526 0.5748941898345947 0.43932443857192993 0.022173987701535225 0.3390631675720215 -0.38293007016181946
-0.08390197902917862 0.5727003216743469 -0.010084062814712524 -0.6232233643531799 -0.0687255784869194 -0.5083473324775696 -0.1154358834028244
0.6136392951011658 -0.7702759504318237 0.002818591892719269 -0.038141146302223206 0.1170763373374939 0.03693663701415062 -0.11656684428453445
0.24152399599552155 0.9099595546722412 0.053245820105075836 0.26756197214126587 0.15677182376384735 0.07284178584814072 0.09660209715366364
-0.29220131039619446 -0.1502520740032196 -0.6384453773498535 -0.1969517171382904 -0.6457881927490234 0.15724176168441772 -0.06223312392830849
0.21947172284126282 -0.4468238055706024 -0.2213689386844635 0.2961931824684143 0.005148493684828281 -0.6001036763191223 -0.5052673816680908
-0.2669391632080078 0.4897318482398987 -0.6189497113227844 0.25213614106178284 0.17114928364753723 0.041847337037324905 -0.4595559239387512
0.3166068196296692 0.07151882350444794 0.06689329445362091 0.6253073215484619 0.14375165104866028 0.13781647384166718 -0.6778666377067566
-0.07842150330543518 0.5083494782447815 -0.16079239547252655 0.5395522117614746 0.3739689886569977 0.024807283654808998 -0.5272493958473206
0.4991912841796875 -0.29965534806251526 -0.1664307564496994 0.034101419150829315 -0.477901428937912 -0.20669251680374146 -0.6008668541908264
-0.48790881037712097 -0.6757758259773254 -0.2159297615289688 -0.029665669426321983 0.2575613856315613 0.4371298551559448 -0.018602382391691208
0.16013222932815552 0.25186100602149963 -0.2314724326133728 0.5917086005210876 0.5014433264732361 -0.2158929407596588 -0.4573509395122528
-0.21460147202014923 0.06380834430456161 -0.9020069241523743 0.12644661962985992 0.3003644347190857 0.054422829300165176 0.16458672285079956
0.7357221841812134 -0.24899189174175262 -0.4039214253425598 0.36523130536079407 -0.005113920662552118 -0.3154414892196655 0.025297531858086586
-0.2401479035615921 0.6315587759017944 0.10125484317541122 -0.5948699712753296 0.056621283292770386 0.21022823452949524 0.36323246359825134
0.3711092472076416 -0.3721191883087158 0.7613192796707153 -0.26738646626472473 -0.0790114477276802 -0.0403812900185585 0.25461545586586
-0.09771906584501266 -0.8959377408027649 0.09161774814128876 -0.07619909942150116 -0.13918808102607727 0.25516822934150696 0.29843300580978394
-0.1956721693277359 0.2749938666820526 -0.22863319516181946 0.5946613550186157 0.1217055544257164 -0.439688116312027 -0.5215914845466614
-0.5307644605636597 0.25088194012641907 -0.4400278627872467 -0.09687412530183792 0.13508810102939606 -0.2670111656188965 -0.6023241877555847
0.22714756429195404 -0.6881265640258789 0.3527492880821228 0.5511212348937988 0.08713612705469131 0.0324869230389595 -0.19511771202087402
-0.47935059666633606 0.343006432056427 -0.5298911333084106 0.14083679020404816 0.25991174578666687 -0.21941964328289032 -0.48605644702911377
0.48348966240882874 -0.19371101260185242 -0.3883954882621765 0.09637129306793213 -0.7512840032577515 0.05164941027760506 -0.03847045823931694
-0.15308599174022675 -0.45745518803596497 0.4624672830104828 -0.41992858052253723 0.22639377415180206 -0.07001262903213501 0.5665047764778137
0.09233793616294861 -0.23769119381904602 -0.8281083703041077 0.19615313410758972 -0.08519300073385239 -0.3177051246166229 0.3202228248119354
-0.11853967607021332 -0.3098280429840088 0.3370121121406555 -0.40233901143074036 -0.3880414664745331 0.6598849892616272 0.16875050961971283
0.37356045842170715 -0.7683483958244324 0.335664302110672 0.25387921929359436 -0.008525446057319641 0.05388903617858887 0.2999856770038605
0.06809267401695251 0.1933126002550125 0.8604737520217896 -0.0691424310207367 0.26377150416374207 0.1809740662574768 0.33237147331237793
0.38573548197746277 -0.40677449107170105 -0.05631457641720772 0.4962196946144104 -0.004423481412231922 0.18165375292301178 -0.6350744962692261
-0.2927458584308624 0.005411938298493624 0.8022363781929016 -0.2836923599243164 0.21089495718479156 0.3061847686767578 0.22799141705036163
-0.26921504735946655 -0.8358240127563477 0.07521156221628189 -0.03305798023939133 -0.4435780346393585 0.15826329588890076 -0.01905377209186554
0.19678854942321777 0.4325312674045563 -0.48350629210472107 0.39156779646873474 0.066202312707901 -0.14197878539562225 -0.6021184325218201
-0.10537739843130112 0.10318994522094727 -0.2206159234046936 0.3601907193660736 0.8321824669837952 -0.3117518723011017 -0.10060768574476242
0.6104280352592468 -0.24726764857769012 -0.3723515272140503 0.3474120497703552 -0.3939555585384369 -0.1695968061685562 0.35061582922935486
-0.4789965748786926 0.36142978072166443 0.6002828478813171 -0.009726588614284992 0.4383395314216614 -0.06165929511189461 -0.28905579447746277
-0.029233617708086967 0.3676411807537079 0.20312337577342987 -0.6315735578536987 0.3539412319660187 -0.26630839705467224 -0.4771232306957245
-0.4638347923755646 0.4573765993118286 -0.5944798588752747 0.061059702187776566 0.24911096692085266 0.13344405591487885 -0.3723786771297455
-0.24097460508346558 0.2872256934642792 -0.4520413875579834 -0.05153780058026314 0.6347639560699463 -0.1268807053565979 -0.4831264317035675
0.021358594298362732 0.42448824644088745 -0.7481183409690857 0.17042455077171326 0.27475807070732117 -0.14539414644241333 -0.36605533957481384
-0.49978917837142944 -0.40725910663604736 -0.48991402983665466 0.028837604448199272 0.31443044543266296 -0.3943953514099121 0.2984781861305237
0.6229720115661621 -0.21325232088565826 -0.32295700907707214 0.36485499143600464 -0.5052623748779297 -0.06635972857475281 0.2632777690887451
-0.014471456408500671 -0.7716032862663269 -0.03288867697119713 -0.14036168158054352 -0.02127472497522831 0.3280465006828308 0.5249462723731995
-0.25971460342407227 -0.4561414420604706 -0.5345828533172607 0.03905123472213745 -0.44049403071403503 0.1787448674440384 -0.4595593512058258
0.549553394317627 -0.18738478422164917 0.008119536563754082 0.5045672655105591 0.33010759949684143 0.23403474688529968 -0.49444982409477234
0.143728107213974 -0.520623505115509 0.14062973856925964 0.38386183977127075 -0.5887680649757385 -0.11772360652685165 -0.4250412881374359
-0.4332360625267029 -0.7545099258422852 -0.20128393173217773 -0.18706177175045013 -0.23115873336791992 -0.2982555329799652 -0.15850268304347992
-0.45265698432922363 -0.149882510304451 -0.7743520140647888 0.18087275326251984 0.33129239082336426 -0.11438129842281342 -0.13214802742004395
-0.2556464374065399 -0.6495969891548157 -0.19042862951755524 -0.18049582839012146 -0.18948780000209808 -0.44299179315567017 0.4600863456726074
0.1761649250984192 0.6293601989746094 -0.5040752291679382 0.3365951478481293 0.21627594530582428 -0.07371243089437485 -0.39150315523147583
0.2281728982925415 0.619169294834137 -0.4478723406791687 0.2849574089050293 0.40943700075149536 0.10148840397596359 -0.3237863779067993
-0.49983152747154236 0.40193817019462585 -0.5098437666893005 0.299488365650177 0.19284135103225708 -0.44894617795944214 0.01548418402671814
0.25597918033599854 2.792923987726681e-05 -0.2865965962409973 0.4215860664844513 -0.079230897128582 -0.44627630710601807 -0.6849541664123535
-0.4327270984649658 -0.7642936110496521 -0.28492456674575806 0.17049238085746765 -0.0065460545010864735 -0.3023354411125183 0.1640222817659378
0.447503000497818 0.6367881894111633 0.35782164335250854 -0.142071932554245 0.17253679037094116 -0.4548685550689697 0.09667877107858658
0.7339965105056763 -0.3032079339027405 -0.07179635018110275 0.30218231678009033 0.03339710831642151 0.2810630202293396 -0.43901413679122925
0.03455527126789093 -0.5523333549499512 0.3541215658187866 0.3837926685810089 -0.262206494808197 0.3299979567527771 -0.4933397173881531
-0.4361073672771454 -0.460299015045166 -0.7102006673812866 -0.0907856896519661 -0.05573250725865364 -0.1469690352678299 -0.24617509543895721
-0.46324822306632996 -0.7205124497413635 -0.2615872621536255 -0.023108622059226036 0.16099703311920166 0.41036301851272583 0.054619140923023224
-0.005138826090842485 0.7035350203514099 -0.13277144730091095 -0.21563540399074554 0.6610448360443115 -0.050765324383974075 0.0364387147128582
0.028786832466721535 -0.7831190824508667 0.11884458363056183 -0.22898994386196136 -0.5006130337715149 -0.24686090648174286 -0.08821473270654678
-0.17759834229946136 -0.2203831970691681 0.2950350344181061 -0.8836117386817932 0.19141829013824463 -0.11796703189611435 0.038955338299274445
-0.2522159218788147 -0.34592872858047485 -0.6934757232666016 -0.3675980865955353 0.10459604114294052 -0.26862213015556335 -0.3429073393344879
0.47663846611976624 0.06585201621055603 -0.5646103024482727 0.601077139377594 -0.19495783746242523 0.15920375287532806 -0.15826043486595154
0.07010156661272049 0.8008171916007996 0.19813920557498932 0.20133833587169647 0.4495653808116913 0.24907271564006805 -0.09917237609624863
0.2299300879240036 -0.1970808058977127 -0.6574029326438904 -0.12274078279733658 0.04275282472372055 -0.46969300508499146 -0.4884752631187439
-0.5364777445793152 0.6875694990158081 0.33851689100265503 -0.33952853083610535 0.034521929919719696 -0.09136281162500381 0.005250152200460434
-0.36723244190216064 -0.2903601825237274 -0.4012586772441864 -0.5147399306297302 -0.19221308827400208 -0.2594630718231201 -0.5005981922149658
-0.023694058880209923 0.6080645322799683 0.44874659180641174 0.17185725271701813 -0.5930619239807129 -0.20206739008426666 -0.07895532250404358
-0.562518298625946 -0.026791276410222054 0.5559841990470886 -0.4436933994293213 0.23181414604187012 0.17937122285366058 0.30159807205200195
0.06503831595182419 0.007221210282295942 -0.7626771926879883 0.09414239972829819 -0.1623823642730713 -0.43686556816101074 -0.433542400598526
-0.5594503283500671 -0.14845432341098785 -0.025949375703930855 -0.05332450941205025 0.6064454317092896 -0.3777414560317993 -0.3885807991027832
-0.5346169471740723 -0.5925342440605164 -0.10688550025224686 -0.11373430490493774 0.564308762550354 -0.12102965265512466 -0.07506901025772095
-0.26162782311439514 0.46952128410339355 0.5749422311782837 -0.19105856120586395 0.5272795557975769 -0.0028232478071004152 -0.25691819190979004
-0.3327193260192871 0.3727852404117584 -0.39470186829566956 0.3068169057369232 0.5938393473625183 0.04214436188340187 -0.38207513093948364
0.2873484790325165 0.23773500323295593 -0.6354231834411621 0.5255168080329895 0.35595405101776123 -0.20363463461399078 0.11319033801555634
-0.6585099101066589 0.5570255517959595 0.32101207971572876 -0.3791462481021881 -0.06654879450798035 0.016603434458374977 0.06769060343503952
-0.2847471535205841 -0.04125959426164627 -0.8790639638900757 0.2936039865016937 -0.09169843047857285 -0.22181472182273865 -0.025487134233117104
-0.3733762204647064 0.04944219812750816 0.5853939056396484 -0.6757215857505798 0.002277777995914221 0.18054786324501038 -0.1620408147573471
0.13887067139148712 0.39450696110725403 -0.4126988649368286 0.6960300803184509 0.25253021717071533 -0.19500167667865753 -0.2617323696613312
-0.11682356148958206 0.4172246754169464 -0.30029991269111633 0.4893268644809723 0.4124979078769684 -0.36254045367240906 -0.4255172610282898
-0.040924813598394394 0.11370329558849335 -0.262552946805954 0.2236737608909607 0.7229062914848328 -0.3705943524837494 -0.45442163944244385
-0.5330047011375427 0.006153440568596125 0.5984683036804199 -0.4322655200958252 0.20676292479038239 0.22372983396053314 0.2793642580509186
0.5152817964553833 0.4548787474632263 0.5046259760856628 0.08647303283214569 0.49224796891212463 -0.03332991153001785 0.1484120786190033
0.0726630836725235 -0.5367149114608765 -0.15987996757030487 -0.3239981234073639 0.059564486145973206 0.4882071018218994 0.5781234502792358
-0.10497114807367325 -0.30386388301849365 0.3919954001903534 -0.4386785924434662 -0.17887811362743378 0.5555319786071777 0.458187073469162
0.4114215075969696 0.16242749989032745 -0.5061088800430298 0.3024291396141052 -0.1731249839067459 -0.5985766649246216 -0.26167479157447815
-0.0722515881061554 -0.8658283948898315 0.40467366576194763 0.13860425353050232 -0.20731696486473083 0.11181332916021347 -0.08164886385202408
-0.6201121807098389 -0.6376140713691711 -0.18403899669647217 0.07406830042600632 0.2754802107810974 0.2784133851528168 0.1270797997713089
0.19119428098201752 -0.6768453121185303 -0.036256104707717896 0.5578317046165466 -0.1312505155801773 -0.38016778230667114 -0.17629596590995789
0.044113192707300186 0.5058512091636658 -0.5400161743164062 0.5424777269363403 0.05409388244152069 0.1718677133321762 -0.35185858607292175
0.1417810320854187 -0.6276737451553345 0.19324730336666107 0.225418820977211 -0.6182989478111267 -0.25477978587150574 0.22485382854938507
-0.6065041422843933 -0.6587033271789551 -0.3875454068183899 0.008479002863168716 -0.14016130566596985 0.16305574774742126 0.04203327000141144
-0.29888659715652466 -0.5484040379524231 -0.5714253187179565 -0.1807601898908615 -0.40563279390335083 0.23406212031841278 -0.17718838155269623
-0.39765894412994385 0.4905066192150116 0.17191097140312195 -0.5949543118476868 -0.3644483685493469 0.25899699330329895 -0.13358324766159058
0.07180259376764297 0.6305418610572815 0.31431201100349426 -0.1877531111240387 0.6044642329216003 0.2416478842496872 0.19861362874507904
0.3930847644805908 -0.28334492444992065 0.6817160248756409 -0.3606688380241394 -0.3812437653541565 0.14489972591400146 0.06354926526546478
-0.2142271250486374 -0.19032953679561615 -0.23169976472854614 -0.2157433182001114 0.39112207293510437 -0.22592580318450928 -0.783346951007843
0.7892454266548157 -0.45252010226249695 -0.23987790942192078 0.24087435007095337 -0.18894296884536743 -0.05020361393690109 0.1361454278230667
0.029689708724617958 -0.3571774661540985 -0.7574837803840637 -0.03714502230286598 -0.29634860157966614 -0.03502655029296875 0.45533719658851624
0.031804487109184265 0.8347427248954773 0.10562276840209961 0.00047875556629151106 0.39902931451797485 -0.18815146386623383 0.31050175428390503
-0.06034133955836296 -0.23058196902275085 0.4637998938560486 -0.5689293146133423 -0.5150138139724731 0.098640576004982 0.3597649931907654
-0.20381705462932587 0.5246627330780029 -0.2142319232225418 0.3785705268383026 -0.0330989845097065 -0.4179490804672241 -0.5640919804573059
-0.5220426917076111 -0.3830757737159729 -0.18368203938007355 -0.1715063899755478 0.25480321049690247 -0.12914107739925385 -0.6602792739868164
-0.3648279309272766 -0.644116222858429 -0.12486197799444199 -0.178274005651474 -0.4864989221096039 -0.3485527038574219 0.21557460725307465
0.3040112555027008 0.3527833819389343 -0.5756083130836487 0.26984280347824097 0.3622719943523407 -0.2844964265823364 -0.4084135890007019
-0.3715892434120178 0.4343072175979614 0.5627639293670654 0.022384479641914368 0.5698065161705017 0.14576049149036407 0.10083986073732376
-0.4036830961704254 0.37448984384536743 -0.08660206198692322 -0.695866584777832 -0.3376394808292389 0.05110655725002289 0.29741358757019043
-0.11501701176166534 0.5674632787704468 0.18702787160873413 -0.5949406027793884 0.3141134977340698 -0.42020586133003235 0.024135436862707138
-0.11373277753591537 0.06491953134536743 -0.6702090501785278 0.06068364530801773 0.320769339799881 -0.3780949115753174 -0.5330467820167542
0.22581709921360016 0.5439851880073547 -0.28890833258628845 0.3513748347759247 0.5153927803039551 -0.09513401985168457 -0.4140945374965668
0.42865195870399475 -0.25707176327705383 -0.29646262526512146 0.23701663315296173 0.5174242258071899 0.033840078860521317 -0.5807163715362549
-0.47233670949935913 -0.6194449067115784 -0.2175956517457962 -0.03418847545981407 0.19478675723075867 0.5491384863853455 -0.07193306088447571
0.05824222415685654 -0.49255499243736267 0.06909645348787308 0.46932727098464966 -0.5195001363754272 -0.14227230846881866 -0.48870569467544556
-0.6265217065811157 -0.6342493295669556 -0.15707433223724365 -0.0042500607669353485 -0.34585607051849365 -0.038318488746881485 -0.2437686175107956
0.41356053948402405 -0.575853168964386 0.11407569795846939 -0.03508492559194565 -0.10421925783157349 0.3968066871166229 0.5610698461532593
-0.4558440148830414 -0.5802695751190186 -0.3599758744239807 -0.20158718526363373 -0.45823055505752563 0.16887624561786652 -0.21628470718860626
-0.01869519241154194 0.3505737781524658 -0.3019324541091919 0.6849846243858337 0.14348247647285461 -0.23666010797023773 -0.48967963457107544
0.5239203572273254 -0.49980098009109497 -0.07548022270202637 0.32599031925201416 0.12833981215953827 -0.09109886735677719 -0.582210898399353
-0.4206313490867615 0.7758611440658569 0.043889403343200684 -0.1997600942850113 0.3334546983242035 -0.2545936703681946 -0.057169683277606964
-0.32124853134155273 0.8516002893447876 0.2707967162132263 0.08358247578144073 0.0686611533164978 -0.07920987159013748 -0.2833210527896881
-0.5897012948989868 0.3819524943828583 -0.49952059984207153 0.08348394185304642 0.28665727376937866 -0.15673759579658508 -0.37833210825920105
-0.37947553396224976 -0.44177955389022827 -0.4619560241699219 -0.1725117266178131 0.5084892511367798 -0.020391102880239487 -0.398357093334198
0.2030887007713318 -0.21437886357307434 0.10610216856002808 0.2587650418281555 0.2526246905326843 -0.29657596349716187 -0.8263190984725952
0.24550658464431763 0.023147696629166603 -0.07544764876365662 0.7536294460296631 0.5610916614532471 0.06341447681188583 -0.2160920649766922
-0.30997908115386963 -0.2569745182991028 0.5976688265800476 -0.5855013728141785 -0.15360048413276672 0.33690062165260315 0.027606286108493805
-0.27506592869758606 -0.3064230978488922 -0.31324177980422974 0.23354275524616241 0.3842387795448303 0.002786665689200163 -0.7281029224395752
0.3137858211994171 0.6059066653251648 0.29985883831977844 0.05443849414587021 -0.43935105204582214 -0.4035455882549286 -0.2926744222640991
0.5060535073280334 -0.11267318576574326 -0.30935537815093994 0.02426755614578724 0.5387077331542969 -0.18210788071155548 -0.5581717491149902
0.30377551913261414 0.386053204536438 0.718871533870697 0.06565416604280472 0.3917769491672516 -0.2790871858596802 -0.07885265350341797
0.17858494818210602 0.30798810720443726 -0.19661034643650055 0.5674158334732056 0.48248642683029175 -0.06207152456045151 -0.5253459811210632
-0.4205949008464813 -0.641657292842865 -0.38853198289871216 0.004595847800374031 0.4043475091457367 0.29463911056518555 0.1004413366317749
-0.42772936820983887 -0.46300235390663147 -0.7368687987327576 0.15379706025123596 0.1779317855834961 -0.024524450302124023 0.061531927436590195
-0.31015387177467346 -0.8106949925422668 0.253406286239624 -0.2997409403324127 -0.22670769691467285 0.18437965214252472 0.08441895246505737
0.4465154707431793 -0.7669863700866699 0.06889785826206207 0.1040111556649208 0.06482164561748505 0.09621290117502213 -0.42817261815071106
-0.22635173797607422 -0.6923490762710571 -0.2595548629760742 0.05684761330485344 0.32318824529647827 0.505071759223938 0.19816432893276215
0.18024761974811554 0.29428422451019287 0.5927523970603943 0.23945704102516174 0.5849836468696594 -0.3254145085811615 -0.15528014302253723
0.047042958438396454 -0.5103461146354675 0.19466076791286469 0.4633522033691406 -0.4264213442802429 -0.3636057674884796 -0.4131604731082916
0.2021753042936325 -0.030950479209423065 0.6518505811691284 -0.11949961632490158 -0.4826301038265228 0.1990710347890854 0.49640390276908875
-0.21677561104297638 0.03195270895957947 -0.6858142614364624 -0.2831081748008728 -0.4067917764186859 -0.2443784773349762 -0.4198755621910095
0.013694074004888535 -0.6743283867835999 -0.06444405019283295 -0.6017531752586365 -0.3369273245334625 0.01539237517863512 0.2551015615463257
-0.5439081192016602 -0.5178297758102417 -0.3945828080177307 -0.12109791487455368 -0.24044169485569 -0.16507087647914886 -0.4249650537967682
0.02390827052295208 -0.5946322083473206 0.3455369472503662 0.0817733183503151 -0.4899066984653473 -0.4932612180709839 0.19090044498443604
-0.4586963653564453 -0.7459068894386292 -0.15709438920021057 -0.056637078523635864 0.28774550557136536 0.3341853618621826 0.10419577360153198
0.4470748007297516 -0.3491397798061371 -0.005919474642723799 0.432871013879776 -0.6492719054222107 0.007814066484570503 0.26305529475212097
-0.41355645656585693 -0.6430020332336426 -0.5624196529388428 -0.024923129007220268 -0.03757135570049286 0.19735106825828552 0.2412952482700348
-0.49685972929000854 -0.35462355613708496 -0.43370160460472107 -0.41252821683883667 0.08526585251092911 0.43678799271583557 -0.266537070274353
-0.4454513490200043 -0.7181680202484131 -0.18672262132167816 -0.039406079798936844 0.23058314621448517 0.44019028544425964 0.04953347146511078
-0.4386674463748932 0.03140372410416603 -0.47657984495162964 -0.19449979066848755 0.5071824193000793 0.11520424485206604 -0.5206919312477112
-0.5067235231399536 0.6548731923103333 -0.019601810723543167 -0.19033251702785492 0.40863749384880066 -0.28029173612594604 -0.17948126792907715
0.10881053656339645 0.5472710728645325 0.3873608708381653 -0.0031693533528596163 0.26349255442619324 -0.6672834753990173 -0.15459848940372467
-0.14754843711853027 -0.05225897207856178 -0.23753409087657928 -0.14429040253162384 0.3197006285190582 -0.11066847294569016 -0.8853249549865723
-0.040478210896253586 0.5722562670707703 0.2761208415031433 -0.5544938445091248 0.16822348535060883 -0.4499131441116333 -0.23760730028152466
-0.052358198910951614 0.23884765803813934 -0.43469780683517456 0.454322874546051 0.6492293477058411 0.11480873078107834 -0.33190232515335083
-0.5307854413986206 -0.7212522625923157 -0.4108639657497406 0.023213203996419907 -0.15180854499340057 -0.05503879487514496 0.05137043818831444
-0.5685630440711975 -0.4689309000968933 -0.2858583927154541 0.07581919431686401 0.3183405101299286 0.3922687768936157 -0.33787673711776733
-0.2706964612007141 0.055156681686639786 -0.7749261856079102 -0.2926538586616516 0.22685538232326508 -0.14670872688293457 -0.405632346868515
0.00573852239176631 -0.6551945805549622 -0.6068457961082458 -0.40249305963516235 -0.0907130241394043 -0.11496353894472122 0.1377650797367096
-0.046184416860342026 -0.6768560409545898 -0.15770979225635529 -0.5485864877700806 -0.34018948674201965 0.13831694424152374 0.28116363286972046
-0.29562392830848694 -0.6102780103683472 -0.11855375021696091 0.03074975684285164 0.10349824279546738 0.711946964263916 -0.08709871768951416
-0.2683025896549225 0.5767771005630493 0.20548582077026367 -0.35817188024520874 0.18722552061080933 -0.06254920363426208 0.6211799383163452
0.16735433042049408 -0.3424130976200104 0.3289288282394409 0.7984163761138916 0.19988290965557098 0.015233184210956097 -0.2624835669994354
0.1790703535079956 -0.4860698878765106 -0.5016065835952759 -0.3924010694026947 -0.1485351026058197 0.21977965533733368 0.5056840181350708
0.9127333164215088 -0.2572697103023529 -0.12306526303291321 0.021493734791874886 0.04011909291148186 0.28612279891967773 -0.040588464587926865
-0.07766944169998169 0.49736538529396057 0.6911276578903198 0.28489989042282104 0.03114308789372444 -0.3827933967113495 -0.20067158341407776
-0.0638902336359024 -0.8183377385139465 -0.19847196340560913 0.09182055294513702 0.3996067941188812 0.34218788146972656 0.04051120951771736
0.3789677321910858 -0.5566273927688599 0.18797120451927185 0.09032896906137466 -0.012009145691990852 0.1735823154449463 0.6875913143157959
0.04829344153404236 -0.5962128043174744 0.30143964290618896 0.40733909606933594 -0.12958140671253204 -0.5595401525497437 -0.23564937710762024
-0.2161673903465271 -0.0914226546883583 -0.4474193751811981 0.0691293254494667 0.5748045444488525 0.04784124717116356 -0.6381704807281494
-0.6649850010871887 -0.1372947096824646 -0.4862512946128845 0.19240912795066833 0.10142897814512253 -0.2582211494445801 -0.4341861605644226
-0.031632497906684875 -0.18246717751026154 -0.04886635020375252 0.5470408797264099 0.6406554579734802 -0.38346749544143677 -0.32646095752716064
-0.476942777633667 0.5026344060897827 0.09197771549224854 -0.4859578013420105 0.3780834972858429 0.21697387099266052 -0.29196682572364807
0.3602520823478699 -0.6915442943572998 0.15732386708259583 0.20053750276565552 -0.38137996196746826 0.42602017521858215 0.008665168657898903
0.5327907204627991 0.007427116855978966 -0.1905125081539154 0.5819211006164551 0.14764025807380676 0.2509765028953552 -0.5063247680664062
0.23160883784294128 0.06336301565170288 0.8421974182128906 0.30942919850349426 0.2772757411003113 -0.2457798570394516 0.0031740842387080193
-0.560515284538269 -0.3651905953884125 -0.25310006737709045 -0.44157925248146057 0.08888145536184311 0.07240907847881317 -0.5293991565704346
-0.5507702231407166 0.4946104884147644 0.35036489367485046 -0.17577984929084778 0.40337517857551575 0.2828740179538727 -0.2358587235212326
0.1412535011768341 0.3380333483219147 -0.4409845769405365 0.3206039071083069 0.7409012913703918 -0.13397033512592316 0.04054458066821098
0.3827246427536011 0.5743064880371094 -0.4280340373516083 0.22280405461788177 0.45073941349983215 -0.27086660265922546 -0.11960066854953766
0.365288108587265 -0.5886913537979126 -0.10216937959194183 0.4038557708263397 -0.4792249798774719 -0.28056129813194275 -0.19518645107746124
-0.49650466442108154 0.654827356338501 0.3225966691970825 -0.4073707163333893 0.12457594275474548 -0.15422555804252625 -0.12393572926521301
-0.5256986618041992 -0.4978228211402893 -0.43001317977905273 0.09623425453901291 0.2524491548538208 -0.4553750157356262 0.10268436372280121
-0.49721023440361023 0.7244199514389038 -0.2093566656112671 -0.0934423953294754 -0.1342410296201706 -0.015403362922370434 -0.3964569568634033
-0.5655925273895264 -0.08899660408496857 -0.38231033086776733 -0.3278518319129944 0.5275718569755554 0.018817128613591194 -0.3739657700061798
-0.020631011575460434 -0.6162253022193909 -0.6518360376358032 -0.40512245893478394 -0.16871431469917297 -0.04853434860706329 -0.0025151039008051157
-0.03254495933651924 0.2876647710800171 -0.17091229557991028 0.5138638019561768 0.3086574375629425 -0.5695657730102539 -0.45083072781562805
-0.4661478102207184 -0.7891021966934204 -0.3452111482620239 0.15930387377738953 -0.12044460326433182 -0.010304727591574192 0.029364965856075287
-0.337882936000824 0.4508516788482666 -0.6084225177764893 0.3747735619544983 0.0015032525407150388 -0.20926669239997864 -0.3579663932323456
0.10512413829565048 -0.09463908523321152 0.9259198307991028 0.2626846134662628 -0.06957535445690155 -0.021724263206124306 -0.2198840230703354
0.00306787621229887 -0.049041107296943665 -0.2635785639286041 0.625323474407196 -0.5584174394607544 -0.188925638794899 -0.435384064912796
-0.045105140656232834 -0.6658604741096497 -0.49124541878700256 -0.40786561369895935 0.04146180301904678 -0.3273475766181946 0.195047065615654
-0.16193731129169464 0.38160988688468933 -0.11138209700584412 0.5048220157623291 -0.058371007442474365 -0.15839315950870514 -0.7296597361564636
0.17988552153110504 0.554962158203125 -0.4460516571998596 0.6219894289970398 0.02689533680677414 -0.25768154859542847 -0.08186677098274231
-0.17781130969524384 0.14170275628566742 -0.9168241620063782 -0.02682715468108654 0.3014640808105469 0.008178293704986572 0.12676702439785004
-0.37877458333969116 0.7213954925537109 0.016525397077202797 -0.1368703842163086 0.333118736743927 0.27055081725120544 -0.36461755633354187
0.30402931571006775 0.5780181288719177 0.48902225494384766 -0.13647808134555817 -0.4975888729095459 0.25830432772636414 0.03709958493709564
0.11759775876998901 0.8384622931480408 0.3615466356277466 0.028712142258882523 -0.2826608419418335 -0.2677031457424164 0.007016463205218315
0.16839797794818878 -0.740898847579956 0.38797107338905334 0.21624958515167236 0.11048731952905655 -0.002237214706838131 0.4617500603199005
-0.3086872100830078 -0.8746793866157532 0.13964758813381195 -0.24091769754886627 0.1089414656162262 -0.20501388609409332 0.09058960527181625
-0.23596735298633575 0.4470961093902588 0.31365686655044556 -0.7552749514579773 -0.24201920628547668 -0.1094825491309166 -0.07101978361606598
-0.007780688349157572 -0.6739894151687622 0.04794864356517792 0.16617728769779205 -0.24722447991371155 0.6167519688606262 0.272508442401886
-0.2920669913291931 0.7552177906036377 0.06915146857500076 -0.22312544286251068 0.3318765163421631 0.38670143485069275 -0.17348217964172363
0.09973829984664917 -0.32828786969184875 0.2164556086063385 0.3697632849216461 -0.1309937685728073 0.12892940640449524 -0.8154257535934448
0.21950869262218475 0.3479856848716736 -0.44040030241012573 -0.00694243935868144 0.7542626261711121 -0.10109870135784149 -0.2399756908416748
0.46252086758613586 0.498256117105484 -0.31717178225517273 0.3691098988056183 0.43707534670829773 0.17723436653614044 -0.28022897243499756
-0.19433560967445374 0.548694372177124 0.5970115661621094 -0.41374096274375916 -0.0723191648721695 -0.1196030005812645 0.3376815617084503
0.16189663112163544 -0.7663201689720154 -0.3130093514919281 0.28288015723228455 -0.3605794310569763 -0.17891627550125122 -0.21568118035793304
-0.19744616746902466 -0.49476248025894165 -0.4750818908214569 -0.29946112632751465 0.1502981185913086 -0.5963533520698547 -0.15039463341236115
-0.2349333018064499 -0.16309189796447754 -0.8157051205635071 -0.09212054312229156 0.42780038714408875 -0.22497424483299255 0.10353642702102661
-0.35671624541282654 0.3219069540500641 -0.6189699769020081 0.08406168967485428 0.3925432860851288 -0.4175320267677307 -0.22475773096084595
-0.24561351537704468 0.35449016094207764 0.27618494629859924 -0.6943461894989014 0.33555662631988525 0.3735158145427704 -0.05919162184000015
-0.08328236639499664 -0.44620880484580994 0.6439769864082336 -0.4357772767543793 -0.13388177752494812 0.20427052676677704 0.3601427972316742
0.5310845375061035 0.116718590259552 -0.13281497359275818 0.13380807638168335 0.12353333085775375 -0.03021356277167797 -0.8078417181968689
0.46166864037513733 -0.5458582043647766 0.06363651901483536 0.4238477647304535 -0.4529559314250946 -0.2139717936515808 -0.23291955888271332
0.11554919183254242 0.09363298118114471 0.4750140905380249 -0.022347504273056984 -0.8328279256820679 -0.027300873771309853 -0.2395738661289215
0.09831976890563965 0.4273378252983093 -0.2871290445327759 0.7697587013244629 0.31969085335731506 -0.17296075820922852 -0.025026539340615273
0.2218938171863556 -0.7866003513336182 0.18806418776512146 0.18951447308063507 -0.4619198739528656 -0.06031643971800804 0.2091197818517685
0.13832886517047882 0.19406360387802124 0.8337557911872864 0.4056602716445923 -0.002282109810039401 0.14782489836215973 -0.24827022850513458
-0.3115657866001129 0.0258488692343235 -0.523635745048523 0.07900236546993256 0.740684449672699 0.2533247470855713 0.09505792707204819
0.6409739851951599 -0.23404522240161896 -0.26807788014411926 0.3514207899570465 -0.3160111606121063 -0.27679362893104553 0.4031563699245453
-0.22670413553714752 -0.8540149331092834 0.09087049216032028 -0.30107149481773376 -0.26239582896232605 0.22618143260478973 0.018777422606945038
0.5432921051979065 0.033258695155382156 0.7525515556335449 -0.3077564537525177 -0.11676666885614395 0.1406114399433136 0.09629892557859421
0.1198645681142807 0.6652798056602478 -0.7131616473197937 -0.13592243194580078 0.036102429032325745 -0.1051500141620636 -0.06000737100839615
0.10466300696134567 0.5697849988937378 -0.21224704384803772 0.3303713798522949 0.3062761127948761 0.029729768633842468 -0.6445988416671753
0.38199296593666077 -0.7226698398590088 0.3158351480960846 0.06536418199539185 0.23927171528339386 -0.39882928133010864 -0.10718929767608643
0.05518720671534538 -0.38035109639167786 0.45796075463294983 0.5073562860488892 0.15566860139369965 -0.4917396008968353 -0.34512093663215637
-0.17283551394939423 0.16836903989315033 0.3279778063297272 -0.34293243288993835 -0.6041748523712158 0.22146514058113098 0.550030529499054
-0.3457876443862915 -0.7408955097198486 -0.3532305061817169 -0.03518311306834221 -0.33679211139678955 -0.11536891758441925 -0.2806355953216553
-0.27075767517089844 0.6531633138656616 0.5919696688652039 0.03569526970386505 -0.1362742781639099 -0.20603153109550476 -0.29554352164268494
-0.16322743892669678 -0.1669609248638153 -0.3555133044719696 0.3331679105758667 0.6043277382850647 0.14558516442775726 -0.5671711564064026
-0.27791959047317505 0.009802743792533875 -0.726844072341919 0.057717178016901016 0.47207018733024597 -0.24271905422210693 0.33055737614631653
-0.581878662109375 -0.020075425505638123 -0.7789275646209717 0.004348700866103172 -0.12257607281208038 -0.08274320513010025 0.179988294839859
0.42035111784935 0.2600902318954468 -0.4997602105140686 0.6963201761245728 0.023871807381510735 0.14281372725963593 0.008390217088162899
0.10509981215000153 0.6802459359169006 0.3004591763019562 0.24932070076465607 0.537101686000824 -0.20479446649551392 -0.20824022591114044
-0.1319410651922226 -0.26635944843292236 0.34069541096687317 -0.4620286524295807 -0.31253230571746826 0.5817335247993469 0.382112592458725
-0.3749920427799225 -0.8013163805007935 -0.2207535058259964 0.15721012651920319 0.3069922626018524 0.22260326147079468 -0.0054211788810789585
-0.49497589468955994 -0.693398118019104 -0.2881042957305908 0.001121249981224537 0.19880874454975128 0.3892897665500641 -0.011007617227733135
-0.2038731873035431 0.37652334570884705 -0.22218815982341766 0.0017659468576312065 0.3023466467857361 -0.15661495923995972 -0.8070647120475769
-0.18555855751037598 0.20955878496170044 -0.437466561794281 0.21292582154273987 0.415505588054657 0.2346738576889038 -0.6761819124221802
-0.05212358385324478 -0.7953895926475525 -0.13901014626026154 -0.016158225014805794 -0.15559785068035126 0.011175484396517277 0.5663195848464966
-0.47926586866378784 0.6048932075500488 0.17133714258670807 0.06073743849992752 0.3160240650177002 -0.013425790704786777 -0.5208756923675537
-0.4110276401042938 -0.4329388737678528 -0.7736145257949829 0.1414870321750641 0.13611865043640137 0.06567812711000443 0.04775213077664375
-0.017557622864842415 0.22556737065315247 -0.040623635053634644 0.3105074465274811 0.40957576036453247 -0.32893261313438416 -0.7581536173820496
0.020084556192159653 0.6862374544143677 0.570356547832489 0.1068245992064476 -0.12551262974739075 -0.1550278514623642 -0.39008909463882446
0.0787561759352684 -0.3938596546649933 0.15343134105205536 0.4381691813468933 -0.5856519341468811 -0.07553713768720627 -0.5238745808601379
-0.6473101377487183 -0.6051533222198486 -0.41939258575439453 -0.10467787832021713 -0.0865447148680687 -0.04796520620584488 0.13468800485134125
0.10399946570396423 -0.9029343128204346 0.33109545707702637 0.19462309777736664 -0.14325715601444244 -0.054657209664583206 0.053678371012210846
0.08865883946418762 0.8427696228027344 0.06913989782333374 -0.36982762813568115 -0.3496595621109009 -0.04591957852244377 -0.1263161152601242
0.2873282730579376 -0.40440449118614197 -0.49115678668022156 -0.6018949747085571 0.3440702259540558 0.04919786751270294 0.17199461162090302
0.6433551907539368 -0.32937830686569214 -0.1983862668275833 0.4056902825832367 0.45981407165527344 0.24946565926074982 0.000495264190249145
0.11102671921253204 0.2794018089771271 -0.2517327666282654 0.4013690948486328 0.253832072019577 -0.46557503938674927 -0.6355709433555603
-0.6077049374580383 -0.17776301503181458 -0.4637807607650757 0.18841150403022766 0.37611791491508484 -0.45212066173553467 -0.0512416809797287
0.2732234299182892 -0.32224053144454956 -0.4616190791130066 -0.6430580019950867 0.30329203605651855 0.0447494201362133 -0.31765660643577576
0.060007933527231216 -0.4987263083457947 -0.38745981454849243 0.19074976444244385 0.6284170746803284 0.1056402251124382 -0.3938179016113281
-0.5642794966697693 0.4489728808403015 0.34250012040138245 -0.4961952269077301 -0.2600128650665283 -0.06378941982984543 -0.21170787513256073
0.30028676986694336 0.06051076203584671 -0.3137919008731842 0.09716083854436874 0.06519869714975357 -0.8787002563476562 -0.14797167479991913
0.3028384745121002 -0.3788939118385315 -0.4631955325603485 0.6036521196365356 -0.025722971186041832 -0.3617105782032013 -0.2329937368631363
0.25292259454727173 0.29148975014686584 -0.08549191057682037 0.2599136233329773 0.4190047085285187 -0.34860992431640625 -0.6921749114990234
-0.557257354259491 -0.12502291798591614 -0.2550669014453888 0.03600158169865608 0.5193171501159668 -0.04517242684960365 -0.5794371366500854
0.13443666696548462 0.3937997817993164 -0.10310093313455582 0.24545647203922272 0.3296571969985962 -0.2621564269065857 -0.7606378793716431
-0.1512698233127594 -0.9037554264068604 0.03395025432109833 0.11867889016866684 -0.28341808915138245 -0.10832106322050095 0.23031926155090332
-0.03715139254927635 0.5827722549438477 -0.41245603561401367 0.5439307689666748 0.19068385660648346 -0.3880736231803894 -0.07780858874320984
-0.4682248830795288 0.32729870080947876 -0.320982962846756 0.1698557585477829 0.2290218472480774 0.08476699888706207 -0.6943511366844177
-0.2575966715812683 -0.7859101295471191 -0.25183969736099243 -0.1425946056842804 0.11641602963209152 0.14348211884498596 -0.4450764060020447
-0.5323565006256104 -0.11401604115962982 -0.7205937504768372 0.28638747334480286 -0.03438353165984154 0.3179594874382019 0.006581022869795561
0.06961949914693832 -0.5330089926719666 0.1025332435965538 0.48283469676971436 -0.4382387697696686 -0.13294009864330292 -0.5076276063919067
-0.004691069480031729 0.35281670093536377 0.42078348994255066 -0.7718777060508728 0.18016129732131958 0.03663251921534538 -0.2623821496963501
0.16223718225955963 -0.2267497181892395 0.731518030166626 -0.012292375788092613 -0.40005210041999817 0.4723659157752991 0.06182731315493584
-0.1795225441455841 0.3574976325035095 0.500249981880188 -0.23690980672836304 0.5985045433044434 -0.4112282991409302 -0.07921034842729568
-0.43747907876968384 -0.7248020172119141 -0.2653527855873108 0.011025563813745975 0.14500436186790466 0.4369513988494873 0.028065327554941177
-0.49810320138931274 0.4979678690433502 -0.3717401325702667 0.02014746144413948 0.07409759610891342 -0.009739328175783157 -0.5997826457023621
-0.17200139164924622 -0.33375003933906555 -0.55467689037323 -0.2650832533836365 0.4888520836830139 0.4035474956035614 -0.28153860569000244
-0.6231479644775391 -0.5957914590835571 -0.4079975485801697 -0.13137485086917877 -0.2303745001554489 0.1372562199831009 0.03295692801475525
-0.5088480710983276 -0.0651494562625885 -0.430012583732605 -0.01750275120139122 0.5428432822227478 0.15737268328666687 -0.48183712363243103
0.405962735414505 -0.5251581072807312 0.3433481454849243 0.5457351207733154 -0.004306617192924023 0.22708012163639069 0.30348730087280273
0.049229927361011505 0.3295404314994812 -0.7287848591804504 -0.5154204964637756 0.018976204097270966 0.12747640907764435 -0.2749245762825012
-0.4328228235244751 0.44913193583488464 -0.5879688858985901 0.34946268796920776 0.3632068932056427 -0.026449570432305336 -0.1024429202079773
-0.4508611559867859 -0.19367137551307678 -0.4338207244873047 -0.04135503992438316 0.5323314070701599 0.1658247709274292 -0.5083603858947754
-0.26266634464263916 0.5395427346229553 0.545319676399231 -0.035419728606939316 -0.10026422142982483 -0.41042977571487427 -0.4034430682659149
-0.28645601868629456 -0.38986825942993164 -0.7971801161766052 0.3226279616355896 0.1468382030725479 0.007601596415042877 -0.0688580796122551
-0.12627814710140228 -0.7316974997520447 -0.4656108617782593 -0.3398118317127228 -0.2161298245191574 -0.23532311618328094 -0.11965788155794144
0.11735671013593674 -0.297049343585968 0.44803673028945923 -0.5811370015144348 -0.26646262407302856 0.3899860084056854 0.36937856674194336
0.26745668053627014 -0.7970119118690491 0.3601970970630646 0.1908881813287735 -0.15322662889957428 0.21005390584468842 0.24383950233459473
-0.19306997954845428 0.3450876474380493 -0.5679815411567688 -0.039253462105989456 0.5192754864692688 -0.09668339788913727 -0.4904079735279083
-0.3691602945327759 0.3037331998348236 -0.565882682800293 0.2852655053138733 0.33404770493507385 -0.3129722476005554 -0.4004092514514923
0.20959720015525818 0.6976277232170105 0.4810808598995209 0.09621360898017883 -0.30957427620887756 0.1447768658399582 -0.334502637386322
0.16656897962093353 -0.7139052748680115 0.021135080605745316 -0.5170484781265259 -0.2605346441268921 0.3239341080188751 0.14831247925758362
0.1953192800283432 0.34904780983924866 0.29070454835891724 -0.8018642663955688 0.10791830718517303 0.04155873507261276 -0.31487634778022766
0.496223509311676 -0.5692285299301147 -0.05700475722551346 0.2389301061630249 -0.465459406375885 -0.2333269715309143 -0.31354424357414246
-0.5498948097229004 0.5310394167900085 0.18849235773086548 -0.41330766677856445 0.31800156831741333 0.24266663193702698 -0.2219192385673523
0.30525514483451843 0.8269831538200378 0.08879182487726212 0.061808500438928604 0.33759641647338867 -0.24907824397087097 0.18762338161468506
-0.12319064140319824 0.13683657348155975 -0.891340970993042 -0.06308244168758392 0.044405825436115265 0.29626092314720154 -0.2790863513946533
0.2255880981683731 0.10263681411743164 0.49873867630958557 -0.5884010791778564 -0.07108984142541885 0.581480085849762 -0.02113828994333744
-0.020272810012102127 -0.786651611328125 -0.22507014870643616 -0.042039524763822556 -0.3520223796367645 0.20620106160640717 0.4023750424385071
-0.1742229014635086 -0.4239146411418915 -0.6088231801986694 -0.036677148193120956 0.09576430171728134 -0.05884276703000069 0.636630654335022
-0.0224179457873106 0.49009227752685547 0.7051098942756653 -0.06780549883842468 -0.02273143269121647 -0.45228198170661926 -0.2290278971195221
-0.4627446234226227 0.6494579315185547 0.1277075558900833 -0.3918081820011139 -0.16272665560245514 0.2166592925786972 -0.3476029634475708
0.025177011266350746 -0.7813040614128113 0.03963847830891609 0.3697859048843384 -0.20077867805957794 0.13317881524562836 0.43882638216018677
-0.3601321876049042 0.3176073729991913 -0.6390114426612854 0.2017868161201477 0.41820335388183594 -0.272970587015152 -0.26640158891677856
0.5300551056861877 -0.059872791171073914 -0.47808676958084106 0.5427312850952148 -0.22996839880943298 -0.06827540695667267 -0.3671315908432007
-0.6267161965370178 -0.2627992331981659 -0.6384052634239197 0.3011550307273865 0.14878158271312714 -0.02455732226371765 0.13102993369102478
0.22156207263469696 0.4934903681278229 0.6019406914710999 0.30918002128601074 -0.46102580428123474 0.12571674585342407 -0.14526936411857605
0.2848551571369171 -0.4835023581981659 -0.10995137691497803 0.6215658187866211 -0.3191900849342346 -0.38349005579948425 -0.1941717118024826
0.2728171646595001 0.27640587091445923 0.48658159375190735 -0.011786001734435558 -0.781943142414093 0.0005804560496471822 -0.028891321271657944
0.5437508821487427 -0.4963410198688507 0.13840346038341522 0.05823736637830734 -0.10471327602863312 0.4087846577167511 0.507310152053833
0.12030996382236481 -0.6178955435752869 -0.5811116695404053 -0.2670930027961731 -0.3216632604598999 0.1150510385632515 -0.2792796790599823
-0.23554810881614685 -0.7525403499603271 0.29554328322410583 -0.5060999393463135 -0.11780258268117905 -0.0833689346909523 0.11785254627466202
-0.3875579237937927 -0.4901793301105499 -0.6154017448425293 -0.16920459270477295 -0.061696767807006836 -0.16095563769340515 -0.4152834117412567
-0.3021570146083832 -0.798957884311676 -0.03133021667599678 -0.21600665152072906 -0.4453267455101013 0.09920003265142441 0.12070763856172562
-0.09195305407047272 0.2950161099433899 0.7060675024986267 -0.5177873373031616 0.3631754517555237 0.056121282279491425 0.05318882688879967
-0.2885761260986328 0.08229739218950272 -0.5398057103157043 0.06665457040071487 0.6842232346534729 0.379838764667511 0.040974464267492294
0.14398261904716492 -0.8709089756011963 0.19680970907211304 0.1842288374900818 -0.15674835443496704 0.33976104855537415 0.09002597630023956
0.2611718475818634 -0.5434396266937256 -0.5136867165565491 -0.5659452080726624 -0.20790846645832062 -0.09498704224824905 0.0067909820936620235
-0.40168997645378113 -0.7343071103096008 -0.1834123283624649 -0.0751122310757637 -0.3135358989238739 -0.2516590356826782 -0.313877671957016
0.1869797259569168 0.8341978192329407 0.1474134624004364 0.13879360258579254 0.034085508435964584 -0.07470502704381943 -0.47054803371429443
0.1681036800146103 -0.7419667840003967 -0.4358901083469391 0.18411757051944733 -0.14678950607776642 0.03947002440690994 0.41739901900291443
-0.016684049740433693 -0.3325323164463043 0.7870259284973145 -0.04144730046391487 -0.5173954963684082 -0.017142800614237785 -0.004909832496196032
0.29736340045928955 -0.2884216606616974 0.6823675632476807 -0.19234752655029297 -0.4168446660041809 -0.15000559389591217 0.35986652970314026
-0.1234075203537941 0.2688932418823242 0.10765071213245392 -0.5287104249000549 0.6832939982414246 -0.3923124670982361 0.023322343826293945
-0.3309827446937561 0.041097477078437805 0.7258262634277344 -0.4140361249446869 -0.35344982147216797 -0.2544340491294861 0.02912531979382038
-0.4892810583114624 -0.12270870059728622 -0.7216631770133972 -0.044135890901088715 0.2067737728357315 -0.15445376932621002 -0.3952082097530365
0.3789106011390686 -0.778730571269989 0.08463802933692932 0.01998564787209034 0.17302879691123962 0.16630904376506805 -0.4299356937408447
0.1004871055483818 -0.5457281470298767 0.2855379283428192 0.4313751757144928 -0.09927759319543839 0.098709836602211 -0.6362916231155396
-0.053785283118486404 -0.41611379384994507 0.7581778764724731 -0.06761094927787781 -0.3384748697280884 -0.3061227798461914 0.1904604583978653
-0.0038733468391001225 -0.17893725633621216 -0.37152907252311707 0.4666948616504669 -0.4822938144207001 -0.49759718775749207 -0.3632053732872009
-0.3956528306007385 0.29968756437301636 -0.24533794820308685 -0.01575876772403717 0.3499389588832855 -0.12310436367988586 -0.7453826069831848
0.8929159641265869 -0.388598769903183 -0.10010262578725815 0.03842943534255028 0.16505083441734314 0.11112947016954422 -0.024555867537856102
0.4432324469089508 0.1397908478975296 -0.48633041977882385 0.33575013279914856 -0.1253247857093811 -0.5764452219009399 -0.294555127620697
-0.5922962427139282 0.5741535425186157 0.2260938435792923 -0.19936919212341309 -0.23900726437568665 0.11197038739919662 -0.39875370264053345
-0.48590466380119324 -0.6413184404373169 -0.4596472382545471 -0.27554357051849365 -0.2539108097553253 0.025846075266599655 -0.016394034028053284
0.1408538967370987 -0.7632380127906799 0.4244901239871979 -0.07864976674318314 -0.4294464588165283 0.16135744750499725 -0.028104014694690704
-0.34441372752189636 -0.4499257504940033 -0.1845848262310028 -0.0928044319152832 -0.07287434488534927 0.7883956432342529 -0.0968673899769783
-0.5762968063354492 -0.4320314824581146 -0.6335623860359192 0.13432767987251282 -0.18916654586791992 -0.06959035992622375 -0.14546002447605133
0.07283513993024826 0.3186684846878052 -0.3284304141998291 0.5618349313735962 0.6143772006034851 0.10513021051883698 -0.284795880317688
-0.25869691371917725 -0.0697479099035263 -0.8407923579216003 -0.08407589793205261 0.3707362711429596 -0.27683135867118835 0.01139315776526928
-0.31893035769462585 -0.7278477549552917 -0.4561787545681 0.3172948956489563 -0.241787388920784 0.0038783487398177385 -0.035633113235235214
0.6436204314231873 -0.49374696612358093 -0.2722703218460083 0.41934171319007874 -0.25990015268325806 -0.08193238824605942 0.13314300775527954
0.16002586483955383 -0.6492859125137329 0.0585782490670681 -0.32708540558815 -0.3773898482322693 0.5462579131126404 0.039779286831617355
-0.21889640390872955 -0.3379147946834564 -0.5477266311645508 -0.2273663729429245 0.5689001083374023 0.26023510098457336 -0.30794206261634827
0.3873973786830902 -0.021182041615247726 -0.3756626844406128 0.311690092086792 -0.014638284221291542 -0.4576387107372284 -0.6336827874183655
0.05202057957649231 -0.28331002593040466 0.7201972007751465 -0.1364908516407013 -0.6022041440010071 0.12814144790172577 -0.025408752262592316
-0.23519401252269745 -0.8057599663734436 -0.14989672601222992 -0.18409360945224762 0.29649266600608826 0.09862127900123596 -0.37608635425567627
-0.10245271772146225 -0.4252285957336426 0.7819859385490417 -0.26262879371643066 -0.10107088834047318 0.1490165740251541 0.3094947338104248
0.0791560709476471 -0.5911085605621338 0.5601333379745483 0.49125221371650696 0.15852651000022888 -0.25308647751808167 0.007975390180945396
-0.323620080947876 -0.0655754879117012 0.4627475440502167 -0.6819974780082703 0.2663167119026184 0.2893546223640442 0.23887915909290314
-0.455670565366745 -0.13232840597629547 -0.8322868943214417 0.09528538584709167 -0.058427195996046066 0.25836706161499023 -0.05390157178044319
0.3402543365955353 -0.4934930205345154 0.1992148756980896 0.5184924602508545 0.38628116250038147 0.04407422989606857 0.42545855045318604
0.3438769280910492 0.2451106607913971 0.5628618001937866 -0.020719533786177635 0.47231003642082214 -0.5303316712379456 -0.009912295266985893
-0.2122568041086197 0.2272493690252304 -0.756874680519104 0.2315329909324646 0.18429596722126007 0.04224338382482529 -0.49100762605667114
-0.22564619779586792 -0.35611215233802795 -0.5449148416519165 0.050718460232019424 0.46301546692848206 -0.2850808799266815 0.47655946016311646
-0.42759811878204346 0.6799653768539429 0.12285517156124115 -0.03883606940507889 0.10595524311065674 -0.15696574747562408 -0.5498549938201904
-0.21283334493637085 0.5349401831626892 -0.5911415815353394 -0.1336314082145691 0.1350170522928238 0.13668406009674072 -0.5141236782073975
-0.3051823675632477 0.3647540211677551 -0.5027976036071777 -0.008532088249921799 0.3273428976535797 -0.40147849917411804 -0.5025948882102966
0.20918333530426025 -0.4558992087841034 0.8023086786270142 -0.28625744581222534 -0.12916523218154907 0.010284899733960629 0.07724109292030334
-0.1969834566116333 -0.10544794052839279 0.17882393300533295 0.7523604035377502 0.34067946672439575 -0.01730278879404068 -0.48548147082328796
-0.3469885587692261 -0.2617759108543396 0.6463321447372437 -0.40247830748558044 -0.22833199799060822 0.4232894480228424 -0.005371518433094025
-0.06854405999183655 0.22019727528095245 -0.3058183193206787 0.6473835110664368 0.3498345613479614 -0.46791425347328186 -0.3047238290309906
-0.17480899393558502 0.021327434107661247 -0.8139182329177856 -0.1884290874004364 0.42390674352645874 -0.2318018525838852 0.193880096077919
-0.26597118377685547 0.181863471865654 0.29034608602523804 -0.528870165348053 -0.07032343745231628 0.707436203956604 0.16361279785633087
-0.04115304350852966 -0.08997800201177597 -0.4701803922653198 -0.11762915551662445 0.41785669326782227 -0.12181075662374496 -0.7522380352020264
-0.6788185834884644 -0.0529610738158226 -0.37833866477012634 0.10690316557884216 -0.44505688548088074 -0.0873572900891304 -0.4196726083755493
0.7646376490592957 0.21283960342407227 -0.3640366494655609 0.1782151758670807 0.0883745551109314 -0.34800446033477783 -0.27717891335487366
0.13306689262390137 -0.6883609890937805 0.23138326406478882 0.2430349439382553 -0.5458378791809082 -0.2871900498867035 -0.12422169744968414
-0.27273181080818176 0.2852795124053955 -0.2587141990661621 0.5400716066360474 0.0722675770521164 -0.21201586723327637 -0.659885823726654
0.026040447875857353 0.514039158821106 -0.7499685883522034 -0.06432454288005829 0.34454160928726196 0.06377486884593964 -0.21382008492946625
0.05583669990301132 -0.4727022349834442 -0.6035424470901489 -0.4022861421108246 0.3493114411830902 0.1618579775094986 -0.31483447551727295
0.15525566041469574 0.8079199194908142 0.05457667261362076 0.18573571741580963 0.38129085302352905 0.04911022260785103 -0.37133559584617615
-0.09295066446065903 -0.8556271195411682 -0.134909987449646 -0.032521944493055344 -0.315746009349823 0.10717029869556427 0.3589192032814026
-0.08062911033630371 0.5295265316963196 0.20387335121631622 0.267812579870224 0.2370246797800064 -0.7315696477890015 0.09185788035392761
-0.3402632772922516 -0.195685476064682 -0.6112584471702576 -0.090800441801548 0.6432371139526367 0.08327247947454453 -0.20822636783123016
0.0843912735581398 -0.5368156433105469 0.16373075544834137 0.4976944029331207 -0.38162684440612793 -0.3659564256668091 -0.3881191313266754
-0.10484623908996582 -0.30344560742378235 0.39233121275901794 -0.438569575548172 -0.17945623397827148 0.5551519393920898 0.4585442543029785
-0.2817242741584778 0.4331682026386261 -0.41701024770736694 0.20664377510547638 0.2933737337589264 0.10320800542831421 -0.6478251814842224
-0.05260316655039787 -0.07050688564777374 0.23384858667850494 0.5599226951599121 -0.15998075902462006 0.3475605547428131 -0.691137433052063
-0.10634841024875641 -0.6294494867324829 -0.2138644903898239 0.21530981361865997 0.18010321259498596 0.680316150188446 -0.07155288010835648
0.39502519369125366 -0.22503383457660675 0.5300179719924927 -0.22613637149333954 -0.11301964521408081 -0.25594478845596313 0.6188513040542603
-0.12674416601657867 0.5200766324996948 -0.14273084700107574 0.27809852361679077 0.222879096865654 0.01604037545621395 -0.7522053718566895
0.2425013780593872 0.48139649629592896 0.7241227030754089 0.07170088589191437 0.10439211875200272 0.010979491285979748 -0.41102010011672974
0.10565315186977386 0.7905138731002808 -0.0973409116268158 -0.2336409091949463 0.4914369583129883 0.22483903169631958 -0.08831193298101425
-0.6840195655822754 0.4812384843826294 0.32670655846595764 -0.2501077950000763 0.23876309394836426 -0.271302193403244 -0.024958468973636627
0.15972717106342316 -0.7295984625816345 -0.2559618055820465 -0.18575993180274963 0.37268704175949097 0.019425034523010254 -0.45041897892951965
-0.4963560402393341 -0.7735163569450378 -0.38205471634864807 -0.01325996033847332 -0.07219872623682022 -0.0417044498026371 0.04700615629553795
-0.20530706644058228 0.13908274471759796 -0.29276278614997864 0.4872806966304779 0.6611292958259583 -0.07893988490104675 -0.4147636890411377
-0.4051232933998108 -0.3479231297969818 -0.4248233735561371 0.054998040199279785 0.3440898060798645 0.6232541799545288 -0.15646500885486603
-0.351999968290329 -0.08791327476501465 -0.43341124057769775 0.1462048441171646 0.49969133734703064 0.2373046875 -0.5942568778991699
0.09984768182039261 0.8985106945037842 -0.06957575678825378 0.25446200370788574 0.31372249126434326 0.008157235570251942 0.1209503561258316
-0.6459394097328186 -0.43466103076934814 -0.5921207070350647 0.07304583489894867 0.010973457247018814 0.022461870685219765 -0.19304010272026062
0.10622739791870117 0.8846549987792969 0.1683095097541809 0.3266512453556061 -0.029088303446769714 0.07934651523828506 -0.2528440058231354
0.13116934895515442 0.761609673500061 0.49815428256988525 -0.06664930284023285 0.14995776116847992 -0.10146281868219376 0.3425835072994232
-0.2451084703207016 0.4428666830062866 0.1034030169248581 -0.3566829264163971 0.7350532412528992 0.16769632697105408 0.19352200627326965
-0.11337298899888992 0.1886071264743805 0.4963298439979553 -0.458171546459198 0.46701300144195557 0.3049241304397583 0.42921969294548035
-0.517474353313446 0.28819775581359863 0.2932875454425812 -0.3975106477737427 0.26454707980155945 0.15911166369915009 -0.5566222667694092
0.4514192044734955 -0.6441550850868225 -0.13120657205581665 0.4703992009162903 0.2817906439304352 0.04949481412768364 -0.24685771763324738
0.210302472114563 -0.5144510269165039 0.073722705245018 0.4567403495311737 0.41301679611206055 -0.1680959165096283 -0.5274723768234253
-0.27073925733566284 -0.2152702957391739 -0.302176833152771 -0.4426794648170471 0.6723396182060242 -0.33038732409477234 -0.17856842279434204
-0.3061099052429199 0.415479838848114 -0.6733124852180481 0.3057226240634918 0.183745339512825 -0.37586987018585205 -0.10870451480150223
0.1954706609249115 0.8878408670425415 0.1937818080186844 0.08798249810934067 -0.1742735654115677 -0.07979848235845566 0.3024871051311493
-0.5861296653747559 0.28425270318984985 -0.29284751415252686 0.15288102626800537 0.21279889345169067 -0.3548535704612732 -0.5434297323226929
0.1810947209596634 0.521260678768158 -0.56500643491745 0.4774647653102875 -0.017755674198269844 -0.3672844469547272 -0.11434122174978256
-0.5520257353782654 -0.4808509945869446 -0.6414570808410645 0.13713163137435913 -0.09456682205200195 -0.004639511927962303 -0.15752209722995758
0.504268229007721 0.3175266981124878 0.6257409453392029 0.30330413579940796 0.24645258486270905 0.04101388156414032 0.3145222067832947
0.4007546305656433 0.40232717990875244 0.7489478588104248 0.08329349011182785 0.21919094026088715 0.09889791905879974 -0.22768938541412354
-0.5983069539070129 -0.08784642815589905 -0.2817550003528595 0.17859023809432983 0.5022872090339661 0.17299680411815643 -0.4907251000404358
-0.04353773221373558 -0.7081484794616699 -0.005619151517748833 -0.3585731089115143 -0.17308756709098816 0.4799339771270752 0.32821938395500183
-0.5157920718193054 -0.0558013953268528 -0.5053242444992065 -0.2978754937648773 0.07781723886728287 -0.5936092138290405 0.16833005845546722
0.08912337571382523 0.34227508306503296 0.47506842017173767 0.08961869776248932 -0.78496253490448 0.13787083327770233 0.07751566916704178
-0.44199511408805847 -0.06098594143986702 -0.44247719645500183 0.026375018060207367 0.5738657116889954 0.2094406634569168 -0.4808867275714874
-0.5796007513999939 0.6080576777458191 -0.00524422200396657 -0.3652149438858032 -0.23535461723804474 0.04744614660739899 0.32136648893356323
0.5790373682975769 0.20460553467273712 0.6532799601554871 -0.17277447879314423 -0.15999971330165863 -0.18679985404014587 0.32516536116600037
-0.5216399431228638 -0.4742657542228699 -0.6776479482650757 0.14316554367542267 0.04600370302796364 0.019540810957551003 -0.14409147202968597
0.5312114953994751 -0.45342397689819336 0.13634926080703735 0.632469892501831 -0.07686139643192291 0.29150843620300293 -0.052220724523067474
0.08158295601606369 -0.23384982347488403 0.6409872174263 -0.46767106652259827 -0.4139273166656494 0.36942070722579956 0.035639259964227676
0.20921176671981812 -0.5780093669891357 -0.6138970255851746 -0.3985151946544647 -0.29040348529815674 0.029830463230609894 -0.03503677248954773
-0.3343558609485626 0.5753528475761414 0.6314399242401123 -0.3430924713611603 -0.018114285543560982 -0.2009873390197754 -0.004737506154924631
-0.33970531821250916 0.127716064453125 -0.7093502283096313 0.3974253833293915 0.22626075148582458 -0.14357225596904755 -0.3679094612598419
0.17765003442764282 0.05870245024561882 -0.8970980644226074 0.24452511966228485 0.29915377497673035 -0.10448428988456726 -0.0026414101012051105
-0.421823114156723 0.11344543099403381 0.49871230125427246 -0.6467145085334778 -0.17259275913238525 -0.19544537365436554 0.2724969685077667
0.17015036940574646 -0.468372642993927 -0.6945418119430542 -0.34831225872039795 0.025681067258119583 -0.040617410093545914 0.38165029883384705
-0.3560251295566559 0.573004424571991 0.21798214316368103 -0.009152919054031372 0.4335528612136841 -0.5551158785820007 0.03450147435069084
-0.27842772006988525 -0.5290326476097107 -0.7792741060256958 -0.17659437656402588 -0.0638660341501236 -0.007421575486660004 0.0038324485067278147
-0.28518202900886536 0.45679572224617004 -0.4745299816131592 -0.1004616916179657 0.5410616993904114 -0.03504233434796333 -0.4251611828804016
-0.15596003830432892 -0.7809301018714905 0.0626770481467247 -0.24739091098308563 -0.15066060423851013 0.43025001883506775 0.30476251244544983
-0.5565468072891235 0.1639864593744278 -0.4106559753417969 0.13988815248012543 0.07984849065542221 -0.27623289823532104 -0.6264796257019043
0.5114158987998962 -0.24589796364307404 0.043055858463048935 0.610505223274231 0.05323437228798866 0.0356094129383564 -0.5470973253250122
-0.5947224497795105 -0.151961550116539 -0.11479055881500244 0.25840121507644653 0.45399248600006104 -0.02440287172794342 -0.5801380276679993
-0.2282000333070755 0.6792462468147278 0.1404716819524765 -0.07134081423282623 -0.03495550900697708 -0.5685935020446777 -0.37041470408439636
-0.46469587087631226 -0.7370171546936035 -0.39225155115127563 0.0055718799121677876 -0.04319131001830101 -0.1628948599100113 0.24201440811157227
0.25634530186653137 -0.18368634581565857 0.21087679266929626 0.7452130317687988 -0.05037938803434372 0.3456656336784363 -0.42274346947669983
0.1939655840396881 -0.2594873905181885 -0.10673046112060547 0.469526082277298 0.6893959045410156 -0.3968704640865326 -0.17442648112773895
0.18216757476329803 0.3050198554992676 -0.2850896716117859 0.578493595123291 0.5836556553840637 0.020520219579339027 -0.34171900153160095
0.4370230734348297 -0.6385557651519775 -0.12617558240890503 0.2466694563627243 -0.4150075912475586 -0.24673563241958618 -0.3022938370704651
-0.49214446544647217 0.7848045229911804 0.07290271669626236 -0.10649677366018295 0.11156542599201202 -0.08350079506635666 -0.32526934146881104
-0.5236861109733582 -0.387940376996994 -0.7055924534797668 0.14079950749874115 -0.11099112778902054 0.07920604199171066 -0.19742700457572937
-0.06146365404129028 0.5688596963882446 0.30609196424484253 0.2561628222465515 0.0787537544965744 -0.002029805677011609 -0.7121115326881409
0.4048471748828888 -0.13655848801136017 0.028304053470492363 0.06271987408399582 -0.10839790105819702 -0.5808272957801819 -0.6808855533599854
-0.3364900052547455 0.8581005334854126 -0.07101155817508698 -0.2132340967655182 0.07134637981653214 0.05446286126971245 -0.3031006455421448
-0.21550580859184265 -0.42459961771965027 -0.43748143315315247 -0.2597390115261078 0.675910472869873 -0.03038172796368599 -0.23799167573451996
0.32781097292900085 -0.010470667853951454 0.8226757049560547 -0.40169933438301086 0.2138911485671997 0.0034139659255743027 0.09225796163082123
0.35985514521598816 0.3087155520915985 0.7933837175369263 0.037826888263225555 0.3742358684539795 -0.05805250629782677 -0.029796356335282326
-0.21859517693519592 0.15117798745632172 -0.9169535040855408 -0.1735902577638626 0.05726790800690651 0.16277094185352325 -0.1692635715007782
-0.1966085284948349 -0.0057739559561014175 0.35821595788002014 -0.6283770203590393 -0.4803425967693329 0.4147610366344452 0.18809492886066437
0.06944908201694489 -0.12591484189033508 -0.22177748382091522 0.5042856931686401 0.529148280620575 0.07111237943172455 -0.6251224875450134
0.17196953296661377 -0.2206527143716812 -0.06286289542913437 0.5684365034103394 0.5230141878128052 -0.0770849883556366 -0.5614098906517029
-0.4768694043159485 0.5514246225357056 0.22893767058849335 0.03750454634428024 0.495181679725647 -0.30682605504989624 -0.27451831102371216
0.24049101769924164 -0.34312281012535095 -0.2851840853691101 0.5788698792457581 -0.6204213500022888 -0.11329339444637299 0.10125558078289032
0.3453487455844879 -0.06377764046192169 0.7570495009422302 -0.4339611232280731 0.15445707738399506 -0.10610856860876083 0.28302741050720215
-0.4078669846057892 0.2572868764400482 0.6197182536125183 -0.20651714503765106 0.3392065167427063 -0.15931324660778046 -0.4475557804107666
0.1897256076335907 -0.4052339792251587 0.38537928462028503 0.7395839095115662 0.23771093785762787 -0.11855551600456238 -0.1836465746164322
-0.3851979970932007 0.25515395402908325 0.36664560437202454 -0.674809455871582 -0.22538846731185913 0.12316582351922989 0.36159685254096985
0.06370814144611359 0.013689089566469193 0.9294039607048035 0.025905895978212357 -0.09408112615346909 0.33611467480659485 -0.09729671478271484
-0.1914866417646408 -0.5743706822395325 -0.21722722053527832 -0.41154375672340393 0.3935672342777252 -0.19552379846572876 -0.4730226695537567
-0.310538649559021 -0.06276309490203857 -0.8697935342788696 0.005056529771536589 0.2866740822792053 -0.22377996146678925 -0.10392564535140991
-0.24190425872802734 0.7413288950920105 0.04578937217593193 -0.31269222497940063 0.3163231611251831 -0.40007057785987854 -0.17867277562618256
-0.18051235377788544 0.35410645604133606 0.06758514046669006 0.6107468008995056 0.1374780833721161 0.09838790446519852 -0.6602000594139099
-0.00290898559615016 -0.5221065282821655 -0.5038074851036072 -0.25096356868743896 -0.5940720438957214 -0.18512693047523499 -0.15296369791030884
0.07891853898763657 0.11193516850471497 -0.22314411401748657 0.6662468314170837 -0.41947171092033386 -0.20417366921901703 -0.5195389986038208
0.2534579932689667 -0.4044449031352997 -0.24182304739952087 0.27832266688346863 -0.7652376890182495 0.06686045229434967 0.2149008810520172
0.2705216109752655 0.02731379121541977 -0.35793930292129517 0.43092331290245056 -0.11500700563192368 -0.34217241406440735 -0.6942246556282043
0.23564760386943817 -8.921626431401819e-05 -0.11048047989606857 0.7426323294639587 0.5787734389305115 0.03275418281555176 -0.21144726872444153
0.0803130492568016 0.6711637377738953 0.2104475498199463 0.05445178970694542 0.1773567646741867 -0.20052871108055115 -0.6512823104858398
-0.3158479928970337 0.40466544032096863 -0.7166743278503418 0.14443214237689972 0.38191288709640503 -0.10714748501777649 -0.21134142577648163
0.0036781467497348785 0.2858618497848511 -0.36987990140914917 0.5668100714683533 0.2470453977584839 -0.42951005697250366 -0.4633297026157379
0.4962249994277954 -0.3071383833885193 0.17138484120368958 0.7284125089645386 0.2939973771572113 0.03811630234122276 -0.1076197475194931
-0.2553061246871948 0.10075424611568451 0.4946022927761078 -0.742479145526886 0.21446003019809723 -0.17137302458286285 -0.2310817837715149
-0.6002827286720276 -0.6466802358627319 -0.2511247396469116 -0.11440182477235794 0.24422401189804077 0.27539053559303284 0.09913944453001022
0.1402161419391632 -0.2061874270439148 0.51130211353302 0.047982122749090195 -0.3849841356277466 0.6774153709411621 0.2588236927986145
-0.44985494017601013 -0.739302396774292 -0.13914932310581207 -0.048409439623355865 0.2835509181022644 0.37486836314201355 0.09181062877178192
0.2546701729297638 -0.7929129600524902 0.22259843349456787 0.28854289650917053 -0.3902137875556946 -0.008508595637977123 0.14589698612689972
0.2054044008255005 -0.07397972047328949 0.33554762601852417 -0.4441729187965393 -0.2031518518924713 0.5976162552833557 0.4940025508403778
0.299186646938324 -0.48015961050987244 -0.06353804469108582 -0.0021834184881299734 -0.8111509680747986 0.03349526226520538 0.129631906747818
-0.07302387058734894 -0.4581444561481476 -0.5380609035491943 -0.3322507441043854 0.37785568833351135 0.032427627593278885 -0.4909628927707672
0.10704254359006882 0.019664982333779335 -0.6731972694396973 0.5439765453338623 -0.04908118024468422 -0.47491317987442017 -0.10534997284412384
-0.5616491436958313 -0.6316705346107483 -0.2655564844608307 -0.13271474838256836 0.14526668190956116 0.40809839963912964 0.0988045483827591
-0.22121702134609222 -0.3169737458229065 -0.4927447438240051 -0.25794583559036255 0.03066718950867653 0.4896038770675659 -0.5482744574546814
-0.4858272075653076 -0.06560978293418884 0.5501300096511841 -0.566474437713623 -0.2684849202632904 -0.2504579722881317 0.03629877418279648
0.6287562251091003 -0.718815803527832 0.05823540315032005 -0.01878838986158371 0.13948343694210052 0.2271745353937149 -0.11472281813621521
-0.4505266845226288 -0.10547390580177307 -0.7451980710029602 0.02070505917072296 0.1183590218424797 -0.20066937804222107 -0.4193744361400604
0.30914515256881714 0.17849233746528625 0.7893490195274353 0.03381676599383354 -0.15852011740207672 0.3492283225059509 -0.3182220160961151
0.4108768701553345 -0.5421003699302673 -0.1937769502401352 0.39207613468170166 0.3535267412662506 0.4481937289237976 0.14204056560993195
0.09563793987035751 0.37162744998931885 -0.19808927178382874 0.3886376917362213 0.306254118680954 0.049988918006420135 -0.7524475455284119
0.21527810394763947 -0.3642905652523041 0.3535403609275818 0.6792805790901184 0.08982177078723907 -0.09133236855268478 -0.4670388102531433
-0.3800956606864929 -0.18078581988811493 -0.8379393219947815 -0.0729217454791069 0.22278286516666412 -0.21471410989761353 -0.14017702639102936
-0.35877856612205505 -0.7002419829368591 -0.5174243450164795 -0.19874362647533417 -0.2582235038280487 -0.03173356503248215 -0.07762593775987625
-0.11386530846357346 -0.6867638826370239 -0.18655899167060852 -0.061531681567430496 -0.032168056815862656 0.6809208989143372 0.11005241423845291
0.06398163735866547 0.9433214068412781 0.06955298781394958 -0.04703497886657715 0.273764044046402 -0.03658824414014816 0.15071749687194824
0.02355990745127201 0.09749511629343033 0.5105105042457581 -0.7135643362998962 -0.14075958728790283 -0.3946925401687622 0.21106649935245514
-0.2505031228065491 -0.013656639494001865 -0.2730792164802551 0.4901810586452484 -0.2214716374874115 -0.12584808468818665 -0.7465417981147766
0.1305096596479416 0.037513863295316696 -0.5743670463562012 0.7144213318824768 -0.057551730424165726 0.04096607118844986 -0.3691532611846924
-0.24795816838741302 -0.4043979346752167 -0.6863300800323486 -0.24624475836753845 0.21201841533184052 -0.10515931248664856 0.43276241421699524
0.037809573113918304 -0.5133860111236572 -0.5039539337158203 -0.1902705579996109 -0.22069355845451355 0.4759330749511719 0.41184312105178833
-0.13498423993587494 -0.7607676386833191 -0.3067556321620941 0.25332340598106384 0.34760725498199463 0.336818665266037 0.10228649526834488
0.3482290804386139 0.6080045700073242 0.5168677568435669 -0.28017738461494446 0.06055650860071182 -0.39175644516944885 -0.07921548187732697
0.06633459776639938 0.3796841502189636 -0.5659411549568176 -0.06567426770925522 0.7200432419776917 -0.03415508568286896 -0.08490168303251266
0.7041622996330261 -0.4586416780948639 -0.1684878021478653 0.2070159763097763 0.2503364384174347 -0.14913521707057953 -0.3710119128227234
-0.48106661438941956 0.029827263206243515 0.49397212266921997 -0.6241612434387207 -0.17869658768177032 -0.1638333648443222 0.27445539832115173
0.030382556840777397 0.3169616758823395 0.5907158255577087 0.03823279216885567 -0.5198736190795898 0.03045111708343029 -0.5263168215751648
0.745915412902832 -0.49697890877723694 0.08215423673391342 0.08843681961297989 -0.1721983551979065 0.3505849838256836 -0.1717251092195511
0.4717598557472229 -0.07377728074789047 -0.25491249561309814 0.5023653507232666 0.1679006963968277 0.2422977089881897 -0.6064234972000122
0.41993340849876404 0.13665889203548431 -0.27172014117240906 0.7876021862030029 0.19781608879566193 -0.25144317746162415 0.09206683188676834
0.11595053225755692 -0.025015192106366158 -0.4482007920742035 -0.3968241214752197 0.48502203822135925 -0.19996877014636993 -0.5935845375061035
0.031186001375317574 -0.049323782324790955 0.3733576834201813 -0.8388744592666626 -0.22309793531894684 -0.3141520023345947 0.0708814263343811
-0.2825351357460022 0.2715606689453125 -0.23598617315292358 0.5429926514625549 0.11664701998233795 -0.3160306513309479 -0.618398129940033
-0.12066085636615753 -0.5749346613883972 -0.6613298654556274 0.3490239083766937 -0.002991119399666786 -0.24984517693519592 -0.18244020640850067
0.10545005649328232 0.7133902907371521 0.521242618560791 0.1840924620628357 0.29336464405059814 0.2753151059150696 -0.11184589564800262
-0.19526728987693787 0.45017191767692566 0.10005360841751099 -0.668756365776062 -0.4768690764904022 -0.26181474328041077 -0.07758169621229172
0.08796491473913193 -0.2654939889907837 0.07539671659469604 0.4438425600528717 0.20311588048934937 -0.28633031249046326 -0.7719151973724365
-0.17339491844177246 0.6564061641693115 0.5261067748069763 -0.3984120786190033 -0.2091580629348755 0.03409070894122124 0.2421475052833557
-0.06052091345191002 -0.8323070406913757 0.10260563343763351 -0.24644914269447327 -0.17040832340717316 0.38805052638053894 0.22959700226783752
0.11708754301071167 -0.5410849452018738 -0.4597899317741394 -0.24259288609027863 -0.545929491519928 -0.11444845795631409 0.3348461389541626
0.06387647241353989 -0.4887865483760834 0.05545040965080261 0.48007631301879883 -0.5225209593772888 -0.1628565639257431 -0.4731902778148651
0.23458462953567505 0.4056400954723358 -0.2854153513908386 0.47359687089920044 0.6455121040344238 -0.09183488041162491 -0.22259992361068726
0.0005437200888991356 0.7286783456802368 0.3863223195075989 0.25030606985092163 0.381409227848053 0.08119909465312958 -0.32413482666015625
-0.1073581799864769 -0.46314942836761475 -0.29018938541412354 -0.7025822997093201 -0.050178173929452896 0.32613757252693176 -0.29538360238075256
0.7156027555465698 -0.5330144166946411 0.1853347271680832 -0.14691847562789917 -0.0009639940690249205 0.14323510229587555 0.3568713068962097
0.1650022566318512 -0.9175899624824524 0.1601119488477707 -0.14468753337860107 -0.0006849508499726653 0.09691903740167618 0.27356669306755066
-0.01235995814204216 -0.38606932759284973 -0.8103984594345093 -0.3302181363105774 -0.0456608384847641 -0.1961110383272171 -0.21086400747299194
-0.35738909244537354 -0.6757352948188782 0.040348391979932785 0.20088471472263336 -0.05659075826406479 0.4800710678100586 -0.3741675317287445
0.05801348015666008 0.3658643960952759 0.5702496767044067 0.05592932179570198 -0.5607208013534546 0.02135719172656536 -0.46861594915390015
0.12434017658233643 0.7205200791358948 0.44309768080711365 0.3614674508571625 -0.2455981969833374 0.01220114715397358 -0.27915719151496887
0.08280353248119354 0.7138190269470215 -0.4939381182193756 0.3993827700614929 -0.05629159137606621 -0.15363365411758423 -0.23098134994506836
-0.2013019621372223 0.2157970815896988 0.3822653889656067 -0.38116398453712463 0.46516525745391846 -0.4684285521507263 -0.43092039227485657
0.31885233521461487 -0.739628255367279 0.28217044472694397 0.24556060135364532 -0.2955454885959625 0.2730967402458191 0.22233769297599792
-0.0004876605817116797 0.3125130534172058 -0.809116780757904 0.38133004307746887 -0.012524359859526157 -0.24707543849945068 -0.20260709524154663
-0.026927810162305832 -0.8099151849746704 -0.10695790499448776 -0.2896959185600281 -0.48172813653945923 0.08544718474149704 0.09265729039907455
-0.49909308552742004 -0.0007508168346248567 -0.341366171836853 -0.24221187829971313 0.6333504319190979 0.03459659963846207 -0.41638728976249695
0.28384608030319214 0.5571161508560181 -0.5336697697639465 0.3188549280166626 -0.03937269374728203 0.009978113695979118 -0.4700332283973694
0.2891424894332886 0.7095486521720886 0.5642813444137573 -0.04377368092536926 -0.2839677035808563 -0.08605173975229263 -0.06756650656461716
-0.015456588007509708 0.5064544081687927 -0.5446871519088745 0.06112658604979515 0.6536818742752075 0.12062796205282211 -0.03151857480406761
0.2068391591310501 -0.6039488315582275 0.11491759866476059 0.26970842480659485 -0.6131991744041443 -0.18919770419597626 0.3077429533004761
-0.12457941472530365 -0.07372894138097763 0.395060271024704 -0.30686187744140625 -0.6173250079154968 0.533153772354126 0.2519207000732422
-0.1367332488298416 -0.6483418345451355 -0.6989823579788208 0.060309864580631256 0.05612248554825783 -0.24295736849308014 0.08102618902921677
-0.283285528421402 0.5373845100402832 -0.6704099178314209 0.232390895485878 0.23073476552963257 0.11148214340209961 -0.2486874908208847
0.2129673957824707 -0.21753732860088348 0.8340708017349243 -0.13850539922714233 -0.18652628362178802 -0.14436602592468262 -0.3699065148830414
0.2491212785243988 -0.7178807258605957 0.23755623400211334 0.17274698615074158 -0.31659507751464844 0.48568278551101685 0.013827580027282238
0.20965458452701569 0.9136284589767456 0.08192020654678345 0.26531320810317993 0.14756494760513306 -0.0643002837896347 0.135336771607399
-0.061225563287734985 0.33962681889533997 0.01686059683561325 0.5545687675476074 0.4034231901168823 -0.23918019235134125 -0.5942362546920776
-0.2905084788799286 0.8905614614486694 -0.08050336688756943 -0.25044184923171997 0.20197109878063202 -0.04041331633925438 -0.10429619997739792
-0.3522472679615021 -0.7620432376861572 -0.17178526520729065 0.0688428282737732 0.2297569215297699 0.45625653862953186 -0.0020461988169699907
-0.10195153951644897 0.44030311703681946 0.16212958097457886 -0.48691004514694214 -0.4832419157028198 0.026088310405611992 0.5460478663444519
-0.41560104489326477 0.3984847664833069 -0.4222539961338043 0.1797160506248474 0.5825130343437195 0.0518745519220829 -0.34040698409080505
-0.0742160826921463 0.26657968759536743 0.16128407418727875 -0.6115709543228149 -0.46006113290786743 0.5485470294952393 0.10409397631883621
-0.5337390899658203 -0.2475837618112564 -0.17703364789485931 -0.10470471531152725 0.011896266601979733 0.5345607995986938 -0.5706348419189453
-0.4729120433330536 0.7545580863952637 0.1068582758307457 -0.1251843273639679 0.2854646146297455 -0.2859070599079132 -0.12912632524967194
-0.23654654622077942 0.405856728553772 -0.49665120244026184 -0.03326684236526489 0.31365761160850525 0.04448111727833748 -0.6566560864448547
0.042062561959028244 -0.6790091395378113 -0.27847620844841003 -0.4120121896266937 0.14051420986652374 0.42252159118652344 0.3026641607284546
-0.2042391300201416 0.40684908628463745 0.13172771036624908 -0.2284839153289795 0.6980765461921692 -0.4778139889240265 -0.08709791302680969
0.1548045575618744 -0.6411588191986084 -0.3498014807701111 -0.5435568690299988 0.32177120447158813 -0.0011098514078184962 -0.20880122482776642
0.04520658403635025 -0.6136525869369507 0.13947512209415436 0.4809909462928772 -0.2819347679615021 -0.3560318946838379 -0.40538305044174194
-0.15165574848651886 -0.5481768846511841 -0.7034726142883301 -0.21902023255825043 -0.08938466012477875 0.12176923453807831 0.3329288363456726
0.168623685836792 0.5687780380249023 -0.45763060450553894 0.5373826026916504 0.13480278849601746 0.24404509365558624 -0.2685554027557373
-0.41894200444221497 -0.17085495591163635 -0.4749494194984436 -0.1815132051706314 0.7144513726234436 0.03798207640647888 -0.1577616184949875
0.3854287266731262 0.5729140043258667 -0.3593420088291168 0.3188712000846863 0.46941226720809937 0.19158311188220978 -0.18803389370441437
-0.28393062949180603 0.10838481038808823 0.8005610704421997 -0.31174054741859436 0.09209956228733063 0.3340708315372467 0.22241950035095215
-0.13160698115825653 -0.28609856963157654 0.4034421741962433 -0.4685239791870117 -0.35329732298851013 0.5469255447387695 0.30757150053977966
-0.400111585855484 -0.27405738830566406 -0.3323340117931366 -0.10747399926185608 0.6763531565666199 -0.32463014125823975 -0.2827865779399872
0.04547860100865364 0.38360124826431274 -0.27434414625167847 0.7114262580871582 0.14743347465991974 -0.22456105053424835 -0.4441007077693939
-0.3916653096675873 0.3725534975528717 -0.6623261570930481 0.1445951908826828 0.33694329857826233 -0.15707454085350037 -0.33168545365333557
0.04493313282728195 -0.4813881516456604 -0.6044783592224121 -0.3500750958919525 -0.2341841459274292 -0.3590327203273773 0.30749478936195374
-0.3817065358161926 -0.5898804664611816 -0.37533631920814514 -0.2597512900829315 -0.4510572850704193 0.16202951967716217 -0.2613174021244049
0.013526245951652527 0.5903986096382141 0.02153061144053936 -0.6805151700973511 0.22067703306674957 -0.37278929352760315 -0.0034493887796998024
-0.5439775586128235 0.308716356754303 0.2329719066619873 -0.3919669985771179 0.42965805530548096 -0.16362424194812775 -0.43530407547950745
-0.0292033851146698 -0.49530744552612305 -0.3252435028553009 -0.17945025861263275 -0.42548292875289917 0.42376282811164856 0.5051943063735962
-0.2252717763185501 0.2730594277381897 0.35521435737609863 -0.7326931953430176 0.26694434881210327 0.3650309443473816 -0.0846630185842514
-0.4531075656414032 -0.08698428422212601 -0.7420047521591187 0.025384558364748955 0.13002192974090576 -0.20476943254470825 -0.4208033084869385
-0.36455777287483215 0.44888150691986084 0.2476350963115692 -0.698062539100647 -0.17509697377681732 0.09575275331735611 0.27777886390686035
-0.3595668375492096 -0.03357322886586189 -0.8627136945724487 0.0608394630253315 0.09212255477905273 -0.17226415872573853 -0.2888711988925934
-0.23935391008853912 0.5644243955612183 -0.006731271278113127 -0.5553649663925171 0.29298660159111023 -0.40738239884376526 -0.2527007460594177
-0.6259063482284546 -0.6347497701644897 -0.15867464244365692 -0.004222446121275425 -0.345660001039505 -0.03815923631191254 -0.24331386387348175
-0.4286684989929199 0.5422748923301697 0.2603484094142914 0.07382716238498688 0.4509306848049164 -0.23560869693756104 -0.4360039532184601
0.016047636047005653 -0.09247780591249466 -0.7777986526489258 -0.211828351020813 0.3267785310745239 -0.44219735264778137 -0.1975490003824234
0.4047551155090332 0.4764038026332855 0.664059042930603 0.16867652535438538 0.28169766068458557 0.09614434093236923 -0.22625020146369934
-0.31781601905822754 -0.7132102251052856 -0.22197026014328003 0.0745251476764679 0.3390320837497711 0.46812406182289124 0.03763484209775925
-0.25165608525276184 -0.7108505964279175 -0.10026384145021439 -0.32529765367507935 0.4952704906463623 -0.06004716828465462 0.25805139541625977
-0.419208288192749 0.7209692001342773 0.16633671522140503 -0.41854801774024963 -0.1618293821811676 0.10786262899637222 -0.2525753080844879
-0.5462754964828491 -0.1931077241897583 -0.6078338623046875 0.18628525733947754 0.26249104738235474 -0.36085638403892517 -0.24700085818767548
-0.310847669839859 -0.08243104815483093 -0.8365781903266907 0.2916165292263031 -0.2551809847354889 -0.19850926101207733 0.08457168191671371
-0.06919971853494644 -0.5915153622627258 -0.5208403468132019 -0.34454429149627686 -0.426019549369812 0.12003011256456375 -0.24379432201385498
0.08971062302589417 -0.17014169692993164 0.20917712152004242 0.37644821405410767 0.22014351189136505 -0.07193394750356674 -0.8508217930793762
0.12683764100074768 -0.6197847127914429 -0.19778521358966827 -0.13296324014663696 -0.726041853427887 0.08155223727226257 0.09588231146335602
0.2440052479505539 -0.460919588804245 -0.4973856210708618 -0.48536965250968933 0.3760244846343994 0.31418168544769287 0.0702415481209755
-0.7225474119186401 -0.39303499460220337 -0.33846113085746765 0.03044045902788639 -0.12964871525764465 -0.049408961087465286 -0.4344148337841034
0.17005972564220428 0.3473450839519501 -0.1986849308013916 0.28617700934410095 0.16438131034374237 -0.5225399136543274 -0.6549724340438843
0.14940086007118225 0.6851930618286133 0.3544541001319885 0.3152015507221222 0.4966355860233307 -0.07935909926891327 -0.1739410012960434
-0.5288041234016418 -0.6527543663978577 -0.23771780729293823 -0.1914677768945694 -0.3672495484352112 -0.06913204491138458 -0.24790479242801666
0.5915666818618774 0.05528412386775017 0.752008318901062 -0.1450633853673935 -0.09930591285228729 0.20438560843467712 -0.09379568696022034
-0.44006380438804626 -0.0041725654155015945 0.5151280164718628 -0.4219750165939331 0.058074504137039185 0.5797778964042664 0.15294307470321655
-0.28880321979522705 0.661662220954895 0.4243139326572418 0.034312427043914795 0.39683008193969727 -0.13137173652648926 -0.35049039125442505
-0.1076580211520195 -0.07108815759420395 -0.5295339226722717 0.6616594195365906 0.03498135879635811 -0.22510144114494324 -0.46180352568626404
0.7163210511207581 -0.28678032755851746 -0.5492182970046997 -0.07275586575269699 -0.11718128621578217 -0.24485379457473755 -0.15499091148376465
0.19692844152450562 -0.13151200115680695 0.8673257827758789 -0.3845445513725281 0.15672917664051056 -0.12687893211841583 -0.055973660200834274
-0.07511880993843079 -0.7434241771697998 0.10340384393930435 -0.2694881558418274 0.062102194875478745 0.3555697202682495 0.47757193446159363
-0.2319718599319458 0.824591338634491 -0.30119413137435913 -0.13111038506031036 0.3406156897544861 0.11052534729242325 0.17348045110702515
0.15584519505500793 -0.005743411369621754 -0.2727205455303192 0.38513389229774475 -0.113102987408638 -0.4248086214065552 -0.7481444478034973
0.5452554225921631 -0.7863044738769531 0.1039842739701271 0.1368834376335144 -0.06638355553150177 -0.05301375687122345 -0.21829964220523834
-0.5025373101234436 0.6431283950805664 0.23099197447299957 -0.5116053819656372 0.07456199079751968 -0.04843539372086525 -0.10411202162504196
-0.45030418038368225 -0.1069536954164505 -0.3844520151615143 0.28104084730148315 0.5545671582221985 0.2497275024652481 -0.4348461925983429
-0.4967869222164154 -0.7967607975006104 0.09333586692810059 -0.01616612821817398 0.0957169458270073 0.12823686003684998 -0.2894749343395233
-0.39398807287216187 0.06168025732040405 -0.6153775453567505 0.3849409520626068 0.2891278862953186 -0.30854618549346924 -0.3678370714187622
0.03658384457230568 0.6482702493667603 0.29170817136764526 0.13721661269664764 0.307968407869339 -0.5832227468490601 -0.19872568547725677
0.11338532716035843 0.10596809536218643 -0.46717384457588196 -0.4049501121044159 0.254278302192688 0.08007963001728058 -0.7229165434837341
0.12585818767547607 -0.6722086668014526 0.1871126890182495 0.42993617057800293 0.3812382221221924 -0.3717275559902191 -0.1700439304113388
0.1503514051437378 -0.6155387759208679 -0.12040985375642776 0.2178070992231369 -0.5062374472618103 -0.07689186185598373 0.5238123536109924
0.4507540166378021 -0.19346362352371216 0.003550861729308963 0.5981647372245789 0.45946359634399414 -0.13073408603668213 -0.41639018058776855
0.2558627724647522 0.4275456666946411 -0.39245152473449707 0.6225306391716003 0.2336515188217163 -0.24022276699543 -0.3128521740436554
-0.31457698345184326 -0.43455153703689575 0.6218729615211487 -0.4991525411605835 -0.061645571142435074 0.12915776669979095 0.23631589114665985
0.01200988981872797 0.47168877720832825 -0.5901970863342285 0.03985482454299927 0.6068810224533081 0.23191872239112854 -0.07316847890615463
0.472319096326828 -0.23029378056526184 -0.5952515006065369 -0.3767128586769104 -0.4409724175930023 0.02416214905679226 0.18056069314479828
-0.29177382588386536 0.03317299857735634 0.45059072971343994 -0.5762820839881897 -0.4093323349952698 0.2519352436065674 0.38420069217681885
-0.1267888993024826 0.34650158882141113 -0.12016306817531586 -0.5551819801330566 -0.4217624068260193 0.3112095594406128 0.5161977410316467
-0.005013983231037855 -0.10239283740520477 -0.7982273697853088 -0.5372629165649414 0.12167113274335861 0.02241496555507183 0.21992260217666626
0.089114710688591 0.8638872504234314 0.2750445008277893 0.32173436880111694 0.11764191836118698 -0.18175819516181946 -0.1404246836900711
-0.2546393573284149 -0.22323058545589447 0.5148470401763916 -0.7311692833900452 -0.04771820083260536 -0.17158497869968414 -0.23223359882831573
-0.41487690806388855 -0.7143973708152771 -0.35979023575782776 -0.20411257445812225 -0.32013681530952454 -0.06166456267237663 -0.20028065145015717
0.055823396891355515 -0.540840744972229 0.1527104526758194 0.25848257541656494 -0.7019126415252686 0.22070352733135223 -0.26990726590156555
0.4319623112678528 -0.609382152557373 0.1644444763660431 0.39526644349098206 0.10624571889638901 0.04296311363577843 -0.4956313669681549
0.7043230533599854 -0.5802567005157471 0.04323067516088486 0.2080274224281311 -0.020986396819353104 0.2302035391330719 -0.26201677322387695
0.04317765682935715 0.7478893995285034 0.2917134463787079 0.009209900163114071 0.33905744552612305 -0.001146757509559393 -0.488522469997406
0.49140772223472595 -0.17968612909317017 0.008850805461406708 0.5530195832252502 0.444353312253952 -0.10143286734819412 -0.4610682725906372
-0.22796735167503357 0.45221468806266785 -0.39910390973091125 0.3341304659843445 0.42632925510406494 0.21889172494411469 -0.49288490414619446
-0.487358957529068 -0.022171352058649063 -0.7581624388694763 -0.15414299070835114 0.04851248115301132 -0.2185303270816803 -0.33661597967147827
-0.4160299301147461 -0.045870810747146606 0.563299834728241 -0.6994364261627197 0.11667262017726898 0.006457835901528597 -0.06813737750053406
-0.26836806535720825 -0.3285703957080841 -0.41308528184890747 0.15653902292251587 -0.18303664028644562 -0.19531607627868652 -0.7437912821769714
0.3024378716945648 -0.7555543184280396 0.1984417587518692 0.28808754682540894 -0.30027469992637634 0.34374356269836426 0.08349261432886124
0.044905588030815125 -0.3963899612426758 -0.8494313359260559 -0.3170746862888336 0.0013814630219712853 0.02906847558915615 -0.13394631445407867
0.18107269704341888 0.4201812744140625 -0.2157151699066162 0.5384278893470764 0.5017573833465576 -0.055369503796100616 -0.44653835892677307
-0.05959869176149368 0.839718759059906 -0.09154867380857468 -0.3484221398830414 0.12798427045345306 -0.005368017591536045 -0.3809624910354614
0.7246547937393188 0.01014122273772955 -0.5045909881591797 0.3610808551311493 -0.015502018854022026 -0.29818639159202576 -0.025013960897922516
-0.3669257164001465 0.11543607711791992 0.130841463804245 -0.6801155805587769 0.5232229828834534 0.11658962815999985 0.29156115651130676
-0.484536737203598 -0.05195610970258713 -0.3951338529586792 0.06436000764369965 0.3795102536678314 0.40683966875076294 -0.5410224199295044
-0.29144343733787537 0.8488640189170837 0.19090084731578827 -0.031000975519418716 0.36690181493759155 -0.14883193373680115 -0.017846494913101196
-0.652806282043457 -0.23542581498622894 -0.5486659407615662 -0.13945074379444122 -0.12811103463172913 -0.043307699263095856 -0.4238511919975281
-0.5694621205329895 -0.2570866644382477 -0.2199821174144745 0.046346571296453476 0.6822149753570557 -0.284559428691864 -0.11264020204544067
0.39232519268989563 -0.25682514905929565 -0.4929122030735016 0.36270207166671753 -0.11676584184169769 -0.3838746249675751 -0.4945833384990692
-0.14372867345809937 -0.31176668405532837 -0.7625704407691956 -0.18616452813148499 -0.45457255840301514 0.13971421122550964 0.1995406448841095
-0.16932405531406403 0.4895176291465759 -0.5337573885917664 0.1328086256980896 -0.1054941713809967 -0.24410027265548706 -0.5987092852592468
0.33425864577293396 0.4929771423339844 0.39478063583374023 -0.1245228499174118 -0.23910202085971832 -0.6198995113372803 0.18011574447155
-0.06131595000624657 -0.17078858613967896 0.5003560185432434 -0.5890257358551025 -0.431070476770401 0.1561829298734665 0.39943626523017883
-0.48547282814979553 -0.3192802369594574 -0.5187953114509583 0.2618260681629181 -0.1725740134716034 0.09415798634290695 -0.5348150730133057
-0.6057937741279602 -0.5497905611991882 -0.4581184685230255 0.06374988704919815 0.14169621467590332 -0.2584303021430969 0.17304201424121857
0.12216081470251083 -0.9182512760162354 0.25365182757377625 0.16862088441848755 -0.013981826603412628 0.11359808593988419 0.18978701531887054
0.03414693474769592 -0.008445690385997295 -0.16121165454387665 0.7959744334220886 -0.061727575957775116 -0.2859768867492676 -0.5035921335220337
-0.47305530309677124 0.7339041829109192 0.09346452355384827 -0.1809956580400467 0.3311600387096405 -0.20560994744300842 -0.2101569026708603
0.021805530413985252 -0.3723580539226532 0.47077006101608276 -0.6103507876396179 0.07423199713230133 -0.07934623956680298 0.5048912763595581
-0.05073701962828636 0.5450943112373352 -0.38942235708236694 0.45556876063346863 0.14108620584011078 -0.48396700620651245 -0.2949167490005493
-0.5996591448783875 -0.7449807524681091 0.11599930375814438 -0.07117333263158798 0.11159766465425491 0.1463243067264557 -0.18173150718212128
-0.08722937107086182 -0.05025523900985718 -0.47945213317871094 -0.27624452114105225 0.4966834783554077 -0.06438692659139633 -0.6579056978225708
-0.19254525005817413 -0.8472845554351807 0.04308490455150604 -0.23264172673225403 -0.13875532150268555 0.2748242914676666 0.3070429563522339
-0.13419967889785767 0.3903549313545227 -0.6751673221588135 0.11261175572872162 0.2238968461751938 -0.17004811763763428 -0.5310696959495544
-0.14927448332309723 0.4373522698879242 -0.469522088766098 0.42478135228157043 0.6024273633956909 0.14990854263305664 0.012591340579092503
-0.1806837022304535 -0.6642276048660278 -0.018980998545885086 -0.3046042025089264 -0.2701813876628876 0.5908060669898987 0.10469648241996765
0.22895590960979462 -0.791288435459137 0.4547902047634125 0.20331719517707825 0.010856089182198048 -0.1405903846025467 0.23105469346046448
-0.4380800127983093 -0.1915161907672882 -0.45084500312805176 -0.038767967373132706 0.5528842806816101 0.1808229386806488 -0.4777712821960449
-0.05319901555776596 0.7760891318321228 -0.0004695162351708859 -0.2260660082101822 0.42453891038894653 0.0010473732836544514 -0.404369980096817
0.04145289957523346 -0.04050690680742264 0.5603563785552979 -0.1434483677148819 -0.6587570905685425 0.417747437953949 0.23149585723876953
-0.1143711507320404 0.4105548560619354 -0.37462911009788513 0.5748734474182129 -0.04683017358183861 -0.4065546989440918 -0.4243321716785431
-0.2018248736858368 -0.49107733368873596 -0.26647377014160156 -0.3723140358924866 -0.4690648913383484 0.2732522487640381 0.4623798429965973
0.7187257409095764 -0.640511691570282 0.2241089642047882 0.08488377183675766 0.11919542402029037 0.01466483622789383 -0.03640665113925934
-0.23080934584140778 0.8590836524963379 0.0626908540725708 -0.2273639440536499 0.1200353130698204 -0.15721066296100616 -0.33757102489471436
0.11012918502092361 -0.7968801259994507 0.366213858127594 0.23879508674144745 -0.3434518277645111 0.20133967697620392 0.05675503984093666
0.49389925599098206 -0.7815393209457397 -0.16599029302597046 0.1609012335538864 -0.24117183685302734 -0.05611148476600647 0.17465828359127045
0.013953812420368195 -0.8223467469215393 0.34461522102355957 0.18440832197666168 -0.3577476441860199 0.13982674479484558 -0.15247967839241028
-0.688910722732544 -0.028233248740434647 -0.6235641837120056 0.19735488295555115 0.30065473914146423 -0.06473954021930695 0.04731890186667442
0.16053786873817444 -0.5140097737312317 0.22878503799438477 0.3976910710334778 -0.2029476910829544 0.03824220970273018 -0.6759219765663147
-0.31315821409225464 0.34799933433532715 0.1637803018093109 -0.5501916408538818 -0.5364721417427063 -0.001563039142638445 0.40433743596076965
-0.13405165076255798 0.2791736125946045 -0.5925935506820679 0.18186700344085693 0.339875727891922 -0.4128638803958893 -0.4836088716983795
0.06149368733167648 -0.7817985415458679 -0.20448710024356842 -0.4357069730758667 -0.19558563828468323 0.07867717742919922 0.3300155997276306
0.1489161103963852 -0.1842872053384781 -0.14557643234729767 0.24152065813541412 -0.4112711548805237 -0.6574969291687012 -0.5127294063568115
-0.5824148058891296 -0.11217410862445831 -0.5420287847518921 -0.035649269819259644 0.10844652354717255 -0.3296942710876465 -0.4823741018772125
-0.09312327951192856 0.26124462485313416 -0.5970562100410461 0.3573331832885742 0.24337084591388702 -0.299655944108963 -0.5384172201156616
-0.020989099517464638 -0.41618263721466064 0.14465712010860443 0.5541042685508728 -0.16277377307415009 0.6463391780853271 -0.23269011080265045
0.01919148862361908 -0.4992465078830719 -0.6982779502868652 0.13363979756832123 -0.43028122186660767 -0.12145013362169266 0.21222840249538422
-0.14401090145111084 0.03523910045623779 -0.7324135303497314 0.45099684596061707 0.17027395963668823 -0.2016855776309967 -0.4105131924152374
-0.22049453854560852 0.597843587398529 0.6503830552101135 0.11639959365129471 -0.026375267654657364 -0.3612658381462097 -0.16189396381378174
-0.5463574528694153 -0.028156669810414314 -0.4711795747280121 0.28487247228622437 -0.1712617427110672 -0.36340075731277466 -0.4859500825405121
0.3659529983997345 -0.615719199180603 0.1696503609418869 0.46782031655311584 0.09453614801168442 0.05145006999373436 -0.4772283732891083
-0.0377197191119194 0.5124175548553467 0.3417685329914093 0.1939261108636856 0.6007076501846313 -0.4247680604457855 -0.20078541338443756
-0.3980511724948883 0.34227049350738525 -0.35079342126846313 0.16789168119430542 0.6278420090675354 -0.10258346796035767 -0.41043099761009216
0.12910407781600952 0.06554663181304932 -0.578870415687561 0.7008858323097229 -0.09555663168430328 0.06695055216550827 -0.3729482591152191
0.2417038232088089 0.33280807733535767 -0.19342976808547974 0.34534701704978943 0.443329393863678 -0.6741028428077698 -0.15225902199745178
0.38047122955322266 -0.5685343742370605 -0.06885165721178055 0.4061570465564728 -0.5011783838272095 -0.26293033361434937 -0.20492495596408844
0.21703827381134033 -0.29884886741638184 -0.2934074401855469 0.6017553210258484 -0.4074617326259613 -0.06508772820234299 -0.4951009750366211
0.0932237058877945 -0.03257741034030914 -0.515982985496521 -0.37432923913002014 0.44289472699165344 -0.2391691952943802 -0.5749170780181885
-0.44727271795272827 -0.7369840741157532 -0.03241274505853653 -0.09676283597946167 0.40243762731552124 0.24222201108932495 0.16050061583518982
-0.37205618619918823 0.09770746529102325 -0.2558478116989136 -0.009791034273803234 0.41080448031425476 -0.6310920119285583 -0.4684399366378784
-0.5747618675231934 -0.5864468812942505 -0.050999965518713 -0.07518704235553741 0.17934022843837738 0.17942455410957336 -0.5031090378761292
-0.23657581210136414 0.7224985957145691 -0.03419572114944458 -0.1154581680893898 0.5653099417686462 0.13584820926189423 -0.26362401247024536
-0.040194641798734665 -0.7658257484436035 0.3951105773448944 0.23824085295200348 -0.183566153049469 -0.40450358390808105 0.041286617517471313
0.5540550351142883 -0.038122162222862244 -0.29451078176498413 -0.04313569515943527 0.11541964113712311 -0.05502421408891678 -0.765913188457489
-0.19088706374168396 0.8419252634048462 -0.01149993110448122 -0.32235801219940186 0.2533436715602875 -0.12348715215921402 -0.2669174075126648
-0.4503735303878784 0.6776584386825562 0.17692740261554718 -0.12023819983005524 0.05103138089179993 -0.5359401702880859 -0.04843761399388313
-0.21836920082569122 -0.057610783725976944 -0.8196661472320557 -0.11123429983854294 -0.47718411684036255 0.18763726949691772 -0.04310176149010658
-0.1837421953678131 0.1504216343164444 0.34816592931747437 -0.8432233929634094 -0.1798490285873413 -0.2616047263145447 0.10287945717573166
0.23520222306251526 -0.6142920851707458 0.45306017994880676 -0.06006378307938576 -0.45458856225013733 0.2440268099308014 -0.3037334382534027
-0.39748460054397583 -0.4387558102607727 -0.7736063003540039 0.0883311852812767 0.11893898993730545 -0.14456526935100555 0.09046947211027145
-0.5556556582450867 0.6571402549743652 0.00862454529851675 -0.010018733330070972 -0.07340330630540848 -0.3185521066188812 -0.3903527557849884
-0.36109063029289246 -0.7676690220832825 -0.14269354939460754 0.12414457648992538 0.3450165390968323 0.3520876169204712 -0.039017241448163986
-0.1422758251428604 0.736437976360321 0.02442949078977108 -0.07189913094043732 0.22527152299880981 0.15879760682582855 -0.5963945984840393
-0.32995787262916565 -0.38050729036331177 -0.6081896424293518 -0.018680213019251823 -0.2316768318414688 0.44716528058052063 0.3499535024166107
0.03917818143963814 -0.7037903070449829 -0.2749008238315582 -0.33914661407470703 -0.3919235169887543 0.2732923626899719 0.29027673602104187
-0.08553575724363327 0.639765739440918 0.19754870235919952 -0.21502332389354706 0.7042507529258728 0.00403989851474762 0.04623411223292351
-0.038370531052351 -0.6023222804069519 -0.2756146192550659 -0.3131163716316223 -0.41889432072639465 0.39482659101486206 0.3610677421092987
-0.5070538520812988 -0.6963852643966675 -0.1503005176782608 -0.09992868453264236 0.3023536801338196 0.34781986474990845 0.11389252543449402
-0.4094409644603729 -0.42022186517715454 -0.5541324615478516 0.1023738905787468 0.31378600001335144 -0.37163957953453064 0.31882718205451965
-0.4224965274333954 -0.663307785987854 -0.1956983208656311 -0.054541755467653275 0.15797200798988342 0.5614750385284424 -0.006123380735516548
-0.38427039980888367 0.017252866178750992 0.6439868807792664 -0.37083256244659424 0.09637553244829178 0.5058577656745911 0.18607093393802643
0.7118391394615173 -0.6275900602340698 0.0445743165910244 0.07780982553958893 -0.07869190722703934 0.24116556346416473 -0.1643812507390976
-0.49268975853919983 -0.07773228734731674 -0.7687691450119019 0.023078763857483864 0.1444980949163437 -0.18888086080551147 -0.3211232125759125
0.7476291656494141 -0.5833186507225037 0.0878903716802597 0.11588763445615768 -0.1044854074716568 0.22195608913898468 -0.13947582244873047
-0.15998248755931854 -0.29507148265838623 -0.22247809171676636 0.6680707335472107 -0.5647494792938232 -0.21158869564533234 -0.16676802933216095
0.4113790988922119 -0.052880629897117615 -0.0349886529147625 0.7267758846282959 0.36202549934387207 -0.11994967609643936 -0.39127102494239807
-0.2633293569087982 0.27788129448890686 -0.4401044249534607 0.22676923871040344 0.3676273226737976 -0.5224230289459229 -0.44749051332473755
0.3382047116756439 -0.2781919240951538 -0.4397977292537689 0.3424587845802307 -0.1279221922159195 -0.40070053935050964 -0.5662169456481934
0.4140259623527527 0.3293132781982422 -0.47521287202835083 0.6652816534042358 -0.15060727298259735 -0.15415342152118683 0.07254257798194885
0.5670619010925293 -0.0879349634051323 0.6284156441688538 -0.37364354729652405 -0.2523670196533203 0.08742384612560272 -0.2546771466732025
-0.6546133756637573 -0.3327646851539612 -0.3658060133457184 -0.35777851939201355 -0.0832936242222786 -0.26610267162323 -0.3481105864048004
0.047378066927194595 -0.37294331192970276 0.2102377861738205 0.37108099460601807 0.30724069476127625 -0.13185811042785645 -0.7516542673110962
-0.08925506472587585 0.4327510893344879 -0.3254794478416443 0.4755968749523163 0.4001653492450714 -0.3408431112766266 -0.4430851936340332
0.3410046100616455 -0.051701854914426804 0.007160625886172056 0.6961004734039307 0.2506958842277527 -0.11020932346582413 -0.5669577717781067
-0.250223845243454 0.4268943965435028 -0.7130274772644043 0.32493168115615845 0.284590482711792 -0.004881507717072964 -0.24524441361427307
-0.03191470727324486 -0.6773296594619751 -0.059280119836330414 0.06853573769330978 -0.22079995274543762 -0.3372569978237152 0.6078649163246155
-0.29627862572669983 0.36192306876182556 -0.5700685381889343 0.2479303777217865 0.3401187062263489 -0.16274401545524597 -0.50260990858078
0.28681832551956177 -0.14441920816898346 -0.4924679696559906 -0.42760106921195984 0.010960235260426998 0.24467219412326813 -0.6415032148361206
-0.27483394742012024 0.2841942310333252 -0.6433890461921692 0.3348362147808075 0.5061898231506348 -0.17678119242191315 -0.17365306615829468
-0.2191990166902542 -0.2891479730606079 -0.605164110660553 0.19451768696308136 -0.5177178978919983 -0.18829521536827087 -0.40099582076072693
-0.19949598610401154 0.2814609110355377 -0.8821507096290588 -0.09273114055395126 0.034219447523355484 -0.12169117480516434 0.2796649932861328
0.095523402094841 0.06276281923055649 -0.8713701963424683 -0.21828730404376984 0.09993459284305573 0.029497956857085228 -0.4112708568572998
0.48992621898651123 -0.1223658099770546 -0.42101767659187317 0.4653984010219574 0.04984137788414955 -0.45668065547943115 -0.37430745363235474
0.02809249982237816 -0.08292960375547409 0.9661330580711365 0.1589345932006836 0.005385103635489941 -0.02583574503660202 -0.18155916035175323
0.1638984978199005 0.7741639018058777 0.4352774918079376 0.0779179260134697 0.376161128282547 0.03303038328886032 -0.18889600038528442
0.16507118940353394 -0.6491044163703918 -0.5760528445243835 -0.3885136544704437 -0.14828531444072723 -0.21596276760101318 -0.002607466885820031
-0.08344309031963348 -0.5338690280914307 -0.4562721848487854 -0.34225815534591675 0.2097347229719162 0.48848459124565125 -0.31637072563171387
0.1048436090350151 -0.05089731514453888 -0.6792582273483276 -0.2734150290489197 0.14536736905574799 -0.43563371896743774 -0.489245742559433
-0.20290905237197876 -0.3467615246772766 -0.7216944098472595 -0.20750311017036438 -0.07858353853225708 -0.23901231586933136 -0.45976269245147705
-0.3390761613845825 -0.19523710012435913 -0.7419765591621399 0.28706344962120056 -0.22266405820846558 0.24175763130187988 -0.3254983723163605
-0.5294162034988403 -0.6490920186042786 -0.2466352880001068 -0.19872815907001495 -0.36669522523880005 -0.022092849016189575 -0.25124216079711914
0.020619414746761322 -0.46170246601104736 -0.5010247230529785 -0.4822143614292145 -0.1992684304714203 -0.2983866333961487 -0.41726118326187134
0.15308214724063873 -0.025449058040976524 -0.2491689920425415 0.6786984801292419 0.5936725735664368 0.18471045792102814 -0.2581399977207184
-0.415625661611557 -0.07927562296390533 -0.4795655310153961 0.007839328609406948 0.6715874671936035 0.10431889444589615 -0.3591850697994232
-0.12229575216770172 0.35212618112564087 0.03344658389687538 0.43327459692955017 0.27181926369667053 -0.18519747257232666 -0.7510135769844055
-0.25389784574508667 -0.8169792890548706 0.07880079001188278 -0.07521132379770279 -0.501351535320282 0.06933823972940445 -0.007300428114831448
-0.2894975244998932 0.6812272071838379 0.20863352715969086 -0.024018030613660812 0.507115364074707 -0.37134629487991333 0.11380615830421448
0.20258593559265137 0.15367326140403748 -0.49553927779197693 -0.07909180223941803 0.6382483243942261 -0.167070209980011 -0.49825239181518555
0.39172646403312683 -0.09569814801216125 -0.34146350622177124 0.678450882434845 0.16651727259159088 -0.4662608802318573 -0.12398428469896317
-0.06266378611326218 0.0032838548067957163 -0.8857681751251221 -0.228640615940094 0.2045419067144394 -0.2277376353740692 -0.2559271454811096
0.047858696430921555 0.5207741856575012 -0.22320669889450073 0.5543228983879089 0.5177335739135742 0.0035188181791454554 -0.31835228204727173
-0.48304691910743713 0.5032554864883423 0.2340489774942398 -0.20669566094875336 0.04335597902536392 0.30545681715011597 -0.5663161277770996
0.5174105167388916 -0.23792333900928497 -0.2893333435058594 0.37381482124328613 0.13604092597961426 -0.6300392150878906 -0.19175781309604645
0.13296866416931152 -0.23493047058582306 0.31848299503326416 0.34364771842956543 0.4937465488910675 -0.47465625405311584 -0.4883825182914734
0.3100239634513855 0.6441985964775085 0.532936692237854 -0.13434357941150665 0.3264133334159851 0.2833280563354492 -0.001760453567840159
0.10455761104822159 0.9540647268295288 0.001229362445883453 -0.03407597914338112 0.22329331934452057 0.03910735622048378 0.16210001707077026
-0.0729319229722023 -0.39897865056991577 -0.47891202569007874 -0.07563367486000061 0.6283528208732605 0.3618328869342804 0.27325719594955444
-0.28531110286712646 0.0020313558634370565 -0.4928516745567322 -0.123921699821949 0.28972136974334717 0.44743612408638 -0.6133486032485962
-0.01640968583524227 0.7923444509506226 0.11801975965499878 0.08783784508705139 0.30913418531417847 -0.4412843883037567 -0.24490986764431
0.7343263030052185 0.07071257382631302 -0.08575428277254105 0.5010105967521667 0.39385560154914856 0.1276593804359436 -0.16118347644805908
0.09258698672056198 0.5564382672309875 -0.1049017682671547 -0.6408440470695496 -0.23843346536159515 -0.15480512380599976 0.42344239354133606
-0.6290137767791748 0.005878784228116274 0.29605647921562195 -0.653735876083374 0.23795606195926666 0.10568070411682129 -0.14661391079425812
-0.4044703543186188 0.7398673892021179 0.13505247235298157 -0.4403464198112488 -0.13942880928516388 0.1298646181821823 -0.20137186348438263
-0.45064809918403625 0.45851579308509827 0.3533038794994354 -0.41694626212120056 0.3349425494670868 0.25742390751838684 -0.3309958577156067
-0.19576764106750488 -0.2519446015357971 0.20485919713974 -0.5280112028121948 -0.25555822253227234 0.6575789451599121 0.28233984112739563
0.19502389430999756 -0.13853763043880463 -0.5584512948989868 0.42010006308555603 -0.4437497854232788 -0.44428470730781555 -0.2451905459165573
0.08150586485862732 0.7118856906890869 0.054297249764204025 -0.5980514883995056 0.20788182318210602 -0.18660594522953033 0.21891824901103973
-0.08356112986803055 -0.5374672412872314 -0.6884465217590332 -0.23520946502685547 0.03542441502213478 0.18367111682891846 0.3739977777004242
0.30326706171035767 -0.2105116993188858 0.7536518573760986 -0.34433549642562866 0.14303313195705414 -0.3466821610927582 0.19107301533222198
-0.02696624957025051 -0.10739046335220337 0.05496807023882866 0.5254252552986145 0.29832595586776733 -0.30442991852760315 -0.7259277105331421
0.20208974182605743 0.287025511264801 -0.14590927958488464 0.5709992051124573 0.6971195340156555 -0.17108365893363953 -0.11916863918304443
-0.5043879747390747 0.031381722539663315 0.515180766582489 -0.556999921798706 0.1905958354473114 0.013321369886398315 -0.3639279305934906
-0.33490708470344543 -0.6184989809989929 -0.10044515877962112 -0.33006879687309265 -0.4163285493850708 0.4308522939682007 0.16522255539894104
-0.3039332926273346 0.14458975195884705 -0.04641903191804886 0.42633554339408875 0.3537469506263733 -0.6686356067657471 -0.36137402057647705
0.34456706047058105 -0.7888118624687195 0.13058827817440033 0.09988314658403397 -0.041031863540410995 0.07795160263776779 -0.47356030344963074
0.11374710500240326 -0.18696609139442444 0.6383938193321228 -0.15892639756202698 -0.38855141401290894 0.597719669342041 0.10516659915447235
0.007747936993837357 -0.4998539090156555 -0.005743285175412893 0.7621536254882812 0.23168355226516724 0.17465122044086456 -0.29153820872306824
-0.2311757653951645 -0.7323632836341858 -0.2096952646970749 0.08091981709003448 0.3030132055282593 0.5077255368232727 0.10039615631103516
-0.26818063855171204 -0.3276185095310211 -0.6820350289344788 -0.36280664801597595 0.039060965180397034 -0.22116413712501526 -0.4165397882461548
-0.10169923305511475 0.6763713359832764 0.6037865877151489 -0.057236816734075546 0.03858207166194916 -0.4034539461135864 -0.009008926339447498
0.010066840797662735 -0.45650514960289 0.7459930181503296 -0.1539929062128067 0.10692191123962402 -0.20659343898296356 0.39644569158554077
0.6675704717636108 0.13300812244415283 -0.495432049036026 0.3339303433895111 0.0831575021147728 -0.3222658932209015 -0.2625368535518646
0.10687890648841858 -0.23061618208885193 0.7595698833465576 -0.03846924379467964 -0.4116826057434082 -0.033411700278520584 0.43170344829559326
-0.4596540331840515 -0.12876605987548828 0.6268463730812073 -0.3842422366142273 0.2905094623565674 0.17351864278316498 0.34213241934776306
0.47021326422691345 0.38454553484916687 -0.3551250696182251 0.3915010392665863 0.5760253071784973 -0.12057944387197495 -0.072751984000206
0.12962706387043 -0.19362594187259674 0.08535094559192657 0.4610436260700226 0.10402676463127136 -0.1787073314189911 -0.8264998197555542
0.09214665740728378 -0.5012212991714478 -0.455802857875824 0.016995171085000038 -0.24695143103599548 0.537346363067627 0.4272177517414093
-0.2927696406841278 0.6927090287208557 0.17407499253749847 -0.3759458065032959 -0.003549230983480811 0.22505271434783936 0.4605880379676819
0.48649662733078003 -0.1171717718243599 0.8014976978302002 -0.27063778042793274 -0.07537246495485306 -0.163608118891716 0.038725726306438446
0.2526627779006958 -0.5381450057029724 0.05474001541733742 0.3489958345890045 0.1340300440788269 0.02076222188770771 -0.7094870209693909
-0.5342240333557129 0.7886378169059753 0.1296592801809311 0.08287250995635986 0.10616758465766907 -0.029411228373646736 -0.23840969800949097
-0.40072694420814514 0.6834949851036072 -0.09034490585327148 -0.5033283829689026 -0.10767512023448944 0.17448526620864868 -0.26212915778160095
0.28025007247924805 -0.6879118084907532 0.24250943958759308 -0.21769405901432037 -0.462314248085022 0.3578336238861084 0.01601000316441059
0.30067408084869385 0.0035198070108890533 0.025814548134803772 0.565500020980835 0.05959353223443031 0.30639079213142395 -0.7012127041816711
0.42115285992622375 -0.27872234582901 -0.1925191730260849 0.20537349581718445 0.6202369928359985 -0.03268876299262047 -0.5290932059288025
0.08554051071405411 -0.2768244445323944 -0.8536243438720703 -0.11464443802833557 -0.07643584907054901 0.051041752099990845 -0.40716752409935
-0.3418734073638916 -0.7667499780654907 -0.18572770059108734 0.24062281847000122 0.03278879076242447 -0.3977546691894531 0.20866040885448456
-0.1481085866689682 -0.29759469628334045 0.5452247262001038 -0.33956217765808105 -0.42326781153678894 0.5456308722496033 0.0077577875927090645
-0.10348351299762726 0.3043903112411499 0.7163931727409363 0.045577362179756165 -0.43522509932518005 -0.22672860324382782 -0.3748525381088257
-0.06646765768527985 -0.04455322399735451 -0.8680626153945923 0.40699502825737 0.2478797882795334 0.08502502739429474 -0.07580029964447021
-0.23950891196727753 0.34214842319488525 -0.4588063359260559 -0.061111848801374435 0.5271619558334351 -0.07851013541221619 -0.5720738172531128
-0.6719868183135986 0.5227446556091309 0.21862244606018066 -0.1798316389322281 -0.1766916662454605 -0.3646726906299591 -0.17558643221855164
0.12328611314296722 0.11465886980295181 0.7839612364768982 0.07996334880590439 -0.11303362995386124 0.0805911049246788 -0.5756673216819763
0.00868508405983448 0.25203725695610046 0.46581360697746277 -0.480215847492218 0.16541370749473572 -0.6142255067825317 0.29013365507125854
0.14478148519992828 0.439578652381897 -0.4369255304336548 0.5332357287406921 0.07847421616315842 -0.5076684355735779 -0.21605397760868073
0.5142070651054382 0.06359191238880157 -0.0356813482940197 0.640470564365387 0.3138442039489746 0.12724965810775757 -0.4531897008419037
-0.08303491771221161 0.048220355063676834 -0.5832973122596741 -0.07459436357021332 0.7850262522697449 0.149322047829628 0.08010391145944595
-0.39599552750587463 0.26711148023605347 0.34411507844924927 -0.46150341629981995 -0.33498549461364746 -0.1805030256509781 0.5437295436859131
-0.3319205939769745 0.20667928457260132 -0.40591350197792053 0.1003994569182396 0.7091951966285706 -0.18035557866096497 -0.36983856558799744
0.29714518785476685 -0.35022518038749695 -0.12940065562725067 0.6251469850540161 0.444382905960083 0.159706249833107 -0.3981351852416992
0.008534361608326435 -0.28065019845962524 0.3213639557361603 -0.47355327010154724 -0.11439234763383865 0.5342577695846558 0.5432478189468384
-0.16216698288917542 0.5503661036491394 -0.7109143137931824 -0.15149733424186707 0.1656646877527237 -0.30011871457099915 -0.1578999161720276
-0.4554192125797272 -0.6885751485824585 -0.18999141454696655 0.011334104463458061 0.27820339798927307 0.4508489966392517 -0.03962882608175278
-0.368330180644989 0.019485507160425186 0.6651079654693604 -0.3380107283592224 0.11995521932840347 0.5151618719100952 0.16598892211914062
-0.22681894898414612 -0.49912315607070923 -0.4632548391819 0.2444293200969696 -0.48727113008499146 0.3941352367401123 -0.17972953617572784
-0.12371193617582321 -0.015700068324804306 0.4639196991920471 -0.8301823139190674 -0.0861058384180069 0.25998827815055847 -0.07082807272672653
-0.13255499303340912 0.3990740478038788 -0.19079436361789703 0.49161049723625183 0.31803596019744873 0.1100737452507019 -0.657132089138031
0.7212173342704773 -0.4016449749469757 -0.11651873588562012 0.43950268626213074 -0.2945832908153534 -0.0910487174987793 0.12929973006248474
-0.17882145941257477 -0.22724983096122742 -0.7680356502532959 0.29462930560112 -0.15434162318706512 -0.4469200074672699 -0.12702883780002594
-0.017128843814134598 -0.7751706838607788 -0.09924225509166718 -0.4784066379070282 -0.0340307280421257 -0.10166867822408676 -0.38548722863197327
0.7124320268630981 -0.6094564199447632 0.07844627648591995 0.2200438380241394 0.039763737469911575 0.127254918217659 -0.22057953476905823
0.5993492007255554 0.03294341266155243 0.550826370716095 -0.22121143341064453 -0.28082147240638733 0.4538652300834656 -0.049966905266046524
0.09662416577339172 -0.001873930566944182 -0.4560961425304413 -0.3599095940589905 0.4278610944747925 -0.11170254647731781 -0.6764310598373413
0.24826690554618835 -0.149621844291687 -0.045103639364242554 0.5834280252456665 0.669303834438324 -0.3506513237953186 -0.05128584802150726
0.44007501006126404 -0.4627220630645752 -0.12918518483638763 0.38418129086494446 -0.5635362267494202 0.051840752363204956 -0.32814261317253113
-0.21916422247886658 -0.41727057099342346 -0.7914257049560547 0.12789058685302734 -0.03977106884121895 -0.16680844128131866 -0.32516908645629883
-0.21048496663570404 -0.15815195441246033 0.46113094687461853 -0.33906474709510803 -0.5046259760856628 -0.0695161521434784 0.5861719250679016
0.13016094267368317 0.5726714730262756 0.3227909207344055 0.0007799724116921425 0.3967268764972687 -0.4545666575431824 -0.432305246591568
-0.5706205368041992 0.284057080745697 -0.3170561194419861 0.03682497888803482 0.5689185261726379 -0.07040852308273315 -0.4039771258831024
-0.45589953660964966 -0.6577454209327698 0.04708723723888397 -0.3380264639854431 0.4647156298160553 -0.14503611624240875 -0.0777910128235817
0.17020539939403534 0.8099428415298462 0.2722151279449463 0.013397823087871075 0.30771157145500183 -0.35279545187950134 -0.14693936705589294
-0.15466225147247314 0.35457029938697815 -0.39094433188438416 0.5660065412521362 0.0563054122030735 -0.0910084992647171 -0.6047360897064209
-0.20638646185398102 -0.18386110663414001 -0.22141021490097046 -0.23619437217712402 0.42770642042160034 -0.2469479888677597 -0.7582039833068848
0.45079001784324646 -0.013293543830513954 -0.2943096160888672 0.3386240303516388 0.027301186695694923 -0.41842716932296753 -0.6476886868476868
0.181870236992836 0.11605016887187958 0.5375165343284607 -0.26958730816841125 -0.2886884808540344 -0.5762302875518799 -0.42008551955223083
-0.174970805644989 0.01512997504323721 0.3834901750087738 -0.6607269048690796 0.08844422549009323 -0.5856353640556335 0.18638764321804047
-0.5142427086830139 -0.0803738683462143 0.5421842336654663 -0.5386524200439453 -0.2701548933982849 -0.2676704525947571 -0.018791474401950836
-0.23297126591205597 0.4535316526889801 -0.7084473967552185 0.3170605003833771 0.22710326313972473 0.10450838506221771 -0.27406275272369385
0.04430350288748741 0.5327334403991699 0.11684360355138779 -0.6635136604309082 0.18155533075332642 -0.01684105023741722 -0.4765327572822571
0.5893964767456055 -0.463983952999115 -0.2742317020893097 0.5228747725486755 -0.1496385633945465 0.05432510003447533 0.25176727771759033
-0.2536999583244324 -0.2911653518676758 -0.7304508686065674 -0.36710527539253235 -0.0009752908954396844 -0.24709591269493103 -0.3485354483127594
0.21668587625026703 0.34821709990501404 -0.43243879079818726 0.29140955209732056 0.17802618443965912 -0.40025749802589417 -0.606605052947998
0.49900761246681213 -0.15997494757175446 -0.4832339286804199 0.6429551839828491 0.18152713775634766 -0.20369142293930054 0.06364494562149048
-0.043843287974596024 0.5004857182502747 0.3597448468208313 -0.29852554202079773 0.30157431960105896 -0.3827342391014099 0.5400235056877136
0.10358503460884094 0.5413528084754944 0.6563739776611328 0.34001684188842773 0.06734142452478409 -0.369128555059433 -0.09475395083427429
-0.7236206531524658 -0.26761946082115173 -0.36173394322395325 0.05395389720797539 -0.28224650025367737 -0.39731544256210327 -0.18294228613376617
0.4569188356399536 -0.13220088183879852 -0.523607611656189 0.27619579434394836 -0.0035263036843389273 -0.4117349684238434 -0.5037469863891602
0.10753750801086426 -0.16895848512649536 0.172097310423851 0.2199397087097168 0.37934496998786926 -0.6454899907112122 -0.5668666958808899
-0.043716106563806534 -0.5868676900863647 -0.6435714960098267 0.12483444064855576 0.09455611556768417 0.11596649140119553 0.44890785217285156
-0.11404440551996231 -0.792190670967102 -0.0131146889179945 -0.2912002503871918 -0.08363733440637589 0.2930753827095032 0.42610999941825867
-0.47816216945648193 0.06534529477357864 0.5456821322441101 -0.4281601011753082 0.019177811220288277 0.49755144119262695 0.1951298862695694
0.19265657663345337 -0.7149429321289062 -0.28344279527664185 -0.005090897902846336 0.10564642399549484 0.5808899998664856 -0.15093037486076355
0.24716143310070038 0.7763838768005371 0.15347041189670563 0.22752715647220612 0.5041204690933228 -0.07652962952852249 0.028694285079836845
-0.2440524399280548 0.3812904953956604 -0.6270266771316528 0.37137630581855774 0.2404353767633438 0.08291200548410416 -0.4464186131954193
0.09786911308765411 0.7629716396331787 0.4298240542411804 0.20285867154598236 -0.0755232498049736 0.13987857103347778 0.3963909447193146
0.3366309404373169 -0.6848521828651428 0.04393977299332619 0.3860897421836853 -0.27590182423591614 -0.4185340404510498 -0.12396971881389618
0.6349709033966064 -0.4628449082374573 -0.3011404275894165 0.4381052553653717 -0.2912065386772156 -0.08202019333839417 0.09184898436069489
0.14834320545196533 0.3583641052246094 -0.35964682698249817 0.50180584192276 0.1658453643321991 -0.3858916461467743 -0.540367841720581
-0.38455650210380554 -0.6775253415107727 -0.21866458654403687 -0.49409815669059753 0.19483351707458496 0.24924351274967194 0.032344233244657516
0.5667624473571777 -0.10825487226247787 0.5193576216697693 -0.2556513249874115 0.359415203332901 -0.3756607472896576 0.24833661317825317
0.0940655767917633 0.7791956663131714 -0.2197006791830063 -0.23442408442497253 0.40847963094711304 0.32936787605285645 -0.07378320395946503
0.5034197568893433 -0.5970967411994934 0.1921827495098114 0.07550349831581116 -0.053652189671993256 0.2779011130332947 0.5170120000839233
-0.5169747471809387 -0.004401028621941805 0.6248307228088379 -0.41106942296028137 0.2333967685699463 0.17629072070121765 0.2962665855884552
0.2947542369365692 -0.7595882415771484 0.3109765946865082 0.17759530246257782 -0.30235105752944946 0.33997026085853577 -0.030052965506911278
-0.1796569526195526 0.21956925094127655 -0.5316885709762573 0.4404107332229614 0.31717315316200256 -0.3647887110710144 -0.4573715031147003
-0.24164408445358276 -0.2746132016181946 -0.793662965297699 -0.2200133055448532 0.2631402909755707 -0.3434845507144928 -0.025777632370591164
-0.07956186681985855 0.40379947423934937 -0.08741822838783264 0.5303429365158081 0.6232693195343018 -0.2553475499153137 -0.2967208921909332
0.17982609570026398 0.3446849286556244 0.24960830807685852 -0.6953614354133606 -0.26348719000816345 0.07855585962533951 0.4768926203250885
-0.5298104882240295 -0.6660013794898987 -0.2855594754219055 -0.0336889885365963 0.19324134290218353 0.3945991098880768 0.0036126908380538225
-0.3825264573097229 -0.21000629663467407 -0.30798542499542236 -0.13151748478412628 0.6470932364463806 0.04428824782371521 -0.5260493159294128
-0.04173823818564415 -0.9140955805778503 -0.10738348960876465 -0.08546128123998642 0.24310508370399475 0.0733613595366478 -0.28172755241394043
0.22023360431194305 -0.7642459273338318 -0.21878288686275482 0.32721003890037537 -0.3097427189350128 -0.28959861397743225 -0.18079015612602234
-0.45787668228149414 -0.7381415963172913 -0.16974768042564392 -0.037038665264844894 0.28272777795791626 0.3598897457122803 0.07651200890541077
0.10794194787740707 -0.04028082638978958 -0.1744043529033661 0.37609604001045227 -0.05915920063853264 -0.5465367436408997 -0.7160018086433411
-0.08039059489965439 0.7785555124282837 0.5677677989006042 -0.05418809503316879 -0.10575675219297409 -0.18663230538368225 -0.1267903745174408
0.17469356954097748 0.055917348712682724 -0.34673845767974854 0.4909578859806061 0.30793657898902893 0.5616241693496704 -0.44140878319740295
-0.5329458117485046 -0.7953224182128906 0.04394335299730301 0.051041726022958755 0.01407467108219862 0.1401856392621994 -0.24299125373363495
0.4595399498939514 0.41319039463996887 -0.44912153482437134 0.1545826941728592 0.5854209065437317 -0.011541841551661491 -0.22280019521713257
-0.19130384922027588 0.49829331040382385 -0.5037882328033447 0.09631228446960449 0.46668174862861633 0.21305981278419495 -0.4345591366291046
0.0046074772253632545 -0.36392515897750854 -0.7392405867576599 -0.16329288482666016 -0.2949502468109131 0.3444650173187256 0.2978997230529785
0.5218910574913025 0.23662269115447998 0.4723363518714905 -0.27093514800071716 -0.4861083924770355 -0.03734878823161125 -0.37072303891181946
0.30001768469810486 -0.4710502028465271 -0.28821611404418945 0.6249106526374817 -0.32618221640586853 -0.1377546191215515 -0.2985767424106598
0.7256314158439636 -0.4996997117996216 0.052396684885025024 0.02328728325664997 -0.17865332961082458 0.35396456718444824 -0.25152266025543213
-0.07919265329837799 -0.24791529774665833 -0.8273124694824219 0.3101358115673065 -0.05386868864297867 0.1622321903705597 -0.3498791456222534
-0.027769077569246292 -0.002578799845650792 0.250522643327713 -0.5326370000839233 -0.18035201728343964 0.7027961015701294 0.3554001450538635
0.33239316940307617 -0.35345810651779175 -0.0990835428237915 -0.0017013790784403682 -0.26429787278175354 -0.5337903499603271 -0.6324366927146912
0.5231257677078247 -0.28891149163246155 -0.29927536845207214 0.367782860994339 -0.31032028794288635 -0.10456787794828415 -0.5575003027915955
0.443545937538147 -0.23102787137031555 -0.41416528820991516 0.4011126160621643 0.6359377503395081 0.002269591437652707 -0.11422400176525116
-0.4700638949871063 -0.7412402033805847 -0.08153019100427628 -0.0598866306245327 0.4263051450252533 0.09538672119379044 0.16892169415950775
-0.6015361547470093 0.018390730023384094 -0.280517578125 -0.1819014698266983 0.2747247815132141 -0.057729389518499374 -0.6687535643577576
-0.4952934980392456 0.19716186821460724 -0.8262220025062561 0.03921101614832878 -0.0782209113240242 -0.15620534121990204 0.03335760161280632
-0.34049537777900696 0.2137746512889862 0.13458971679210663 -0.795884370803833 0.2871008813381195 0.323076993227005 -0.0033758729696273804
0.09604047983884811 0.6770196557044983 0.5554648041725159 0.36914390325546265 -0.11577726900577545 -0.2053770124912262 -0.17896384000778198
-0.5319539904594421 0.24819640815258026 0.4038017690181732 -0.3847986161708832 0.32165592908859253 -0.13266023993492126 -0.4724790155887604
-0.145536407828331 0.25947606563568115 -0.3272489309310913 0.09722750633955002 0.844652533531189 -0.21726910769939423 0.185209259390831
0.016096564009785652 0.8478871583938599 -0.19083952903747559 -0.05685753375291824 0.2842538058757782 0.3818925619125366 -0.12055569142103195
-0.15056103467941284 -0.5003138780593872 -0.5169519186019897 -0.32239216566085815 0.4622429311275482 0.27262967824935913 -0.2604724168777466
0.4326257109642029 -0.19213616847991943 -0.3060990571975708 0.5244253277778625 0.35493046045303345 0.14088086783885956 -0.5112505555152893
0.16627156734466553 0.9344463348388672 0.02039220929145813 0.30154410004615784 -0.08629562705755234 -0.006619103252887726 -0.01812588982284069
0.019091561436653137 0.5844539403915405 0.7134413719177246 0.0012938028667122126 -0.11690879613161087 -0.3671618700027466 0.023944644257426262
-0.5164139866828918 -0.6806929707527161 -0.07081066071987152 0.10011571645736694 0.28707873821258545 0.38467907905578613 0.15666602551937103
-0.5715171694755554 -0.2880478799343109 -0.6052258610725403 -0.3160737156867981 0.08591852337121964 -0.2648463845252991 -0.2160322070121765
-0.37332674860954285 -0.7965608239173889 0.08020270615816116 -0.1647399514913559 -0.41333553194999695 0.14730602502822876 -0.0009865781757980585
0.5580135583877563 -0.07111476361751556 0.02634107507765293 0.5742570757865906 0.30112597346305847 0.027651622891426086 -0.5115241408348083
-0.1321117877960205 0.45870041847229004 -0.5378169417381287 -0.016834277659654617 0.59175044298172 0.03410717844963074 -0.36232316493988037
-0.3345041573047638 0.06589492410421371 0.49761196970939636 -0.5530118942260742 0.1346081793308258 0.528219997882843 0.18217916786670685
-0.19531679153442383 0.7259061336517334 -0.08401156216859818 -0.25277167558670044 0.2419484257698059 0.1955842673778534 -0.5168828964233398
-0.2754059433937073 -0.8154527544975281 -0.018222903832793236 0.010096405632793903 -0.03615661710500717 -0.4946116507053375 -0.11316531896591187
-0.23688098788261414 -0.602130651473999 -0.27993735671043396 0.12864968180656433 0.37576621770858765 -0.05725615471601486 -0.5847494602203369
-0.12428987771272659 -0.5438978672027588 -0.7238308191299438 -0.22457928955554962 -0.0015753741608932614 0.20185434818267822 0.27131640911102295
-0.12555837631225586 0.17160706222057343 -0.9421535730361938 -0.05630244314670563 0.13703614473342896 0.21256214380264282 0.0010654032230377197
-0.12479108572006226 0.34565725922584534 -0.16374894976615906 0.30545946955680847 0.21602775156497955 -0.16390594840049744 -0.8193265199661255
-0.29730385541915894 0.35273686051368713 -0.6338813900947571 0.38040679693222046 0.22146707773208618 -0.09898259490728378 -0.4264117479324341
0.24481679499149323 -0.106574147939682 0.7990525960922241 -0.179358571767807 -0.3299609422683716 0.029992209747433662 -0.385069340467453
0.6833869814872742 -0.7168344259262085 0.010284402407705784 0.12432204931974411 0.022955438122153282 -0.00891661923378706 -0.05442894622683525
-0.4326518177986145 0.020913565531373024 -0.45619091391563416 -0.19948884844779968 0.539283812046051 0.0921400710940361 -0.5149294137954712
-0.07576727122068405 0.6152069568634033 0.6428910493850708 0.2560882270336151 -0.13180246949195862 -0.1346409171819687 -0.3184170722961426
-0.43378838896751404 0.056581031531095505 0.46266406774520874 -0.6431999206542969 -0.39654165506362915 0.15032555162906647 -0.03192431852221489
-0.17054153978824615 0.3426138162612915 -0.7021437287330627 0.06681708246469498 0.4581581950187683 -0.3192686438560486 -0.2102847546339035
-0.15006396174430847 0.3096349835395813 -0.12736618518829346 0.5645107626914978 0.0718204528093338 -0.18479526042938232 -0.7123236656188965
0.03067868761718273 -0.14623567461967468 -0.5766809582710266 0.5905289649963379 0.047583967447280884 -0.28217193484306335 -0.46314501762390137
0.10220248252153397 -0.7191861867904663 0.2112167775630951 0.1007755696773529 -0.44711846113204956 0.46647581458091736 0.006565326824784279
0.23049204051494598 0.8989802598953247 0.08810357004404068 0.2623179256916046 0.19664452970027924 -0.024280782788991928 0.15124943852424622
-0.4054694175720215 0.3593354821205139 -0.39564013481140137 0.14074008166790009 0.6201990246772766 -0.06838840991258621 -0.3752463757991791
0.28782811760902405 0.03182822838425636 -0.32066717743873596 0.427860826253891 -0.1158326119184494 -0.3344670534133911 -0.7106082439422607
0.35781413316726685 0.4301562011241913 -0.28604161739349365 0.5151281356811523 0.5691924095153809 0.08192571252584457 -0.09521570056676865
-0.26357975602149963 0.5018482208251953 0.23278796672821045 -0.4077792465686798 0.15935015678405762 -0.04074731469154358 0.6566179394721985
-0.08305705338716507 -0.6460093259811401 -0.7009442448616028 0.266359806060791 -0.010333852842450142 -0.05917831137776375 -0.09947019070386887
-0.4990035593509674 -0.1730622798204422 -0.5306774973869324 -0.24939203262329102 -0.24571608006954193 -0.4660704433917999 -0.3156451880931854
0.09172331541776657 -0.0021330490708351135 0.13984991610050201 -0.9553735852241516 -0.10758554190397263 -0.08421836048364639 0.20153993368148804
0.03359842672944069 0.038069482892751694 -0.17982260882854462 0.5753071308135986 0.306914746761322 0.2669444978237152 -0.6845811009407043
-0.31503012776374817 0.3791055679321289 -0.5011408925056458 0.14062289893627167 0.5169146656990051 -0.048304468393325806 -0.465385764837265
-0.3002529442310333 0.8968127965927124 -0.1287679523229599 -0.03671545907855034 0.08380159735679626 0.21063683927059174 -0.1904076337814331
-0.4794561564922333 0.7536575198173523 0.2333923578262329 -0.3099960684776306 -0.12446045875549316 0.14669807255268097 -0.12058968842029572
-0.25482678413391113 -0.6572754383087158 -0.4816341996192932 -0.20068632066249847 0.4283563196659088 0.21622394025325775 -0.023745395243167877
0.13372884690761566 0.32983842492103577 -0.3521201014518738 0.6203989386558533 0.2801794707775116 -0.2675153911113739 -0.4630061984062195
0.4992079436779022 -0.5061566829681396 -0.29879030585289 -0.022819025442004204 -0.2894916832447052 -0.36845582723617554 -0.4303898811340332
0.6893259286880493 -0.6667414307594299 0.2027021050453186 0.104033462703228 0.12734633684158325 -0.10843416303396225 0.019986290484666824
0.08351779729127884 0.4044286608695984 -0.23428799211978912 0.5859509706497192 0.551326334476471 0.03730148449540138 -0.3547965884208679
0.29251477122306824 0.11523031443357468 -0.2852669656276703 0.4027824401855469 -0.20960916578769684 -0.24024701118469238 -0.745581328868866
0.1840357929468155 0.0914689227938652 0.8984360694885254 0.07720337808132172 0.10760705173015594 -0.14154072105884552 -0.3361600339412689
-0.5357471108436584 0.1923019140958786 -0.649427592754364 -0.051870621740818024 0.3001464903354645 -0.11787528544664383 -0.3841427266597748
-0.2991558611392975 -0.7214897274971008 -0.30489927530288696 -0.12275449186563492 0.3229547441005707 0.4212482273578644 0.013274279423058033
-0.6139261722564697 -0.6487181782722473 -0.19228969514369965 -0.008162586018443108 -0.35208746790885925 -0.03164457157254219 -0.20062531530857086
-0.18693223595619202 0.5098341107368469 0.023015474900603294 -0.6915153861045837 0.1303928643465042 -0.3934782147407532 -0.23361241817474365
0.6122410893440247 -0.08485405147075653 -0.3037678301334381 0.3060604929924011 -0.6145399212837219 0.16136710345745087 0.16826796531677246
-0.414265900850296 0.3408406674861908 -0.645502507686615 0.20505528151988983 0.431065171957016 -0.19982591271400452 -0.16656166315078735
-0.09087980538606644 0.5761827230453491 -0.041435908526182175 -0.5948748588562012 -0.10602866858243942 -0.5308655500411987 -0.10536099970340729
-0.20218347012996674 -0.028110040351748466 0.7229856848716736 -0.4059714376926422 0.5089348554611206 -0.05505812540650368 0.09361948072910309
-0.469333291053772 0.022888772189617157 0.5771265625953674 -0.6149939894676208 -0.23492948710918427 -0.11111773550510406 0.019250988960266113
-0.13418513536453247 -0.28297480940818787 0.3839118480682373 -0.541009247303009 -0.12565918266773224 0.5155941843986511 0.42451468110084534
-0.6510604619979858 0.5479307174682617 0.3554824888706207 -0.21304166316986084 0.1298205852508545 -0.290437251329422 -0.05413494259119034
0.22048726677894592 0.4176539182662964 -0.16870245337486267 0.5228444337844849 0.3075072169303894 0.1260705292224884 -0.6038784384727478
-0.19219616055488586 -0.4584902226924896 0.6201480031013489 -0.41889357566833496 -0.0904700830578804 0.18734613060951233 0.38666337728500366
-0.18167059123516083 0.5223085880279541 0.17725110054016113 -0.029650691896677017 0.7230050563812256 -0.37160128355026245 -0.03268811106681824
-0.15428858995437622 -0.7057355642318726 0.014497067779302597 -0.1865072399377823 -0.2681907117366791 -0.3899848759174347 0.4681054651737213
0.29884442687034607 0.4800191819667816 -0.45911064743995667 0.6076706647872925 0.3018779456615448 0.04338474199175835 -0.08494015038013458
0.29995211958885193 -0.3297704756259918 -0.2695158123970032 0.42857035994529724 0.6164357662200928 0.025517255067825317 -0.40536972880363464
-0.6203849911689758 -0.1348825842142105 -0.6333838701248169 0.1981980949640274 0.200628399848938 -0.2161947786808014 -0.2635899484157562
-0.5608977675437927 -0.6084887981414795 -0.18213480710983276 -0.1592419594526291 0.2308797985315323 0.4418356418609619 0.08988788723945618
-0.49745509028434753 0.6032500863075256 0.093608558177948 -0.0052076661959290504 0.3052765130996704 0.0040304833091795444 -0.5353766083717346
-0.07061078399419785 0.4005022346973419 0.3830973207950592 -0.15568339824676514 0.7467194199562073 -0.006260270718485117 0.3255489468574524
0.12311723828315735 0.38923966884613037 -0.14944319427013397 0.25858044624328613 0.26391294598579407 -0.27215760946273804 -0.7748662829399109
-0.1960911750793457 0.2689599394798279 -0.5966423153877258 0.5321036577224731 0.26813948154449463 -0.1955447942018509 -0.3741067051887512
0.08455323427915573 0.5295055508613586 -0.2223852574825287 0.35715147852897644 0.3753008246421814 -0.0750361979007721 -0.6236834526062012
0.31567201018333435 0.519281804561615 -0.453909307718277 0.4244440197944641 0.07441321760416031 0.10869985818862915 -0.47661107778549194
0.06157250702381134 -0.383654922246933 -0.052202314138412476 0.3777271807193756 -0.3583853244781494 -0.38338562846183777 -0.6543624401092529
0.07218515127897263 0.3723592460155487 -0.049141183495521545 0.22395434975624084 0.2832898795604706 -0.2800292670726776 -0.8030553460121155
-0.1913747787475586 -0.043768350034952164 -0.8342097997665405 -0.40620866417884827 -0.03163282200694084 0.2919522523880005 0.11963169276714325
-0.38872721791267395 0.48147761821746826 -0.6487702131271362 0.025970090180635452 0.29282766580581665 0.14028730988502502 -0.3001077175140381
0.18897032737731934 0.059600718319416046 0.8665096759796143 -0.16517212986946106 -0.12024931609630585 0.2231963574886322 -0.34400665760040283
-0.31677061319351196 -0.2837923765182495 -0.5111280083656311 0.3197910785675049 0.19012749195098877 -0.5054499506950378 -0.40493452548980713
-0.2773782014846802 0.1603868454694748 -0.47722575068473816 0.3143109679222107 0.3747852146625519 0.23790083825588226 -0.6113435626029968
-0.5220491886138916 -0.22738412022590637 -0.2200688123703003 -0.02630484104156494 0.3359704911708832 -0.14819489419460297 -0.7012852430343628
0.7967393398284912 -0.18705730140209198 -0.18586747348308563 0.07613925635814667 -0.1360999196767807 -0.45054876804351807 -0.26144731044769287
-0.44219738245010376 0.6628310680389404 0.0801849290728569 -0.5812258124351501 0.027873622253537178 0.052929554134607315 0.13147203624248505
0.7014747858047485 -0.222555011510849 -0.34407004714012146 0.3078157901763916 -0.05005093663930893 -0.3358595073223114 -0.3605010211467743
-0.06118687614798546 0.26166337728500366 0.5344383120536804 0.3036409020423889 -0.5976191163063049 -0.2889634370803833 -0.33063262701034546
-0.13733971118927002 0.3614085912704468 0.5712700486183167 0.3135184347629547 -0.04336141049861908 -0.5363935828208923 -0.36916136741638184
-0.12037056684494019 0.6159263849258423 -0.39010313153266907 0.5411108136177063 0.014332637190818787 -0.22012409567832947 -0.3354165554046631
-0.41931143403053284 -0.08890115469694138 -0.694291889667511 -0.3751164376735687 -0.28724372386932373 0.2291327267885208 -0.24188868701457977
-0.06826069951057434 -0.8682141900062561 0.12946005165576935 -0.2415778636932373 -0.1020667552947998 0.2820298671722412 0.27652543783187866
0.2517729103565216 -0.06018583104014397 -0.19986219704151154 0.3121418058872223 0.22863663733005524 0.4837946891784668 -0.7136377096176147
-0.5408735275268555 -0.4323260188102722 -0.4176729917526245 -0.10305070132017136 -0.19122453033924103 -0.2382461577653885 -0.49208933115005493
-0.33774834871292114 -0.09836297482252121 -0.45300227403640747 0.15060129761695862 0.5421586036682129 0.23695655167102814 -0.5461452603340149
0.4433383643627167 0.0892915353178978 0.6561031937599182 -0.1736077070236206 -0.37038272619247437 0.32929131388664246 -0.29874902963638306
0.09403242915868759 0.4465084373950958 -0.3633263111114502 0.5431329607963562 0.01528311800211668 -0.11326818913221359 -0.593064546585083
0.6068768501281738 -0.305515855550766 0.0026672719977796078 0.04415781795978546 -0.07851873338222504 -0.5953865051269531 -0.4192292392253876
-0.39598217606544495 -0.15659987926483154 0.663256049156189 -0.3162515461444855 0.38641461730003357 -0.015738293528556824 0.3594261407852173
-0.426168829202652 -0.10421120375394821 -0.7842450141906738 0.01952262595295906 0.1391638219356537 -0.18532505631446838 -0.37200385332107544
-0.588130533695221 -0.05657951161265373 -0.749181866645813 0.007564316503703594 -0.06095484644174576 -0.18294356763362885 0.22888168692588806
0.7218893766403198 -0.6563475131988525 0.16774813830852509 0.11097259074449539 0.07551413029432297 -0.016327612102031708 -0.04074680805206299
0.09106456488370895 0.9225905537605286 0.025508100166916847 0.24941830337047577 -0.18691909313201904 -0.061480484902858734 -0.19737063348293304
-0.06145258992910385 -0.7530022263526917 -0.12044473737478256 -0.5431546568870544 0.26882269978523254 0.08384822309017181 -0.20097525417804718
0.1854386031627655 0.3732820153236389 -0.3784869313240051 0.5748220682144165 0.38527101278305054 0.1667650043964386 -0.4199475347995758
-0.2964390218257904 0.3941717743873596 0.33588823676109314 0.14792898297309875 0.6469705104827881 -0.4320341646671295 -0.12970858812332153
-0.18640947341918945 -0.15597563982009888 -0.38999125361442566 -0.2024116963148117 0.321351557970047 -0.13302145898342133 -0.7917688488960266
-0.36231330037117004 0.2247850000858307 -0.3021903336048126 0.03104427456855774 0.7586315274238586 -0.16916300356388092 -0.34897029399871826
0.13967904448509216 -0.062016043812036514 -0.22483396530151367 0.6701129078865051 0.6491144299507141 0.09423108398914337 -0.21636328101158142
-0.28168123960494995 0.5359286069869995 0.3845288157463074 0.2575175166130066 0.2677275836467743 -0.4770425260066986 -0.3464258909225464
0.02290857397019863 0.5100858211517334 0.27110913395881653 0.06418665498495102 0.35135576128959656 -0.4186359643936157 -0.602462112903595
-0.6462823748588562 -0.3955412209033966 -0.6203531622886658 0.057971686124801636 -0.07351802289485931 -0.045615486800670624 -0.17372877895832062
0.44653990864753723 0.469020277261734 -0.26006385684013367 0.461285263299942 0.5294318199157715 0.08308657258749008 -0.11403258889913559
-0.23452037572860718 -0.6639288067817688 -0.45359113812446594 -0.1318122297525406 0.30610617995262146 0.41262611746788025 0.13083598017692566
-0.04348913952708244 -0.0486665815114975 -0.4283639192581177 0.16426816582679749 0.8240554332733154 0.31007120013237 0.1002451479434967
0.3766660690307617 -0.8266969919204712 0.22437003254890442 0.1011674553155899 -0.30460160970687866 0.1367252767086029 -0.0514024943113327
0.2684132754802704 0.2590292692184448 0.4575899541378021 -0.2772112488746643 -0.47345253825187683 -0.35049790143966675 -0.47709256410598755
0.4743187427520752 -0.3366212844848633 0.028145933523774147 0.5323396325111389 0.0553785040974617 0.26791849732398987 -0.5501664280891418
0.30545634031295776 -0.4365162253379822 -0.5476827621459961 -0.5609470009803772 0.25707682967185974 0.18205693364143372 0.047946009784936905
-0.21596759557724 -0.7738950252532959 -0.18502342700958252 -0.15367968380451202 -0.3371622562408447 0.23156577348709106 0.35957249999046326
0.3412575423717499 0.1200994923710823 -0.3554345965385437 0.3642808496952057 -0.41413766145706177 -0.45852944254875183 -0.4778346121311188
-0.1933697909116745 0.4486888349056244 0.3264295756816864 -0.38860008120536804 0.17400796711444855 0.5224762558937073 -0.4477274715900421
0.3823337256908417 -0.8119308948516846 -0.10119912028312683 0.13101297616958618 -0.3631955683231354 -0.18063178658485413 0.05142729729413986
-0.11255485564470291 0.3320065140724182 -0.07939031720161438 0.5489127039909363 0.06602460891008377 -0.35477906465530396 -0.6627727746963501
-0.05722866952419281 -0.013596872799098492 0.3306334614753723 -0.7469447255134583 -0.19391188025474548 0.5050761103630066 -0.19128884375095367
-0.3516883850097656 0.8826740980148315 -0.038328465074300766 -0.0697227418422699 0.2994880676269531 -0.034321896731853485 -0.0005799932405352592
-0.19542677700519562 -0.2478276938199997 -0.5011141300201416 0.3760181963443756 0.5845315456390381 0.20407997071743011 -0.352929025888443
-0.4404670000076294 -0.43437641859054565 -0.7522696852684021 0.14696665108203888 0.11983619630336761 -0.08410719037055969 0.09144582599401474
-0.5731738209724426 0.745739221572876 -0.12472617626190186 -0.028614627197384834 0.08211927860975266 0.1752937138080597 -0.24798762798309326
-0.40893369913101196 0.17175252735614777 0.3948265612125397 -0.6750118136405945 -0.395382285118103 0.15421652793884277 0.10786783695220947
0.6043853163719177 -0.5121515989303589 0.08562291413545609 0.2218814492225647 -0.09431437402963638 0.25944504141807556 -0.4895401895046234
0.22709690034389496 -0.010553266853094101 -0.10019073635339737 0.738092839717865 0.5953412652015686 0.0035272864624857903 -0.19761738181114197
-0.46622925996780396 -0.14324088394641876 -0.46137648820877075 0.03860573098063469 0.5652673840522766 -0.028968578204512596 -0.4768514335155487
-0.22969375550746918 -0.2406541407108307 0.6292977333068848 -0.3789918124675751 -0.3265206515789032 -0.026020890101790428 0.49232426285743713
0.293804794549942 0.5338342785835266 0.7241279482841492 0.025590814650058746 -0.28240105509757996 -0.14421606063842773 0.0559898242354393
-0.595607578754425 -0.45104795694351196 -0.3548288941383362 0.14474603533744812 0.44625622034072876 0.17898765206336975 -0.25252941250801086
-0.10529842227697372 0.18532364070415497 -0.647951066493988 -0.44856202602386475 0.02615289017558098 -0.02348749339580536 -0.5764402151107788
-0.5052617192268372 -0.6591712832450867 -0.013235654681921005 0.08257267624139786 0.3298632800579071 0.4134511947631836 0.15316200256347656
-0.4989508390426636 -0.6748663783073425 -0.2714266777038574 -0.06946925073862076 0.13376888632774353 0.4422456622123718 0.06024601310491562
-0.06971044093370438 -0.5322447419166565 -0.6885908842086792 -0.27087685465812683 -0.30790039896965027 0.2625601589679718 0.024165436625480652
-0.033050548285245895 0.5317497253417969 -0.4046870172023773 -0.011376499198377132 0.26759135723114014 0.18961451947689056 -0.6668509244918823
-0.5584378242492676 0.6702197194099426 0.088102787733078 -0.1515263468027115 -0.3735239803791046 0.010420503094792366 -0.261919230222702
0.37259751558303833 -0.24820461869239807 0.2209574431180954 0.7810449004173279 0.07244780659675598 0.28930822014808655 -0.22751769423484802
0.29051023721694946 -0.5485426187515259 0.025123165920376778 0.47658929228782654 0.26034921407699585 0.09782623499631882 -0.5564032793045044
0.03197871148586273 -0.7609376907348633 -0.22487522661685944 -0.36414337158203125 0.014302165247499943 0.2943947911262512 -0.38718098402023315
0.08726033568382263 -0.6754043698310852 0.30670714378356934 0.3404451608657837 -0.21710222959518433 -0.481143981218338 -0.21819615364074707
-0.06758692115545273 -0.06546468287706375 0.45378464460372925 -0.3833423852920532 -0.4459933042526245 0.3619575500488281 0.5552938580513
0.07550089806318283 0.6167870163917542 -0.4077194929122925 0.29607445001602173 0.10573901981115341 0.06283677369356155 -0.5872384309768677
-0.5020105242729187 -0.7515733242034912 -0.18827274441719055 0.047311440110206604 -0.3007411062717438 -0.13750039041042328 -0.1899643987417221
-0.1821509152650833 0.2930333912372589 -0.6770828366279602 -0.30861425399780273 0.2241542637348175 -0.28021344542503357 -0.44553762674331665
0.5700835585594177 0.5497034788131714 0.4666799008846283 0.12224911153316498 0.29755324125289917 0.22584708034992218 -0.02347220666706562
0.2453235536813736 0.4647522568702698 -0.3556249737739563 0.6360804438591003 0.32436978816986084 -0.1562807559967041 -0.2512265741825104
0.44971752166748047 0.03336995095014572 -0.27175962924957275 0.18923184275627136 0.22243042290210724 0.13929197192192078 -0.7861940860748291
-0.24588581919670105 0.44988298416137695 -0.7028230428695679 0.09062840044498444 0.27838173508644104 0.09778961539268494 -0.38459402322769165
-0.2048669308423996 -0.38885268568992615 -0.7075585722923279 -0.2828306555747986 0.0907462015748024 -0.28531408309936523 -0.369529128074646
0.38165000081062317 -0.5964788794517517 0.17606541514396667 0.47291678190231323 0.07072242349386215 0.06510569155216217 -0.48442381620407104
0.4872141182422638 -0.8079692125320435 -0.033244356513023376 -0.08916282653808594 0.023863129317760468 0.12975138425827026 -0.2887008488178253
-0.40835994482040405 0.4231782853603363 -0.6666370034217834 0.06293009966611862 0.42718467116355896 0.0347784124314785 -0.1486636996269226
-0.29147011041641235 0.12340621650218964 0.4006369113922119 -0.6212244033813477 -0.20579974353313446 0.48502615094184875 -0.27528607845306396
-0.3455461859703064 0.19411171972751617 -0.4704262614250183 -0.20295295119285583 0.2535744905471802 0.38252872228622437 -0.6081113815307617
0.246103897690773 -0.39497536420822144 0.7272884845733643 -0.3503675162792206 -0.35889196395874023 -0.05384711176156998 -0.004292100667953491
-0.06768196821212769 0.41130781173706055 0.19930331408977509 -0.5040650963783264 -0.4766921401023865 0.15461458265781403 0.5303777456283569
0.03256382793188095 -0.45137205719947815 -0.050526782870292664 -0.3680188059806824 0.43818965554237366 -0.49291497468948364 -0.47141990065574646
-0.059729140251874924 0.6791868805885315 0.13612200319766998 -0.6490411758422852 0.12675116956233978 -0.28063467144966125 0.023067330941557884
0.033468641340732574 0.4848373234272003 0.29278191924095154 -0.30992668867111206 -0.3949764370918274 -0.44919073581695557 -0.47355902194976807
-0.5584970712661743 0.701708197593689 0.27483558654785156 -0.34475603699684143 -0.01938268542289734 0.0038278393913060427 -0.03008396551012993
0.041398126631975174 -0.3531303405761719 0.12702012062072754 0.39278194308280945 0.18395628035068512 -0.05659361183643341 -0.8161682486534119
-0.053090743720531464 0.7594584822654724 0.3521408438682556 0.222852885723114 0.3031463325023651 -0.3927347958087921 0.024481315165758133
0.5350321531295776 -0.5508721470832825 -0.09878786653280258 0.2515343427658081 -0.4435254633426666 -0.23435860872268677 -0.2925971746444702
0.6028098464012146 0.289990097284317 0.5437290668487549 -0.1762421578168869 -0.3920406103134155 0.01278893742710352 0.2682610750198364
-0.3002571761608124 0.18599557876586914 -0.04576466605067253 0.3217497766017914 0.5100321769714355 -0.35504862666130066 -0.6192266345024109
-0.40576407313346863 0.8568059802055359 0.03636743128299713 -0.11824249476194382 0.24865348637104034 0.03743554279208183 -0.1506827026605606
0.3222934603691101 0.8081479072570801 0.11664371192455292 0.03864206001162529 0.3212346136569977 -0.07097810506820679 -0.3459700345993042
-0.19474534690380096 0.08311373740434647 -0.6028497815132141 -0.44314873218536377 0.10040424764156342 -0.32586392760276794 -0.5282891988754272
0.3222186863422394 -0.45111966133117676 -0.04321231693029404 -0.010446884669363499 -0.29822099208831787 -0.5545814037322998 -0.542396068572998
0.3852797746658325 -0.5802162885665894 0.1832936406135559 0.4637511670589447 0.06275726109743118 0.11162327229976654 -0.49984854459762573
0.0881233885884285 0.16343824565410614 0.7195728421211243 -0.06288205087184906 0.1521056443452835 -0.5408161878585815 0.3580010235309601
-0.05868544802069664 -0.20163080096244812 -0.41415876150131226 -0.23627470433712006 0.5630584955215454 -0.11153270304203033 -0.6317225694656372
0.1691356599330902 -0.08411915600299835 -0.49586188793182373 0.7751915454864502 0.1779741495847702 -0.15397466719150543 -0.24926501512527466
-0.44876155257225037 0.4079302251338959 0.2125631421804428 -0.5689858794212341 0.4270657002925873 0.0505824014544487 -0.2798825800418854
-0.5800663828849792 0.3076065480709076 -0.33966630697250366 0.009808894246816635 0.2827885150909424 -0.3631185293197632 -0.49153566360473633
0.32054927945137024 -0.12014980614185333 -0.11911781132221222 0.686471164226532 0.5810606479644775 -0.1746787279844284 -0.17098675668239594
-0.3749355375766754 -0.7781780958175659 -0.005191895645111799 0.038692981004714966 0.46679332852363586 -0.0011910327011719346 0.1855822056531906
-0.2919467091560364 0.721445620059967 -0.1514081209897995 -0.4533727169036865 -0.1523429900407791 0.3331259489059448 -0.17785035073757172
-0.5790978670120239 -0.5805681943893433 -0.44232264161109924 0.01033767219632864 -0.29837334156036377 0.20578554272651672 0.02134886011481285
0.41257306933403015 -0.11964510381221771 -0.35935288667678833 0.6955533027648926 0.036438845098018646 -0.24444718658924103 -0.37610816955566406
0.0076072379015386105 -0.885487973690033 -0.08601724356412888 -0.3015422821044922 -0.299940824508667 0.013283738866448402 0.16548611223697662
0.34300529956817627 -0.5586795806884766 0.17842915654182434 0.5464410781860352 -0.47904956340789795 0.029792550951242447 0.09702423959970474
0.2547820508480072 -0.06493240594863892 0.024687666445970535 0.29643869400024414 0.24148429930210114 -0.1876639574766159 -0.8653624057769775
0.006264658644795418 -0.24130435287952423 0.6172043681144714 0.1530335396528244 -0.4684714674949646 0.5638318657875061 -0.0008052471675910056
0.18649934232234955 -0.04887343943119049 -0.3280830383300781 0.6802676916122437 -0.058527830988168716 -0.30693891644477844 -0.5429455041885376
0.17914336919784546 0.7998366355895996 -0.03118171915411949 -0.25696679949760437 0.45382851362228394 0.11921650171279907 -0.20246443152427673
-0.3038254678249359 -0.7981339693069458 -0.024287141859531403 -0.21389181911945343 -0.4469369947910309 0.12190523743629456 0.09858512878417969
0.3178248703479767 -0.012638530693948269 0.1147383451461792 0.6495499014854431 0.4723314642906189 -0.23726573586463928 -0.4293663799762726
-0.08369363844394684 0.0362810418009758 0.7825080156326294 -0.09363915771245956 -0.3515552282333374 -0.17470060288906097 0.4652746915817261
-0.4654628038406372 -0.7412291765213013 -0.1577511876821518 -0.03202495351433754 0.3027830719947815 0.32896867394447327 0.09008192270994186
-0.5915030241012573 -0.6836379170417786 -0.38115784525871277 0.008792915381491184 -0.13999693095684052 0.12863634526729584 0.03547248616814613
0.13777975738048553 -0.06052672863006592 -0.4343354105949402 -0.22075124084949493 0.3469941318035126 -0.1956777274608612 -0.7624172568321228
-0.332393616437912 -0.3967072367668152 -0.35151270031929016 0.24896374344825745 -0.19722694158554077 -0.16169750690460205 -0.6939374208450317
0.04495475813746452 -0.1885722130537033 -0.6810330748558044 0.0830376073718071 0.6370519399642944 0.28615930676460266 -0.06321366876363754
-0.031424470245838165 0.3041611611843109 -0.3201332986354828 0.47349631786346436 0.2766264081001282 0.0612281933426857 -0.7067838311195374
0.002313614822924137 0.4381260573863983 -0.3426419496536255 0.504063606262207 -0.07881924510002136 -0.45753973722457886 -0.47010812163352966
-0.5690244436264038 -0.05578257888555527 -0.3942192792892456 0.16389697790145874 0.529605507850647 0.2664697766304016 -0.37328311800956726
-0.19374503195285797 0.26036614179611206 -0.6416440010070801 -0.308840274810791 0.26852351427078247 -0.2525228261947632 -0.5017074942588806
0.4733906686306 0.1789001077413559 -0.575884222984314 0.614591121673584 -0.020413048565387726 -0.006562778260558844 -0.18458466231822968
0.5324336886405945 -0.023024125024676323 0.7662582397460938 -0.33134937286376953 -0.0699845626950264 -0.010650629177689552 0.1184435486793518
0.19633521139621735 -0.6343469023704529 0.17531487345695496 0.2331744134426117 -0.49494412541389465 -0.31889376044273376 0.35677438974380493
-0.37870779633522034 -0.510807991027832 -0.17961978912353516 -0.21130986511707306 -0.11699375510215759 0.6639949679374695 -0.2533054053783417
-0.502436637878418 -0.20645835995674133 -0.2221391797065735 -0.1028221994638443 0.4351077675819397 -0.09116609394550323 -0.6688677668571472
-0.5442207455635071 -0.14766977727413177 -0.4730052351951599 0.22258666157722473 -0.17145858705043793 -0.4457534849643707 -0.4250229597091675
-0.39527013897895813 -0.5858234167098999 0.08237355947494507 -0.3506908714771271 -0.5469247698783875 0.26564839482307434 -0.03327317535877228
-0.5443875789642334 -0.4498339891433716 -0.5968021154403687 -0.04499317705631256 -0.12624922394752502 -0.17178718745708466 -0.3124814033508301
-0.16290919482707977 -0.19676467776298523 0.7647573947906494 -0.29601073265075684 -0.2748519480228424 -0.011282140389084816 0.4319688677787781
-0.5335550308227539 -0.09157916158437729 -0.7014012932777405 0.17405210435390472 0.37258899211883545 -0.20259200036525726 0.06934204697608948
0.02905598096549511 -0.7786940336227417 -0.4121245741844177 -0.1560564637184143 0.3285774290561676 0.2496507167816162 0.16823352873325348
-0.6785237789154053 -0.03441538289189339 -0.6558914184570312 0.17978684604167938 0.076936736702919 -0.11831776052713394 -0.23661306500434875
-0.02385462075471878 0.28011277318000793 0.692830502986908 0.005921639502048492 -0.26159197092056274 -0.48144733905792236 -0.3750956058502197
-0.16494132578372955 -0.013940360397100449 -0.42977914214134216 -0.44998857378959656 0.4084930717945099 -0.5962240695953369 -0.25109830498695374
0.31495359539985657 -0.35776105523109436 0.03307841345667839 0.5615794062614441 0.07740811258554459 0.35955995321273804 -0.5666306614875793
-0.28434744477272034 0.36548253893852234 -0.67580246925354 0.3353511691093445 0.3731653094291687 -0.257190465927124 -0.10488252341747284
-0.4160032570362091 0.7991618514060974 0.039728280156850815 -0.20533977448940277 0.30792272090911865 -0.20903609693050385 -0.07762904465198517
-0.35176777839660645 -0.5175246000289917 -0.414544016122818 -0.30746978521347046 0.011372469365596771 0.4673059284687042 -0.3514813482761383
0.1900099515914917 -0.10220903158187866 -0.37993213534355164 0.39395439624786377 0.045689210295677185 -0.5244277119636536 -0.6138315200805664
-0.504766583442688 0.006212904583662748 0.5253060460090637 -0.26492229104042053 0.03831227868795395 0.5957357287406921 0.20657412707805634
0.15486089885234833 -0.7579076886177063 0.12583743035793304 0.38467803597450256 0.24242299795150757 0.20094716548919678 0.37233465909957886
-0.4647880494594574 0.1640467643737793 0.429952472448349 -0.4995548129081726 -0.06385620683431625 -0.020295174792408943 0.5640540719032288
-0.5443751215934753 -0.7039421796798706 -0.24236629903316498 -0.03275167569518089 0.2874864637851715 0.24522842466831207 0.07430822402238846
-0.448297917842865 0.7729098200798035 -0.02282743528485298 -0.08357928693294525 0.14383700489997864 -0.41629913449287415 0.011777270585298538
-0.018801968544721603 0.0210113525390625 0.2687152922153473 -0.5648087859153748 -0.7551819086074829 0.1332942247390747 0.14114202558994293
-0.021752281114459038 0.21261601150035858 -0.3146739602088928 -0.12541501224040985 0.7735328674316406 -0.45272096991539 -0.19042916595935822
-0.10659611970186234 -0.3839729130268097 0.5337600708007812 -0.46702611446380615 -0.26696789264678955 0.43402597308158875 0.2802472412586212
-0.3060090243816376 0.3441770076751709 0.7252818942070007 -0.4079301059246063 -0.0698331668972969 -0.23904749751091003 0.18286482989788055
-0.2077946811914444 0.32254552841186523 -0.4458218812942505 0.36890172958374023 0.649979293346405 -0.1217387393116951 -0.28398367762565613
-0.29182422161102295 0.07870636135339737 -0.5555658936500549 0.07476203888654709 0.6787176132202148 0.36265629529953003 0.04715777933597565
-0.21649402379989624 -0.22586689889431 -0.7946265935897827 0.22971580922603607 0.32660534977912903 -0.2474697083234787 -0.2236100137233734
0.3490346372127533 -0.716101348400116 0.15566189587116241 0.21626970171928406 -0.18067315220832825 0.4632193148136139 0.21715329587459564
-0.19858232140541077 0.2817698121070862 -0.3622282147407532 0.5998193025588989 0.17364409565925598 -0.2945166528224945 -0.5227676033973694
-0.2869674265384674 -0.4978574514389038 -0.08678212761878967 -0.5902464389801025 -0.028788065537810326 -0.537957489490509 -0.1537482738494873
0.3293948769569397 0.08215602487325668 -0.049639202654361725 0.1162114366889 -0.018621711060404778 -0.13582822680473328 -0.9219458699226379
-0.2935299575328827 -0.2761349081993103 -0.37147876620292664 0.026380542665719986 0.6150267720222473 0.03823987394571304 -0.5649575591087341
0.32263094186782837 -0.6622582674026489 0.3371994197368622 0.12063915282487869 -0.18095700442790985 -0.05370830371975899 -0.5416974425315857
0.17104831337928772 -0.07277180999517441 -0.1337900012731552 0.6964369416236877 0.31662267446517944 -0.6018133759498596 -0.009656031616032124
-0.5321928858757019 0.40076524019241333 0.3208109140396118 -0.6105905175209045 -0.26087963581085205 -0.015378681942820549 -0.11010385304689407
-0.24879933893680573 0.40458792448043823 -0.39834487438201904 0.2759445309638977 0.32826530933380127 0.051694612950086594 -0.6550977826118469
-0.03219226002693176 -0.8737139701843262 0.07241011410951614 -0.16683676838874817 -0.24912557005882263 0.3205055296421051 0.19422294199466705
-0.2557951509952545 -0.05329030379652977 -0.37551701068878174 0.2243734747171402 0.825252115726471 0.23949018120765686 -0.04445059224963188
-0.2109295129776001 0.5378946661949158 -0.752906858921051 0.11178304255008698 0.07094205170869827 -0.2624320685863495 -0.11362424492835999
0.3122371435165405 -0.10204249620437622 -0.21986541152000427 0.1861249804496765 0.4361732006072998 0.0954296737909317 -0.7808700203895569
-0.02737637795507908 0.0778873860836029 -0.7100988030433655 -0.19938261806964874 -0.0798940658569336 0.07262549549341202 -0.661462664604187
-0.07853454351425171 -0.8003488183021545 -0.06888902932405472 -0.4262506067752838 -0.2591778635978699 0.3129822611808777 0.04132509604096413
0.09356112778186798 -0.20699496567249298 -0.2103280872106552 0.15633367002010345 -0.585788369178772 -0.5187200307846069 -0.5172067284584045
-0.5216297507286072 0.0395827479660511 -0.7657442092895508 -0.2907222807407379 -0.1957690268754959 -0.07611105591058731 -0.10645954310894012
0.189598947763443 -0.1354106068611145 0.20068174600601196 0.8106241226196289 0.1645035594701767 0.1639261096715927 -0.4409065842628479
-0.14384707808494568 -0.25796979665756226 0.4567713141441345 -0.5705310106277466 -0.35440075397491455 0.2516162097454071 0.43554946780204773
-0.24404695630073547 0.5527442693710327 0.16244500875473022 -0.3697202801704407 0.6326324939727783 0.08130914717912674 0.25494763255119324
0.7440110445022583 -0.6206688284873962 0.1257133185863495 0.11629042774438858 -0.0214875228703022 0.13866616785526276 -0.11045576632022858
-0.04091839864850044 -0.6724259853363037 -0.4504263401031494 -0.15029104053974152 0.06096367537975311 0.5297147631645203 -0.19074462354183197
0.10693919658660889 0.4213034510612488 0.7222170233726501 -0.08834177255630493 -0.4043928384780884 -0.22510424256324768 -0.2597310543060303
-0.5124363899230957 0.372592568397522 -0.5862657427787781 0.05917416140437126 0.38539642095565796 -0.06693720072507858 -0.3136299252510071
-0.47937873005867004 0.36092689633369446 0.11412229388952255 -0.7545729875564575 -0.011687442660331726 -0.09949412196874619 0.217916801571846
0.1435209959745407 -0.1992320418357849 0.4631222188472748 -0.8455222845077515 0.03322269767522812 -0.06273152679204941 -0.07265729457139969
-0.030404692515730858 0.5967122912406921 0.4586975872516632 0.04136050119996071 -0.10267376154661179 -0.6483194828033447 -0.005989521276205778
-0.009429718367755413 -0.7411413192749023 0.4983077645301819 0.3864179849624634 -0.07316756993532181 0.06309209018945694 0.2089424580335617
0.05128955468535423 0.639679491519928 -0.44746991991996765 0.3139064311981201 -0.057483870536088943 -0.3531985282897949 -0.4016956686973572
-0.4467059373855591 -0.1331498771905899 -0.7159096002578735 -0.040086280554533005 0.31520742177963257 -0.3691878914833069 -0.1814831793308258
-0.2589844763278961 0.3794613778591156 -0.46571603417396545 0.12625424563884735 0.6723093390464783 -0.05391825735569 -0.3181157112121582
-0.25533434748649597 -0.028420688584446907 -0.2729160189628601 -0.3586052656173706 0.6939157843589783 -0.4068886339664459 -0.2895485460758209
-0.12790547311306 0.4418461322784424 -0.34853485226631165 0.14087088406085968 0.3632074296474457 0.062163565307855606 -0.715057373046875
0.3476337790489197 -0.1287873536348343 0.6862238645553589 -0.05332162603735924 -0.2570219337940216 0.03145228698849678 0.5672464966773987
-0.4291963279247284 -0.4969298541545868 -0.6996520757675171 -0.25426605343818665 -0.0017727849772199988 -0.08028192073106766 0.09076762944459915
0.17692336440086365 -0.790336549282074 -0.16441497206687927 -0.31928035616874695 -0.4396703243255615 0.07905921339988708 0.1246342658996582
0.42248061299324036 0.1668790578842163 -0.4807755649089813 0.7306059002876282 0.1427587866783142 -0.048353686928749084 0.077545665204525
0.13043369352817535 -0.25835028290748596 0.3811453878879547 0.5885171890258789 -0.10311225056648254 0.07680139690637589 -0.6388170719146729
0.24031059443950653 0.2530593276023865 -0.404821515083313 0.3847430646419525 0.4695862829685211 -0.5053777098655701 -0.3006429672241211
-0.2373621165752411 -0.6307737231254578 -0.5195639729499817 0.1902945190668106 -0.22912393510341644 -0.20405077934265137 -0.38143208622932434
0.0947825089097023 0.36057472229003906 -0.3795095980167389 -0.11236656457185745 0.7388326525688171 -0.39320558309555054 0.06216147541999817
-0.46726909279823303 -0.5495403409004211 -0.6227052807807922 -0.16384533047676086 -0.21613749861717224 -0.11045361310243607 -0.07837296277284622
0.15212734043598175 0.03269224986433983 -0.12035693228244781 0.3733264207839966 -0.150943323969841 -0.4202483594417572 -0.7890105247497559
-0.490865558385849 -0.045879725366830826 0.5395822525024414 -0.39791062474250793 0.21553556621074677 0.4905097186565399 0.14285911619663239
0.22413276135921478 -0.20387962460517883 -0.4630420506000519 0.5544971227645874 -0.04941421002149582 -0.35529088973999023 -0.5075915455818176
-0.014926229603588581 0.7604681849479675 0.041242875158786774 0.09953894466161728 0.1594766527414322 -0.5992702841758728 -0.1590558886528015
0.16376157104969025 -0.06355385482311249 -0.3646917939186096 0.6566556692123413 -0.042998261749744415 -0.35211771726608276 -0.5283091068267822
0.371438205242157 -0.6262040138244629 -0.025030145421624184 -0.18806880712509155 -0.21077758073806763 0.5779674053192139 0.23544034361839294
-0.08002069592475891 -0.8432636260986328 -0.04737209156155586 0.11691588163375854 -0.4359745383262634 0.1580394208431244 0.22702284157276154
-0.08481580018997192 0.053381532430648804 0.9004778265953064 -0.10379817336797714 -0.010138505138456821 0.21004006266593933 -0.3522821366786957
-0.5006372332572937 -0.6519315838813782 -0.3355138897895813 -0.31323713064193726 -0.29577240347862244 -0.030649229884147644 -0.15887054800987244
-0.28194040060043335 -0.14627058804035187 0.4441128075122833 -0.5633854269981384 0.34331750869750977 -0.46964263916015625 -0.21457885205745697
-0.19612930715084076 -0.07482851296663284 -0.2886086106300354 0.4303083121776581 -0.08627734333276749 -0.381517618894577 -0.7310774922370911
-0.12320435047149658 0.8140282034873962 0.0033935895189642906 -0.49605393409729004 0.07248847186565399 0.13344043493270874 0.2302975058555603
-0.5090948343276978 -0.6918720602989197 -0.19084997475147247 -0.027257481589913368 0.3197230398654938 0.3499584197998047 0.016590967774391174
-0.485134482383728 0.742933988571167 0.2420353889465332 -0.36281436681747437 0.06244045868515968 0.020420609042048454 0.13476768136024475
-0.5184341073036194 0.6133501529693604 0.11481237411499023 -0.08440407365560532 0.30932557582855225 0.09906144440174103 -0.4787757992744446
-0.542512059211731 0.7070856094360352 0.39182597398757935 -0.13628464937210083 0.08975375443696976 -0.14668606221675873 0.06353654712438583
-0.2375306934118271 -0.7741524577140808 -0.15022873878479004 0.24577438831329346 0.27576637268066406 0.4145498275756836 -0.11573543399572372
-0.10330068320035934 0.4577179551124573 -0.3415120542049408 0.4728773832321167 0.3333580493927002 -0.3736816346645355 -0.43452760577201843
-0.43032318353652954 -0.40669941902160645 -0.36628633737564087 -0.5177756547927856 0.4036124646663666 0.12239544838666916 -0.2632044553756714
0.2817145884037018 0.10463529825210571 0.8804219365119934 0.030521240085363388 -0.055673323571681976 0.19677582383155823 -0.30297502875328064
-0.11495176702737808 0.701625645160675 0.4103773534297943 0.2325567603111267 0.2204487919807434 -0.0075462814420461655 -0.4726104438304901
-0.30245542526245117 0.5970901250839233 0.2583487331867218 -0.43758949637413025 0.02660418674349785 0.24805736541748047 0.4811811149120331
-0.03612765297293663 -0.19668297469615936 0.4457009732723236 -0.7635701894760132 0.3224008083343506 -0.07153913378715515 0.2631760537624359
0.13934233784675598 0.3719119429588318 -0.30834904313087463 0.6953286528587341 0.2743653655052185 -0.32596108317375183 -0.28666549921035767
0.32998624444007874 -0.7345374226570129 0.13360382616519928 0.3042491674423218 -0.43842342495918274 0.1411019265651703 0.1703566163778305
-0.35781198740005493 -0.6710345149040222 -0.29514259099960327 -0.33170613646507263 0.03942251577973366 0.228160098195076 -0.41344159841537476
-0.17985627055168152 0.43900537490844727 -0.22316287457942963 -0.00888295378535986 0.21641132235527039 -0.017461974173784256 -0.8233509063720703
-0.07515771687030792 -0.5150583982467651 -0.3252945840358734 -0.5510818362236023 -0.2572943866252899 -0.21452966332435608 0.4553404450416565
-0.20794305205345154 -0.5513534545898438 0.010667641647160053 -0.2773383855819702 -0.6271743178367615 0.42601636052131653 0.030018210411071777
-0.4692535698413849 -0.6853747367858887 -0.14382413029670715 -0.369540274143219 0.0644284263253212 0.30439630150794983 -0.23666207492351532
-0.48007819056510925 -0.44614043831825256 -0.7356111407279968 0.06315303593873978 0.09317007660865784 0.11590894311666489 0.05706169828772545
0.15019860863685608 0.3490336239337921 -0.39036309719085693 0.6925466656684875 0.30979424715042114 -0.1654987782239914 -0.3166217803955078
0.005816065240651369 0.9411352872848511 0.04376387596130371 -0.03926760330796242 0.06933221220970154 0.16075359284877777 -0.28306296467781067
0.5221774578094482 0.0644790455698967 -0.22449053823947906 0.4817245602607727 0.06705756485462189 0.3597240447998047 -0.5539138317108154
-0.029904888942837715 -0.13951773941516876 -0.6179931163787842 -0.3506556749343872 0.4379987120628357 0.5258292555809021 -0.08016499876976013
0.18420423567295074 0.4968097507953644 -0.45623156428337097 0.6502050161361694 0.11488563567399979 0.021323738619685173 -0.2732796370983124
-0.2439611256122589 -0.7295980453491211 -0.4092652499675751 -0.08884932845830917 0.3655243217945099 0.2857123911380768 0.1324305236339569
-0.6748603582382202 -0.5565779805183411 -0.4154057800769806 -0.05471215397119522 -0.17451591789722443 0.13690967857837677 0.10014493018388748
-0.4647209048271179 -0.7427130937576294 -0.1233900785446167 -0.05877680703997612 0.3193676173686981 0.31157684326171875 0.12106263637542725
0.3246636986732483 -0.5902832746505737 0.4050101339817047 0.4492569863796234 -0.29562124609947205 0.2888750433921814 -0.09722866863012314
-0.4658493101596832 -0.7024863958358765 -0.19091002643108368 -0.046989865601062775 0.23613974452018738 0.43912461400032043 0.04743656888604164
-0.008235225453972816 -0.19426265358924866 -0.23635509610176086 0.548088550567627 0.15314027667045593 -0.6515098214149475 -0.39750781655311584
0.15136604011058807 -0.1671498417854309 0.13997656106948853 0.7111597657203674 0.03448977321386337 0.3491584360599518 -0.5483671426773071
-0.3677859902381897 0.7140516042709351 -0.001383336028084159 -0.12108069658279419 0.43152445554733276 0.07931389659643173 -0.38431409001350403
-0.1201460137963295 0.8251076340675354 -0.2643987238407135 -0.3356383740901947 0.3363025486469269 -0.09426046907901764 -0.01476429682224989
-0.5726408958435059 -0.6657696962356567 -0.23562365770339966 -0.13205987215042114 0.2127886861562729 0.2952810823917389 0.15298621356487274
-0.26240575313568115 -0.798509418964386 0.1870337277650833 -0.32064542174339294 -0.32888278365135193 0.21568983793258667 0.03232485428452492
-0.410260945558548 -0.43523886799812317 -0.2924378514289856 -0.2415056824684143 0.3625769317150116 0.14248576760292053 -0.5887646675109863
0.10976548492908478 0.03642968460917473 -0.6858329176902771 0.6469308733940125 -0.027724983170628548 0.05485040694475174 -0.30653026700019836
-0.18687836825847626 -0.147774800658226 -0.6219737529754639 -0.4668632745742798 0.5363806486129761 -0.020834505558013916 -0.22424985468387604
0.43388262391090393 -0.5120583772659302 -0.3217284083366394 0.5326366424560547 -0.16674353182315826 -0.33195436000823975 -0.15599383413791656
-0.34193918108940125 0.4002591669559479 -0.6935478448867798 0.17812536656856537 0.2540883719921112 -0.07171883434057236 -0.3747379183769226
0.6290979981422424 -0.6291792392730713 -0.15421879291534424 0.03884144127368927 -0.13701090216636658 0.3607465326786041 -0.18484310805797577
-0.4631575644016266 -0.38355308771133423 -0.7145465016365051 -0.05069513991475105 0.04662768542766571 -0.26478099822998047 -0.230091854929924
0.2563069462776184 0.7252673506736755 -0.12471579760313034 -0.23616886138916016 0.5506953597068787 0.1554446816444397 -0.09765088558197021
-0.045629747211933136 0.5005377531051636 0.44722625613212585 0.3120035231113434 0.4572652578353882 -0.31280896067619324 -0.3782610595226288
0.025719380006194115 -0.32609087228775024 -0.8234375715255737 0.07071274518966675 0.2977677285671234 -0.276599258184433 0.21161431074142456
0.28247231245040894 0.49348506331443787 -0.41800644993782043 0.5773009061813354 0.10671103745698929 -0.06473539769649506 -0.391277551651001
-0.43624556064605713 0.6994943022727966 0.4135816991329193 -0.28557851910591125 -0.02047574706375599 -0.074287049472332 -0.24870602786540985
-0.5447814464569092 -0.5259039998054504 -0.4172603487968445 0.008103557862341404 -0.3785257339477539 0.3291511833667755 -0.02905157394707203
-0.5133305788040161 0.6890639066696167 0.11525196582078934 -0.13548481464385986 0.38400280475616455 -0.2592003643512726 -0.12409872561693192
0.2304682731628418 -0.107495978474617 0.8672100305557251 -0.2622440457344055 0.1015867367386818 -0.23852117359638214 -0.2174662947654724
-0.18140670657157898 0.6697236895561218 0.40249913930892944 0.37316274642944336 0.33941328525543213 0.10729744285345078 -0.30098456144332886
-0.42719653248786926 -0.45787912607192993 -0.7155160903930664 -0.07650599628686905 -0.07557688653469086 -0.1620841920375824 -0.24093618988990784
0.21962328255176544 -0.8946458697319031 0.338375061750412 0.13415420055389404 -0.04795760288834572 -0.009433089755475521 0.12841543555259705
-0.3472946584224701 -0.012148718349635601 -0.7680912613868713 0.11304610967636108 0.4279809296131134 -0.15007390081882477 0.2660926282405853
0.8925467729568481 -0.35727107524871826 -0.09847594797611237 0.04358518123626709 0.1032390370965004 0.21231016516685486 -0.09157709032297134
-0.5755409598350525 -0.5456826686859131 -0.16937485337257385 -0.09711045771837234 0.5592015981674194 -0.04257611185312271 -0.13544589281082153
-0.013322239741683006 -0.4112186133861542 -0.8283482789993286 0.2947853207588196 0.1296507567167282 -0.19949257373809814 -0.03249711915850639
0.05399889871478081 -0.5835544466972351 -0.25115957856178284 -0.3695525825023651 -0.5043991208076477 -0.10404619574546814 0.43778300285339355
-0.47431668639183044 -0.7186384797096252 -0.14695103466510773 -0.05282790958881378 0.2945827841758728 0.37360304594039917 0.08853597193956375
0.2073470503091812 -0.8380557894706726 0.2081259936094284 0.024767333641648293 -0.2281160205602646 0.21698854863643646 0.3340940475463867
-0.17892061173915863 0.8639187812805176 0.1409071534872055 0.26800084114074707 0.1755189597606659 -0.13874049484729767 -0.2826598584651947
-0.2634976804256439 -0.15494051575660706 -0.6212783455848694 -0.02963920496404171 0.461593359708786 -0.5535668134689331 0.013879138976335526
-0.5830872654914856 -0.6681720614433289 -0.4266103506088257 0.08418036252260208 -0.11614847928285599 -0.02153644524514675 0.1025589108467102
-0.16442842781543732 0.15541385114192963 0.32763412594795227 -0.8005630970001221 0.37769103050231934 -0.1098514199256897 -0.21411827206611633
0.6151458024978638 -0.6745073199272156 0.02072790265083313 0.0704670399427414 -0.20142823457717896 0.13521163165569305 -0.31997621059417725
-0.026786716654896736 -0.8147053718566895 -0.11139664053916931 -0.42749443650245667 -0.16196763515472412 0.2913198173046112 0.1711028665304184
0.39951059222221375 -0.6089968085289001 0.08658048510551453 0.5082981586456299 0.03357100114226341 0.028695693239569664 -0.4491107761859894
0.8560464978218079 -0.07002540677785873 -0.30496713519096375 0.17749926447868347 -0.006668122485280037 -0.2957724928855896 -0.22415196895599365
-0.4419678747653961 -0.7125338315963745 -0.1928716003894806 -0.04051036387681961 0.21664604544639587 0.45769405364990234 0.04123220592737198
-0.1254405826330185 0.92155921459198 0.003170059062540531 -0.2479795664548874 0.17869463562965393 -0.10082165151834488 -0.17717988789081573
-0.44475916028022766 -0.03703877702355385 -0.5590351819992065 0.17411595582962036 0.5949295163154602 0.2496461123228073 -0.20424611866474152
-0.4791792333126068 0.1490449756383896 -0.1317196488380432 0.3114917278289795 0.45980051159858704 -0.3364407420158386 -0.5560457110404968
0.6714233160018921 -0.6697236895561218 -0.03597761690616608 0.22041422128677368 0.018787866458296776 0.08891186863183975 -0.20621749758720398
0.4634910821914673 0.1653510481119156 -0.30138692259788513 0.796794056892395 0.1685652881860733 -0.05990968272089958 0.010813333094120026
-0.4798433482646942 -0.6622049808502197 -0.31110647320747375 -0.0010389131493866444 0.14280734956264496 0.45992863178253174 -0.050182584673166275
-0.33381086587905884 -0.7040249109268188 -0.37456220388412476 -0.14839895069599152 0.21108153462409973 -0.4080002009868622 0.13993029296398163
-0.5849913954734802 0.09846746921539307 -0.09791560471057892 -0.07267797738313675 0.11109654605388641 0.3971636891365051 -0.6805425882339478
0.1817154735326767 0.6984261870384216 0.592059850692749 0.09111082553863525 -0.2425450086593628 -0.1608017086982727 -0.188836008310318
-0.05007543787360191 0.1878502517938614 -0.152993306517601 0.6323013305664062 0.43217378854751587 -0.5124664902687073 -0.29932701587677
0.12043658643960953 -0.4210496246814728 -0.18338201940059662 0.6225326657295227 -0.28141501545906067 -0.33293694257736206 -0.4438411295413971
-0.21607066690921783 -0.9226669669151306 0.19496814906597137 -0.08681987226009369 -0.12171760201454163 0.1994989663362503 0.04282287135720253
0.1380491554737091 -0.12263155728578568 0.410070538520813 -0.40794146060943604 -0.0860021784901619 0.48460695147514343 0.6237703561782837
-0.3228696286678314 0.2717638611793518 -0.4615224599838257 0.19337643682956696 0.7311436533927917 -0.01135303732007742 -0.1918388456106186
0.24229449033737183 0.20144043862819672 0.8567564487457275 0.11536964774131775 0.21685293316841125 -0.13125906884670258 -0.29852837324142456
-0.3677838146686554 -0.0746350884437561 -0.632713794708252 -0.12677094340324402 0.48073610663414 -0.43187934160232544 0.15855638682842255
-0.03675532713532448 -0.3814566731452942 0.5695844292640686 -0.4230566918849945 -0.25416383147239685 0.44776496291160583 0.2909359633922577
0.2268754541873932 0.6341211199760437 -0.5067887902259827 0.2153039425611496 0.1123042106628418 -0.3884790539741516 -0.2823103368282318
-0.2994008958339691 -0.059889234602451324 -0.9021989703178406 0.08748660236597061 0.20035582780838013 -0.11928744614124298 -0.1754521131515503
-0.4332602918148041 -0.24253638088703156 -0.1321733444929123 -0.1114010363817215 0.7812210917472839 -0.2570585608482361 -0.217246875166893
-0.22809360921382904 -0.4308699667453766 -0.28578639030456543 -0.3574991524219513 -0.09453035145998001 0.5878169536590576 -0.4453987777233124
-0.12253934890031815 0.02094554528594017 -0.8763177990913391 0.33414778113365173 0.28540274500846863 0.03952229022979736 0.1481250822544098
0.13565203547477722 0.2504867613315582 -0.14644856750965118 0.5582917332649231 0.5424866676330566 -0.19646500051021576 -0.5028197765350342
-0.29277676343917847 -0.11867130547761917 0.6818983554840088 -0.5844306349754333 0.28802376985549927 0.04811907559633255 -0.09154892712831497
-0.18684524297714233 0.20884910225868225 -0.3253292739391327 0.6075948476791382 0.32423290610313416 -0.3229796588420868 -0.48684436082839966
0.13838203251361847 0.5959446430206299 0.3933984637260437 0.1740739941596985 0.430852472782135 -0.3153125047683716 -0.39443686604499817
-0.4912141263484955 0.5413445830345154 0.20128855109214783 -0.1579669713973999 0.18751084804534912 0.4943750500679016 -0.34729963541030884
0.17526453733444214 0.44981980323791504 0.7700534462928772 0.3153214454650879 0.13461613655090332 0.23737044632434845 -0.008271293714642525
0.16327980160713196 -0.4802103638648987 0.05596703290939331 0.6693898439407349 0.058094777166843414 -0.4450618624687195 0.30011266469955444
-0.3602558970451355 -0.8006101250648499 -0.2684037387371063 -0.2221246063709259 -0.2913457751274109 -0.004950670059770346 0.15150021016597748
-0.3043281137943268 0.6755550503730774 0.22509600222110748 -0.004421850200742483 0.5349596738815308 0.1267312467098236 -0.31317612528800964
-0.48160335421562195 0.05097556859254837 -0.7390183210372925 -0.21142053604125977 0.1895514875650406 -0.17938777804374695 -0.32634833455085754
-0.3217633068561554 -0.3638772666454315 -0.7669335603713989 -0.28592684864997864 -0.1940998136997223 0.23377572000026703 -0.042362116277217865
0.14550139009952545 -0.8272451758384705 0.24908491969108582 0.00372008397243917 -0.1781836301088333 -0.12444225698709488 0.4303513765335083
-0.09193644672632217 -0.7455901503562927 -0.11640389263629913 -0.561912477016449 0.18313544988632202 0.13278958201408386 -0.23489533364772797
-0.4517885148525238 -0.34846821427345276 -0.34532976150512695 -0.28163936734199524 0.3963717818260193 0.09982075542211533 -0.555705726146698
-0.26423898339271545 0.22797891497612 -0.443930059671402 0.035547804087400436 0.6519927382469177 -0.5026140213012695 -0.04637359455227852
-0.37495821714401245 -0.04541986808180809 -0.771821141242981 -0.3756943643093109 -0.26096904277801514 -0.16336075961589813 -0.16030527651309967
-0.14434419572353363 -0.38868430256843567 -0.3596675395965576 -0.27554935216903687 -0.26714977622032166 -0.2121725082397461 -0.7116283178329468
-0.047299038618803024 -0.844099760055542 -0.16458094120025635 -0.05091352388262749 -0.3269311487674713 0.26464611291885376 0.28046005964279175
-0.08659753203392029 -0.034268319606781006 -0.953951895236969 0.17696842551231384 0.1323573887348175 -0.016345566138625145 -0.17944027483463287
0.2896215617656708 -0.3785131871700287 -0.2876751124858856 0.291161447763443 0.14575155079364777 -0.6480153799057007 -0.4051513671875
-0.5685110092163086 -0.08187321573495865 -0.4065600037574768 0.23070701956748962 -0.2909278869628906 -0.3603762984275818 -0.4868931174278259
0.5497419834136963 -0.5480534434318542 0.12074624747037888 0.2272612303495407 0.3550169765949249 -0.44262030720710754 -0.09614614397287369
0.15979966521263123 0.5471001863479614 0.6468655467033386 0.2542146146297455 0.011997081339359283 -0.38362735509872437 -0.21159270405769348
0.5919286608695984 -0.37015652656555176 -0.08118309080600739 0.036612093448638916 -0.13065052032470703 0.030746014788746834 -0.6976092457771301
-0.48685747385025024 -0.27647852897644043 -0.5968784689903259 -0.09064991027116776 -0.43515104055404663 -0.32257044315338135 -0.16923391819000244
0.20058995485305786 -0.62665194272995 -0.12795162200927734 0.34357210993766785 -0.6134538054466248 0.23313364386558533 -0.04450629651546478
-0.46986308693885803 -0.6802597641944885 -0.47199031710624695 0.1973404884338379 -0.23035022616386414 0.036437056958675385 0.019196180626749992
-0.09490887820720673 0.21034929156303406 0.717687726020813 -0.10388248413801193 0.397298663854599 -0.4438585042953491 -0.2569466829299927
0.03384426236152649 0.34573403000831604 -0.4955120086669922 0.010444187559187412 0.6791190505027771 -0.31142258644104004 -0.27476271986961365
0.35656577348709106 -0.39173442125320435 0.7046586871147156 -0.21214699745178223 -0.34746959805488586 0.1877172738313675 0.1479247510433197
-0.35880929231643677 0.8504995703697205 -0.08567923307418823 -0.1736028492450714 -0.01564859412610531 -0.2610830068588257 -0.2049836963415146
-0.32151302695274353 -0.8083890080451965 0.09756753593683243 -0.16739904880523682 -0.10797179490327835 -0.2523702085018158 0.3608960807323456
-0.34313368797302246 0.7276967763900757 -0.022672902792692184 -0.1697302609682083 -0.044431284070014954 -0.055600885301828384 -0.5642062425613403
0.05479244515299797 -0.6112322211265564 -0.043091047555208206 -0.1106899157166481 0.23241157829761505 -0.21160641312599182 -0.714486837387085
0.040414076298475266 -0.40613916516304016 -0.37614038586616516 -0.6919973492622375 -0.3887828588485718 0.07626427710056305 -0.23687025904655457
-0.22021929919719696 -0.6909385919570923 -0.548825204372406 -0.2694821059703827 -0.20922763645648956 -0.23001034557819366 0.059971846640110016
0.12422721087932587 0.3700399100780487 0.7172639966011047 0.02263454906642437 -0.424775093793869 0.19866904616355896 0.33578991889953613
-0.22241954505443573 -0.301103800535202 -0.7960262298583984 -0.1734602153301239 -0.2415735274553299 0.08771143853664398 -0.36065050959587097
0.8972464203834534 -0.3806772828102112 -0.0714094489812851 0.03715112805366516 0.18163900077342987 0.10013113170862198 -0.02313159964978695
0.183909609913826 0.254019170999527 -0.13123385608196259 0.41541019082069397 0.4830998480319977 -0.29208752512931824 -0.6270270943641663
0.07269767671823502 0.3097231388092041 0.8530390858650208 -0.03103332780301571 0.27006596326828003 -0.1906261146068573 -0.2467263638973236
-0.3653537333011627 -0.6343304514884949 -0.6117995381355286 0.04910852015018463 -0.14818215370178223 0.12686003744602203 0.22221580147743225
0.33882367610931396 0.2899390161037445 -0.2038639336824417 0.357012003660202 0.009586797095835209 -0.4539099633693695 -0.6526787281036377
-0.4121541678905487 -0.822463870048523 -0.07510911673307419 0.05631367117166519 0.22117386758327484 0.3067544996738434 -0.04304914548993111
-0.4189201891422272 -0.5290499329566956 -0.1791062355041504 -0.0649322047829628 -0.5958651304244995 -0.010956005193293095 0.3913329839706421
0.05690023675560951 -0.0021007168106734753 -0.5672851204872131 0.11209429800510406 0.7933606505393982 0.17957542836666107 0.026685236021876335
0.38877230882644653 0.5840572714805603 -0.4333512783050537 0.5276333689689636 0.18794859945774078 0.04402395337820053 -0.06542213261127472
-0.00031619329820387065 -0.8522546291351318 -0.010759804397821426 -0.06058887019753456 0.058799613267183304 0.35808277130126953 0.37174537777900696
-0.4296405017375946 0.13674061000347137 0.519210934638977 -0.4187496304512024 -0.06856616586446762 0.5836365818977356 0.08029290288686752
0.1859118789434433 0.11877624690532684 0.4049453139305115 -0.7022706270217896 0.3972945511341095 -0.330407053232193 -0.1647796630859375
0.22422868013381958 -0.1457059383392334 0.2881092429161072 -0.556084394454956 -0.07852055132389069 0.08997149765491486 0.7224916815757751
-0.10243835300207138 -0.8381832242012024 0.4765174984931946 0.07336326688528061 -0.007372107356786728 -0.213329017162323 0.09455423802137375
-0.40493783354759216 0.1980278640985489 0.7612650394439697 -0.29225486516952515 -0.10549832880496979 -0.11109662801027298 0.3292423486709595
-0.4144262969493866 0.3649713695049286 0.26862338185310364 -0.4978078305721283 0.1237790659070015 0.4676697552204132 -0.3755521774291992
-0.1272074431180954 0.4216108024120331 -0.34241923689842224 0.4334946870803833 0.4152378439903259 0.2674981653690338 -0.5068690180778503
0.14901494979858398 0.8390927314758301 -0.06642711162567139 0.10289344936609268 0.13993465900421143 -0.38071727752685547 0.3069053888320923
-0.1278197020292282 0.6360134482383728 0.34942859411239624 -0.1256445050239563 0.2117132693529129 0.50128573179245 -0.38098853826522827
-0.2802681624889374 0.33066511154174805 0.30657005310058594 -0.7648519277572632 -0.2374265342950821 -0.1933078169822693 -0.1984626054763794
0.5951976776123047 -0.5285308361053467 -0.33692193031311035 0.41895535588264465 -0.22585634887218475 -0.11084796488285065 0.11856032907962799
-0.2352316528558731 0.4395814538002014 -0.4979587197303772 -0.08178311586380005 0.6567271947860718 -0.08602895587682724 -0.24102135002613068
0.26267287135124207 0.19844412803649902 0.6650266051292419 -0.42349135875701904 -0.16684506833553314 -0.3389909565448761 0.3567427396774292
0.38312503695487976 0.05666965991258621 -0.4663015604019165 0.7085289359092712 0.3108781576156616 -0.13953366875648499 0.12015976756811142
-0.2914581298828125 0.3447000980377197 -0.6894965767860413 0.09579440206289291 0.4286329746246338 -0.2642079293727875 -0.24108058214187622
-0.010210070759057999 0.4251340329647064 -0.6208609342575073 0.08032484352588654 0.12980614602565765 -0.14631344377994537 -0.6236820220947266
0.3001835346221924 -0.2454974353313446 -0.6140435934066772 -0.12975813448429108 0.3048798739910126 -0.5492755174636841 -0.2471412867307663
-0.20984694361686707 0.3483242690563202 -0.6653361320495605 0.3141882121562958 0.2778324782848358 -0.19936423003673553 -0.41989415884017944
0.2589496374130249 -0.4822942614555359 0.7023829221725464 -0.3589937686920166 -0.2574363052845001 -3.9183189073810354e-05 0.10883715748786926
-0.5961227416992188 0.6320151686668396 0.3302502930164337 -0.33717790246009827 0.050668541342020035 -0.1362418532371521 -0.03621077165007591
0.8540517091751099 0.027480177581310272 -0.3329732120037079 0.3166424036026001 0.06027201563119888 -0.2119123637676239 -0.1008332371711731
-0.2715960144996643 0.11355075985193253 0.3831230401992798 -0.6408601403236389 0.025791853666305542 -0.5937588810920715 -0.05140046030282974
-0.4275955855846405 0.7191676497459412 -0.13922500610351562 -0.2040187567472458 -0.013179752044379711 0.039602551609277725 -0.48704269528388977
0.6606746912002563 -0.2057899534702301 -0.4253740608692169 0.2868221402168274 -0.12418888509273529 -0.3612479567527771 -0.3347035348415375
-0.3658967614173889 -0.7943174839019775 -0.41334068775177 -0.19689226150512695 -0.09157035499811172 -0.12138492614030838 -0.04942276328802109
0.20547997951507568 0.5367426872253418 -0.29461002349853516 -0.6049486398696899 0.22460497915744781 0.38770538568496704 -0.12713946402072906
-0.35297104716300964 -0.5812700390815735 -0.12421928346157074 -0.054488975554704666 0.10604790598154068 0.7100985646247864 -0.06042293459177017
-0.41788333654403687 0.724703848361969 -0.0740630254149437 -0.5326529741287231 0.08916017413139343 0.039702482521533966 0.03804565221071243
-0.5060694813728333 0.04238449037075043 0.4463367164134979 -0.5013910531997681 -0.5272088050842285 -0.02507268451154232 -0.11362262070178986
-0.29030996561050415 -0.0961306020617485 0.6424813866615295 -0.4441315233707428 -0.13759952783584595 0.46435225009918213 0.24877122044563293
-0.15826526284217834 0.3534179925918579 0.20349836349487305 -0.6195327639579773 0.11601851135492325 0.6315246820449829 -0.11194510012865067
-0.28620806336402893 0.3983250856399536 -0.02514607273042202 -0.23100772500038147 0.6695036292076111 -0.48052269220352173 -0.1621355265378952
0.10568730533123016 -0.1991032361984253 0.6016550064086914 -0.026995157822966576 -0.7426918148994446 0.007844612933695316 0.186595618724823
0.07898388803005219 0.32543787360191345 -0.2835850715637207 0.40343865752220154 0.6000708937644958 -0.19393952190876007 -0.4969615936279297
-0.3465406596660614 0.3992539346218109 0.24217131733894348 -0.7557555437088013 -0.06436339765787125 -0.28461727499961853 -0.07445065677165985
-0.41083183884620667 0.34608232975006104 -0.36064183712005615 0.216201514005661 0.6542454957962036 -0.042925622314214706 -0.3236646056175232
0.15239520370960236 -0.2521991431713104 0.5817708373069763 -0.2068154662847519 -0.5534453392028809 0.23398107290267944 0.4133913516998291
-0.04206248000264168 0.6309009790420532 0.6044303178787231 0.3061157166957855 -0.18332600593566895 -0.1716107875108719 -0.2794514000415802
-0.36187243461608887 -0.12445499747991562 0.42788222432136536 -0.8062819242477417 0.12801988422870636 -0.001441140309907496 0.06320162117481232
0.5615164041519165 -0.5010082721710205 0.2754789888858795 0.4273766279220581 0.01982967182993889 0.22210563719272614 0.3541559875011444
0.2665397524833679 -0.29660022258758545 -0.35421010851860046 0.3188433349132538 -0.10868323594331741 -0.5178448557853699 -0.5778266787528992
-0.5367000102996826 0.04593481123447418 -0.2309512197971344 -0.18025751411914825 0.31454750895500183 -0.010261929593980312 -0.7245455980300903
0.729970395565033 -0.5264207720756531 0.046229466795921326 0.043760061264038086 -0.17023709416389465 0.31294068694114685 -0.24302200973033905
-0.46873199939727783 -0.5290122628211975 -0.2261856496334076 -0.08081647008657455 0.09479112923145294 0.6517251133918762 -0.09494273364543915
-0.11298685520887375 0.5347200632095337 -0.5462549328804016 -0.07086578011512756 0.6191439032554626 0.11192472279071808 -0.04500837251543999
0.6955150961875916 -0.24913859367370605 -0.5075550079345703 0.33092600107192993 -0.1690414845943451 -0.18346919119358063 -0.15757091343402863
-0.15471550822257996 0.06417563557624817 -0.6348910331726074 -0.42664289474487305 0.1945333629846573 -0.396067351102829 -0.43831634521484375
-0.5614224672317505 -0.18274684250354767 -0.5962214469909668 0.1856110394001007 0.27311408519744873 -0.3622647523880005 -0.23590226471424103
-0.46339985728263855 -0.5825513601303101 -0.5875318050384521 -0.2889177203178406 0.020246487110853195 -0.10146217048168182 -0.08076474815607071
-0.048566803336143494 -0.48288679122924805 -0.7184591293334961 0.1923026293516159 0.06131367012858391 -0.36899563670158386 -0.2671715021133423
0.6735408306121826 -0.18280965089797974 -0.5876464247703552 0.06958261132240295 0.034075114876031876 -0.37608495354652405 -0.14195866882801056
0.4506393373012543 -0.4332117438316345 -0.3104701340198517 0.3416134715080261 -0.1649794578552246 -0.4563574492931366 -0.4008491039276123
-0.05712953209877014 -0.8071497678756714 -0.12093262374401093 0.13630801439285278 -0.47848087549209595 0.24164970219135284 0.15716996788978577
-0.25364649295806885 0.8340205550193787 0.05510023608803749 -0.017684105783700943 0.45722445845603943 0.11946806311607361 -0.11574806272983551
0.03550530597567558 0.4807663857936859 -0.2648696303367615 0.5088874697685242 0.4308715760707855 -0.12278185784816742 -0.4876011908054352
0.39416739344596863 -0.5979564189910889 0.1386936455965042 0.4741823375225067 0.07839912176132202 0.1263861507177353 -0.4699738025665283
-0.4011971056461334 0.7704869508743286 0.16510224342346191 -0.08115554600954056 0.32361578941345215 -0.3200300335884094 -0.06632798165082932
0.30650413036346436 -0.22477416694164276 -0.2882894277572632 0.16503851115703583 0.26158982515335083 -0.7785505652427673 -0.2657311260700226
0.31637224555015564 0.06612475961446762 -0.31770655512809753 0.410668283700943 -0.12258771806955338 -0.17945091426372528 -0.760736346244812
0.11892333626747131 0.8283422589302063 0.21208596229553223 0.10281835496425629 0.11144714057445526 -0.19962303340435028 -0.43804600834846497
-0.5178790092468262 -0.16641473770141602 -0.2778471112251282 -0.015923818573355675 0.24838735163211823 -0.6628721952438354 -0.35434314608573914
0.012902352027595043 0.43679147958755493 0.5664044618606567 -0.031165840104222298 -0.009659931994974613 -0.527655303478241 -0.45688942074775696
0.17028936743736267 -0.5182294249534607 -0.23380592465400696 -0.5819516777992249 -0.25360602140426636 0.16784580051898956 0.46542295813560486
-0.3180856704711914 0.4770728647708893 -0.6871844530105591 0.2012099027633667 0.16262497007846832 -0.36328938603401184 0.00943688116967678
0.47270405292510986 0.5307528376579285 -0.47324684262275696 0.3400779664516449 0.35528564453125 -0.12535995244979858 -0.11529820412397385
0.005205775145441294 -0.20809690654277802 0.42942890524864197 -0.3370667099952698 -0.3740549683570862 0.6429329514503479 0.324600487947464
-0.1617727130651474 -0.8392146825790405 0.24155591428279877 0.18657942116260529 -0.0671132504940033 0.31577539443969727 0.2686426639556885
-0.1576148420572281 -0.38703715801239014 -0.5935256481170654 -0.3994888365268707 -0.3262028992176056 -0.0022135444451123476 -0.45506319403648376
0.33008623123168945 -0.029025401920080185 0.5176228284835815 -0.09905806928873062 -0.26038944721221924 0.12688258290290833 0.7270163893699646
0.20939002931118011 -0.1837061047554016 -0.5167775750160217 0.6366413235664368 0.19916218519210815 -0.32580235600471497 -0.322837233543396
0.7320281267166138 -0.65213942527771 0.14285564422607422 0.07696700841188431 0.006084350869059563 0.0009500058949925005 -0.11171140521764755
-0.0916995257139206 -0.41109931468963623 0.3144761621952057 -0.7356793284416199 -0.2451019436120987 0.3203742504119873 0.1405508667230606
0.1502087563276291 0.5437902808189392 0.5863388180732727 -0.14837303757667542 0.12290655076503754 -0.017693549394607544 -0.5481812357902527
-0.15033960342407227 0.955901026725769 -0.039695944637060165 -0.15084871649742126 -0.024975035339593887 -0.07224911451339722 0.18296565115451813
-0.3030887246131897 0.20674072206020355 -0.3806520700454712 0.20201483368873596 0.6567838191986084 -0.14404287934303284 -0.4770493805408478
-0.014603054150938988 -0.5048826336860657 -0.56358802318573 -0.36244824528694153 -0.22080692648887634 -0.44577836990356445 0.22001363337039948
-0.24371881783008575 -0.13317039608955383 0.3983486592769623 -0.626261293888092 0.5425531268119812 -0.13231675326824188 0.24517390131950378
0.4691867530345917 -0.22694602608680725 -0.03131618723273277 0.522869348526001 0.5468600392341614 -0.20168082416057587 -0.3380163609981537
-0.1687464416027069 -0.6840864419937134 0.18421268463134766 0.6172518134117126 0.0011890395544469357 0.2341979444026947 -0.1837558001279831
-0.0641314908862114 0.32411062717437744 -0.6139568090438843 0.13204221427440643 0.596307098865509 -0.02071094885468483 -0.3747667670249939
0.40762460231781006 -0.6525488495826721 0.29960983991622925 0.43166229128837585 -0.048295967280864716 0.1262539178133011 -0.33712178468704224
0.4374658763408661 -0.5084418058395386 -0.4325644075870514 -0.4430784583091736 0.20465156435966492 0.3512527644634247 0.037674058228731155
-0.3357003629207611 0.6764898300170898 0.0008579647401347756 -0.15625707805156708 -0.023936159908771515 0.0007771609234623611 -0.6361416578292847
0.6313730478286743 -0.7388070821762085 -0.015113198198378086 0.020507395267486572 0.09679348766803741 0.188742533326149 -0.09945017099380493
-0.32321909070014954 -0.6365434527397156 -0.22841264307498932 -0.37130650877952576 0.10763460397720337 0.3296363353729248 -0.4243297576904297
-0.24029366672039032 0.2653772830963135 0.5780490636825562 -0.2616575360298157 0.6268649697303772 -0.25886109471321106 -0.09622760862112045
-0.38599351048469543 0.5508004426956177 0.19113312661647797 -0.30363211035728455 0.5993356704711914 -0.1134943813085556 -0.21637776494026184
-0.35113123059272766 -0.80467689037323 -0.307049959897995 -0.04579625278711319 -0.18830649554729462 -0.18336981534957886 -0.2524702548980713
-0.24507887661457062 0.6195928454399109 0.19305068254470825 -0.1494443416595459 0.2474270612001419 -0.04785531014204025 -0.6579731106758118
0.2574457824230194 0.23923124372959137 -0.1604136973619461 0.4403831660747528 0.6343370676040649 -0.32692548632621765 -0.3841306269168854
-0.406748503446579 -0.8810767531394958 0.21433666348457336 0.03617842122912407 0.06800137460231781 0.07842189073562622 0.015366696752607822
-0.43633967638015747 -0.6745615005493164 -0.2082304060459137 -0.03956029936671257 0.16092364490032196 0.5326747298240662 0.0032753769773989916
-0.43792060017585754 -0.5563995838165283 -0.22394797205924988 -0.04953129217028618 0.10226738452911377 0.6509010791778564 -0.10912467539310455
0.1292385309934616 -0.010788162238895893 -0.5380454063415527 0.6072844862937927 -0.1040201261639595 -0.09113714098930359 -0.5529624223709106
-0.49521854519844055 -0.7350924015045166 -0.09270498901605606 -0.2019507884979248 0.12245655059814453 0.3484532833099365 -0.1691276729106903
-0.24273261427879333 -0.5061819553375244 -0.7839540243148804 -0.23091915249824524 0.04616599157452583 0.08338672667741776 0.08870409429073334
-0.6025521159172058 -0.4386163651943207 -0.297088623046875 -0.4112691581249237 -0.29210734367370605 -0.060859523713588715 -0.31322845816612244
0.007098893169313669 -0.2008533775806427 -0.013919773511588573 0.4172762334346771 -0.5504286885261536 -0.47195616364479065 -0.5094899535179138
-0.2217491716146469 0.7703073620796204 -0.24075555801391602 -0.40670618414878845 -0.06053869053721428 0.051314402371644974 0.35746681690216064
-0.3552144467830658 0.6119911074638367 0.14700037240982056 -0.1851864457130432 0.32846489548683167 0.5620427131652832 -0.14001871645450592
-0.3158698081970215 -0.6735636591911316 -0.6050771474838257 0.05079370737075806 -0.08421599119901657 -0.22223325073719025 -0.14615021646022797
-0.7013006806373596 -0.21950729191303253 -0.4119929075241089 0.02578520029783249 -0.39227908849716187 -0.2519633173942566 -0.2687424123287201
-0.3885650932788849 0.120815709233284 -0.4871336817741394 -0.19504208862781525 0.36405259370803833 0.2748570442199707 -0.5924519896507263
-0.4627852439880371 0.42140963673591614 -0.4210875928401947 0.24306625127792358 -0.06428197026252747 -0.2940211892127991 -0.5303462743759155
-0.4489029049873352 0.3628842234611511 -0.6018404364585876 0.1513984054327011 0.28389662504196167 -0.19188356399536133 -0.4052792489528656
-0.650787353515625 0.03458689898252487 0.5048164129257202 -0.39870181679725647 0.13316397368907928 0.11422958970069885 -0.3615187406539917
0.030875392258167267 0.18851995468139648 -0.5279784798622131 0.13497111201286316 0.4111732244491577 0.7000983953475952 -0.0855996161699295
-0.42745348811149597 -0.7289369702339172 -0.33052656054496765 -0.2561853229999542 -0.2710827887058258 -0.15023796260356903 -0.12246831506490707
-0.04031508415937424 0.7900141477584839 0.5472569465637207 0.00867244228720665 0.05940275639295578 -0.21054425835609436 0.16379724442958832
0.14552482962608337 0.7784963250160217 0.18045766651630402 0.32123568654060364 0.09303908050060272 0.31275972723960876 -0.36129459738731384
-0.1136733666062355 0.4161877930164337 0.5938271284103394 -0.49254080653190613 -0.3552367091178894 0.12493903934955597 0.2771933972835541
0.1861373782157898 0.3362449109554291 0.5029829740524292 -0.35530126094818115 -0.32469767332077026 -0.29276585578918457 -0.5309622883796692
-0.5811865329742432 0.23852646350860596 0.46789735555648804 -0.3994111120700836 -0.35394078493118286 0.19914908707141876 0.24886903166770935
-0.16494594514369965 0.28728654980659485 -0.45590201020240784 0.3281150460243225 0.6796488761901855 0.10768191516399384 -0.3181745707988739
-0.40575945377349854 -0.6223257184028625 -0.00527219008654356 -0.20073851943016052 -0.4439343810081482 -0.43289095163345337 0.15255771577358246
-0.06944489479064941 0.3248720169067383 -0.04341729357838631 0.60555100440979 0.4661151170730591 -0.17818254232406616 -0.5215805768966675
-0.24706164002418518 -0.5623693466186523 -0.40269777178764343 -0.3395201861858368 -0.02641947567462921 0.4540887475013733 -0.3719775378704071
-0.41011908650398254 -0.652995765209198 -0.24642157554626465 -0.03802460432052612 0.31136611104011536 0.4918915331363678 0.0657518208026886
-0.5410524606704712 0.7323037385940552 -0.03238297253847122 -0.14264942705631256 0.3188493847846985 -0.09236369282007217 -0.19849422574043274
0.20398035645484924 0.5968655347824097 0.6351084113121033 -0.11026503890752792 -0.0031347060576081276 -0.30382150411605835 0.3070915639400482
-0.41892021894454956 0.07597208768129349 0.4236619770526886 -0.5842925310134888 0.06632973998785019 -0.3769347071647644 0.38905954360961914
-0.14190451800823212 0.4844249486923218 0.14167597889900208 -0.6545472145080566 -0.42660096287727356 0.24136021733283997 -0.23758842051029205
0.16938938200473785 0.32750117778778076 -0.13603521883487701 0.6274804472923279 0.4552810490131378 -0.04693717509508133 -0.49226921796798706
-0.40713709592819214 0.4736059904098511 0.16047780215740204 -0.0875842422246933 0.5381805896759033 -0.535193920135498 0.021016674116253853
0.6095468401908875 -0.6096712350845337 0.2748035192489624 0.07013675570487976 0.13292275369167328 -0.36777496337890625 0.1529395580291748
0.1559634953737259 -0.26685193181037903 0.6950108408927917 -0.3020703196525574 -0.5452590584754944 -0.03713423013687134 0.17746098339557648
-0.026417775079607964 0.25147563219070435 -0.1653740406036377 0.6171444058418274 0.4704616069793701 -0.024625729769468307 -0.5530874729156494
-0.32811439037323 -0.8268737196922302 -0.042121730744838715 -0.15020263195037842 -0.36166107654571533 0.19543379545211792 0.12366378307342529
0.2706493139266968 -0.7459813952445984 0.15670469403266907 0.18864470720291138 -0.5089018940925598 0.1990552544593811 0.10730112344026566
0.4796673655509949 -0.5234938263893127 0.022550052031874657 0.2531525194644928 -0.23258240520954132 0.04332459345459938 0.6126232147216797
-0.42454347014427185 0.38387182354927063 -0.4802953600883484 0.20016349852085114 0.5376044511795044 0.010018108412623405 -0.33546558022499084
0.0706304982304573 -0.467636376619339 0.7217612862586975 -0.07665523886680603 -0.351107656955719 0.28285908699035645 0.21500298380851746
-0.2004682570695877 -0.8105624318122864 -0.13038277626037598 -0.07834815979003906 -0.38703104853630066 0.31454557180404663 0.17587177455425262
-0.0588761605322361 -0.6719964742660522 -0.24999742209911346 -0.5089656710624695 0.048732124269008636 0.26054686307907104 -0.39134395122528076
-0.15029311180114746 0.38094043731689453 0.7025117874145508 0.024542100727558136 0.1019909456372261 -0.5562469363212585 0.13549348711967468
-0.3144354522228241 0.2650725841522217 -0.6131722927093506 0.07810152322053909 0.46129110455513 0.3522094190120697 -0.33458295464515686
-0.5947879552841187 0.03933491185307503 0.45425403118133545 -0.3971131443977356 0.09372173249721527 -0.3727661669254303 0.36454927921295166
-0.5665779113769531 -0.09350141882896423 -0.7095839977264404 0.16816000640392303 0.08781810104846954 -0.1084863543510437 -0.34493234753608704
-0.485804945230484 0.6364182829856873 0.046948473900556564 -0.3995759189128876 -0.11288988590240479 -0.421889990568161 0.07978057116270065
0.05699252709746361 -0.04562672600150108 0.576478898525238 -0.07803446799516678 -0.675329864025116 -0.014582321979105473 0.44717979431152344
0.19280198216438293 0.3798272907733917 -0.4225846230983734 0.6048260927200317 0.24305085837841034 -0.2857835590839386 -0.3652675449848175
0.22485968470573425 -0.4234647750854492 -0.011338695883750916 0.2847249507904053 -0.22429054975509644 -0.49445852637290955 -0.6277924180030823
-0.31879499554634094 0.07138092815876007 -0.895088791847229 -0.052076537162065506 0.061966672539711 0.12250588089227676 -0.2655768394470215
-0.2709730565547943 -0.550598680973053 -0.1045960932970047 0.1735771745443344 0.04152724891901016 0.10264116525650024 -0.7550401091575623
0.1971811205148697 -0.3729401230812073 -0.3706778883934021 0.5750055313110352 -0.4045014977455139 -0.006296872161328793 -0.43628057837486267
-0.35652005672454834 0.8597174286842346 0.05333533510565758 -0.11814910918474197 -0.20485132932662964 -0.2391444444656372 -0.1334969848394394
0.32009178400039673 0.807191789150238 0.3940168619155884 0.1501181721687317 -0.2577087879180908 -0.001897487323731184 -0.04219707474112511
0.012209202162921429 -0.8597344160079956 0.09267862886190414 0.05042514204978943 -0.2573079466819763 0.405493825674057 0.13763368129730225
0.5591350793838501 -0.03902154043316841 0.7985528111457825 -0.16575463116168976 0.10884855687618256 0.015200995840132236 0.09276299923658371
-0.5031099319458008 -0.6998046636581421 -0.18719221651554108 -0.03184658661484718 0.31433799862861633 0.34867945313453674 0.02670312114059925
0.15751658380031586 -0.3895055651664734 -0.24543556571006775 -0.3855018615722656 0.1909821480512619 -0.13112333416938782 -0.7489699721336365
-0.5386044979095459 -0.6935849189758301 -0.39629265666007996 0.09109847247600555 -0.18932020664215088 0.16627904772758484 -0.0027252240106463432
-0.4163423776626587 -0.7056708931922913 -0.18301795423030853 -0.013354160822927952 0.22216010093688965 0.4956358075141907 0.0019168120343238115
0.4124433398246765 0.46305352449417114 -0.5692539811134338 0.3904144763946533 0.3316704332828522 -0.16398406028747559 -0.04585157707333565
-0.35189345479011536 0.034205444157123566 -0.532624363899231 0.15540099143981934 0.6002110242843628 0.4177637994289398 -0.1799527108669281
-0.6405884623527527 0.47688212990760803 0.08896089345216751 -0.3612188696861267 -0.07534337788820267 -0.24813292920589447 0.39571475982666016
-0.16134418547153473 0.7970682382583618 0.5346093773841858 0.006933491677045822 -0.0953325629234314 -0.1241007000207901 -0.16824330389499664
-0.3204095661640167 -0.06203838810324669 0.46259215474128723 -0.2877834141254425 -0.6612662076950073 0.39274513721466064 -0.07180790603160858
0.36260145902633667 0.4094521403312683 -0.5365484356880188 0.41344937682151794 0.37580886483192444 -0.31203439831733704 -0.05870828777551651
-0.11532960832118988 -0.009302712045609951 -0.5297194123268127 -0.06272093206644058 0.8336068987846375 0.07910410314798355 0.030297720804810524
-0.4264446794986725 0.39424946904182434 0.3573751747608185 -0.3442521393299103 0.33917757868766785 0.5417968034744263 0.08888492733240128
-0.36723145842552185 -0.7532522082328796 -0.3714951276779175 -0.196259543299675 -0.014652450568974018 -0.34153953194618225 0.06604337692260742
0.07885713130235672 -0.08355080336332321 0.22233594954013824 0.764898419380188 0.1608843058347702 0.038218095898628235 -0.5700470209121704
0.014796217903494835 -0.518436849117279 0.13900285959243774 0.3759544789791107 0.0006539253517985344 -0.12046763300895691 -0.745538592338562
-0.15080009400844574 -0.3334013521671295 -0.34737998247146606 -0.6056311130523682 -0.22822384536266327 -0.5680558085441589 0.06218884885311127
0.18201713263988495 0.06005532667040825 0.9243497252464294 0.038079049438238144 -0.2003353238105774 0.23031985759735107 -0.11920291930437088
0.45578935742378235 -0.6439921855926514 0.08606820553541183 0.18683817982673645 -0.11118146777153015 0.48015472292900085 0.3038158118724823
-0.3414958119392395 0.0675119161605835 0.0018914274405688047 0.3309045433998108 0.5951547622680664 -0.4283866882324219 -0.48124533891677856
-0.5165590047836304 -0.7389656901359558 -0.18949781358242035 -0.002125701867043972 0.35446590185165405 0.1162334606051445 0.10966405272483826
0.2217806577682495 0.09309244900941849 0.8597778677940369 -0.11160127073526382 -0.1953875720500946 -0.36701053380966187 0.1326698660850525
0.2078906148672104 -0.36768242716789246 -0.19301661849021912 0.4307486116886139 -0.1957450956106186 -0.7324137687683105 -0.1550651341676712
0.3677387535572052 0.26675543189048767 -0.5478993058204651 0.6346532702445984 -0.08293604850769043 -0.25552359223365784 0.135869562625885
-0.576012372970581 -0.1498933881521225 -0.5247336626052856 -0.03615328669548035 0.17553387582302094 -0.29100993275642395 -0.5035775303840637
0.3238272964954376 0.08411203324794769 -0.63777095079422 0.650345504283905 0.21081258356571198 -0.06279798597097397 0.09987213462591171
-0.14547190070152283 0.24965867400169373 -0.37012091279029846 0.12271635979413986 0.538769543170929 -0.120740607380867 -0.677944540977478
-0.2671634554862976 -0.6473997831344604 -0.06635822355747223 -0.20089861750602722 -0.3996904790401459 -0.2793929874897003 0.47636178135871887
0.28619667887687683 0.4103584885597229 -0.563085675239563 0.4353747069835663 0.20393003523349762 -0.189665749669075 -0.4068416953086853
-0.3538369834423065 -0.1318652331829071 -0.4937744736671448 -0.1232534721493721 0.46151453256607056 0.2555272579193115 -0.5657883882522583
0.07282272726297379 -0.6804186701774597 -0.028359699994325638 -0.19721730053424835 -0.04025719687342644 0.48208189010620117 0.5079417824745178
0.050807349383831024 -0.5643388032913208 0.09826061874628067 0.5071843266487122 -0.361660361289978 -0.36555948853492737 -0.38420984148979187
-0.6014308333396912 -0.6470430493354797 -0.3956126570701599 0.016207028180360794 -0.16025406122207642 0.19097143411636353 0.026321185752749443
0.3006952404975891 -0.4195173382759094 -0.18922437727451324 0.6305609941482544 -0.1775103360414505 -0.3987621068954468 -0.33113953471183777
0.13268420100212097 0.34683921933174133 -0.20232859253883362 0.6508172154426575 0.4343470633029938 0.10837232321500778 -0.44406718015670776
-0.34531331062316895 -0.3849872946739197 -0.2543165981769562 -0.5096325278282166 0.6127204895019531 -0.17048631608486176 0.06040952727198601
-0.2818245589733124 -0.30997973680496216 -0.4585190415382385 0.25479015707969666 -0.3243834674358368 -0.07889749854803085 -0.6617252826690674
-0.1776624619960785 -0.6695343255996704 -0.12719281017780304 -0.21292948722839355 -0.5102356672286987 0.373182475566864 0.24297596514225006
0.47756123542785645 -0.1669255644083023 -0.47418269515037537 0.399858683347702 0.5514054894447327 0.16135019063949585 -0.17103512585163116
-0.5011992454528809 -0.03132510930299759 0.46413663029670715 -0.44025468826293945 0.08673464506864548 0.5464801788330078 0.18002095818519592
-0.23547594249248505 -0.8012986779212952 -0.36948710680007935 -0.1833183914422989 -0.2931756377220154 0.09777936339378357 0.1919175088405609
0.7465211153030396 -0.5292073488235474 0.017137259244918823 0.09184989333152771 -0.2289525419473648 0.2309672236442566 -0.21943224966526031
-0.541155219078064 -0.1942509114742279 -0.7253850698471069 0.15170122683048248 -0.09038069099187851 0.33384865522384644 0.024438438937067986
0.007796940393745899 -0.15508079528808594 0.7800619006156921 0.07523468881845474 0.39016634225845337 -0.17197281122207642 0.42417916655540466
0.06354712694883347 -0.07360515743494034 -0.5995437502861023 0.3018342852592468 0.6758983731269836 0.286485880613327 0.03278020769357681
0.10978926718235016 0.41132453083992004 -0.5274896025657654 0.5594685077667236 0.43217480182647705 -0.20162954926490784 0.008866258896887302
-0.027237609028816223 -0.13965825736522675 0.04082603380084038 0.6613726615905762 0.26948854327201843 -0.6269367337226868 -0.27385997772216797
-0.13665807247161865 0.7738017439842224 0.0657537430524826 -0.1391027718782425 0.35809963941574097 -0.48024386167526245 0.003577024908736348
-0.6719386577606201 -0.5676726698875427 -0.38943248987197876 -0.06715308129787445 -0.207656130194664 0.12213495373725891 0.10973139852285385
-0.09896358847618103 -0.6305074095726013 -0.5113343000411987 -0.39063966274261475 -0.16882863640785217 -0.30965539813041687 -0.23284098505973816
-0.18739788234233856 -0.1526336371898651 0.3986213207244873 -0.4826265275478363 -0.5051998496055603 0.4754255414009094 0.26172783970832825
-0.06710363179445267 0.11671720445156097 -0.6261288523674011 -0.0599454864859581 0.6519928574562073 0.39374133944511414 -0.07820836454629898
0.16210287809371948 0.6759064793586731 0.2944640815258026 0.1626024693250656 0.4261995553970337 -0.3479187786579132 -0.3178534507751465
0.31188124418258667 -0.6000575423240662 0.23213067650794983 0.3256894052028656 -0.2000591903924942 0.3508770763874054 -0.4685768485069275
0.07328257709741592 0.5766085982322693 -0.30819687247276306 0.2822100818157196 0.3757690489292145 0.06791924685239792 -0.5845587849617004
-0.4207023084163666 0.33531057834625244 0.48205316066741943 -0.4535820484161377 0.4169861674308777 0.3116297125816345 0.03838992118835449
0.2309982180595398 -0.2631014883518219 0.5415500402450562 -0.08887175470590591 -0.43657559156417847 0.5281510949134827 0.32665106654167175
0.5621597766876221 0.5413767099380493 0.5187484622001648 0.06522443145513535 0.2458244115114212 0.20736747980117798 0.11875434964895248
0.030038876459002495 -0.460054486989975 -0.3722652494907379 -0.704876720905304 -0.3378441631793976 -0.0387771874666214 -0.19071568548679352
-0.3242437541484833 -0.002791500883176923 0.4534190595149994 -0.5402496457099915 -0.2730369567871094 0.5495307445526123 -0.14445190131664276
0.0555277056992054 -0.25565996766090393 0.27912241220474243 0.7698100209236145 0.2217913269996643 -0.23188719153404236 -0.3975861370563507
0.39089956879615784 -0.08534956723451614 0.8709553480148315 -0.16334986686706543 -0.053505368530750275 -0.20611624419689178 -0.09653943032026291
-0.031972866505384445 -0.7371605038642883 0.15351291000843048 0.21141386032104492 -0.2047950029373169 0.14130660891532898 -0.5704396963119507
0.0497913621366024 0.6951754093170166 0.3208969533443451 -0.24856311082839966 -0.20788165926933289 -0.5290786623954773 -0.16234010457992554
-0.2648293972015381 0.8362409472465515 0.030374158173799515 -0.17906972765922546 -0.010523242875933647 -0.04601473733782768 -0.4419839680194855
0.11075952649116516 0.4816620945930481 -0.3142339885234833 0.3926798105239868 -0.07718144357204437 -0.03711172193288803 -0.7038886547088623
-0.09316730499267578 0.05369892716407776 -0.8886823058128357 -0.009237630292773247 0.37874895334243774 -0.09398213028907776 0.21520034968852997
-0.31256890296936035 0.21077080070972443 -0.818295955657959 -0.013547904789447784 -0.03909943252801895 0.28279438614845276 -0.3264707624912262
-0.26561757922172546 0.07336686551570892 0.6866015791893005 -0.5829322338104248 0.282887727022171 0.16378231346607208 -0.07734940946102142
-0.10164773464202881 -0.22504886984825134 0.4572795331478119 -0.5519410371780396 -0.1580123007297516 0.08320997655391693 0.6272044777870178
0.35802391171455383 -0.7878727316856384 0.2481033056974411 -0.04844289273023605 -0.27892935276031494 0.14498844742774963 0.29723766446113586
0.134892538189888 -0.8914084434509277 0.21179045736789703 0.15189161896705627 -0.16176731884479523 0.2974243462085724 0.0681101530790329
0.29368555545806885 0.39936766028404236 -0.5127195715904236 0.494704008102417 0.4021431803703308 -0.29116639494895935 0.011988739483058453
0.189476877450943 0.8642118573188782 0.34896960854530334 -0.08887730538845062 0.08728468418121338 -0.09282717108726501 0.2670615613460541
0.0696541890501976 -0.7005279064178467 -0.2963141202926636 -0.3845093846321106 -0.212740957736969 0.2433760166168213 0.4053007960319519
-0.4665677547454834 -0.40350043773651123 -0.3385958671569824 -0.1602601557970047 0.54194176197052 0.09202467650175095 -0.4207161068916321
-0.18065689504146576 0.26508504152297974 -0.5193005800247192 0.4870571196079254 0.37233880162239075 -0.3595075011253357 -0.3497334122657776
-0.5564790964126587 0.41695812344551086 0.3966829180717468 -0.06208648160099983 0.13524238765239716 0.2554534673690796 -0.5212656855583191
0.20523352921009064 0.3742128908634186 -0.3874441087245941 0.4912632703781128 0.6321957111358643 0.1577077955007553 -0.04299177974462509
-0.5485429763793945 -0.6563658714294434 -0.14588001370429993 -0.17280079424381256 0.27439677715301514 0.3421289622783661 0.1574726402759552
-0.4566420018672943 -0.4096507728099823 -0.6058018207550049 -0.11026782542467117 -0.28777116537094116 -0.40129417181015015 -0.02569686993956566
0.2097872495651245 0.9242480993270874 0.07680309563875198 0.2718243896961212 0.13006442785263062 0.046358849853277206 0.05386638641357422
0.4554721713066101 -0.445868581533432 0.09179850667715073 0.5492831468582153 0.18974432349205017 0.05206673592329025 -0.4948672652244568
-0.21430768072605133 0.7327294945716858 0.3732210397720337 0.2423972636461258 0.07952670753002167 -0.27815306186676025 -0.36801576614379883
0.188848614692688 -0.6901780366897583 -0.1925201117992401 -0.2788742184638977 -0.04405982047319412 0.3427042067050934 -0.503754198551178
-0.07007932662963867 0.2923630475997925 -0.5882635712623596 0.1390591561794281 0.6567444801330566 -0.11003687232732773 -0.317489892244339
-0.5170210599899292 -0.15421950817108154 -0.0976959839463234 0.08383756130933762 0.7957655787467957 -0.18611013889312744 -0.15637284517288208
0.45332425832748413 -0.7303850650787354 0.2528553605079651 0.3361908495426178 0.20003974437713623 -0.11022733151912689 -0.17862991988658905
0.07851427048444748 0.2812565267086029 -0.5207138657569885 0.4491317570209503 0.3021222651004791 -0.4243069589138031 -0.4129815101623535
-0.015203743241727352 0.35969796776771545 -0.01200605183839798 0.36520642042160034 0.20667394995689392 -0.2780779302120209 -0.7853819131851196
-0.3357776701450348 -0.829487144947052 -0.08231911063194275 0.08562716096639633 0.3688969910144806 0.19536122679710388 0.104139544069767
-0.41218629479408264 0.44988277554512024 -0.3550383746623993 0.1217716783285141 0.3539024591445923 0.15258540213108063 -0.5816339254379272
-0.05374506115913391 -0.8518728613853455 0.08424246311187744 -0.13944761455059052 -0.05726907402276993 -0.18747267127037048 0.454374223947525
-0.2938497066497803 -0.6676117181777954 -0.2257917821407318 0.06259027868509293 -0.4945135712623596 -0.1871478408575058 -0.3653484284877777
0.14833949506282806 0.8709218502044678 0.23791047930717468 0.017154641449451447 0.12056382745504379 -0.16349934041500092 -0.3483205735683441
-0.24666865170001984 -0.4825834035873413 -0.47546887397766113 -0.1795840710401535 -0.5216407775878906 0.3554917871952057 -0.2224034070968628
0.34194234013557434 0.4580792486667633 -0.5093036890029907 0.37203362584114075 0.3756846487522125 -0.34038305282592773 -0.13579361140727997
-0.3372311294078827 0.5246182680130005 0.3728533387184143 0.18953311443328857 0.24469000101089478 -0.535685122013092 -0.2987920045852661
-0.28236788511276245 -0.5020729303359985 -0.2045084685087204 0.09259173274040222 -0.019746946170926094 0.7572950720787048 -0.2095434069633484
0.09665913879871368 -0.7840147614479065 0.0004740046861115843 -0.36670899391174316 -0.1471034437417984 -0.45832112431526184 0.09901835024356842
-0.5942643880844116 -0.11351488530635834 -0.6994220614433289 0.129121333360672 0.20549502968788147 -0.20680302381515503 -0.20761731266975403
0.4390723407268524 -0.38313397765159607 -0.3111891448497772 0.655146062374115 -0.08851315081119537 -0.3321313261985779 -0.12736880779266357
-0.4988248646259308 -0.003551872679963708 0.49894917011260986 -0.6161926984786987 -0.235446497797966 -0.24018621444702148 0.09691765159368515
0.39687952399253845 -0.8159196376800537 0.10392775386571884 0.09918027371168137 0.09175768494606018 -0.03667518496513367 -0.3825695812702179
-0.1317882388830185 -0.5990761518478394 -0.5040676593780518 -0.4587555229663849 -0.156574085354805 -0.2958838939666748 -0.21710848808288574
0.3739648461341858 0.4093886613845825 0.8049668073654175 0.07973451167345047 0.18547114729881287 0.012685147114098072 -0.06051197648048401
0.3469933271408081 0.6758706569671631 0.5313969254493713 0.04978235810995102 -0.3542233407497406 0.09769356995820999 -0.0539935827255249
-0.47606268525123596 -0.7118029594421387 -0.44075262546539307 0.1951494961977005 -0.15670058131217957 -0.07141919434070587 0.06854894757270813
-0.11779984831809998 0.311098575592041 -0.6888295412063599 0.0392838791012764 0.5147390365600586 -0.2925277054309845 -0.2505648136138916
0.12851907312870026 -0.6528551578521729 0.10230811685323715 0.0981505736708641 -0.6059198975563049 0.3380907475948334 0.23604726791381836
-0.41267427802085876 0.39773207902908325 -0.3811560273170471 -0.022416261956095695 0.5848709940910339 -0.11790244281291962 -0.4120092988014221
-0.4492453634738922 0.03250344842672348 -0.44383513927459717 0.2338699847459793 0.5849580764770508 0.4366491138935089 -0.1122450977563858
-0.05607312172651291 -0.07474638521671295 0.3062655031681061 -0.5005894303321838 0.0660390555858612 -0.13750772178173065 0.789690375328064
-0.4617646038532257 -0.1306876391172409 -0.8722203969955444 0.08502928912639618 0.01867613010108471 0.025819309055805206 -0.026084687560796738
-0.2756810188293457 -0.37642034888267517 -0.40449419617652893 0.05658099427819252 0.6103029251098633 0.10480054467916489 -0.4817032516002655
0.041012246161699295 0.10580261051654816 0.7262732982635498 -0.09177766740322113 -0.20360153913497925 0.617857813835144 -0.16740885376930237
0.21243107318878174 -0.8107132315635681 0.14552833139896393 0.027608372271060944 -0.2182927280664444 -0.47361981868743896 0.06090135499835014
0.0028797381091862917 -0.16641919314861298 -0.1513933539390564 0.45511531829833984 -0.48389965295791626 -0.5018606781959534 -0.5061852931976318
0.5394434928894043 -0.13929744064807892 0.7589920163154602 -0.30799567699432373 0.06662199646234512 -0.04529920220375061 0.11034627258777618
-0.23145103454589844 -0.15478569269180298 -0.6752848029136658 -0.014540976844727993 0.525810956954956 -0.43035516142845154 0.06758791953325272
-0.4750063419342041 -0.649553120136261 -0.49845924973487854 -0.021628839895129204 0.04527386277914047 -0.09831108897924423 0.3029944598674774
-0.19494132697582245 -0.4570545554161072 -0.6876628398895264 -0.020325202494859695 -0.04011696204543114 0.2543168365955353 0.4620814621448517
-0.27333664894104004 0.7458904385566711 0.13856388628482819 -0.11575625836849213 0.41810327768325806 0.1583353877067566 -0.3693976402282715
0.7870944142341614 0.1755625456571579 0.45682552456855774 -0.2681218981742859 0.050833702087402344 0.2228303700685501 0.12978416681289673
0.20337501168251038 -0.8038833737373352 -0.026749826967716217 -0.16025091707706451 -0.34635961055755615 0.3956122398376465 -0.09767397493124008
-0.44509005546569824 0.684703528881073 0.4126405417919159 -0.246065154671669 0.21418072283267975 -0.11369137465953827 0.20846223831176758
0.20504949986934662 -0.7773216962814331 0.4737341105937958 0.1911400705575943 0.04016735777258873 -0.16154511272907257 0.25506243109703064
-0.19512233138084412 0.12463559210300446 -0.8930423259735107 -0.10988298058509827 0.3062583804130554 0.017168864607810974 0.20665307343006134
0.7309367060661316 0.5045674443244934 0.15603429079055786 -0.31362852454185486 0.26493582129478455 0.048184264451265335 -0.12617813050746918
-0.18844135105609894 0.10939241945743561 -0.541264533996582 -0.05115040764212608 0.5934289693832397 -0.18527917563915253 -0.520051121711731
-0.16389837861061096 0.015020360238850117 -0.48179876804351807 -0.2595692574977875 0.3481277823448181 0.23465405404567719 -0.7050885558128357
-0.09907841682434082 -0.7476969957351685 -0.20029857754707336 -0.5356734395027161 0.07788931578397751 0.16759446263313293 -0.2644096612930298
-0.40309855341911316 0.15224403142929077 -0.21367043256759644 0.40911969542503357 0.25053179264068604 -0.508070170879364 -0.5295260548591614
-0.27445119619369507 -0.22221815586090088 -0.6591615080833435 0.1627321094274521 0.34877127408981323 -0.42152470350265503 -0.3391099274158478
0.2429012954235077 0.10866504907608032 -0.19337932765483856 0.8525421023368835 0.0006037665880285203 -0.22845841944217682 -0.3358178436756134
0.36032983660697937 -0.09681864827871323 -0.4289029836654663 0.34995290637016296 -0.3435024619102478 -0.5185960531234741 -0.4091796875
0.6539760828018188 -0.6729485392570496 0.14850464463233948 0.1898387223482132 0.21019679307937622 -0.12588313221931458 -0.03652096912264824
0.3745240271091461 0.4214307367801666 0.7329065799713135 0.02044798992574215 0.23110459744930267 0.16983391344547272 -0.24960929155349731
-0.10954466462135315 -0.5187467336654663 0.1073969304561615 0.5353005528450012 -0.35132914781570435 -0.3323032855987549 -0.43239256739616394
0.7212163209915161 -0.6666584014892578 0.13892196118831635 0.06741396337747574 0.021652663126587868 -0.0178665854036808 -0.10383430123329163
-0.1235140934586525 0.8014331459999084 -0.08240111172199249 -0.5041884779930115 0.033927757292985916 0.21653196215629578 0.1828005164861679
-0.17494042217731476 -0.22596019506454468 -0.22770538926124573 -0.23385490477085114 0.7315875291824341 -0.39851143956184387 -0.34317392110824585
0.48207613825798035 0.08837489038705826 -0.3972553610801697 0.4735727310180664 -0.04879916086792946 -0.2846818268299103 -0.542479932308197
0.7282523512840271 -0.516552209854126 -0.2824534773826599 -0.11580543220043182 0.2675643861293793 0.18865598738193512 -0.04949430003762245
-0.19657130539417267 0.902793288230896 0.09369660913944244 -0.16329364478588104 0.131353497505188 -0.12988479435443878 -0.27704936265945435
0.39568036794662476 -0.5992521643638611 -0.08096060156822205 0.4654167592525482 -0.40489664673805237 -0.21793398261070251 -0.22300225496292114
0.30747106671333313 0.5297752022743225 -0.45124638080596924 0.4284699857234955 -0.000257905077887699 -0.40846744179725647 -0.26597800850868225
-0.3197605609893799 0.24239178001880646 0.046448953449726105 -0.7095664143562317 0.33365631103515625 0.44544872641563416 0.153643399477005
-0.46203139424324036 -0.6311444640159607 -0.24095474183559418 -0.024000093340873718 0.1770079880952835 0.5406997799873352 -0.07655352354049683
0.5847544074058533 -0.6425079107284546 0.028719305992126465 -0.04341891407966614 -0.4467112421989441 0.01547174621373415 0.2067500799894333
-0.277971088886261 0.2134544402360916 -0.10075648874044418 0.4951607584953308 0.2490566521883011 -0.1267981082201004 -0.7373780012130737
0.025029882788658142 -0.10838379710912704 -0.11095509678125381 0.6106509566307068 0.584221363067627 -0.02688896283507347 -0.510277509689331
0.2963992953300476 0.386013001203537 0.651171863079071 0.4555235207080841 0.3113151788711548 0.16113567352294922 0.09345076233148575
-0.39905115962028503 -0.662967324256897 -0.55935138463974 0.2052706778049469 -0.1903112679719925 -0.05909335985779762 -0.08069776743650436
0.571478009223938 -0.45639267563819885 -0.014650100842118263 0.2951609492301941 0.19683943688869476 0.030624929815530777 -0.5814639329910278
0.30319032073020935 0.6282933950424194 0.5368598699569702 0.20603597164154053 0.30123311281204224 0.15239323675632477 -0.2620851397514343
-0.08933398127555847 0.5240479707717896 0.37218284606933594 0.26504093408584595 0.1852448433637619 -0.13661402463912964 -0.6750165224075317
0.5043232440948486 0.5754350423812866 0.36231523752212524 -0.26458409428596497 0.2591519355773926 0.08437731117010117 -0.3727954030036926
0.021215705201029778 -0.7647651433944702 -0.41190093755722046 -0.07951851189136505 -0.34729671478271484 -0.18338017165660858 -0.29061198234558105
-0.06155542656779289 0.9425578713417053 -0.0020307195372879505 -0.21197332441806793 0.11072774231433868 -0.14865738153457642 -0.16881659626960754
0.11334919184446335 0.8542270064353943 0.04023369029164314 0.03289494663476944 0.4644043445587158 0.19209952652454376 0.046625155955553055
-0.15167489647865295 0.09190233796834946 -0.8926613926887512 0.11186563223600388 0.3198879361152649 0.19706963002681732 0.13425980508327484
0.43445852398872375 0.46861493587493896 0.5705781579017639 -0.17806726694107056 -0.2738018333911896 -0.22281557321548462 -0.33130690455436707
0.4886317849159241 -0.5885363221168518 0.08002575486898422 0.45182666182518005 -0.2798764705657959 -0.29326140880584717 -0.19994845986366272
-0.449571818113327 -0.36825066804885864 -0.3994502127170563 -0.15997256338596344 0.46622443199157715 0.20074768364429474 -0.4684655964374542
-0.5180984139442444 -0.07214958220720291 0.5352017879486084 -0.5870349407196045 -0.2708275318145752 -0.12627007067203522 -0.07762552052736282
0.1921742856502533 0.6085379719734192 0.6592313647270203 0.22741495072841644 0.23182426393032074 0.139161616563797 -0.18258851766586304
0.3861052989959717 0.5463541150093079 0.3431330621242523 -0.4037628769874573 -0.3643496036529541 0.042881079018116 -0.3702238202095032
0.011477305553853512 -0.08960875868797302 -0.5861338376998901 -0.6166014671325684 -0.49984875321388245 0.10931453853845596 -0.07930955290794373
-0.12089817970991135 -0.44925010204315186 -0.6964857578277588 0.3136463463306427 0.2687329947948456 -0.3319772481918335 -0.13291041553020477
0.33253005146980286 -0.17120294272899628 -0.24700111150741577 0.2218443602323532 0.2870379090309143 0.18432484567165375 -0.7959412336349487
0.25468480587005615 -0.7007803320884705 0.4369429349899292 0.1784374862909317 0.046889547258615494 -0.05965731665492058 0.46424761414527893
-0.020180897787213326 -0.8309229612350464 0.43893250823020935 -0.01626240834593773 -0.3100723326206207 0.11923930048942566 0.07661973685026169
-0.20576222240924835 -0.8385383486747742 -0.07051932066679001 0.20626838505268097 0.3205714523792267 0.3226994574069977 0.009734375402331352
-0.32197803258895874 -0.8080006837844849 0.09759125113487244 -0.16826139390468597 -0.1078241616487503 -0.25194627046585083 0.3612840175628662
0.5056756138801575 -0.289639413356781 -0.2827643156051636 0.2684127390384674 -0.12083064764738083 -0.5128045678138733 -0.48044925928115845
0.4508211314678192 -0.4321374297142029 -0.31061169505119324 0.3413585424423218 -0.16417379677295685 -0.45682352781295776 -0.4017108380794525
0.04756766930222511 -0.6209676265716553 -0.22060824930667877 -0.2228577733039856 0.038903456181287766 0.44626715779304504 0.5595847368240356
-0.3110453486442566 0.2730501592159271 -0.18949797749519348 0.5078223943710327 0.07188699394464493 -0.3052077293395996 -0.6607434153556824
0.07575685530900955 -0.15789912641048431 -0.12399660795927048 0.6491736173629761 0.3783451020717621 -0.6126810908317566 -0.11833955347537994
0.05802258849143982 0.31467223167419434 -0.3093167245388031 0.5817442536354065 0.22712357342243195 -0.440299928188324 -0.4669715464115143
-0.23854151368141174 -0.7850584983825684 0.09212219715118408 0.1379832625389099 0.5075510740280151 -0.08324504643678665 0.1863260716199875
-0.10230136662721634 -0.5050151944160461 -0.5470119118690491 -0.3552359342575073 0.4290993809700012 0.2594538927078247 0.24007664620876312
-0.03177157789468765 -0.42606112360954285 -0.2828325629234314 -0.37549057602882385 -0.16468653082847595 0.33260247111320496 0.6772953271865845
-0.4257812201976776 -0.6986199617385864 -0.35426440834999084 -0.25370413064956665 -0.3179331421852112 -0.05376953259110451 -0.19182957708835602
0.3818202316761017 -0.1759093701839447 -0.3985118567943573 0.7063573598861694 -0.12032020837068558 -0.24865184724330902 -0.2986840307712555
-0.17560766637325287 0.4032430052757263 -0.6831321716308594 0.07462165504693985 0.4529593586921692 -0.2861836850643158 -0.21736077964305878
0.38557860255241394 -0.39315736293792725 0.21031630039215088 -0.054707325994968414 0.0879146084189415 -0.25339746475219727 -0.7599942088127136
-0.15452347695827484 -0.07422332465648651 -0.29240524768829346 -0.25681883096694946 0.564117431640625 -0.13313452899456024 -0.695128321647644
-0.5566944479942322 -0.30067092180252075 -0.48188796639442444 0.08523654192686081 0.4982960522174835 0.30510571599006653 -0.13718123733997345
0.48824837803840637 -0.1793244481086731 0.7149510979652405 -0.22974352538585663 0.10053213685750961 -0.29768848419189453 0.25844547152519226
0.06007400155067444 0.03555949404835701 -0.28083449602127075 0.571711540222168 -0.19973129034042358 -0.1740272045135498 -0.7205737233161926
-0.6959325075149536 -0.260162353515625 -0.4046217203140259 0.03335621953010559 -0.32205644249916077 -0.3610842227935791 -0.2214948534965515
-0.5209053158760071 -0.008037053048610687 -0.8033376336097717 0.18631227314472198 0.20913992822170258 0.04932264983654022 -0.048549242317676544
0.36825427412986755 -0.2737414538860321 0.21578581631183624 0.7277647256851196 0.045600149780511856 0.1960490196943283 -0.4156138300895691
0.03771829977631569 0.2098470777273178 0.803439199924469 0.33610042929649353 0.09875647723674774 -0.2568749189376831 -0.3468802869319916
0.07752589881420135 -0.15853969752788544 0.1896824985742569 0.7955866456031799 0.23229284584522247 -0.15122666954994202 -0.4723217487335205
-0.24822694063186646 -0.7111839652061462 0.016037894412875175 -0.39914798736572266 0.14420969784259796 0.14583271741867065 0.4805838465690613
0.060186319053173065 0.05211901664733887 -0.0600237175822258 0.10285776108503342 -0.00581296905875206 0.1811978965997696 -0.9729399681091309
-0.28036901354789734 -0.5859311819076538 -0.35685110092163086 -0.30164334177970886 0.36346131563186646 0.21912018954753876 -0.42382633686065674
0.026344213634729385 -0.24957604706287384 0.15270866453647614 0.41794896125793457 0.1701427400112152 -0.3369094133377075 -0.7723729014396667
-0.24902008473873138 -0.48644429445266724 -0.1740628182888031 -0.39598172903060913 0.15130898356437683 -0.011918511241674423 -0.7008745670318604
-0.007192701101303101 -0.49917852878570557 -0.23944614827632904 0.155385360121727 0.6413953900337219 0.10852828621864319 -0.49610838294029236
0.10321453958749771 0.7668172717094421 0.2305355817079544 0.3345082402229309 0.4024621248245239 0.10622112452983856 -0.2510715425014496
0.23030656576156616 0.1028343141078949 -0.19660300016403198 0.8202939629554749 -0.03397500142455101 -0.23466819524765015 -0.41064053773880005
-0.6093444228172302 0.1845504194498062 0.4136599004268646 -0.3639936149120331 0.1667126715183258 -0.42818546295166016 0.28266364336013794
0.3749825954437256 0.014146975241601467 -0.15744683146476746 0.697425127029419 0.4130965769290924 0.2293291836977005 -0.35320815443992615
-0.31756162643432617 0.3090381622314453 -0.6133732795715332 0.3893040716648102 0.29901501536369324 -0.21362200379371643 -0.3752615451812744
0.1684001088142395 -0.3616715967655182 0.666318416595459 -0.1693551242351532 -0.15344898402690887 -0.41981685161590576 0.4103423058986664
-0.31546133756637573 -0.5670269727706909 -0.25312507152557373 -0.05229160189628601 0.1333780139684677 0.6995248794555664 0.07094378024339676
-0.3888891339302063 0.26613670587539673 -0.48576831817626953 0.17455355823040009 0.51852947473526 -0.027656476944684982 -0.49179163575172424
-0.5271902680397034 0.4790947735309601 0.3150038719177246 -0.29148605465888977 0.30683469772338867 0.39883291721343994 -0.2348017692565918
-0.5374614596366882 -0.22508473694324493 0.5298594832420349 -0.45171940326690674 -0.04141886159777641 0.3661908507347107 -0.1996476650238037
0.09161364287137985 -0.37051600217819214 0.4089764356613159 -0.6996816992759705 -0.27759531140327454 0.2262614369392395 0.26316389441490173
-0.45671623945236206 -0.5902957916259766 -0.6013715267181396 -0.08536229282617569 -0.06067937612533569 -0.203283429145813 -0.1703544408082962
0.4752357304096222 -0.41950225830078125 0.004675838630646467 -0.08440128713846207 0.025733426213264465 -0.3371403217315674 -0.6904329061508179
0.012132348492741585 0.29378798604011536 -0.38061240315437317 0.5565284490585327 0.23651209473609924 -0.41653549671173096 -0.47907403111457825
-0.08945885300636292 -0.0913885086774826 -0.4180467128753662 0.21850231289863586 0.49236369132995605 0.14252348244190216 -0.7059772610664368
0.06292210519313812 -0.429211288690567 0.061329737305641174 0.47334083914756775 -0.18909849226474762 -0.5745758414268494 -0.4670223891735077
-0.42669063806533813 -0.21321353316307068 -0.6541633605957031 -0.45285502076148987 -0.33500561118125916 -0.16345013678073883 -0.022868091240525246
0.4188421666622162 -0.3401649594306946 0.09750672429800034 -0.00022818520665168762 -0.4437490701675415 -0.4005372226238251 -0.5848145484924316
-0.5546485781669617 -0.1741543561220169 0.4702436923980713 -0.4148198366165161 0.31629329919815063 -0.03280038759112358 0.4095281660556793
-0.23802268505096436 -0.12356389313936234 -0.6897935271263123 -0.013933009468019009 0.4680076539516449 -0.47362586855888367 0.0933552235364914
-0.2960126996040344 0.5126014351844788 0.17255376279354095 -0.22316832840442657 0.672208309173584 0.22369152307510376 0.2610275149345398
0.23581627011299133 -0.2999393045902252 0.8423135280609131 -0.07227564603090286 -0.15258845686912537 0.18354947865009308 0.28764113783836365
0.34912562370300293 -0.8002066016197205 0.36505022644996643 -0.15148986876010895 -0.2685357630252838 -0.024125007912516594 -0.09421446174383163
-0.04382353276014328 -0.43031373620033264 -0.10615620762109756 0.22455619275569916 -0.6328338384628296 -0.4194362163543701 -0.41810232400894165
0.030876224860548973 0.7432568669319153 0.13899457454681396 0.32201114296913147 0.1496042162179947 0.28018274903297424 -0.47193366289138794
0.10052655637264252 0.0037703148555010557 -0.5864282846450806 -0.2552948296070099 0.40632984042167664 0.26479241251945496 -0.5878670811653137
-0.1771276891231537 0.540515661239624 -0.44515180587768555 0.2435026615858078 0.37061354517936707 0.3875616490840912 -0.36256927251815796
-0.3651691675186157 0.25011831521987915 -0.38589462637901306 0.0739038810133934 0.5813324451446533 -0.5128597617149353 -0.22077906131744385
-0.13745152950286865 0.3934936821460724 -0.2538450360298157 0.5124739408493042 0.26094067096710205 0.08026089519262314 -0.6516679525375366
-0.3492565453052521 0.26001936197280884 0.4327660799026489 -0.7058060765266418 0.11424048244953156 0.24338926374912262 -0.22950345277786255
-0.6250749826431274 -0.152261421084404 0.5770601034164429 -0.30880826711654663 -0.11190550774335861 0.3385421931743622 -0.17493751645088196
-0.17342157661914825 -0.27844080328941345 -0.6791699528694153 -0.1909739226102829 0.44760584831237793 0.33574342727661133 -0.2856188714504242
-0.022688506171107292 0.10234976559877396 -0.33492761850357056 0.6725831031799316 -0.21813252568244934 -0.5643391013145447 -0.2416706383228302
0.7240170240402222 0.02317851036787033 -0.15119192004203796 0.5258116722106934 0.4155120551586151 -0.04173634573817253 -0.03915368765592575
-0.07885616272687912 0.3477053642272949 -0.3956282138824463 0.46443578600883484 0.6233540773391724 0.10112092643976212 -0.31916242837905884
0.17697204649448395 0.3096873164176941 0.5721420645713806 -0.1692204773426056 -0.6825527548789978 -0.14625968039035797 0.1718209832906723
0.3698028028011322 -0.5359185934066772 -0.12924182415008545 0.3690163791179657 -0.5631627440452576 0.02689485065639019 -0.3244764506816864
-0.4773726165294647 0.7885881066322327 0.09660107642412186 -0.1086089164018631 0.2835466265678406 -0.1985166370868683 -0.09648316353559494
0.13953974843025208 0.0327809639275074 -0.34302812814712524 0.7938089966773987 0.006980273872613907 -0.22908172011375427 -0.4232328236103058
0.36764103174209595 0.287889689207077 -0.5386096835136414 0.6470019221305847 -0.08325355499982834 0.236796036362648 -0.10121341794729233
0.1679977923631668 0.6271888017654419 0.22751976549625397 0.06574081629514694 0.3740383982658386 -0.6181105971336365 -0.018932709470391273
-0.3930215537548065 0.05509291961789131 -0.8840947151184082 0.014683928340673447 0.17691011726856232 -0.12193519622087479 -0.12039224803447723
-0.07951167970895767 -0.7426760792732239 0.13116954267024994 -0.44532397389411926 0.09659942239522934 -0.4264552891254425 -0.18813779950141907
-0.03506430983543396 -0.6486852765083313 -0.33842703700065613 -0.4617965817451477 -0.10190080106258392 0.3593667447566986 -0.33265700936317444
-0.16669127345085144 0.42186349630355835 -0.13418461382389069 0.544814944267273 -0.13113047182559967 -0.415065199136734 -0.5384626984596252
-0.1566707044839859 0.3019733428955078 -0.2581145465373993 0.6089807152748108 0.13746684789657593 -0.2941431999206543 -0.5842674374580383
0.6364153623580933 -0.688068151473999 -0.058766141533851624 0.010123318061232567 -0.018842525780200958 0.30325138568878174 -0.16020390391349792
-0.09843776375055313 -0.3336920738220215 -0.5179814696311951 0.015056667849421501 0.6091077327728271 0.21626372635364532 -0.4389145076274872
0.4418574273586273 -0.04084635525941849 0.8085188269615173 -0.1750972419977188 -0.18275292217731476 0.13651742041110992 -0.25825586915016174
-0.47281044721603394 0.4052371084690094 0.35616931319236755 -0.4930937588214874 0.48423710465431213 -0.03676331415772438 -0.07998780161142349
-0.36229443550109863 0.26126566529273987 -0.3177163898944855 0.3528531789779663 0.5244988799095154 0.01274503581225872 -0.547514796257019
0.04025869071483612 -0.5608998537063599 -0.518061101436615 -0.20968428254127502 -0.15602000057697296 0.26300832629203796 0.5271622538566589
0.40851837396621704 -0.06152818351984024 -0.09428072720766068 0.3480771780014038 0.02537449076771736 0.014063136652112007 -0.8357264995574951
-0.3857487440109253 0.17835251986980438 0.38472291827201843 -0.6717049479484558 0.463654488325119 0.027647558599710464 -0.06670225411653519
0.059795718640089035 -0.2552277445793152 0.6629757285118103 -0.3137250244617462 -0.1027417853474617 0.3003509044647217 0.5408849120140076
-0.26971447467803955 0.24366125464439392 -0.4665127694606781 0.5020993947982788 0.21163642406463623 -0.09688322246074677 -0.5864886045455933
-0.462850958108902 -0.11817211657762527 0.6341670751571655 -0.49235600233078003 0.034080538898706436 0.35494107007980347 -0.008797399699687958
0.03309035673737526 -0.5228959918022156 0.10504109412431717 0.4238114356994629 -0.614709198474884 0.04888411983847618 0.39316412806510925
0.19210602343082428 -0.5819784998893738 -0.03455221652984619 0.5722478628158569 -0.3281939625740051 -0.3430013060569763 -0.26528018712997437
-0.42119136452674866 0.2694442868232727 -0.47675785422325134 0.3302905261516571 0.6334472894668579 0.04444784298539162 -0.10186522454023361
-0.3464181423187256 0.6910786032676697 -0.0562560111284256 -0.35510388016700745 0.41901296377182007 -0.2879354655742645 -0.12108896672725677
-0.3528178930282593 -0.7625020742416382 -0.1694333553314209 0.0774499922990799 0.22988170385360718 0.4544438421726227 0.0062528010457754135
-0.448732852935791 0.0893205925822258 -0.1582447588443756 0.2845839262008667 0.4072045683860779 0.0319824144244194 -0.719578206539154
-0.507622241973877 -0.7295261025428772 -0.22726792097091675 -0.06957945972681046 0.22303561866283417 0.29138675332069397 0.13772472739219666
-0.14819099009037018 -0.39677566289901733 -0.35890015959739685 -0.2746645510196686 -0.25724801421165466 -0.22327086329460144 -0.7073416113853455
-0.044042930006980896 0.30907467007637024 -0.0946589931845665 0.47692760825157166 0.49573543667793274 -0.22233806550502777 -0.6090360879898071
0.39496514201164246 0.7326452136039734 0.15293866395950317 0.05893198028206825 0.36088085174560547 -0.04049551859498024 -0.3853510022163391
0.10857383906841278 -0.6945571899414062 0.1600148230791092 0.3884594440460205 -0.35986244678497314 -0.28520965576171875 -0.3441672921180725
-0.3587000072002411 0.616919994354248 0.2526308596134186 0.037023697048425674 0.5286223888397217 -0.3073226809501648 -0.22729291021823883
0.28301098942756653 0.39147305488586426 -0.5409650206565857 0.41095051169395447 0.24638229608535767 -0.312351256608963 -0.3832263648509979
-0.07932189851999283 -0.5209764242172241 -0.6973690390586853 0.08330457657575607 -0.051292356103658676 0.16763776540756226 0.4453032910823822
0.5045673251152039 -0.1436796337366104 -0.037765856832265854 0.5599880814552307 0.38224345445632935 0.022497911006212234 -0.5129706859588623
0.33376023173332214 -0.5591191649436951 -0.1362459659576416 0.528318464756012 0.21982859075069427 0.4007415175437927 0.2634163796901703
-0.5569790601730347 -0.4738788604736328 -0.5507910251617432 0.0009145154035650194 -0.21428033709526062 0.3034552335739136 -0.15440361201763153
-0.560376763343811 0.009285823442041874 -0.4508346617221832 0.1761896312236786 0.335231214761734 0.34980300068855286 -0.4656766951084137
-0.7260763049125671 -0.3663218915462494 -0.3587303161621094 0.02783702127635479 -0.18787039816379547 -0.12974047660827637 -0.3962717354297638
-0.478071391582489 -0.3603040277957916 -0.4638829529285431 -0.1377599984407425 0.35492193698883057 -0.5210962891578674 -0.09976300597190857
0.48406779766082764 -0.17011302709579468 -0.3594801425933838 0.3371255695819855 0.6976993680000305 0.07137510925531387 -0.044514525681734085
-0.4035409688949585 -0.13178491592407227 -0.588880717754364 -0.11094612628221512 0.42073318362236023 0.2241903841495514 -0.4831356406211853
0.047520872205495834 -0.4317762553691864 0.19617433845996857 0.34685632586479187 -0.023613788187503815 0.08158767223358154 -0.8033076524734497
-0.2996135950088501 -0.03491872549057007 0.6520993709564209 -0.41454222798347473 -0.27887508273124695 0.001406308845616877 0.4839010536670685
-0.04997020587325096 -0.3240169882774353 -0.8543651103973389 -0.12934403121471405 0.2630680501461029 -0.009996614418923855 0.27666139602661133
0.008274928666651249 0.4222765564918518 0.19700537621974945 -0.6675019860267639 0.36753591895103455 -0.3031052350997925 -0.33209720253944397
0.07055534422397614 -0.6249479055404663 -0.07154494524002075 0.4202374517917633 -0.09509839117527008 0.437366783618927 -0.47160401940345764
0.571076512336731 -0.414461225271225 -0.2780611515045166 0.03549877926707268 -0.31007662415504456 -0.33790671825408936 -0.4617217481136322
-0.37626034021377563 -0.133051335811615 -0.11874671280384064 0.05087516829371452 0.5033506155014038 -0.29367467761039734 -0.6960098743438721
0.20033450424671173 -0.07824335247278214 -0.4772319197654724 -0.2388373166322708 0.457250714302063 -0.26964831352233887 -0.6222235560417175
-0.29084503650665283 0.8250865936279297 0.1819961667060852 -0.0993582233786583 0.2663320004940033 -0.32555896043777466 -0.1213473528623581
-0.4388073980808258 -0.7269826531410217 -0.3250124752521515 -0.24612301588058472 -0.24994660913944244 -0.18399745225906372 -0.12808719277381897
-0.36706048250198364 -0.742478609085083 -0.1607523411512375 0.08227890729904175 0.2571803629398346 0.4634658694267273 -0.020943311974406242
0.41340371966362 -0.6174516677856445 -0.23343035578727722 0.5706614851951599 -0.25910934805870056 0.020123371854424477 0.01280758623033762
0.224863663315773 0.4002566635608673 -0.6280229091644287 0.3726574182510376 0.20677272975444794 -0.1978367269039154 -0.4171932637691498
-0.007492792326956987 -0.8108083009719849 0.11237293481826782 -0.18554286658763885 -0.2691318690776825 0.44611719250679016 0.15500783920288086
0.3160611391067505 -0.5963918566703796 0.009962541982531548 0.47061920166015625 0.3560730814933777 0.00258462131023407 -0.44277045130729675
0.09229099750518799 -0.12110579758882523 0.8000891208648682 -0.016852695494890213 0.174850195646286 0.24182751774787903 0.4973289370536804
-0.14936701953411102 -0.7444955706596375 -0.054833970963954926 -0.20388273894786835 -0.037565864622592926 -0.17483457922935486 0.5889504551887512
-0.21458351612091064 0.759288489818573 0.2162151336669922 0.2418733686208725 0.44455602765083313 0.24326753616333008 -0.12399216741323471
0.03642907366156578 0.7022241950035095 0.08943534642457962 -0.20803910493850708 0.6624459624290466 -0.12118224054574966 -0.02748069539666176
0.13112808763980865 0.3814994692802429 -0.5494712591171265 0.43984323740005493 0.19068141281604767 -0.06266975402832031 -0.5491774082183838
-0.32405704259872437 0.09835367649793625 -0.47650375962257385 0.2500263750553131 0.27068892121315 -0.7178541421890259 -0.08460158854722977
-0.17687848210334778 -0.8552747964859009 0.1700134128332138 -0.08056486397981644 -0.31601932644844055 0.3103315234184265 0.07516558468341827
0.0850653275847435 0.671754002571106 0.6099827289581299 0.1397613286972046 -0.05972982570528984 -0.35893598198890686 -0.13227108120918274
-0.4703357517719269 -0.4564063847064972 -0.4646725654602051 0.0548672080039978 -0.4109784960746765 0.4194224178791046 -0.08202460408210754
-0.10006432235240936 0.4069206714630127 0.08683902025222778 -0.518619179725647 -0.4931641221046448 -0.2216830551624298 -0.5055112838745117
0.5531562566757202 -0.25242799520492554 -0.10336934030056 0.030120598152279854 -0.6330826878547668 0.15270930528640747 0.4411257803440094
-0.25008198618888855 -0.8817427158355713 -0.04882808029651642 0.13172446191310883 0.2532212734222412 0.2220384180545807 -0.16380231082439423
0.7083455920219421 -0.6323912143707275 -0.0011481840629130602 0.2465849220752716 -0.0009867680491879582 0.0872635543346405 -0.17293478548526764
-0.5075531601905823 -0.5888060927391052 -0.2779611647129059 -0.19794882833957672 -0.4728183150291443 0.013846687972545624 -0.23558875918388367
-0.1930871605873108 0.18802329897880554 -0.2947516441345215 0.13875962793827057 0.8242473602294922 -0.3553059995174408 -0.12492325901985168
-0.37663719058036804 -0.738715648651123 -0.101028673350811 -0.02892710082232952 -0.33731895685195923 0.26331445574760437 0.34392064809799194
-0.21312576532363892 0.8098346590995789 -0.05623875930905342 -0.1672307550907135 0.4229007661342621 -0.21300169825553894 0.20833049714565277
-0.3835335671901703 0.00796903669834137 -0.8456505537033081 0.1462525576353073 0.3170974850654602 0.11560951173305511 0.049065642058849335
-0.29677915573120117 -0.12517397105693817 -0.6858547329902649 0.5144774317741394 -0.14974214136600494 0.3230283558368683 -0.18547183275222778
-0.11954852938652039 0.5845913887023926 0.14124424755573273 -0.5463486909866333 0.14377346634864807 0.5157679915428162 -0.19704502820968628
-0.35081747174263 -0.7012157440185547 0.24435962736606598 -0.39626944065093994 -0.29598239064216614 0.2814496159553528 0.04078128933906555
0.21523486077785492 -0.6484841108322144 -0.2529568076133728 -0.4450024962425232 -0.37144437432289124 0.06589590758085251 0.3589077293872833
-0.40532028675079346 0.2178591638803482 -0.28132641315460205 0.44790682196617126 0.11529438942670822 -0.2723890244960785 -0.6488445401191711
0.1345684677362442 -0.07768113911151886 0.9722533226013184 0.1457286924123764 0.08450212329626083 0.010606398805975914 0.04572201147675514
-0.37033677101135254 0.7724030613899231 0.16227999329566956 -0.13705798983573914 0.05237531289458275 -0.46628379821777344 0.03099662810564041
0.1663597673177719 0.8605904579162598 -0.12973523139953613 0.1817602515220642 0.3050117492675781 0.28809964656829834 -0.07620275765657425
-0.38011178374290466 0.13925179839134216 0.3256867229938507 -0.3320533037185669 -0.21930666267871857 0.7560977339744568 -0.0036787583958357573
-0.5313591957092285 -0.6234849691390991 -0.22624856233596802 -0.08197413384914398 0.22636377811431885 0.46865570545196533 -0.011704365722835064
0.2343781292438507 0.37148988246917725 0.8074765801429749 0.1469135582447052 -0.2696973979473114 0.03785983845591545 0.24349579215049744
0.21318753063678741 0.8413721323013306 0.23911811411380768 0.013427314348518848 0.30196264386177063 -0.2901976704597473 -0.11785588413476944
0.08820611983537674 0.14853930473327637 0.503585934638977 -0.8121033310890198 -0.026750879362225533 0.1635773628950119 -0.17196513712406158
0.366981565952301 -0.5399824976921082 -0.12928734719753265 0.37102916836738586 -0.5686781406402588 -0.006224469281733036 -0.3097288906574249
-0.2965422570705414 0.7935267090797424 -0.01208809856325388 -0.21308818459510803 0.45397278666496277 -0.14682091772556305 0.09579995274543762
-0.5330705046653748 0.2498723417520523 -0.492527574300766 -0.03786265105009079 0.3510379195213318 0.2359084039926529 -0.48010653257369995
-0.4027343988418579 -0.2567102611064911 -0.7843513488769531 -0.3927520215511322 0.04748331010341644 0.00548908207565546 0.012604932300746441
-0.46378615498542786 0.7657685279846191 -0.12213680893182755 -0.31437811255455017 -0.257384330034256 0.1290481686592102 0.04300958290696144
-0.060434773564338684 -0.31606513261795044 -0.5455031991004944 0.009592325426638126 0.6292237639427185 0.23630845546722412 -0.38343241810798645
-0.43787896633148193 0.726536214351654 -0.13644345104694366 -0.44323107600212097 -0.21128037571907043 -0.14087091386318207 -0.029195774346590042
-0.14745257794857025 0.19261597096920013 0.7026017904281616 0.26890864968299866 0.3319912254810333 -0.3684764802455902 -0.3594474792480469
0.17038372159004211 0.3892954885959625 -0.3487408757209778 0.536284863948822 0.5135899186134338 -0.07531823217868805 -0.37516576051712036
0.4084150493144989 -0.3928419351577759 -0.06699978560209274 0.3343707323074341 -0.6495814323425293 0.1468590348958969 -0.3450448513031006
0.5309003591537476 0.05236474797129631 -0.3165057897567749 0.16738680005073547 -0.22392675280570984 -0.2527887225151062 -0.6878686547279358
-0.3047363758087158 -0.18786171078681946 -0.3928559422492981 0.6328684091567993 -0.39727792143821716 -0.29697227478027344 -0.26638898253440857
-0.20981375873088837 -0.3365483283996582 0.6051711440086365 -0.425386905670166 -0.18631315231323242 0.43942901492118835 0.2602243721485138
0.19454553723335266 0.637710452079773 0.23541854321956635 0.047548260539770126 0.46887046098709106 -0.3439734876155853 -0.3995465338230133
0.5016545653343201 -0.21243302524089813 -0.5581040978431702 0.3455433249473572 -0.2380983978509903 -0.12082108110189438 -0.44838154315948486
0.17883123457431793 -0.04090908169746399 -0.1721436232328415 0.5746655464172363 0.39221832156181335 0.11684771627187729 -0.6625580787658691
-0.5608106851577759 -0.6602523922920227 -0.43845081329345703 0.07764078676700592 -0.14729715883731842 0.17197024822235107 0.0045455158688127995
0.3095209300518036 0.3189828395843506 0.39572983980178833 -0.15998958051204681 0.07791771739721298 -0.7734019756317139 -0.1265946477651596
-0.369639128446579 -0.8252170085906982 -0.19423314929008484 0.09645276516675949 0.2644999921321869 0.24216315150260925 0.08216442167758942
0.2231246829032898 0.30360639095306396 0.6622748374938965 0.08211694657802582 0.46939390897750854 0.17304036021232605 0.403005987405777
-0.49502772092819214 -0.5875087380409241 -0.16511711478233337 -0.024921290576457977 0.5678386688232422 -0.22776833176612854 -0.0870475322008133
-0.10432171821594238 -0.55715012550354 -0.552055835723877 -0.47046032547950745 -0.2358502894639969 -0.13942746818065643 -0.27845439314842224
-0.2737703323364258 -0.16775886714458466 -0.5554495453834534 -0.4576795697212219 0.588109016418457 0.18168002367019653 -0.005676068365573883
-0.1513349711894989 0.07967393845319748 -0.686880350112915 -0.038669463247060776 0.64967942237854 0.2687951922416687 0.05581764504313469
-0.18102768063545227 0.05680188536643982 -0.9154825806617737 0.22274883091449738 -0.06045123562216759 -0.2479141503572464 -0.10564695298671722
-0.010282885283231735 0.3222704231739044 -0.6154595017433167 0.08605840057134628 0.31550708413124084 -0.4229745864868164 -0.4810273349285126
-0.2732712924480438 0.5845112204551697 -0.6383432745933533 0.06289340555667877 -0.10718008875846863 0.02434621937572956 -0.40018922090530396
0.11298162490129471 -0.516991138458252 -0.6383508443832397 -0.41716623306274414 0.026913302019238472 -0.06921184062957764 0.3645836114883423
-0.6560102701187134 -0.6230006217956543 -0.34299781918525696 -0.08014152944087982 -0.14367461204528809 0.18109674751758575 0.06334094703197479
0.22038987278938293 0.16000927984714508 0.12361658364534378 -0.8727591037750244 0.20424377918243408 0.14387784898281097 0.29397162795066833
-0.15397332608699799 -0.8183854222297668 -0.024191509932279587 -0.2391669601202011 0.056196294724941254 0.3558422029018402 0.34491997957229614
-0.24839307367801666 0.7561944723129272 -0.012871067970991135 -0.2623300552368164 0.40826717019081116 -0.08295955508947372 -0.3520280718803406
-0.4863354563713074 0.7172501683235168 -0.050144605338573456 -0.19330717623233795 0.43420130014419556 -0.14336718618869781 0.007931549102067947
-0.22302226722240448 -0.4981330931186676 0.15743198990821838 0.6754848957061768 -0.34453514218330383 -0.20887082815170288 -0.24233919382095337
0.025563275441527367 -0.6137887835502625 -0.27304908633232117 -0.0549355186522007 -0.4954620897769928 0.39146554470062256 0.3825024962425232
-0.03896460309624672 0.3579946458339691 -0.16212470829486847 0.5885064005851746 0.4608224034309387 -0.03590754047036171 -0.5329641103744507
0.15124763548374176 0.36222872138023376 -0.3971514403820038 0.6867319345474243 0.3397102952003479 -0.2832486033439636 -0.14474664628505707
0.1367785632610321 -0.20920716226100922 0.9123899340629578 0.04468115419149399 0.2072046995162964 -0.22116880118846893 0.10593820363283157
0.6582344174385071 0.49505144357681274 0.36175039410591125 -0.32958874106407166 -0.24661369621753693 -0.14574389159679413 0.009991454891860485
-0.05463150888681412 0.1854512244462967 -0.1843876838684082 0.5457472801208496 0.6879854798316956 -0.20355595648288727 -0.34062501788139343
-0.09336727857589722 -0.7385660409927368 -0.23443737626075745 -0.30184707045555115 -0.2393362820148468 0.12095540016889572 0.4773029386997223
-0.4565788805484772 -0.7046146988868713 0.014498068019747734 -0.07727792859077454 0.46824294328689575 -0.05730520933866501 0.2575586438179016
-0.419964462518692 0.09202259033918381 0.48650220036506653 -0.6038855314254761 -0.4592117667198181 0.053162191063165665 0.009894865565001965
0.24513189494609833 0.013803545385599136 -0.6152447462081909 0.6050924062728882 -0.07310833036899567 -0.037237830460071564 -0.43396463990211487
0.43450477719306946 -0.346910685300827 0.08613871037960052 0.0066873542964458466 -0.44243279099464417 -0.3670637011528015 -0.5940634608268738
-0.35988181829452515 0.01566489227116108 -0.8905872106552124 -0.11297547072172165 0.24592354893684387 -0.03837147355079651 -0.048783451318740845
0.21411485970020294 -0.09767570346593857 -0.3512639105319977 0.7777883410453796 0.21067753434181213 -0.3230007588863373 -0.2599203884601593
-0.08140425384044647 0.5258817672729492 -0.5834816098213196 -0.10772782564163208 0.5071442723274231 0.3199029266834259 -0.07233509421348572
0.07237864285707474 0.2690131962299347 -0.6596763134002686 -0.013408700935542583 0.41651344299316406 0.2369118481874466 -0.5073756575584412
0.13935251533985138 0.3809833526611328 -0.7269960045814514 0.3771089017391205 0.3887714445590973 -0.09874427318572998 -0.061680447310209274
-0.3469000458717346 -0.024829622358083725 0.5182081460952759 -0.3423502743244171 -0.4655379354953766 -0.2147393524646759 0.48006439208984375
0.4905814826488495 -0.28689053654670715 -0.46244269609451294 0.34242960810661316 -0.4228081703186035 0.3830868601799011 0.1427936851978302
-0.028099117800593376 -0.8079708814620972 0.1852046400308609 -0.28724876046180725 -0.41531383991241455 0.22205035388469696 -0.08825550228357315
0.003206507069990039 -0.4239649474620819 -0.6895526647567749 -0.048531290143728256 -0.2062065750360489 -0.1882776916027069 0.5142329931259155
0.2262445092201233 0.5906245708465576 0.5202575325965881 0.005338890943676233 -0.39367982745170593 0.07682090997695923 -0.41035881638526917
0.36708545684814453 -0.41813457012176514 0.7210269570350647 -0.34616443514823914 -0.17575937509536743 -0.051720596849918365 0.1309032291173935
0.6082035303115845 -0.23834793269634247 -0.047852467745542526 0.05794729292392731 -0.27258509397506714 -0.36388006806373596 -0.6007658243179321
-0.28594866394996643 -0.45265308022499084 -0.3726525604724884 -0.38835519552230835 -0.29401642084121704 -0.2711992561817169 -0.5134726762771606
-0.14889100193977356 0.4979724586009979 -0.5959892868995667 -0.2091466635465622 0.2204921543598175 -0.03896663337945938 -0.5298812985420227
0.5219706892967224 0.3406257927417755 0.2718334496021271 -0.22126862406730652 -0.5089074373245239 0.010595414787530899 -0.4791329503059387
0.36595699191093445 0.07708690315485 -0.4732849597930908 0.7011489272117615 0.26869744062423706 -0.2138681560754776 0.1630541980266571
0.017088863998651505 -0.827200174331665 0.014784948900341988 -0.08364883065223694 -0.06686824560165405 0.3085833787918091 0.4566585421562195
0.10463713109493256 -0.7653334140777588 -0.16543476283550262 -0.5414471626281738 0.16623760759830475 -0.01251126267015934 -0.23450063169002533
-0.21578572690486908 -0.02415955252945423 -0.32674381136894226 0.461260586977005 0.496685653924942 -0.017017684876918793 -0.6215656399726868
-0.1940750926733017 0.46336954832077026 -0.6760677099227905 0.3603154122829437 0.16800081729888916 0.08687867224216461 -0.3534920811653137
-0.4818422794342041 0.015011906623840332 0.6128134727478027 -0.30899563431739807 -0.0064161960035562515 -0.32673048973083496 0.43564894795417786
-0.4291302561759949 -0.5293406248092651 -0.22386790812015533 -0.05188482627272606 0.07202684134244919 0.680549144744873 -0.12042372673749924
-0.39366087317466736 -0.5202250480651855 -0.23446649312973022 -0.29399916529655457 0.2401382327079773 0.09694095700979233 -0.6049157977104187
0.07637961953878403 -0.19393445551395416 0.6300950050354004 -0.29840803146362305 -0.18602494895458221 0.4516679644584656 0.48153841495513916
-0.4241226017475128 0.3006531596183777 -0.5972204208374023 0.23052074015140533 0.38654497265815735 -0.2708975076675415 -0.3116297721862793
-0.4897603690624237 0.6114797592163086 0.16933034360408783 -0.1657359004020691 0.5127415060997009 -0.16944143176078796 -0.19614237546920776
-0.4626615643501282 -0.1544075459241867 0.4893263876438141 -0.46654510498046875 0.41541051864624023 -0.30046093463897705 -0.20531754195690155
-0.16380493342876434 0.5368266105651855 -0.7164432406425476 -0.15902137756347656 0.1990375965833664 -0.25915515422821045 -0.1990702897310257
0.017913920804858208 -0.542609691619873 0.05056403577327728 0.4666220545768738 -0.4662059247493744 -0.22356723248958588 -0.4665091335773468
-0.4531858265399933 -0.058445416390895844 -0.4436628520488739 0.009708330035209656 0.5682845711708069 0.20939235389232635 -0.47695210576057434
0.1618109941482544 0.353657990694046 -0.1968991607427597 0.6199988722801208 0.445378839969635 0.10749220848083496 -0.464390367269516
0.049414414912462234 0.7239539623260498 0.2976173460483551 -0.008887337520718575 0.37028366327285767 -0.04382956400513649 -0.4957447648048401
-0.6630271673202515 -0.3389735519886017 -0.3552064299583435 -0.3535919785499573 -0.0629987046122551 -0.28717145323753357 -0.3284154534339905
0.002120416145771742 -0.534640908241272 -0.07292310893535614 0.18377281725406647 -0.6710010766983032 -0.3865826427936554 -0.2745465934276581
-0.2594795525074005 0.3410964012145996 -0.614849328994751 0.20735886693000793 0.558280348777771 0.16947409510612488 -0.23428131639957428
0.09331581741571426 0.495702862739563 -0.4532616436481476 0.639599621295929 0.027956176549196243 -0.3194330036640167 -0.1679822951555252
-0.5145367383956909 0.5267755389213562 0.3980445861816406 -0.41576075553894043 -0.22778916358947754 0.2727815508842468 0.012855797074735165
0.20793871581554413 -0.705096960067749 -0.6353431940078735 -0.05619806796312332 -0.2131410539150238 -0.08057785779237747 -0.029301293194293976
-0.12711599469184875 0.7430559396743774 0.22318744659423828 0.3051212728023529 0.31117063760757446 -0.11834416538476944 -0.4218593239784241
0.22757406532764435 -0.7967406511306763 -0.06236810237169266 -0.2861725091934204 -0.07272493094205856 0.40425905585289 0.24272556602954865
-0.026424746960401535 -0.16773012280464172 0.15351517498493195 0.6848132014274597 0.4253329336643219 -0.2030428797006607 -0.5064560770988464
-0.20211908221244812 -0.24750234186649323 0.4373507499694824 -0.45328977704048157 -0.2931442856788635 0.6187831163406372 0.17976927757263184
-0.5014277100563049 0.4323394298553467 0.3815557062625885 -0.5684493184089661 0.015289838425815105 -0.28437596559524536 0.10876552015542984
0.3721463084220886 -0.3302958905696869 -0.17350329458713531 0.17573311924934387 -0.5111764073371887 0.08415956050157547 0.650416910648346
0.17278943955898285 0.4964580535888672 0.23485858738422394 0.19762977957725525 0.19338488578796387 -0.6190386414527893 0.45700162649154663
0.43279579281806946 -0.5876482129096985 -0.07167419791221619 0.4380607604980469 -0.40926796197891235 -0.22081337869167328 -0.23251691460609436
-0.27257493138313293 -0.5996575951576233 -0.48710528016090393 0.29614195227622986 -0.4124518632888794 0.24042882025241852 -0.11497573554515839
-0.37684157490730286 -0.0077035920694470406 -0.8545713424682617 0.019228888675570488 0.3142801523208618 -0.032490573823451996 -0.16565503180027008
0.04264660179615021 -0.18010440468788147 -0.39490389823913574 0.7161713242530823 -0.07753700762987137 -0.2493920624256134 -0.47821012139320374
0.35664108395576477 -0.01355690322816372 -0.514350950717926 0.6705068349838257 0.03975483030080795 -0.23083648085594177 -0.3219023048877716
-0.0417049340903759 -0.5882012248039246 -0.5908103585243225 -0.4014955759048462 -0.2379816472530365 -0.13820098340511322 -0.25746801495552063
-0.3303390145301819 -0.15303221344947815 -0.7313360571861267 0.26639625430107117 -0.255855530500412 0.2877849340438843 -0.33668336272239685
-0.142325758934021 0.8164291977882385 0.09693951904773712 -0.035670313984155655 0.4062228202819824 0.30063220858573914 -0.2170725166797638
-0.42313581705093384 -0.6238153576850891 -0.45012250542640686 -0.44657158851623535 -0.08878511190414429 -0.07809043675661087 0.12567012012004852
-0.17490185797214508 -0.0774516686797142 -0.35550299286842346 -0.21641723811626434 0.13834647834300995 0.032426100224256516 -0.8774967789649963
0.4666714370250702 -0.5054411888122559 -0.0628986731171608 0.2585240304470062 -0.29579389095306396 0.20751988887786865 0.5704362988471985
-0.44354894757270813 -0.16950783133506775 0.5466756224632263 -0.47730374336242676 -0.4973869025707245 0.00876193679869175 0.019694223999977112
-0.5338342785835266 -0.7108175754547119 -0.41654232144355774 0.023705968633294106 -0.1680610030889511 -0.06453963369131088 0.05727194994688034
0.24721500277519226 0.03749614581465721 -0.12224721163511276 0.7429115176200867 0.528911292552948 0.14959034323692322 -0.2617107927799225
0.3698357343673706 0.06884723901748657 0.45063313841819763 -0.1496439278125763 -0.715618908405304 -0.33301249146461487 -0.10005218535661697
-0.13576188683509827 0.291971892118454 -0.060753628611564636 0.5743529796600342 0.4860019087791443 -0.18341326713562012 -0.5412120819091797
-0.45165592432022095 0.2802903950214386 -0.5146371722221375 -0.02973317913711071 0.5097969174385071 -0.34696847200393677 -0.26726147532463074
0.5317822098731995 -0.2899474501609802 -0.2720027565956116 0.5445929765701294 0.49507153034210205 0.11126208305358887 0.0713868960738182
-0.3683093786239624 -0.4536895453929901 -0.22239647805690765 -0.025686904788017273 -0.040932998061180115 0.7619497776031494 -0.16171273589134216
-0.5159841179847717 -0.7046473026275635 -0.0858866348862648 -0.0973309651017189 0.4166305959224701 0.1030108779668808 0.19023756682872772
0.08262748271226883 -0.47890040278434753 0.5588541030883789 -0.5997112989425659 -0.24457904696464539 0.10266511887311935 0.14661668241024017
-0.3618272542953491 -0.5334213972091675 -0.7231672406196594 -0.1814187467098236 0.046350304037332535 -0.15783308446407318 0.03999073803424835
-0.31656378507614136 0.870734453201294 -0.10088677704334259 -0.08373989909887314 0.04662151262164116 0.14884884655475616 -0.3163681626319885
-0.10718706250190735 0.5343238115310669 -0.6533379554748535 -0.008577709086239338 0.052000850439071655 0.09446289390325546 -0.5142544507980347
-0.4152989983558655 0.09222135692834854 0.5150787234306335 -0.6476882100105286 -0.3451780080795288 0.10059864073991776 0.07034176588058472
-0.05115022510290146 -0.22538968920707703 0.6160314083099365 -0.5510812997817993 -0.3155788481235504 0.07452307641506195 0.3978116512298584
-0.27335429191589355 -0.03421067073941231 -0.3716219365596771 0.09012376517057419 0.8225542902946472 -0.14777667820453644 0.28186601400375366
-0.3217129111289978 0.3603358864784241 -0.4677315652370453 0.30785584449768066 0.53631192445755 -0.009875125251710415 -0.40667295455932617
0.09429598599672318 -0.1579902321100235 -0.22409352660179138 0.15604421496391296 -0.1671575903892517 -0.4827837347984314 -0.7940767407417297
-0.0062956311739981174 0.1999058574438095 0.724283754825592 0.09007231146097183 0.18300607800483704 -0.306648313999176 -0.547515869140625
-0.42511409521102905 -0.01693110540509224 -0.7568737268447876 -0.04372593015432358 -0.364406555891037 -0.09115133434534073 -0.3211243450641632
-0.3933437764644623 -0.5915732383728027 -0.20027711987495422 -0.05995098501443863 0.06780840456485748 0.6669489145278931 -0.04688292369246483
0.009511989541351795 -0.8395698070526123 -0.19686786830425262 -0.0350809209048748 -0.24050654470920563 0.23589910566806793 0.37623488903045654
0.02245638519525528 0.654251754283905 0.3536907732486725 0.24463215470314026 0.42201948165893555 -0.4554155766963959 0.03169300779700279
-0.08327730000019073 0.18079794943332672 -0.6836133599281311 -0.45732906460762024 0.06097901612520218 -0.0347757562994957 -0.5281780362129211
0.4913049638271332 0.2944347560405731 -0.5792161226272583 0.2854418158531189 -0.2736520767211914 -0.20890620350837708 -0.36936697363853455
0.43960118293762207 -0.3306339383125305 -0.5891495943069458 0.22412562370300293 -0.35634735226631165 -0.13679566979408264 0.39294537901878357
-0.03546794131398201 -0.41615796089172363 -0.4671282470226288 0.20769044756889343 0.6245044469833374 0.3170391321182251 -0.27146050333976746
-0.40143296122550964 0.7236250042915344 0.008793958462774754 -0.0561349131166935 0.4888325035572052 0.13528691232204437 -0.2339450865983963
0.02022981457412243 0.4800143539905548 0.13746845722198486 -0.24936141073703766 0.6496492624282837 -0.5151063203811646 -0.02682584710419178
-0.03694559261202812 -0.7810267210006714 0.0795273408293724 0.19735941290855408 -0.10933960974216461 0.44258615374565125 0.3681294322013855
0.022118881344795227 0.1794062852859497 -0.3183917999267578 0.3283228278160095 0.4361312687397003 -0.6813870072364807 -0.32195672392845154
-0.30898991227149963 -0.6077952980995178 -0.19591721892356873 0.06431856751441956 0.03228313475847244 0.6947624087333679 -0.09408862143754959
0.22172154486179352 -0.4448379576206207 0.2447853535413742 0.4634319543838501 -0.16291023790836334 0.2535034418106079 -0.6224676370620728
0.1801757961511612 0.24187086522579193 0.6333916783332825 0.003600605996325612 0.14710494875907898 -0.6044802665710449 0.3475643992424011
-0.3441629111766815 -0.40794146060943604 -0.578161358833313 0.5625874996185303 -0.030763110145926476 -0.09910726547241211 -0.23149903118610382
-0.1869632452726364 -0.44842612743377686 -0.1758355051279068 -0.25597837567329407 -0.049458082765340805 0.5842083096504211 0.5690079927444458
-0.7609776854515076 -0.116398885846138 -0.401285320520401 0.16780118644237518 0.4022943079471588 -0.2353232204914093 -0.03097357787191868
-0.044260505586862564 0.5152672529220581 -0.4119989275932312 0.5562636256217957 0.39820024371147156 -0.25886639952659607 -0.16671262681484222
-0.11040020734071732 0.5114270448684692 0.36533892154693604 0.2865196764469147 0.3557015359401703 -0.3323476314544678 -0.5231726765632629
-0.05785372108221054 0.5535878539085388 -0.7746323943138123 0.08371753245592117 0.20786552131175995 -0.18049079179763794 0.08569925278425217
0.7303627729415894 -0.033094123005867004 -0.3103698790073395 0.33443504571914673 -0.15460257232189178 -0.2617700695991516 -0.4060457646846771
-0.005849494598805904 -0.0414964035153389 0.7078028917312622 -0.2618250250816345 -0.024285990744829178 -0.5778429508209229 0.30694344639778137
-0.14893804490566254 -0.892408013343811 0.07470332831144333 0.015809882432222366 0.3126958906650543 -0.27362626791000366 -0.05426559969782829
0.10709606111049652 0.4307052493095398 -0.5767894387245178 -0.0544770285487175 0.6699703335762024 0.11661107838153839 -0.07007996737957001
-0.3898080885410309 0.18950200080871582 0.3017285466194153 -0.5601292252540588 0.631003737449646 0.07491278648376465 0.05980170518159866
-0.42568352818489075 -0.7049010992050171 -0.20709796249866486 -0.00021677915356121957 0.21476833522319794 0.482482373714447 -0.010175535455346107
-0.6462535858154297 -0.5383268594741821 -0.4077826738357544 -0.06133757159113884 -0.17779526114463806 0.3004237413406372 0.025417378172278404
-0.028781460598111153 0.4540019631385803 0.48889461159706116 -0.45611438155174255 0.28733325004577637 -0.008793422020971775 -0.5131840705871582
-0.45158272981643677 0.2331058830022812 0.46292436122894287 -0.3224581182003021 0.5643277168273926 -0.018017318099737167 0.32352131605148315
-0.440219908952713 0.08205672353506088 0.5860428214073181 -0.45892229676246643 -0.4856564700603485 0.02256111241877079 -0.09511101245880127
0.48955097794532776 -0.15200695395469666 -0.10698246210813522 0.2418389916419983 -0.4284118413925171 -0.5988885760307312 -0.35369229316711426
-0.31404533982276917 -0.05759914219379425 -0.7441797256469727 -0.17336022853851318 0.41014471650123596 -0.37407979369163513 0.07775728404521942
-0.16744022071361542 0.05418089032173157 -0.9203870296478271 -0.13223020732402802 -0.2927672564983368 -0.00597371906042099 -0.13668550550937653
0.4922933578491211 -0.762474775314331 0.19389541447162628 0.02286774292588234 0.1276475191116333 -0.3481162190437317 -0.02612079493701458
-0.4853801131248474 -0.2790944278240204 -0.8083714842796326 0.144465833902359 0.10665293782949448 0.02338598482310772 0.015995202586054802
-0.6439178586006165 -0.06275009363889694 0.5819271206855774 -0.3651774227619171 -0.255581259727478 -0.20597492158412933 0.041123390197753906
0.017624588683247566 0.1953323483467102 0.6883447170257568 0.10643555223941803 -0.21360857784748077 0.31024590134620667 -0.5783653259277344
0.14317181706428528 -0.7651111483573914 -0.20383279025554657 0.459672749042511 -0.2520783245563507 0.15460261702537537 0.2319793552160263
-0.2068461924791336 -0.6147079467773438 -0.6860688328742981 -0.16390623152256012 -0.20315542817115784 0.1765350103378296 0.09672795236110687
-0.45391130447387695 -0.17846086621284485 -0.3013942539691925 0.06929197907447815 0.7200402617454529 -0.29439476132392883 -0.2476893961429596
0.33910349011421204 -0.18752948939800262 -0.12210763245820999 0.06818118691444397 -0.3337426781654358 -0.4071245491504669 -0.743739128112793
-0.23910270631313324 0.3954579532146454 0.007061787415295839 -0.7441716194152832 0.05418628081679344 0.3579557538032532 -0.3186427056789398
-0.3717525899410248 -0.7386645674705505 -0.19837386906147003 -0.33976829051971436 0.10520900040864944 0.3444784879684448 -0.17789247632026672
-0.6101182103157043 -0.24586081504821777 -0.5320540070533752 0.1635015457868576 -0.2072298526763916 0.07918078452348709 -0.456377238035202
-0.5229964256286621 0.2699357569217682 0.5931164026260376 -0.3565950095653534 -0.3034607470035553 0.10907290875911713 0.2658514678478241
-0.40312832593917847 -0.7348690629005432 0.04783818498253822 0.1909780353307724 -0.11085935682058334 0.30616962909698486 -0.3907226622104645
0.3172256648540497 -0.020922932773828506 -0.23718008399009705 0.6556098461151123 0.40941715240478516 0.029909154400229454 -0.49430206418037415
0.16426628828048706 -0.8147310614585876 0.24790439009666443 0.28096288442611694 -0.2687399387359619 -0.07906173914670944 0.3006015121936798
-0.0405927337706089 -0.4515255093574524 -0.7525387406349182 0.2029583901166916 -0.02587571181356907 -0.11641158908605576 -0.41563087701797485
-0.6729092001914978 0.2960027754306793 0.351533442735672 -0.2019108384847641 0.19100616872310638 0.18071351945400238 -0.47549042105674744
-0.19787676632404327 0.44955453276634216 -0.2683050334453583 0.5543158650398254 0.30472221970558167 -0.3274324834346771 -0.42358508706092834
-0.28181028366088867 0.44608309864997864 -0.13756512105464935 0.4343329668045044 0.15127380192279816 -0.3050824701786041 -0.6309234499931335
0.08519205451011658 -0.3677532970905304 0.8350514769554138 -0.10528164356946945 -0.05970644950866699 -0.08572299033403397 0.37174081802368164
-0.04330120235681534 -0.5939528942108154 -0.41051262617111206 -0.47164252400398254 0.3122946619987488 0.14554476737976074 -0.3683291971683502
0.4884016811847687 0.22657182812690735 -0.32733243703842163 0.752945065498352 0.1329452395439148 -0.08748030662536621 0.10358040034770966
-0.1604108363389969 0.38536256551742554 -0.3337644040584564 0.459049791097641 0.41517579555511475 0.2298291176557541 -0.5276801586151123
-0.3522719740867615 -0.048824895173311234 -0.8048852682113647 -0.03513917326927185 0.15503284335136414 -0.3437049686908722 -0.2868400514125824
-0.4087095260620117 -0.7654501795768738 -0.15260833501815796 0.10196161270141602 0.3682030141353607 0.278726726770401 -0.009742194786667824
-0.24066777527332306 -0.8619598746299744 -0.05113863945007324 -0.12297121435403824 -0.38466569781303406 0.0056184264831244946 0.18266884982585907
-0.5006611943244934 -0.7012121677398682 -0.036000240594148636 -0.22322794795036316 -0.05897651985287666 -0.4505786895751953 -0.0036967149935662746
-0.49082040786743164 -0.014958971180021763 -0.3945195972919464 0.3409864008426666 -0.24915966391563416 -0.3819759786128998 -0.5281742215156555
0.3828798830509186 -0.028065944090485573 -0.16540180146694183 0.749119222164154 0.42205849289894104 0.05518099293112755 -0.2879229485988617
0.2132962942123413 0.5788263082504272 0.614540696144104 0.27004724740982056 0.2767253816127777 0.22513408958911896 -0.20400170981884003
-0.2908666133880615 -0.4928552508354187 -0.4511120915412903 -0.27664458751678467 -0.047176893800497055 -0.4762691855430603 -0.40422502160072327
-0.2511933147907257 -0.7384803891181946 -0.4946110248565674 -0.2258213758468628 -0.28419584035873413 -0.04522790387272835 -0.11445678770542145
-0.04959547892212868 -0.6169619560241699 -0.04350060597062111 -0.4489883482456207 -0.30561351776123047 0.16208070516586304 -0.5419830679893494
-0.5660607218742371 0.11546019464731216 0.2856537699699402 -0.4026106595993042 -0.41577768325805664 0.4921855032444 0.08621619641780853
-0.12403406202793121 -0.7168006896972656 -0.16266869008541107 -0.2730341851711273 -0.13031800091266632 0.5054557919502258 0.3119859993457794
-0.4271315634250641 0.3334691822528839 0.3525768220424652 -0.6698830127716064 -0.28649476170539856 0.13367125391960144 0.1826363056898117
-0.04745490849018097 -0.29551559686660767 0.3492121398448944 -0.5472366809844971 -0.2513003945350647 0.47849199175834656 0.4437284469604492
-0.3963659107685089 0.3075163662433624 0.3602217137813568 -0.5117017030715942 0.41443485021591187 0.28323864936828613 0.32364946603775024
-0.13293680548667908 -0.47990846633911133 -0.261572003364563 -0.34401020407676697 -0.26855912804603577 0.5226430892944336 0.46901267766952515
-0.49827027320861816 -0.11116480827331543 -0.553106963634491 -0.35940903425216675 -0.29142898321151733 -0.3314577043056488 -0.33086538314819336
-0.13151498138904572 0.6476074457168579 0.28030240535736084 -0.38649287819862366 0.4981386363506317 0.23451587557792664 -0.17950597405433655
0.05150598660111427 -0.05587953329086304 -0.27863162755966187 0.03028782457113266 -0.2835952937602997 -0.6643075942993164 -0.6276471018791199
-0.5665977597236633 -0.04600460082292557 -0.7437147498130798 0.12357571721076965 0.08624397218227386 0.004410251509398222 -0.31782132387161255
-0.026211589574813843 -0.4227299690246582 -0.4267602562904358 -0.5183781385421753 0.22260218858718872 0.16068726778030396 -0.5425863265991211
-0.08213856816291809 -0.7951419353485107 -0.26819315552711487 -0.43241918087005615 -0.2915089428424835 -0.11140760034322739 0.06855408847332001
-0.16654902696609497 -0.16382595896720886 0.2754662036895752 -0.914671003818512 0.1696782410144806 2.634147494973149e-05 0.06424198299646378
-0.37042802572250366 -0.5418606996536255 -0.26234352588653564 -0.2823040783405304 0.32021212577819824 0.13150449097156525 -0.5484715700149536
-0.34341099858283997 -0.4082379639148712 -0.25727590918540955 -0.11388695240020752 0.01587623916566372 0.7963626980781555 -0.042471759021282196
-0.08688655495643616 0.29687970876693726 -0.4172615706920624 0.08178213983774185 0.7624081373214722 -0.03855384141206741 -0.3751867115497589
0.331603080034256 0.26699504256248474 -0.12248871475458145 0.20409782230854034 0.6557605862617493 -0.4943867325782776 -0.29606324434280396
-0.49203401803970337 0.6189214587211609 0.12887461483478546 -0.1880509853363037 -0.3043191134929657 0.4780955910682678 -0.04100460186600685
0.24061265587806702 0.4834265410900116 -0.4692184627056122 0.5702480673789978 0.10652633756399155 -0.022883547469973564 -0.3888239562511444
0.4774554669857025 -0.40839189291000366 -0.02824668399989605 -0.1255677342414856 0.37370458245277405 -0.43261009454727173 -0.5117427706718445
0.25361907482147217 0.2319292277097702 -0.3897072374820709 0.6102140545845032 -0.3576880395412445 -0.25590014457702637 -0.4052499532699585
0.0356280542910099 -0.20581085979938507 -0.37049439549446106 -0.4844801723957062 0.5584105253219604 -0.27709636092185974 -0.44247114658355713
-0.43369773030281067 -0.7227246165275574 -0.27088066935539246 -0.09631935507059097 0.04529640078544617 0.41172435879707336 -0.1880236268043518
0.09852389991283417 -0.12616780400276184 -0.5162750482559204 -0.4922714829444885 0.42361384630203247 -0.018136415630578995 -0.5345333814620972
0.3931080102920532 0.0399315245449543 -0.1353670358657837 0.6334090232849121 0.47574514150619507 0.031021950766444206 -0.4438970386981964
-0.4180012345314026 0.4802014231681824 0.3733789920806885 -0.6321986317634583 -0.05572027340531349 -0.22676889598369598 0.03264468163251877
-0.26517242193222046 0.5705869793891907 0.15837590396404266 -0.5869711637496948 0.22649230062961578 -0.28373295068740845 0.3204571306705475
0.18989403545856476 -0.5662235617637634 0.26025688648223877 0.4080996513366699 -0.45019033551216125 -0.34437647461891174 -0.29628637433052063
0.402455598115921 -0.4734400808811188 -0.15687790513038635 0.6806513667106628 -0.30463749170303345 -0.012269886210560799 0.18174827098846436
0.28946810960769653 -0.4587814211845398 0.13658249378204346 0.4744778871536255 0.3945420980453491 -0.22669236361980438 -0.5048671960830688
0.2324332445859909 -0.757058322429657 0.32621872425079346 0.2871258556842804 -0.3039945363998413 0.24419407546520233 0.1787014752626419
-0.3116209805011749 -0.006316045299172401 0.8029648065567017 -0.28011277318000793 0.30260372161865234 0.19485057890415192 0.22383259236812592
-0.4560743570327759 -0.4159662425518036 -0.6845951080322266 -0.18017727136611938 -0.10342549532651901 -0.11494626104831696 -0.3064709007740021
-0.42849624156951904 -0.16039198637008667 -0.41675132513046265 0.09713802486658096 0.01037283893674612 -0.28782644867897034 -0.724290132522583
0.12507303059101105 0.6995802521705627 0.34370699524879456 0.3487420976161957 0.4796902537345886 -0.07309740036725998 -0.14050889015197754
0.11839805543422699 -0.9261327385902405 0.23571163415908813 -0.1959543377161026 -0.14917044341564178 0.09882993251085281 0.04777782782912254
-0.2478495091199875 0.12498683482408524 -0.4577959477901459 -0.42084673047065735 -0.026858074590563774 -0.27333804965019226 -0.6788406372070312
-0.16976037621498108 -0.6409556865692139 -0.3738516867160797 -0.3515026569366455 0.2558631896972656 0.4637199342250824 0.12859182059764862
-0.024420680478215218 0.3579457998275757 -0.6094088554382324 0.3115299642086029 0.22644351422786713 -0.364317923784256 -0.46780771017074585
-0.53282231092453 -0.6960736513137817 -0.18782806396484375 0.0354246161878109 0.07135774195194244 -0.33730095624923706 0.27601420879364014
0.08300945907831192 -0.6559980511665344 0.5778735876083374 0.40302398800849915 0.031120384112000465 -0.20317751169204712 0.155435711145401
0.5135429501533508 -0.7627261281013489 -0.11588154733181 0.07494982331991196 0.17553451657295227 0.1916322261095047 -0.26065516471862793
-0.30478769540786743 0.30371522903442383 0.3387124836444855 -0.6476260423660278 -0.03465287387371063 0.41424086689949036 -0.3285112977027893
0.20192350447177887 0.5249987244606018 0.7530018091201782 -0.06325676292181015 -0.2958998680114746 0.06703798472881317 0.1433149129152298
0.25692078471183777 0.39813652634620667 0.63160640001297 -0.045480579137802124 0.08116783946752548 -0.03266921639442444 -0.6056636571884155
-0.2377665489912033 0.08878947794437408 -0.9158503413200378 -0.10049234330654144 0.06833584606647491 0.11345096677541733 -0.26298677921295166
-0.47860702872276306 -0.22814883291721344 -0.36562469601631165 -0.0618426688015461 0.5992909669876099 0.04264003410935402 -0.469478040933609
0.5743005275726318 -0.5195521116256714 0.010670791380107403 -0.05917525291442871 -0.5738545656204224 0.23603737354278564 0.10773242264986038
-0.5071309804916382 -0.6623656153678894 -0.20252254605293274 -0.07899834215641022 0.22971545159816742 0.449002206325531 0.0496145598590374
-0.43189379572868347 -0.4150422513484955 -0.4030535817146301 0.047192055732011795 -0.5460391640663147 0.416299432516098 -0.07116512954235077
-0.22118926048278809 0.07861898839473724 -0.5921303629875183 -0.24278907477855682 0.5870715975761414 -0.347699373960495 0.2641620337963104
-0.07387427240610123 -0.26530149579048157 -0.05570603907108307 0.3408192992210388 0.10544932633638382 -0.03424711152911186 -0.8902832865715027
0.27071326971054077 0.4985519051551819 0.7000260353088379 0.06790071725845337 -0.09345334768295288 -0.40107661485671997 0.11797168105840683
-0.11200154572725296 -0.6594758033752441 0.23533661663532257 0.2968277335166931 0.03495265543460846 0.06420531123876572 -0.6353843808174133
-0.2963298261165619 -0.6840764284133911 0.029337983578443527 -0.04297397658228874 -0.6513340473175049 -0.040738776326179504 0.12499932199716568
0.17521415650844574 0.31096139550209045 -0.4291265606880188 0.4178233742713928 0.28425151109695435 -0.45779556035995483 -0.4727592468261719
0.0064859832637012005 0.4531060457229614 -0.1673584133386612 0.48363232612609863 0.5295911431312561 -0.19271089136600494 -0.46383121609687805
-0.153034508228302 -0.05551774427294731 -0.8696195483207703 0.21813063323497772 0.09263098239898682 0.11521855741739273 -0.38447800278663635
-0.3963945508003235 -0.1924872100353241 -0.5662266612052917 0.13504420220851898 0.3614034056663513 0.5416763424873352 -0.20723135769367218
0.7476576566696167 -0.6205578446388245 0.12313546985387802 0.11504856497049332 -0.03912192955613136 0.10810711979866028 -0.11958158016204834
-0.3608761131763458 0.09219488501548767 0.322866290807724 -0.3266860842704773 -0.1674121916294098 0.7882991433143616 -0.0293216984719038
-0.7729772329330444 0.5382842421531677 0.22080554068088531 -0.20271103084087372 0.12209434807300568 -0.05841578543186188 0.0677490383386612
-0.09096177667379379 -0.07164628803730011 0.4716043770313263 -0.39602920413017273 -0.47243785858154297 0.38068678975105286 0.48910436034202576
-0.0772322416305542 -0.039514508098363876 0.17737264931201935 -0.4272594451904297 -0.44512659311294556 0.16620944440364838 0.7434371709823608
-0.1867542713880539 -0.6088057160377502 -0.38991889357566833 -0.33646801114082336 0.3122144937515259 0.4732381999492645 0.08831058442592621
0.005952406208962202 0.26990842819213867 -0.26940399408340454 0.6960346102714539 0.32553815841674805 -0.32193484902381897 -0.40056735277175903
0.21029776334762573 -0.6752305626869202 0.3153667151927948 0.22806626558303833 -0.4701636731624603 0.34344884753227234 -0.09673255681991577
0.12944385409355164 -0.19619706273078918 -0.06969558447599411 -0.24831631779670715 0.04491458088159561 0.04615156725049019 -0.9349252581596375
-0.1838196963071823 0.10114447772502899 -0.34981122612953186 0.4648612439632416 0.6686062812805176 -0.22067584097385406 -0.3489755094051361
0.6392596960067749 -0.7222492098808289 -0.04835499823093414 0.02493143081665039 0.04355243965983391 0.2239224761724472 -0.12126512825489044
-0.29680106043815613 0.9023048281669617 -0.02444256655871868 -0.02317623980343342 0.026570137590169907 0.1880325973033905 -0.2460862249135971
-0.47985896468162537 -0.5494417548179626 -0.24240794777870178 -0.07598865777254105 0.10111570358276367 0.621536910533905 -0.08234544098377228
0.12174635380506516 -0.2107786238193512 0.20667141675949097 0.4263463318347931 0.22835132479667664 -0.2461455762386322 -0.7768744826316833
0.15878775715827942 0.39398443698883057 -0.3257642090320587 0.709469735622406 0.2326245754957199 -0.1007842868566513 -0.38186582922935486
0.2465611845254898 0.28508827090263367 -0.4542226195335388 0.41253456473350525 0.40013885498046875 -0.4145910143852234 -0.3865649998188019
0.37259724736213684 0.07589118182659149 -0.665837824344635 0.5655627250671387 -0.09314308315515518 0.2869267761707306 0.034756895154714584
-0.004811389837414026 0.7445936799049377 0.27994728088378906 0.22160005569458008 0.33669185638427734 0.009477213956415653 -0.4523591995239258
-0.015314239077270031 -0.7746112942695618 -0.227261483669281 -0.043217699974775314 -0.3725936710834503 0.23649926483631134 0.3891906440258026
0.30585938692092896 0.06266274303197861 -0.5909684300422668 0.7087188959121704 0.19392922520637512 -0.10392026603221893 0.050883855670690536
0.16443294286727905 0.4987228810787201 -0.35689425468444824 0.6616491675376892 0.06027407944202423 -0.02679225243628025 -0.3933616578578949
0.12424580752849579 -0.342532753944397 -0.7811951041221619 0.07838637381792068 -0.17267930507659912 -0.2595584988594055 -0.39196354150772095
-0.43086689710617065 0.726399302482605 -0.11816398799419403 -0.13500288128852844 0.2814409136772156 0.1573081910610199 -0.3880133032798767
0.44666361808776855 -0.1903868317604065 0.04785411059856415 -0.021158553659915924 -0.5805814862251282 -0.07081343978643417 -0.6476243734359741
-0.4200233817100525 0.7325560450553894 0.2088356763124466 -0.08021809905767441 0.3660582900047302 -0.2931499779224396 -0.13022729754447937
0.06482739001512527 -0.8201014995574951 0.29401108622550964 0.07139673829078674 -0.1747528314590454 -0.15218116343021393 0.421892374753952
-0.4821518361568451 0.08421413600444794 -0.7120702862739563 0.1651487797498703 0.3679761588573456 0.04163290560245514 0.29829445481300354
-0.07476905733346939 -0.7654973864555359 0.11354801058769226 -0.14731761813163757 -0.3105095326900482 0.5264480710029602 -0.016247984021902084
-0.37278833985328674 -0.7680177688598633 0.014615246094763279 0.032841939479112625 0.47634994983673096 -0.03639986738562584 0.20408619940280914
-0.4898688495159149 -0.7158207893371582 -0.15498033165931702 -0.03061877377331257 0.366346150636673 0.29494327306747437 0.03836448863148689
0.15881389379501343 0.48086467385292053 -0.7322946190834045 0.3408527076244354 0.23744279146194458 0.11730346083641052 -0.14481748640537262
0.26371651887893677 -0.7851831912994385 0.2835519015789032 0.3508480489253998 -0.14158567786216736 0.28235551714897156 -0.10331450402736664
0.018690096214413643 -0.05654890462756157 0.8122932314872742 0.025531210005283356 -0.4362785518169403 -0.3440092206001282 -0.16522561013698578
-0.20378293097019196 -0.7911749482154846 -0.17252835631370544 -0.15753430128097534 -0.2954797148704529 0.30422642827033997 0.3131607472896576
0.25722992420196533 0.18940287828445435 0.6319236755371094 -0.03867035731673241 -0.5629792213439941 -0.357713520526886 0.22854289412498474
-0.16066092252731323 0.48156484961509705 0.01967746950685978 -0.7235596776008606 0.2206563502550125 -0.37278124690055847 -0.17522090673446655
-0.048108913004398346 -0.09240614622831345 -0.4606446921825409 -0.11642052233219147 0.40668150782585144 -0.12647269666194916 -0.7628985047340393
0.1532048135995865 -0.27615654468536377 -0.888117790222168 0.3025892376899719 0.1077190712094307 -0.02049987204372883 0.08904382586479187
0.2319127470254898 0.9060171842575073 0.07567424327135086 0.2641015350818634 0.17719288170337677 0.005976268555969 0.13579413294792175
0.013929549604654312 -0.938399612903595 0.0965806394815445 0.03845511004328728 0.08639410883188248 0.033832523971796036 0.3159063458442688
0.459898442029953 -0.5168340802192688 -0.05813193693757057 0.2662116289138794 -0.30208107829093933 0.20355691015720367 0.5607491731643677
0.12359940260648727 0.5127105712890625 -0.37379083037376404 0.21498872339725494 0.3852047622203827 -0.152207612991333 -0.6036235690116882
-0.40945667028427124 0.3815995752811432 0.397659569978714 -0.4932954013347626 0.503696858882904 -0.14029477536678314 -0.1089053601026535
-0.33505886793136597 -0.7617945075035095 -0.17422521114349365 0.11971394717693329 0.2509104907512665 0.4453958570957184 -0.03722007945179939
0.3262089788913727 -0.5765809416770935 -0.16221049427986145 0.2185095101594925 -0.28805890679359436 0.23228460550308228 0.5917342901229858
0.0426088310778141 0.09163700044155121 -0.2521659731864929 0.7383038997650146 -0.2070760577917099 -0.06538847833871841 -0.5778846144676208
0.028712498024106026 -0.51596999168396 0.10750177502632141 0.5851204991340637 0.36323437094688416 0.26067230105400085 -0.4232478141784668
-0.25815993547439575 -0.8080565333366394 -0.044550228863954544 -0.21869413554668427 0.394536554813385 -0.11904926598072052 -0.24648430943489075
-0.4442422389984131 0.23492714762687683 -0.20938041806221008 0.12731604278087616 0.5941413044929504 -0.10885772109031677 -0.567939043045044
0.31006595492362976 0.5972588062286377 -0.4403513967990875 0.26371973752975464 0.5202187895774841 -0.0037745859008282423 -0.11420033872127533
0.278219074010849 -0.21202293038368225 -0.728778064250946 -0.3568248450756073 -0.3129194974899292 -0.2059030532836914 0.280863493680954
-0.4886506497859955 0.3184520900249481 -0.37460872530937195 0.1453782469034195 0.4359772503376007 0.11540426313877106 -0.5430910587310791
-0.39605093002319336 -0.41715025901794434 -0.5812885761260986 -0.1581435203552246 -0.30223628878593445 0.3128393888473511 -0.3420647084712982
-0.3025968372821808 0.43601194024086 0.4159802198410034 -0.2718799114227295 -0.5262014269828796 0.20375984907150269 -0.39110687375068665
0.34522220492362976 -0.29112672805786133 0.7626743316650391 -0.2580758035182953 0.1376168578863144 -0.336144357919693 0.12593719363212585
0.4753403961658478 0.39033859968185425 0.6682485342025757 0.31052201986312866 0.06345324218273163 0.2542102634906769 0.10028967261314392
-0.1548730880022049 0.49336564540863037 0.03783998638391495 -0.712668240070343 0.21819894015789032 -0.3788830637931824 -0.17920273542404175
-0.31585001945495605 0.09335371106863022 -0.46327877044677734 0.327955424785614 0.45082545280456543 0.13091187179088593 -0.5907287001609802
-0.5028035044670105 -0.10015756636857986 -0.42852553725242615 -0.020632918924093246 0.6239835023880005 0.08474215120077133 -0.3956772983074188
0.563234269618988 0.10650187730789185 0.5388640761375427 -0.16054855287075043 -0.28698816895484924 0.48091375827789307 -0.20404362678527832
-0.43580010533332825 -0.0525115542113781 -0.4131256639957428 -0.20515412092208862 0.6683975458145142 -0.10405838489532471 -0.37010306119918823
-0.6288825869560242 -0.4730154573917389 -0.11685919016599655 -0.13100147247314453 0.21850915253162384 0.1363150030374527 -0.5325576663017273
-0.3333221673965454 -0.05158378556370735 -0.8405728340148926 0.32095810770988464 -0.11984007805585861 -0.2446291446685791 -0.04953359439969063
-0.3830292820930481 -0.5216172933578491 -0.4417943060398102 0.3153682053089142 -0.31638169288635254 0.21176362037658691 -0.37632882595062256
-0.3913796842098236 -0.7678854465484619 -0.2647177577018738 0.11238422989845276 0.0312102772295475 -0.3821631968021393 0.16566628217697144
0.22071044147014618 -0.10381487011909485 -0.44138506054878235 0.6106990575790405 -0.3205421566963196 -0.45124244689941406 -0.257620245218277
-0.4437507688999176 -0.2684246301651001 -0.2193094789981842 -0.06846518069505692 0.7406287789344788 -0.27605462074279785 -0.2313268482685089
0.07819993048906326 -0.7399284243583679 -0.03461674228310585 0.3372935950756073 -0.03564973920583725 -0.31107619404792786 0.4831005334854126
-0.5726111531257629 0.41479167342185974 0.43978381156921387 -0.07667990773916245 0.2296295315027237 0.19072629511356354 -0.4600744843482971
-0.02943875826895237 0.0004333842662163079 -0.8085945248603821 -0.031103409826755524 -0.03370324894785881 -0.08857396245002747 -0.5791021585464478
0.5943024754524231 -0.2540413737297058 -0.29184582829475403 0.5416340827941895 0.09091643244028091 -0.3168686330318451 0.3083091676235199
-0.0238504558801651 -0.15752555429935455 0.7109701037406921 -0.19788095355033875 -0.5904157161712646 0.04773359000682831 0.28126901388168335
0.00386156071908772 -0.13370570540428162 -0.5225381851196289 -0.24224737286567688 0.5480505228042603 -0.0027727431152015924 -0.591617226600647
-0.5399643182754517 0.5531862378120422 0.30874794721603394 -0.45063960552215576 0.0841921791434288 0.11505277454853058 0.2893037497997284
-0.4957564175128937 -0.3693389296531677 -0.33102691173553467 -0.12568745017051697 0.21647965908050537 0.4927040934562683 -0.4503524899482727
-0.4695419669151306 0.04573129490017891 0.5630847215652466 -0.3951271176338196 0.10004495084285736 0.5262399911880493 0.13157354295253754
0.16594842076301575 -0.7391092777252197 0.2906716465950012 0.5182532072067261 0.07800997793674469 0.12152022868394852 -0.22858107089996338
-0.37742629647254944 0.1382122039794922 -0.2526836693286896 0.2421615719795227 0.7147645950317383 -0.4055727422237396 -0.2014395296573639
0.11604910343885422 -0.6670246124267578 0.06571779400110245 0.5814439058303833 -0.3560873568058014 -0.23755139112472534 -0.126435786485672
-0.3882077932357788 0.8826223015785217 0.09202020615339279 -0.051921769976615906 0.1461465060710907 -0.03529052808880806 -0.19106243550777435
0.2596755027770996 -0.7187245488166809 -0.19913560152053833 0.3502548038959503 -0.3994750380516052 -0.19213087856769562 -0.23911410570144653
-0.45475849509239197 0.2221575826406479 -0.20638880133628845 0.31151288747787476 0.3331480324268341 -0.13660691678524017 -0.6888794898986816
0.554317057132721 0.3868163228034973 0.547465443611145 0.06778594851493835 0.45126208662986755 -0.023534636944532394 0.1860135942697525
-0.04827997460961342 0.3490743935108185 -0.4890938103199005 0.03451523184776306 0.5674439668655396 -0.25935062766075134 -0.4961417615413666
0.5449854731559753 0.29382815957069397 -0.3073914647102356 0.4138438105583191 0.1411408632993698 -0.3091799318790436 -0.4851665198802948
-0.6531995534896851 0.2138402909040451 0.45456385612487793 -0.3256617486476898 0.453389436006546 0.07556997239589691 -0.06038202345371246
-0.559533953666687 -0.6471824645996094 -0.08947314321994781 0.12225798517465591 0.35590553283691406 0.3325439393520355 0.08871274441480637
-0.06871038675308228 0.22929808497428894 -0.41202589869499207 0.0807182788848877 0.525094211101532 -0.33689895272254944 -0.6141626238822937
0.13927602767944336 -0.1626463532447815 0.13019344210624695 0.16331592202186584 0.359808087348938 -0.6434427499771118 -0.6058427095413208
0.2854175567626953 -0.2957511246204376 -0.14660489559173584 0.5471169948577881 -0.19353245198726654 -0.47568628191947937 -0.4964935779571533
0.42691662907600403 -0.7668808102607727 0.059628620743751526 0.09103649109601974 -0.4134742021560669 -0.06434853374958038 0.20661859214305878
-0.2553771734237671 -0.3104538023471832 -0.8196957111358643 0.10981829464435577 0.19967857003211975 0.006578970234841108 0.3384154140949249
-0.14705021679401398 0.3944087326526642 -0.04644908010959625 -0.5387372970581055 0.6879387497901917 0.12079844623804092 0.2063261866569519
0.706940770149231 -0.07279868423938751 -0.38562217354774475 0.2853255867958069 -0.25633710622787476 -0.1355515718460083 -0.42513176798820496
-0.00644574873149395 0.0770513266324997 0.803607165813446 0.06723196804523468 -0.48095136880874634 -0.1285070925951004 -0.30965861678123474
0.39687278866767883 -0.6246876120567322 -0.10818306356668472 0.4258643686771393 -0.38882479071617126 -0.2365780472755432 -0.2281215637922287
-0.16694258153438568 -0.6145271062850952 -0.19348466396331787 -0.7092555165290833 0.13724961876869202 -0.02067074365913868 -0.18639275431632996
-0.14788734912872314 -0.23315738141536713 -0.37049511075019836 0.19291144609451294 0.46091270446777344 0.23366916179656982 -0.6944378018379211
-0.4761975407600403 0.25683531165122986 -0.25474852323532104 0.3535088300704956 0.3192039132118225 -0.4621497392654419 -0.4493692219257355
-0.3565787971019745 -0.1961020678281784 -0.4647734463214874 -0.10297481715679169 0.5661692023277283 0.11934619396924973 -0.5224807858467102
-0.41190794110298157 0.22165685892105103 -0.26561152935028076 0.10488603264093399 0.546150803565979 -0.1727384626865387 -0.6095328330993652
0.5337726473808289 -0.1436087191104889 -0.3197923004627228 0.14170104265213013 -0.17474418878555298 -0.44992828369140625 -0.5823624730110168
-0.039497677236795425 -0.5871840119361877 -0.4151480197906494 -0.47301459312438965 0.2957082986831665 0.16340379416942596 -0.3787083923816681
-0.21244893968105316 -0.4135631322860718 -0.3935430943965912 -0.28195786476135254 0.7161951661109924 -0.11358174681663513 -0.15368233621120453
0.5446071624755859 -0.08207760006189346 -0.4181399643421173 0.6414848566055298 -0.22659507393836975 0.0074500697664916515 -0.2427377551794052
-0.6552014946937561 -0.3382929861545563 -0.5107906460762024 0.1766083836555481 -0.09405358880758286 -0.13681815564632416 -0.36960262060165405
-0.09529674798250198 -0.3585839569568634 -0.15443108975887299 0.41095978021621704 -0.042222198098897934 -0.6149285435676575 -0.5382187366485596
0.1677091419696808 -0.737501859664917 -0.5825749635696411 -0.04354466125369072 -0.13774004578590393 -0.260075181722641 -0.007971689105033875
0.30083203315734863 -0.4949127733707428 -0.4355103075504303 0.35217100381851196 -0.5181053280830383 -0.27973365783691406 0.06468192487955093
-0.2787584960460663 -0.6990148425102234 -0.6035020351409912 -0.12399747222661972 -0.22418566048145294 0.05981452018022537 0.015645762905478477
-0.19939768314361572 -0.05790632218122482 -0.9183257818222046 -0.0278377216309309 0.3065592050552368 -0.0515625961124897 -0.12709414958953857
-0.21793241798877716 -0.8342232704162598 -0.10027292370796204 0.22040528059005737 0.3216806948184967 0.30730530619621277 -0.0053744749166071415
-0.1822536289691925 0.5678151249885559 0.3671029806137085 0.22911833226680756 0.1778494119644165 -0.027631066739559174 -0.651702344417572
0.21935266256332397 0.9245145320892334 0.1501203179359436 0.022528009489178658 0.11935756355524063 -0.15434688329696655 -0.18985381722450256
-0.19928306341171265 0.6748141050338745 0.31102845072746277 0.2844778001308441 -0.030983230099081993 -0.21451175212860107 -0.529405951499939
0.26031163334846497 -0.6856894493103027 -0.08357945829629898 0.4933992624282837 -0.3683375418186188 -0.09042470902204514 -0.26036566495895386
0.3395373523235321 -0.08189111948013306 -0.31756994128227234 0.04630443453788757 0.2750582993030548 -0.7772505283355713 -0.30860674381256104
0.29492422938346863 -0.37529557943344116 0.7664597034454346 -0.11421311646699905 0.1917523741722107 -0.35416513681411743 0.0972924530506134
-0.3359096348285675 -0.7849825024604797 -0.24356842041015625 0.13718223571777344 0.18370257318019867 0.39867228269577026 -0.011679284274578094
0.4411185085773468 0.1967390775680542 -0.3160509467124939 0.7982569932937622 0.10105881839990616 -0.1315591037273407 0.045661311596632004
-0.5913759469985962 0.2900077700614929 0.3450062572956085 -0.20294226706027985 0.00484743295237422 0.43734413385391235 -0.4633159339427948
-0.0030335222836583853 -0.6245156526565552 -0.5800536274909973 0.12494087964296341 -0.19771094620227814 -0.34324783086776733 0.31778907775878906
0.5402016639709473 -0.7693003416061401 0.16595934331417084 0.06470131874084473 -0.004225502256304026 -0.22939608991146088 -0.17885743081569672
-0.06528844684362411 -0.19466066360473633 0.8434359431266785 -0.10730250924825668 0.279601126909256 -0.3143422305583954 0.24074631929397583
-0.0399639829993248 -0.3579865097999573 0.6305885314941406 -0.4083869457244873 0.05064564198255539 0.17279201745986938 0.522881031036377
-0.2952721118927002 0.6589362621307373 -0.16069374978542328 -0.39188310503959656 0.06898325681686401 -0.27728036046028137 0.46645405888557434
0.697431743144989 -0.6897481679916382 0.13544245064258575 0.04084033891558647 0.08610887080430984 -0.032793961465358734 -0.0966113805770874
-0.050947532057762146 0.031315259635448456 -0.48642855882644653 0.2140326350927353 0.24992011487483978 0.3075305223464966 -0.746301531791687
-0.3521474003791809 0.1848166137933731 -0.4546356499195099 0.19411931931972504 0.3457208573818207 0.6602723598480225 -0.20488175749778748
-0.21190781891345978 -0.6490289568901062 -0.367175430059433 -0.1755133718252182 0.31008708477020264 0.506939709186554 0.12284890562295914
-0.6228548288345337 -0.6471052765846252 -0.1275818645954132 -0.09657642990350723 0.1506933867931366 -0.24471117556095123 0.2917367219924927
0.15866780281066895 0.44541850686073303 -0.14917337894439697 0.35846903920173645 0.16090425848960876 0.16810204088687897 -0.755993127822876
-0.2515316605567932 -0.8045728802680969 -0.1186303123831749 0.24120834469795227 0.35282382369041443 0.29680466651916504 -0.06754247844219208
-0.5467802882194519 0.4469224810600281 0.328189492225647 -0.30683010816574097 0.3546305000782013 0.30913370847702026 -0.2794855237007141
-0.5449963212013245 0.3691401779651642 0.2670934200286865 -0.18410344421863556 0.04660073667764664 0.3381770849227905 -0.5873212218284607
-0.33219560980796814 -0.14909414947032928 -0.40172019600868225 0.18381181359291077 0.5787491798400879 0.13365116715431213 -0.565188467502594
-0.18028971552848816 -0.3896001875400543 0.5363276600837708 -0.5705991387367249 -0.14715133607387543 0.3217253088951111 0.2780570685863495
-0.3237561881542206 -0.489025741815567 -0.6083768606185913 0.047701749950647354 -0.13442693650722504 0.3343565762042999 0.39213889837265015
0.03478323668241501 0.7723203897476196 -0.22315974533557892 -0.14465074241161346 0.34166914224624634 0.45677441358566284 -0.07878140360116959
-0.06255662441253662 -0.1488213986158371 0.07333045452833176 0.5499566197395325 0.00745454290881753 -0.6548743844032288 -0.4870249032974243
0.49714773893356323 0.019822778180241585 0.8133839964866638 -0.22779498994350433 0.08453372865915298 -0.07799229770898819 0.16043198108673096
0.031235992908477783 -0.3687223792076111 -0.8480958342552185 0.2219555824995041 0.09480680525302887 -0.11613474041223526 -0.2684433162212372
-0.0827791765332222 0.01943761296570301 -0.40582987666130066 0.43189185857772827 0.6047379374504089 0.14833739399909973 -0.5038147568702698
-0.40489229559898376 0.3864710330963135 -0.590316116809845 0.23842039704322815 0.3777790665626526 -0.06965938955545425 -0.36580798029899597
-0.4590497314929962 0.3115966022014618 -0.5860599875450134 0.24830040335655212 0.3695603013038635 -0.2638515532016754 -0.2843749523162842
0.015271216630935669 -0.5730757117271423 0.08576281368732452 0.332319438457489 -0.055118173360824585 0.3409649729728699 -0.6589874625205994
-0.37532442808151245 0.4088820219039917 -0.01999870128929615 -0.40227556228637695 0.2565772235393524 -0.6153789162635803 0.29188773036003113
-0.11725379526615143 0.15477505326271057 -0.018598955124616623 -0.8549132943153381 -0.2004738301038742 -0.31346964836120605 0.30433645844459534
0.33261537551879883 0.030623815953731537 -0.3666611611843109 0.617963969707489 0.3495647609233856 0.3412346839904785 -0.36533913016319275
0.21056793630123138 -0.24249565601348877 0.3051433861255646 -0.46919500827789307 -0.358377605676651 0.6264088749885559 0.25055521726608276
0.03264113515615463 0.5897694230079651 0.6160621643066406 0.3650381565093994 -0.13000304996967316 -0.14603067934513092 -0.3163786828517914
-0.31933626532554626 -0.7154088616371155 -0.19731250405311584 0.10880899429321289 0.1745622307062149 0.5456365942955017 -0.08515626937150955
0.34049370884895325 0.8303712010383606 0.12067688256502151 0.038654886186122894 0.21690943837165833 -0.24436599016189575 -0.26781731843948364
0.19172163307666779 -0.37783530354499817 0.33559495210647583 -0.6820545196533203 -0.13922058045864105 0.2719433903694153 0.38642647862434387
0.20265033841133118 -0.49223777651786804 0.6379265189170837 -0.36363258957862854 -0.16187572479248047 -0.10490307211875916 0.3744962811470032
0.09842689335346222 -0.5251967906951904 0.5113571286201477 0.517376184463501 -0.09324939548969269 -0.08889839798212051 -0.4107528030872345
0.819454550743103 0.29335319995880127 0.20200541615486145 -0.299718976020813 0.06526689231395721 0.2976299524307251 -0.1376848965883255
0.15598367154598236 -0.5436076521873474 -0.34014371037483215 0.7094217538833618 -0.24508486688137054 -0.005350993014872074 0.0329786092042923
-0.3278180956840515 0.3817463517189026 -0.7081661820411682 0.20682848989963531 0.3724328875541687 -0.10718590766191483 -0.22876329720020294
-0.1971818208694458 -0.1875721514225006 0.5300345420837402 -0.34550297260284424 -0.5385147333145142 0.30642053484916687 0.3764776289463043
0.08439835906028748 0.31907129287719727 -0.3717482388019562 0.38686391711235046 0.14843441545963287 -0.42174869775772095 -0.6350631713867188
-0.14473651349544525 0.740186333656311 0.13005967438220978 -0.03452985733747482 0.6306206583976746 -0.06631936877965927 -0.104819156229496
-0.33222562074661255 -0.06309349089860916 -0.8164641857147217 -0.018939102068543434 0.21828965842723846 -0.11972340196371078 -0.3958394229412079
0.21032875776290894 -0.13169439136981964 -0.46652719378471375 0.09300359338521957 0.6818869113922119 -0.058993544429540634 -0.49363046884536743
0.19520533084869385 0.33671054244041443 0.7853477597236633 0.2801361680030823 -0.3720558285713196 -0.12057404220104218 0.017603861168026924
-0.4320276081562042 0.8582766652107239 -0.02870478853583336 -0.14235365390777588 0.19730377197265625 0.00037866318598389626 -0.12921252846717834
-0.08673280477523804 0.45110711455345154 -0.7399188876152039 0.13151560723781586 0.4720841944217682 0.03657456859946251 -0.0015140208415687084
-0.24604395031929016 0.13239024579524994 0.8204283714294434 0.2479073703289032 -0.4097326397895813 0.010769171640276909 -0.13920365273952484
-0.5331426858901978 0.6182757616043091 0.28076210618019104 -0.41619905829429626 0.05832972750067711 0.13082940876483917 0.24683228135108948
0.5259164571762085 -0.7683797478675842 0.024840431287884712 0.1371125876903534 0.25419434905052185 -0.21941863000392914 -0.02877904660999775
-0.49280133843421936 0.019705986604094505 0.5825100541114807 -0.3998717963695526 0.15070107579231262 0.45227286219596863 0.1740160435438156
-0.4886399805545807 -0.10803794860839844 -0.741146981716156 -0.04123171418905258 0.1955430656671524 -0.27867215871810913 -0.2875143885612488
-0.28254640102386475 -0.23729218542575836 0.5326526761054993 -0.5551028847694397 -0.08829629421234131 0.4845634400844574 0.17147594690322876
-0.42441263794898987 -0.5967572927474976 -0.3038327991962433 0.04168802872300148 0.031300801783800125 0.5968034267425537 -0.11201947927474976
-0.42501968145370483 0.2987540662288666 -0.7733910083770752 0.10962902009487152 0.051968563348054886 -0.2958839237689972 -0.1723489910364151
-0.13830406963825226 -0.6624321937561035 -0.4914230704307556 -0.2881069779396057 -0.33886003494262695 0.11748231202363968 0.2982030510902405
-0.2080918550491333 -0.2591411769390106 -0.1837051808834076 0.24099858105182648 0.7760581374168396 -0.28646329045295715 -0.33673182129859924
-0.15093159675598145 -0.616683304309845 -0.3004720211029053 -0.37018758058547974 0.3105182945728302 0.5091139078140259 0.11823876202106476
-0.3247126638889313 -0.7497844099998474 -0.21708492934703827 0.07545044273138046 0.3874068856239319 0.3511906862258911 0.07840591669082642
-0.3676043152809143 0.27945828437805176 -0.40406548976898193 0.09697037935256958 0.5214491486549377 -0.022320924326777458 -0.5845430493354797
-0.21811334788799286 0.022209174931049347 -0.8799659013748169 0.1304491013288498 0.36936888098716736 0.08315861225128174 0.13125362992286682
-0.11747044324874878 -0.26074302196502686 -0.18839874863624573 -0.15411554276943207 0.7472443580627441 -0.4246612787246704 -0.346780389547348
0.6992137432098389 -0.569907546043396 -0.06714855134487152 0.10121375322341919 -0.1868683397769928 0.32335615158081055 -0.17909052968025208
-0.03143535554409027 0.46757614612579346 -0.22063663601875305 0.5649914145469666 0.4227239787578583 -0.108705073595047 -0.4711434245109558
0.1643451601266861 -0.16954931616783142 0.01637272909283638 0.6541226506233215 -0.42894044518470764 -0.520901083946228 -0.24651850759983063
-0.39556312561035156 -0.6174027323722839 -0.26627495884895325 -0.08775564283132553 0.2969362735748291 0.49740442633628845 0.21944905817508698
-0.20167787373065948 0.24812614917755127 -0.5286524891853333 0.10731513053178787 0.41259995102882385 -0.5150822997093201 -0.4137885272502899
-0.35418447852134705 0.8360816240310669 -0.12775133550167084 -0.003089418401941657 -0.22982436418533325 -0.04291055351495743 -0.32331162691116333
0.7260346412658691 -0.6490933299064636 0.07681792974472046 0.11690840870141983 -0.0035946418065577745 0.14846277236938477 -0.09964322298765182
0.6149119138717651 -0.151329904794693 0.09010647237300873 0.23172560334205627 0.1291992962360382 -0.1884334236383438 -0.6963956952095032
0.44258567690849304 -0.4568069577217102 -0.26210030913352966 0.5153018832206726 0.4949469566345215 0.10914882272481918 0.06577809154987335
-0.19585640728473663 0.6712565422058105 0.662729799747467 0.013815327547490597 0.04754050821065903 -0.23834910988807678 -0.11217314749956131
-0.537141740322113 -0.667546272277832 -0.17223043739795685 -0.08526328951120377 0.328135222196579 0.34440287947654724 0.05139454826712608
-0.3423553705215454 -0.08163434267044067 0.47540414333343506 -0.5313184261322021 0.15023264288902283 -0.401512086391449 0.4289969801902771
0.29766905307769775 -0.36858680844306946 -0.07454635947942734 0.5056492686271667 0.3623233139514923 0.1073528528213501 -0.6095045804977417
-0.45718973875045776 0.37865909934043884 0.18931742012500763 -0.46820732951164246 0.593750536441803 -0.1086043268442154 -0.16793163120746613
-0.1616058647632599 -0.6708421111106873 -0.13824835419654846 0.1932617425918579 0.07325713336467743 0.665931761264801 -0.1362348198890686
-0.6115590333938599 0.4091600477695465 0.3329831659793854 -0.22206145524978638 0.5305733680725098 0.10099929571151733 -0.08176480233669281
0.30218687653541565 -0.0499308742582798 -0.8844907879829407 -0.26731616258621216 0.18581007421016693 -0.11256197839975357 0.0721973180770874
-0.10746119916439056 -0.047969359904527664 -0.2694336473941803 0.4938249886035919 -0.06354743242263794 -0.5110278129577637 -0.6360076069831848
-0.3092784285545349 -0.5025754570960999 -0.4160066843032837 -0.026463229209184647 0.12788401544094086 0.670648992061615 0.10898908972740173
0.33608272671699524 -0.7077435255050659 0.03492654487490654 0.022614097222685814 -0.566615641117096 0.24875611066818237 -0.038516271859407425
0.09779894351959229 -0.39970865845680237 -0.05040116608142853 0.5890389680862427 0.23281264305114746 -0.013959456235170364 -0.6532721519470215
0.22793737053871155 -0.019887873902916908 -0.292606383562088 0.6909137964248657 -0.06504204869270325 -0.31127387285232544 -0.5324909687042236
-0.45895278453826904 -0.7266719937324524 -0.26140499114990234 -0.015253451652824879 0.16524188220500946 0.4032469093799591 0.0532158687710762
-0.27953895926475525 -0.8816134333610535 0.11513897776603699 -0.2613835036754608 -0.09198255091905594 0.21877582371234894 0.08193735033273697
-0.08651793748140335 0.14930163323879242 -0.5499885082244873 0.2199207842350006 0.5668224692344666 0.5459581017494202 -0.0036251258570700884
-0.2699481248855591 0.44627296924591064 -0.5731157660484314 -0.03173712641000748 0.05485094338655472 -0.5182327032089233 -0.35626640915870667
0.216884583234787 -0.49246808886528015 -0.20741768181324005 0.6555233001708984 -0.0652150809764862 -0.3644051253795624 -0.31726816296577454
0.20102299749851227 0.025440091267228127 -0.3571781814098358 0.6391657590866089 -0.1025349348783493 -0.06363952159881592 -0.6389601230621338
0.16145825386047363 -0.08234894275665283 -0.22514232993125916 0.03156261146068573 -0.37135905027389526 -0.694106936454773 -0.5438498854637146
-0.31288912892341614 0.4139656126499176 -0.4971846044063568 0.11358150094747543 0.47487160563468933 0.31340086460113525 -0.3832966983318329
0.33719441294670105 -0.6304103136062622 -0.5431542992591858 0.39689815044403076 -0.03820883110165596 -0.18215228617191315 -0.041213810443878174
-0.18079301714897156 -0.8315048217773438 -0.20453257858753204 -0.1803341805934906 0.14024944603443146 0.32257822155952454 -0.27898553013801575
-0.25837641954421997 0.6094596982002258 0.10659324377775192 -0.22612471878528595 0.5165820717811584 0.45029333233833313 0.17229318618774414
-0.03753398358821869 0.3575321435928345 -0.6530236601829529 0.4291332960128784 0.318348228931427 -0.21938946843147278 -0.3327001631259918
-0.28477543592453003 0.7926368713378906 0.32488808035850525 -0.4253232777118683 0.056799840182065964 0.02100915089249611 0.022585665807127953
0.25886934995651245 0.392407089471817 0.6792282462120056 0.2993278503417969 0.3725714385509491 -0.17313288152217865 -0.24345558881759644
-0.019688883796334267 -0.8523669838905334 0.13998305797576904 -0.19400013983249664 -0.19463464617729187 0.37320345640182495 0.19669300317764282
0.29353636503219604 0.3116840422153473 -0.5600104331970215 -0.0937855988740921 0.43691152334213257 0.1624559760093689 -0.5263063907623291
0.0765615701675415 -0.8565343022346497 0.2713293433189392 0.08517572283744812 -0.2631128430366516 0.20033489167690277 0.2650480270385742
-0.26625585556030273 0.24556298553943634 0.7323406934738159 -0.400698721408844 0.24153701961040497 0.2632354199886322 -0.21045488119125366
-0.2640114426612854 -0.8206547498703003 0.05929521843791008 -0.06171226128935814 -0.4930308759212494 0.07995864003896713 0.005161503329873085
-0.17573325335979462 -0.5637197494506836 -0.2589714527130127 0.20052781701087952 -0.06988026946783066 0.6942511200904846 -0.2391490489244461
0.0625038892030716 -0.7279385328292847 -0.3243677318096161 -0.5083145499229431 0.2685657739639282 0.1743072271347046 -0.009495425969362259
0.27848631143569946 0.19339534640312195 0.8307591080665588 0.028037898242473602 0.10428234934806824 0.2188595086336136 -0.36786195635795593
-0.19924667477607727 -0.682896077632904 -0.23589520156383514 -0.3483673632144928 0.4838789999485016 0.1047726646065712 0.26801350712776184
0.3190898597240448 -0.8512598276138306 0.08829376846551895 0.11317558586597443 -0.006078657694160938 -0.09518683701753616 -0.37925782799720764
0.18165786564350128 0.16050902009010315 0.8586178421974182 0.09799519181251526 0.283735454082489 -0.22764423489570618 -0.24916212260723114
-0.5303696393966675 -0.16291311383247375 -0.372499942779541 0.07092993706464767 0.5482758283615112 0.20672576129436493 -0.4528115391731262
-0.3966819643974304 -0.5436261892318726 -0.3718229830265045 -0.24026092886924744 -0.4665538966655731 0.18392334878444672 -0.3156518042087555
0.1400751769542694 0.02194667048752308 -0.26481887698173523 0.7214215397834778 -0.22022996842861176 -0.5365673303604126 -0.23002949357032776
-0.013421284966170788 0.5205700397491455 0.7116567492485046 0.03470579907298088 0.19044116139411926 -0.0007585347048006952 -0.4299982488155365
0.10428839176893234 0.05457373708486557 -0.4618417024612427 -0.4066266119480133 0.35866647958755493 -0.0025891594123095274 -0.6919930577278137
-0.5464654564857483 0.006730413995683193 0.4658997356891632 -0.5458292961120605 -0.42607131600379944 0.017634494230151176 -0.0670086219906807
0.8293709754943848 -0.2746591866016388 -0.12781018018722534 -0.11060040444135666 0.39037641882896423 -0.2229461669921875 -0.07771366089582443
0.3194539248943329 0.5024318695068359 0.5518921613693237 -0.1182086244225502 0.5505676865577698 0.07356904447078705 0.13570605218410492
0.18422113358974457 -0.1622553914785385 0.157213032245636 0.4054269790649414 -0.0440368577837944 0.0859658271074295 -0.8609991669654846
0.39800500869750977 -0.3896348476409912 -0.230655699968338 0.21653848886489868 -0.09906737506389618 -0.5464908480644226 0.5303010940551758
0.33287322521209717 -0.7899244427680969 0.31454217433929443 -0.0400291383266449 -0.20329034328460693 0.14713454246520996 0.31890466809272766
0.5778160095214844 -0.38316792249679565 -0.06253872811794281 -0.0722772553563118 -0.5602139830589294 -0.077664315700531 0.4362388849258423
-0.22309237718582153 0.8212928771972656 0.15538042783737183 -0.16563130915164948 0.2654553949832916 -0.35971081256866455 -0.1557968407869339
-0.41289210319519043 0.34804847836494446 -0.6099699139595032 0.18787690997123718 0.2999590337276459 -0.18924959003925323 -0.4186052978038788
-0.21433702111244202 -0.635866641998291 -0.28030622005462646 -0.1575440913438797 -0.07935500890016556 0.39895159006118774 -0.52998286485672
-0.14562135934829712 0.8931683897972107 0.11807599663734436 0.27385279536247253 0.16943590342998505 -0.08161129057407379 -0.23819833993911743
-0.022678624838590622 -0.8486631512641907 0.366709440946579 0.0674523115158081 -0.3287025988101959 0.13751694560050964 0.1152157112956047
-0.2072378396987915 0.2373838573694229 -0.3304957449436188 0.595267117023468 0.25138887763023376 -0.37835392355918884 -0.48039862513542175
-0.1886707991361618 -0.5193573832511902 -0.5303614139556885 -0.33807581663131714 0.14899438619613647 0.4605373740196228 -0.2545560896396637
-0.021379150450229645 0.1873345822095871 -0.20420566201210022 0.4609096944332123 0.44023963809013367 -0.6736726760864258 -0.2503301203250885
-0.347748339176178 -0.7032219171524048 -0.19497208297252655 -0.17197254300117493 -0.407240092754364 -0.2991398870944977 0.24825803935527802
-0.3819090723991394 -0.15802834928035736 -0.46858614683151245 0.17692148685455322 0.5307118892669678 0.06835158914327621 -0.5403436422348022
-0.36298850178718567 -0.1476181596517563 -0.7343184351921082 -0.03197680786252022 0.3109665811061859 -0.41983577609062195 -0.18231818079948425
0.018855813890695572 -0.06906980276107788 -0.188310444355011 0.7777992486953735 0.013400781899690628 -0.24963802099227905 -0.5403172373771667
-0.09911730140447617 -0.7463575005531311 -0.05138438194990158 -0.24658730626106262 -0.0187371876090765 0.48135313391685486 0.370983362197876
0.46026694774627686 0.03993851691484451 0.807740330696106 -0.1615789830684662 -0.23093686997890472 0.09079604595899582 -0.21547922492027283
0.09389996528625488 -0.011731104925274849 -0.15300089120864868 0.7605298757553101 0.4601805508136749 0.35370877385139465 -0.22881019115447998
0.1021985113620758 0.28076910972595215 -0.6704651713371277 0.39437592029571533 0.5086038708686829 -0.19641649723052979 -0.09171095490455627
0.3721115291118622 0.2377752661705017 0.8320968747138977 -0.17494730651378632 0.13238567113876343 -0.1761409193277359 -0.18290039896965027
-0.1371045559644699 0.2298797219991684 -0.17878249287605286 0.48310616612434387 0.21784375607967377 -0.40748584270477295 -0.6704491972923279
0.44397038221359253 0.011359542608261108 -0.17299234867095947 0.6508485078811646 0.46623072028160095 -0.10669742524623871 -0.34709614515304565
-0.24061256647109985 -0.5582351684570312 -0.31775569915771484 -0.13737626373767853 0.11475659161806107 0.6981035470962524 -0.10060044378042221
-0.10891945660114288 -0.1305282711982727 -0.4671519696712494 0.19796296954154968 0.8260642290115356 0.14928342401981354 0.09492632746696472
-0.46779918670654297 -0.10964515060186386 -0.24807998538017273 0.2841091454029083 0.04337763041257858 -0.7491084933280945 -0.252655953168869
-0.3341820240020752 0.12207590043544769 -0.21432635188102722 0.301787406206131 0.7204291224479675 -0.4232718348503113 -0.19552826881408691
0.17948831617832184 -0.8300222158432007 0.3784216046333313 0.2897129952907562 -0.13783584535121918 0.15998585522174835 0.08435899764299393
-0.4974247217178345 -0.5101825594902039 -0.21652376651763916 -0.17159026861190796 0.03255278244614601 0.6440171003341675 0.011783471331000328
0.33284682035446167 -0.37932661175727844 -0.47067517042160034 -0.36783933639526367 0.27178195118904114 -0.09116968512535095 -0.553449273109436
-0.5144628286361694 0.5239183902740479 0.3506779670715332 -0.5737524628639221 -0.08760707080364227 0.02824423275887966 -0.01406458206474781
0.35553252696990967 0.2575578987598419 0.06766577810049057 -0.675215482711792 -0.4089411199092865 -0.15921787917613983 0.3926612138748169
-0.1368958204984665 0.37275147438049316 -0.7343075275421143 0.0680537223815918 0.43394091725349426 -0.1358753889799118 -0.3028370141983032
0.06245696172118187 0.3984077572822571 -0.5619637370109558 -0.09154801815748215 0.7163648009300232 -0.002698474796488881 -0.0003922485338989645
-0.20544831454753876 0.737610936164856 0.0818055272102356 0.25128698348999023 -0.29853060841560364 -0.2238837629556656 -0.4523707926273346
-0.2376624494791031 0.3297981917858124 -0.46954208612442017 -0.06182730570435524 0.5126549601554871 -0.048838771879673004 -0.5875857472419739
0.1198086142539978 0.3405698537826538 -0.19267264008522034 0.34876999258995056 0.1879846304655075 -0.7910485863685608 -0.2231561839580536
-0.2935813367366791 0.3356783092021942 0.176061749458313 -0.16500814259052277 0.729988694190979 -0.19859498739242554 0.4130147695541382
-0.4529574513435364 -0.7063890099525452 0.013363409787416458 -0.08049085736274719 0.46838417649269104 -0.0611182376742363 0.257036417722702
-0.7203598618507385 0.389116495847702 0.3353397250175476 -0.31843647360801697 -0.24956507980823517 0.035402994602918625 -0.22864706814289093
0.5904805660247803 0.19658319652080536 -0.17073148488998413 0.5034655928611755 0.1687120646238327 0.4910909831523895 -0.24581840634346008
0.7989917993545532 -0.2017766237258911 -0.16098739206790924 0.07556650042533875 -0.15572266280651093 -0.33518368005752563 -0.39073446393013
-0.08967900276184082 -0.5038574934005737 -0.6793509125709534 0.0791487768292427 -0.035433825105428696 0.024195151403546333 0.5181334018707275
0.6883139610290527 -0.08479201048612595 -0.4085845649242401 0.1188015565276146 -0.2652042806148529 -0.17487028241157532 -0.48689430952072144
0.49986907839775085 -0.027324358001351357 0.4668996036052704 -0.2894025444984436 -0.27675291895866394 0.19417952001094818 0.5773537158966064
-0.3213864862918854 0.8516741991043091 0.27019134163856506 0.08313176035881042 0.06891899555921555 -0.07926291972398758 -0.2835756540298462
-0.23572205007076263 0.9095184803009033 0.2003050148487091 -0.1641942858695984 0.21147781610488892 0.04722047969698906 0.05636170506477356
0.5053732395172119 -0.40457242727279663 0.18231427669525146 0.5018523335456848 -0.06246517226099968 0.3343751132488251 0.42440086603164673
0.07318699359893799 -0.14163808524608612 -0.5927508473396301 0.03240658715367317 0.6889840364456177 0.3794988989830017 -0.05882307142019272
-0.2497376948595047 -0.309858500957489 -0.33578184247016907 -0.3785147964954376 -0.10415401309728622 -0.7379169464111328 -0.1738571971654892
-0.46494895219802856 -0.0649997815489769 0.6187728643417358 -0.41247475147247314 0.19248436391353607 0.3326275646686554 0.2808750569820404
-0.09625837951898575 -0.6281097531318665 -0.3160102367401123 -0.4709775447845459 0.35177677869796753 0.03412492945790291 -0.38680601119995117
0.09707919508218765 -0.2712748944759369 -0.16074222326278687 0.5649676322937012 0.43164730072021484 -0.14998242259025574 -0.6026151180267334
-0.06086625158786774 -0.467368483543396 -0.7257093787193298 0.19426101446151733 0.005113855004310608 -0.34931379556655884 -0.3023643493652344
-0.47931718826293945 -0.3703961670398712 -0.4034634530544281 -0.20251527428627014 0.5519722104072571 0.12532056868076324 -0.3299817740917206
0.3026141822338104 -0.1978944092988968 0.7135000824928284 -0.27263709902763367 0.33943551778793335 -0.32776692509651184 0.25139909982681274
0.621332049369812 -0.04998115822672844 0.7129743099212646 -0.2216535359621048 -0.10844794660806656 0.20343270897865295 0.02898077853024006
0.07853184640407562 0.006063506007194519 0.5918722748756409 -0.7426662445068359 0.16251006722450256 0.2471226006746292 0.06671418994665146
-0.415061891078949 0.5954934358596802 0.1951117366552353 -0.036709871143102646 0.4322243630886078 -0.49643030762672424 0.020836273208260536
0.04231364279985428 0.9718864560127258 -0.014530974440276623 0.01764768362045288 0.12362086027860641 0.17888027429580688 0.07644204795360565
-0.05442867428064346 -0.7744656205177307 -0.30244410037994385 -0.37235748767852783 0.018184412270784378 0.3696461319923401 0.17363449931144714
-0.27630889415740967 0.792992115020752 0.0754859447479248 -0.492491751909256 0.08075189590454102 0.038504406809806824 0.19638529419898987
0.021697480231523514 0.6684957146644592 0.2984352707862854 0.32218191027641296 0.18897627294063568 0.12423348426818848 -0.5555465817451477
-0.50506192445755 0.49688759446144104 0.029006212949752808 -0.1337946355342865 0.46404388546943665 -0.24710141122341156 -0.450418621301651
-0.23450860381126404 0.6286497116088867 0.28749650716781616 -0.10318204760551453 0.16698507964611053 -0.4974452257156372 -0.42563921213150024
-0.4333550035953522 0.220612570643425 -0.48400387167930603 0.18197885155677795 0.4932084381580353 -0.37502095103263855 -0.33505555987358093
-0.4204268753528595 0.02618476189672947 0.5498712062835693 -0.6527280807495117 -0.12777191400527954 -0.14730006456375122 0.2368975281715393
-0.37359142303466797 0.06789485365152359 -0.80631023645401 0.0662723258137703 0.02073192223906517 0.005717424210160971 -0.4481395184993744
-0.6014668941497803 0.26472944021224976 0.14067906141281128 -0.6486751437187195 0.11908899992704391 -0.3121057152748108 0.1264657825231552
-0.3294869065284729 0.2098483145236969 -0.15079110860824585 0.4952578544616699 0.15974757075309753 -0.4465603232383728 -0.5953556895256042
0.0628790631890297 -0.6818206310272217 -0.3515196740627289 -0.5371829271316528 0.19851189851760864 0.27993515133857727 -0.03556079789996147
-0.3219417631626129 -0.5269232392311096 -0.7566815614700317 -0.1719789355993271 -0.08620145171880722 0.06924178451299667 0.06585245579481125
-0.22171591222286224 -0.10904975980520248 -0.652477502822876 -0.07015702873468399 0.4710986614227295 -0.5222779512405396 0.11658872663974762
-0.05052141100168228 -0.8079435229301453 0.10288368910551071 0.2022358477115631 -0.05264623090624809 0.35737836360931396 0.4033603370189667
-0.6084319353103638 0.3447909355163574 0.48458975553512573 -0.3126658797264099 0.1890384703874588 0.3566751182079315 -0.12405674904584885
0.13712069392204285 0.1149778664112091 -0.47323593497276306 -0.4188661575317383 0.2914237082004547 0.09921542555093765 -0.6883352398872375
0.2917022109031677 -0.7453765869140625 0.16032522916793823 0.5202233791351318 0.032093122601509094 0.030427930876612663 -0.24704493582248688
0.49687322974205017 0.16040967404842377 -0.4722059667110443 0.6572384238243103 0.009116045199334621 0.053530532866716385 -0.2636214792728424
-0.6433910131454468 -0.34001946449279785 -0.243470698595047 0.21110692620277405 0.11086788028478622 0.48026517033576965 -0.35163095593452454
-0.38051822781562805 0.35195842385292053 0.23956036567687988 -0.43065544962882996 -0.24495820701122284 0.38193920254707336 0.5315973162651062
0.2599239647388458 -0.7699350118637085 0.17407256364822388 0.024392465129494667 -0.5466642379760742 -0.07732145488262177 -0.06263375282287598
0.29114264249801636 0.37374991178512573 -0.22190967202186584 0.5654464960098267 0.4740948975086212 -0.012020422145724297 -0.42621928453445435
-0.09389204531908035 0.4126681983470917 -0.2709490656852722 0.3894096612930298 0.3697599470615387 -0.4225976765155792 -0.5296458005905151
-0.3543717861175537 -0.23856547474861145 -0.3992968797683716 -0.10159271210432053 0.6589156985282898 0.0019661460537463427 -0.46214091777801514
-0.25527411699295044 0.7810035943984985 0.12379937618970871 -0.23679110407829285 0.2533145546913147 -0.378342866897583 -0.2148503065109253
-0.2751477360725403 0.14521542191505432 0.31603607535362244 -0.39587220549583435 0.04663678631186485 0.7639951705932617 0.24647296965122223
-0.3493955731391907 -0.3440212309360504 0.5496228933334351 -0.471502423286438 -0.358194500207901 -0.0641264095902443 0.3205568194389343
-0.46240150928497314 -0.5143527984619141 -0.3843522369861603 -0.13931557536125183 -0.5412964820861816 -0.221448615193367 -0.1115754246711731
-0.06893443316221237 0.5101274251937866 -0.7334468364715576 -0.1393478512763977 0.41688504815101624 -0.0607997328042984 0.01288970373570919
-0.15489965677261353 -0.34636789560317993 0.3879139721393585 -0.4737090468406677 -0.17646650969982147 0.5099608302116394 0.4358409643173218
-0.16906660795211792 0.36653998494148254 -0.27665939927101135 0.667364239692688 0.3901953399181366 0.11653555184602737 -0.386415034532547
-0.43720540404319763 0.2415156364440918 -0.17755556106567383 0.1130465567111969 0.5132012963294983 -0.43536874651908875 -0.5032837390899658
0.09739918261766434 -0.5832265019416809 -0.20978525280952454 0.21867196261882782 -0.16069895029067993 0.3955675959587097 0.6133800148963928
0.055976931005716324 0.7964079976081848 -0.12290669977664948 -0.21705299615859985 0.39595523476600647 0.16574646532535553 -0.34077900648117065
0.209262877702713 0.10090674459934235 -0.07596741616725922 0.6189666390419006 0.11559483408927917 0.3740398585796356 -0.635506272315979
0.016018494963645935 -0.17354564368724823 0.27522701025009155 0.5806719660758972 -0.06441786140203476 0.1880875825881958 -0.7191444635391235
0.09870868921279907 0.14284579455852509 0.5585839152336121 -0.6287588477134705 0.022529667243361473 -0.007445520255714655 -0.5117958784103394
0.31429582834243774 0.3065296709537506 0.7090016603469849 0.27127745747566223 0.42291224002838135 -0.2129252701997757 -0.08240655809640884
-0.3176560699939728 0.14180955290794373 0.297751247882843 -0.6641743779182434 0.1326965093612671 -0.5642106533050537 -0.11514849215745926
-0.340299129486084 0.28599119186401367 -0.49982786178588867 0.3474971055984497 0.28185415267944336 -0.17449717223644257 -0.5673908591270447
-0.4443913400173187 -0.7299062609672546 -0.26564714312553406 0.014960134401917458 0.16782082617282867 0.41198357939720154 0.03266022726893425
-0.5691372156143188 -0.5115928053855896 -0.46347251534461975 0.025730257853865623 -0.32325470447540283 0.30723175406455994 -0.0013194046914577484
0.09295293688774109 -0.41791021823883057 -0.6268253326416016 -0.3660886883735657 -0.4056297838687897 0.3473176658153534 -0.06793278455734253
-0.014831977896392345 0.6448954343795776 0.015200350433588028 -0.12811033427715302 0.7291617393493652 -0.045628905296325684 0.18299652636051178
0.20627297461032867 -0.8057512044906616 0.04551657289266586 -0.29172247648239136 -0.05664137750864029 0.2856414318084717 0.3691118061542511
-0.3828414976596832 0.2886818051338196 -0.580603837966919 0.34925514459609985 0.3855683207511902 -0.13502338528633118 -0.37963271141052246
-0.24737757444381714 -0.6095337271690369 -0.4311105012893677 -0.1539328694343567 -0.5248767733573914 -0.05095640569925308 0.28218650817871094
0.6307960748672485 0.29568177461624146 0.579985499382019 -0.04189227521419525 0.2885691225528717 -0.24711410701274872 -0.1794239580631256
-0.28905487060546875 0.31690099835395813 -0.32845398783683777 0.3295343518257141 0.6239132881164551 -0.11496056616306305 -0.4439169764518738
-0.29516035318374634 0.1950644999742508 -0.02840583026409149 0.4064272344112396 0.37778159976005554 -0.6557202935218811 -0.36898815631866455
0.1937456876039505 0.11627145111560822 -0.037347741425037384 0.1973544806241989 0.10609382390975952 -0.059391703456640244 -0.9454188346862793
-0.3110809326171875 -0.6356624364852905 -0.4982886016368866 -0.40403684973716736 -0.27574068307876587 0.06219089403748512 -0.08788572996854782
0.2805846333503723 0.09970512241125107 -0.7184429168701172 -0.2742915153503418 0.42888885736465454 0.26466891169548035 -0.2567874789237976
-0.2704562246799469 -0.7046788334846497 -0.08259560167789459 -0.19648240506649017 0.5328304171562195 -0.07012122869491577 0.30988457798957825
0.4108562171459198 -0.3365550637245178 0.07570605725049973 0.5272252559661865 0.017020000144839287 0.2482215017080307 -0.6101856827735901
-0.2585025429725647 -0.47735095024108887 -0.5586193799972534 -0.20975826680660248 0.5211657285690308 0.08284907042980194 -0.26604655385017395
-0.4730648994445801 0.2218494862318039 -0.36602070927619934 0.148857980966568 0.5302188396453857 -0.5250979065895081 -0.11833329498767853
-0.49937522411346436 -0.6512758731842041 -0.19557945430278778 -0.07703070342540741 0.18954752385616302 0.4928222894668579 0.058966170996427536
-0.03319864720106125 0.21960093080997467 -0.3389684557914734 0.6778188347816467 0.37119680643081665 -0.3293682932853699 -0.3606448769569397
0.06930720806121826 0.3629392683506012 -0.37319329380989075 0.5512262582778931 0.6266850233078003 -0.049958642572164536 -0.15848655998706818
0.3978174328804016 0.6089627146720886 0.19839079678058624 -0.22237807512283325 -0.09388097375631332 -0.604127049446106 -0.09116807579994202
-0.2377215474843979 -0.05048955976963043 0.7298385500907898 -0.39456599950790405 0.4641648232936859 -0.18302039802074432 0.06039106845855713
-0.38515469431877136 -0.6909255981445312 -0.28513088822364807 -0.20010490715503693 0.351254940032959 0.3483436107635498 0.09062440693378448
-0.4853214919567108 0.28543463349342346 -0.5543251037597656 0.21388517320156097 0.4522782862186432 -0.1959237903356552 -0.2950003147125244
0.13604722917079926 0.4655265510082245 0.578007161617279 0.06520964950323105 -0.09168914705514908 0.6347466707229614 -0.12296900898218155
0.4549213647842407 0.014803821220993996 0.8617361187934875 0.033892545849084854 0.04590426757931709 0.1724359393119812 0.13133284449577332
0.2889363467693329 -0.7999932765960693 0.3629009425640106 0.29306039214134216 -0.14962032437324524 0.14518378674983978 0.12442081421613693
0.3195332884788513 -0.8992327451705933 0.20153354108333588 0.07481582462787628 -0.19889482855796814 0.04976242035627365 0.032097380608320236
-0.06714636832475662 -0.5861775875091553 -0.4923079311847687 -0.3838547468185425 -0.4356316924095154 0.12023276835680008 -0.24071718752384186
-0.025699958205223083 -0.7206073999404907 0.4722500145435333 0.42343828082084656 -0.18129274249076843 0.17911505699157715 0.11311586201190948
-0.35302796959877014 0.3981254994869232 -0.4183201491832733 0.19050554931163788 0.6122094392776489 0.05294209346175194 -0.3577430248260498
-0.22798556089401245 -0.7905822992324829 0.020449308678507805 -0.22627589106559753 -0.18273179233074188 0.4763413071632385 0.10531533509492874
0.05541136488318443 -0.09848406910896301 0.2589390277862549 -0.6651681065559387 0.05277246981859207 0.5162846446037292 0.45650598406791687
0.1270093470811844 -0.1498883068561554 -0.07584428042173386 0.5645567178726196 0.5910231471061707 -0.19367121160030365 -0.5001085996627808
0.18003873527050018 -0.07539115101099014 0.5151936411857605 -0.7964271903038025 0.16312143206596375 0.0012804444413632154 -0.18860338628292084
0.2931812107563019 -0.1422954499721527 -0.4958187937736511 0.39809027314186096 0.15904054045677185 -0.43584781885147095 -0.5236672759056091
0.4394168555736542 0.20785415172576904 0.8220674991607666 0.024355512112379074 0.027958687394857407 0.285046249628067 -0.07272076606750488
-0.28846409916877747 -0.6922206878662109 -0.26128101348876953 -0.1614275872707367 -0.5081222653388977 0.2897643744945526 -0.033775877207517624
-0.08536221086978912 0.9259074330329895 -0.011787883937358856 0.08530589938163757 -0.05594421178102493 0.30868175625801086 -0.17198409140110016
0.4959297180175781 -0.15309414267539978 -0.1415165364742279 0.5980244278907776 0.2954501211643219 -0.005688223987817764 -0.5153955817222595
-0.3958653211593628 0.36405420303344727 -0.5798657536506653 0.20868097245693207 0.38186976313591003 -0.29681211709976196 -0.3115142285823822
0.5186343193054199 -0.5413446426391602 -0.154387965798378 0.3748999834060669 -0.19758208096027374 0.1747238039970398 0.4516765773296356
0.05234996974468231 0.49514904618263245 -0.33739715814590454 0.5931485891342163 -0.04432084783911705 0.10424283146858215 -0.5230619311332703
-0.039350476115942 0.05939820781350136 0.8362511396408081 0.05170860141515732 -0.3522520661354065 -0.3917457163333893 -0.12404612451791763
-0.2620905637741089 0.381201833486557 0.3050438463687897 -0.6791580319404602 -0.3379055857658386 0.0709797814488411 -0.33536243438720703
0.6519536375999451 0.25708985328674316 0.28726986050605774 -0.31130078434944153 -0.15446597337722778 0.5499374270439148 -0.056018806993961334
-0.3847191333770752 0.544677734375 0.1527075618505478 -0.25033038854599 0.6844598650932312 0.02910500206053257 -0.0003625173703767359
0.019359344616532326 0.11985336989164352 0.7791092991828918 0.09303142875432968 -0.5277704000473022 -0.160552516579628 -0.2554906904697418
-0.46419256925582886 -0.7286125421524048 -0.048045605421066284 -0.05485742539167404 0.4135921597480774 -0.11098237335681915 0.2548641860485077
0.08112578839063644 -0.2299848347902298 0.21881863474845886 -0.42965927720069885 -0.05966200679540634 0.5446499586105347 0.6386187076568604
-0.4406425952911377 0.0008065868751145899 -0.5202718377113342 -0.17476485669612885 0.4945274591445923 0.01846703141927719 -0.5096169114112854
0.41664883494377136 -0.5539554953575134 0.10147261619567871 0.4017835855484009 -0.36106857657432556 -0.456417053937912 -0.09551531821489334
-0.44940459728240967 -0.6625034809112549 -0.29157063364982605 -0.004822121933102608 0.08888068795204163 0.5153644680976868 -0.02424214966595173
0.6741520166397095 -0.0807708352804184 -0.3687189519405365 0.282672256231308 -0.28911885619163513 -0.16241411864757538 -0.4617030620574951
-0.6242204904556274 0.379391610622406 0.37659627199172974 -0.4546147584915161 -0.29774391651153564 0.15134193003177643 0.07972308993339539
0.10974501073360443 0.34194064140319824 -0.358630508184433 0.5464058518409729 0.617626965045929 0.10925979167222977 -0.22462570667266846
0.016217922791838646 0.3726257383823395 -0.6841194033622742 0.41703513264656067 0.26206663250923157 0.07134873420000076 -0.38102471828460693
-0.01862598955631256 -0.6945715546607971 -0.499236136674881 -0.1504788100719452 0.032610222697257996 -0.491704523563385 -0.050061553716659546
0.4261728525161743 -0.6503894329071045 0.037833355367183685 0.07883339375257492 -0.1536097228527069 0.30453526973724365 -0.5209478735923767
-0.06641245633363724 -0.7218708395957947 0.008459541015326977 -0.26772165298461914 -0.07556061446666718 0.4726654589176178 0.4166814684867859
-0.0707138180732727 -0.6907510757446289 -0.14289812743663788 -0.31972798705101013 0.006136975716799498 0.4998824894428253 0.38117775321006775
0.3678339719772339 -0.37569430470466614 0.5396943092346191 -0.2301776260137558 -0.33249396085739136 0.3995691239833832 0.33029159903526306
-0.21653686463832855 -0.8255661129951477 0.0329597145318985 0.1675392985343933 0.44107890129089355 0.21008172631263733 0.060924410820007324
0.2767358422279358 -0.6223470568656921 -0.2727966010570526 0.05479288846254349 -0.15164503455162048 0.16244173049926758 0.6397637128829956
-0.5515192151069641 0.027369584888219833 -0.4208316206932068 0.26667267084121704 -0.2521477937698364 -0.2512032985687256 -0.5658465027809143
-0.005633014719933271 -0.32818514108657837 0.5259103775024414 -0.5094009041786194 -0.16708803176879883 -0.25406530499458313 0.5135406851768494
-0.3876180946826935 -0.7922448515892029 -0.1540747582912445 -0.335716187953949 0.19467484951019287 0.1920286864042282 -0.10431943833827972
0.0791422501206398 0.9680590629577637 0.026102961972355843 -0.04120524972677231 0.20296227931976318 0.06176525354385376 0.09597058594226837
-0.33274951577186584 -0.07184814661741257 -0.8126940131187439 -0.017154918983578682 0.2410263568162918 -0.1483958214521408 -0.3784635066986084
-0.009553363546729088 -0.03431961312890053 -0.43022221326828003 0.7713165879249573 0.0627615824341774 -0.2346275895833969 -0.3996514678001404
0.0666223019361496 0.26096111536026 -0.45553651452064514 0.030890965834259987 0.6242430806159973 -0.214961975812912 -0.5320760607719421
-0.15081492066383362 0.47364482283592224 -0.32974448800086975 0.5735766291618347 0.3326335847377777 -0.3145006597042084 -0.32502031326293945
-0.3252101242542267 0.3833334147930145 -0.7135694026947021 0.22643029689788818 0.3831409215927124 -0.08656631410121918 -0.18041929602622986
-0.21275828778743744 -0.7046393752098083 -0.35377445816993713 -0.3557732105255127 0.2878577411174774 0.34998032450675964 -0.03373467177152634
0.110261932015419 -0.06683827936649323 -0.6163508296012878 -0.326241672039032 0.5110011100769043 -0.44726622104644775 0.1894298642873764
-0.05164734646677971 -0.08437909185886383 -0.1513993740081787 0.759315013885498 0.017659863457083702 -0.44099289178848267 -0.4426567554473877
-0.03563723340630531 -0.09387235343456268 -0.21836404502391815 0.7469595074653625 0.013204948976635933 -0.24971184134483337 -0.5672355890274048
-0.3460775911808014 -0.7152313590049744 -0.3734174966812134 -0.0414944663643837 -0.3717728853225708 -0.0940367579460144 -0.2836441993713379
-0.07008235901594162 0.2589147984981537 0.12490247935056686 -0.7438031435012817 -0.5121340751647949 0.2713983952999115 -0.15254315733909607
-0.29578447341918945 -0.3176088333129883 -0.8186347484588623 -0.20823925733566284 0.006634282413870096 -0.18842165172100067 -0.25012627243995667
-0.4457409381866455 -0.3173362910747528 -0.5319344997406006 -0.17570681869983673 -0.5917457938194275 -0.001606622594408691 -0.19136269390583038
0.8815800547599792 -0.28230157494544983 -0.19050391018390656 0.06495916843414307 -0.05578068643808365 0.289343923330307 -0.12561699748039246
0.5362071394920349 -0.05551442876458168 0.10608672350645065 0.20518942177295685 -0.05312271788716316 -0.02088177017867565 -0.8079509735107422
0.20464012026786804 -0.5696607232093811 -0.2872234582901001 0.6196489930152893 -0.052893877029418945 -0.3293544352054596 -0.23637843132019043
0.3193492591381073 0.6837424039840698 0.36945870518684387 -0.008589931763708591 -0.3549996614456177 -0.3697082996368408 -0.17671974003314972
-0.020381027832627296 -0.07006455212831497 0.5392031669616699 0.057086896151304245 -0.6155902743339539 0.5520055294036865 0.13044224679470062
-0.06757882237434387 -0.723653256893158 -0.0642358809709549 -0.3110765814781189 -0.16274762153625488 0.4301019012928009 0.39923641085624695
-0.4332500100135803 0.6846851706504822 0.12065168470144272 -0.44149699807167053 -0.11494483798742294 0.19232003390789032 -0.2895253598690033
0.10851429402828217 -0.7213467955589294 0.3624804615974426 0.2837764322757721 -0.3844156861305237 0.14710551500320435 -0.29418858885765076
0.30646374821662903 0.4286935031414032 0.4745670557022095 -0.1840742528438568 -0.10891251266002655 -0.5452263355255127 -0.39251869916915894
-0.3873462975025177 0.6481941342353821 0.12550057470798492 -0.28890278935432434 0.4080180823802948 0.1399095207452774 -0.38018226623535156
-0.14023542404174805 -0.2553720772266388 -0.46536654233932495 -0.4371107518672943 0.35987842082977295 0.1806812286376953 -0.5876470804214478
-0.48227885365486145 0.02295047417283058 -0.39339113235473633 0.32267990708351135 -0.30188867449760437 -0.4238676130771637 -0.48703280091285706
0.33123260736465454 -0.8380719423294067 0.3185136318206787 0.18342766165733337 -0.03755875676870346 0.04547717422246933 0.22213739156723022
-0.068521648645401 0.26131731271743774 -0.0021836059167981148 0.4830267131328583 0.3035983443260193 -0.16794677078723907 -0.7571792006492615
0.012772741727530956 0.8018757700920105 0.012253060936927795 0.09644364565610886 0.133045494556427 -0.5515161752700806 -0.1597166657447815
-0.41508129239082336 -0.07989810407161713 -0.650212287902832 0.2586950957775116 0.011587929911911488 -0.29523682594299316 -0.4942929446697235
-0.13183969259262085 -0.1723390370607376 -0.958375096321106 -0.12893402576446533 0.07322275638580322 0.005018801894038916 -0.11146263033151627
-0.48993417620658875 -0.25385066866874695 -0.1132165789604187 -0.09884871542453766 0.5222066640853882 -0.44143936038017273 -0.4531741738319397
-0.01846819929778576 -0.7009780406951904 0.0838807225227356 -0.12986783683300018 -0.31612879037857056 0.598410427570343 0.16234101355075836
-0.279911071062088 0.10395974665880203 0.7427579164505005 -0.2790398895740509 0.09767439216375351 0.5138620138168335 0.08772164583206177
-0.1298472136259079 -0.6219203472137451 -0.4048309922218323 -0.4628573954105377 -0.007064238656312227 -0.4586380422115326 -0.0884917676448822
-0.6196325421333313 -0.2203577309846878 -0.13593937456607819 0.05334795266389847 0.5036697387695312 -0.15006133913993835 -0.5195871591567993
0.28756722807884216 -0.4117967188358307 0.03502415493130684 0.39769765734672546 0.6657756567001343 -0.34577012062072754 -0.15976294875144958
-0.05717439204454422 -0.07273409515619278 -0.7578290700912476 -0.1972920447587967 -0.30086368322372437 -0.42544543743133545 -0.3266327679157257
-0.46354058384895325 0.07189001888036728 -0.7398654222488403 -0.20460638403892517 0.1711755096912384 -0.017041968181729317 -0.4013800024986267
0.4894247353076935 -0.17692339420318604 -0.14680707454681396 0.5394746661186218 0.43429234623908997 0.061440400779247284 -0.4734889268875122
-0.4633823037147522 0.7022342681884766 -0.09486836940050125 0.013066604733467102 -0.2504214644432068 -0.08866492658853531 -0.46086955070495605
0.3238304555416107 -0.7937415838241577 0.3196180760860443 -0.036810021847486496 -0.21776853501796722 0.18101345002651215 0.28532174229621887
0.20442160964012146 -0.6265552639961243 -0.2671753466129303 -0.4460309147834778 -0.04872800037264824 0.3014547824859619 -0.44951605796813965
0.33950939774513245 0.12654687464237213 0.8630277514457703 -0.010416015051305294 -0.021230367943644524 0.11211391538381577 -0.33282670378685
-0.08511681109666824 0.42953750491142273 0.398716539144516 0.19631364941596985 0.5755675435066223 -0.5195866823196411 -0.09741898626089096
0.49312227964401245 -0.7817403078079224 -0.16522273421287537 0.16079196333885193 -0.24191609025001526 -0.05619056522846222 0.1757247895002365
-0.019565178081393242 0.023596983402967453 0.06319228559732437 -0.38308387994766235 -0.5265243053436279 0.36019986867904663 0.6643358469009399
0.1263894885778427 -0.5342474579811096 -0.08073115348815918 -0.30374622344970703 0.003004670375958085 0.48335906863212585 0.6051289439201355
-0.36293676495552063 0.4174036681652069 0.1614035665988922 -0.5919099450111389 0.5567876696586609 0.03665943816304207 -0.0792853832244873
-0.38070419430732727 -0.6068608164787292 -0.6381783485412598 -0.18050841987133026 -0.050548192113637924 -0.1873055398464203 -0.09638925641775131
-0.6520140767097473 0.07585790008306503 0.37920260429382324 -0.49082863330841064 -0.3563266396522522 0.1914600133895874 0.14418816566467285
-0.41127344965934753 0.37967774271965027 -0.4894161522388458 0.14348460733890533 0.3194362223148346 0.21805229783058167 -0.5263047218322754
0.06448182463645935 -0.6428139805793762 0.033919598907232285 -0.1812814325094223 0.2959386706352234 0.054926566779613495 0.6767733693122864
0.005151786375790834 0.6547484397888184 0.1830213963985443 -0.28791344165802 0.548285961151123 0.3655872046947479 0.1435806006193161
0.13865293562412262 -0.21535013616085052 0.21185500919818878 0.44033923745155334 0.23468683660030365 -0.2896101772785187 -0.7461008429527283
-0.533420979976654 -0.7088865637779236 -0.10758955776691437 -0.21700289845466614 -0.12597115337848663 -0.3633301854133606 -0.07999013364315033
-0.4015061855316162 -0.7857207655906677 -0.18891234695911407 -0.13746660947799683 0.30157238245010376 0.27550801634788513 0.000341792096151039
0.0748266875743866 0.4645855724811554 -0.6490311622619629 0.13612736761569977 0.49642765522003174 0.2815313935279846 -0.11440648138523102
-0.19164730608463287 0.09343567490577698 0.1998254358768463 -0.46572187542915344 -0.7105091214179993 0.31504902243614197 0.3059980869293213
0.2920338213443756 -0.5728936791419983 -0.3899358808994293 0.3554953336715698 -0.3779529631137848 -0.39470720291137695 0.09715930372476578
0.23807702958583832 0.7978137731552124 0.22597099840641022 0.26548755168914795 0.4230678677558899 0.07722830772399902 0.01776055060327053
-0.027848919853568077 0.8608787059783936 0.2818191349506378 0.289236456155777 0.03823144733905792 -0.14135479927062988 -0.27127429842948914
-0.5127795934677124 0.13246393203735352 -0.7732341885566711 -0.0009567460510879755 -0.31818318367004395 0.10791558772325516 0.0934452936053276
0.29963168501853943 -0.5953679084777832 -0.0705496296286583 0.27418678998947144 -0.5164770483970642 0.3660120666027069 0.27365842461586
-0.4402739107608795 0.2645992636680603 -0.7336645722389221 0.1135001853108406 0.10493157804012299 -0.3899109661579132 -0.14818522334098816
-0.6077949404716492 0.3989104628562927 -0.36411330103874207 0.042286522686481476 0.09211070090532303 -0.4142950773239136 -0.3961871266365051
0.7076408267021179 -0.6311911344528198 0.12682710587978363 0.21432176232337952 0.097219318151474 -0.007765810005366802 -0.17120537161827087
-0.18885034322738647 0.8183256983757019 -0.34984031319618225 -0.3134775161743164 0.03974978253245354 -0.258319228887558 -0.0755869448184967
-0.37311363220214844 0.3935319781303406 -0.7857242822647095 0.10283219069242477 -0.06967373192310333 -0.06345631182193756 -0.26286956667900085
0.24099764227867126 -0.5695340633392334 0.29639431834220886 0.6270400285720825 0.008056266233325005 0.15228667855262756 -0.33655035495758057
0.49295803904533386 0.08644410222768784 0.7624809145927429 -0.2870539426803589 -0.029249146580696106 0.290211945772171 -0.02577061392366886
-0.31127095222473145 0.730341374874115 0.20760327577590942 0.005843445658683777 0.4633919596672058 0.13308103382587433 -0.30681583285331726
0.343194842338562 0.20304138958454132 0.8342588543891907 -0.1683943122625351 0.1541002094745636 -0.23911266028881073 -0.18901148438453674
-0.35281723737716675 -0.5958516001701355 -0.21542690694332123 -0.15794973075389862 -0.6444031596183777 -0.1537613570690155 0.10112357139587402
-0.5663403868675232 0.2829170525074005 0.14158068597316742 -0.5479854345321655 0.4952775835990906 -0.029089659452438354 -0.18093465268611908
0.3389858603477478 -0.593019962310791 -0.06725754588842392 0.2511724829673767 -0.4550301134586334 0.4382691979408264 0.2582100033760071
-0.6857468485832214 -0.5870343446731567 -0.3876514136791229 -0.04931119456887245 -0.08720102906227112 0.022158904001116753 0.15601855516433716
-0.41839438676834106 -0.024548089131712914 0.7210078835487366 -0.33329516649246216 0.3102935552597046 0.20155471563339233 0.23769523203372955
-0.016579465940594673 -0.3260641396045685 -0.20795586705207825 0.8765068054199219 -0.21304604411125183 -0.0843307226896286 -0.17145583033561707
-0.06230859458446503 -0.1974496692419052 -0.5451075434684753 -0.350411593914032 0.5580852627754211 0.13073624670505524 -0.456781804561615
-0.6874668002128601 -0.3319558799266815 -0.09867023676633835 0.07709453254938126 0.18712659180164337 0.24597683548927307 -0.553167462348938
-0.5581973195075989 -0.39671942591667175 -0.7141665816307068 0.015397394075989723 -0.045788977295160294 -0.0053153675980865955 -0.13650494813919067
-0.036256805062294006 -0.6939988732337952 0.3662589192390442 0.09751634299755096 -0.44158974289894104 0.4096965789794922 -0.10267961770296097
0.16442438960075378 -0.8759139180183411 0.03184148296713829 -0.2964177429676056 0.08596959710121155 0.11694663763046265 0.30950725078582764
0.017041044309735298 0.7671761512756348 0.11635211110115051 -0.020059315487742424 0.2470051497220993 -0.3541374206542969 -0.4591136574745178
-0.08281377702951431 0.5978372097015381 0.220631942152977 -0.20569384098052979 0.5193220973014832 0.4876919686794281 0.1928865760564804
-0.43769529461860657 0.7992334961891174 0.16819700598716736 -0.052717141807079315 0.2557336390018463 -0.2290056049823761 -0.1439996361732483
0.5637393593788147 -0.25747933983802795 -0.03363126888871193 -0.042167503386735916 -0.1572192907333374 -0.0519479364156723 -0.7652297019958496
-0.37476956844329834 -0.4565606117248535 -0.27020785212516785 0.24158383905887604 -0.05607849359512329 -0.5337942838668823 -0.48129400610923767
0.24885694682598114 -0.008452437818050385 0.8195414543151855 -0.39210808277130127 -0.07290145009756088 0.24619139730930328 -0.21604855358600616
0.18684719502925873 0.3795009255409241 -0.704748272895813 0.358619749546051 0.44178080558776855 -0.011806736700236797 -0.021893590688705444
0.11796336621046066 -0.3866102397441864 0.09939251840114594 0.23747877776622772 -0.7539307475090027 -0.280549019575119 -0.35103121399879456
-0.2230852246284485 -0.058350808918476105 -0.864862859249115 0.011206196621060371 0.334364116191864 -0.26947659254074097 -0.11957389861345291
-0.5013664960861206 -0.6681278944015503 -0.20031943917274475 -0.0748390406370163 0.23050051927566528 0.4485782980918884 0.04642144590616226
-0.4495568871498108 -0.6957257390022278 -0.17629103362560272 -0.05585264787077904 0.2254798710346222 0.47649630904197693 0.04214721545577049
-0.18187576532363892 0.5413726568222046 -0.10997581481933594 -0.7263215780258179 -0.01398156862705946 -0.17379777133464813 -0.32217690348625183
0.26142001152038574 0.17612674832344055 0.8092007637023926 -0.10348556190729141 -0.4802872836589813 -0.026051703840494156 -0.061395179480314255
0.6357343196868896 -0.701848030090332 0.09456994384527206 0.18409010767936707 0.21296672523021698 -0.07666274905204773 -0.09584713727235794
0.25803592801094055 0.07130983471870422 -0.5482006072998047 0.26119282841682434 -0.210295632481575 -0.5376818180084229 -0.475668728351593
-0.4680536985397339 0.7983061671257019 -0.018904391676187515 -0.14950357377529144 0.08038562536239624 -0.13285507261753082 -0.3111462891101837
0.04437130689620972 -0.46972787380218506 0.2703160345554352 0.4789291322231293 0.07161043584346771 -0.022917762398719788 -0.6850472092628479
0.248849555850029 -0.4618527591228485 -0.4742136001586914 0.05881862714886665 -0.2580561339855194 -0.06357064843177795 0.6525286436080933
-0.46965616941452026 -0.7449100017547607 -0.09484338760375977 -0.0414791963994503 0.40251195430755615 -0.034848231822252274 0.22491329908370972
0.005700210575014353 -0.7363240718841553 0.42245763540267944 0.18918289244174957 -0.42424994707107544 -0.25204548239707947 -0.004352489020675421
-0.2485935240983963 -0.8108207583427429 -0.07253240793943405 -0.16771765053272247 -0.12084346264600754 -0.0745297446846962 0.47667911648750305
-0.5642024278640747 -0.6742916107177734 -0.43059301376342773 -0.03216332197189331 -0.1516830325126648 0.1320425271987915 -0.010897667147219181
0.0007096728659234941 -0.6597934365272522 -0.593996524810791 -0.4037144184112549 -0.06661636382341385 -0.15144966542720795 0.1465606838464737
-0.27251961827278137 -0.10326272994279861 0.8125026226043701 0.21418501436710358 -0.05724190175533295 -0.44449859857559204 0.09043504297733307
-0.27665311098098755 0.2957628071308136 -0.35884106159210205 0.36841893196105957 0.1385377049446106 -0.2902039885520935 -0.6841614842414856
-0.15951532125473022 0.3735698163509369 -0.6207987666130066 0.4004760980606079 0.014468681067228317 -0.3924911320209503 -0.3673821687698364
-0.009947259910404682 -0.10727769881486893 -0.13835199177265167 0.755740225315094 0.11349236965179443 -0.4857841730117798 -0.38631755113601685
-0.4649173319339752 0.015935664996504784 0.5293482542037964 -0.6232264041900635 -0.30126750469207764 -0.12947611510753632 0.08631954342126846
0.02940683811903 0.8982706665992737 0.2664790749549866 0.009983380325138569 0.1683436632156372 -0.1443343460559845 -0.26825785636901855
-0.06092042848467827 0.18380512297153473 0.06580469012260437 0.6026901602745056 0.6964030265808105 -0.32894816994667053 -0.04188703000545502
-0.2855384051799774 -0.014829379506409168 -0.8824283480644226 -0.16539908945560455 0.29699641466140747 -0.15140055119991302 -0.03290160372853279
-0.017345497384667397 0.24251750111579895 0.3136075735092163 -0.7940868139266968 0.458585649728775 -0.03292587399482727 -0.02400027960538864
-0.3884645104408264 0.3209264576435089 -0.6036507487297058 0.3496866226196289 0.3217870891094208 -0.1796802431344986 -0.3515602946281433
-0.4980956017971039 0.7049746513366699 0.19483831524848938 -0.4542607367038727 -0.03528570756316185 -0.005297303199768066 -0.09655912220478058
-0.6603405475616455 -0.048871591687202454 -0.6284817457199097 0.18838247656822205 0.21930982172489166 -0.19077368080615997 -0.21585491299629211
0.0758632943034172 -0.4731675386428833 -0.3210133910179138 -0.20981517434120178 -0.2161111682653427 0.513355553150177 0.5595062971115112
-0.3492994010448456 0.5052199363708496 -0.5810298919677734 0.11769647896289825 0.04796440526843071 0.14812780916690826 -0.4970433712005615
-0.6537725329399109 -0.39963144063949585 -0.617475152015686 0.06650704890489578 -0.05237169191241264 -0.06892810016870499 -0.14029785990715027
-0.2812681198120117 0.15416058897972107 0.5724826455116272 -0.3793753981590271 -0.45714956521987915 -0.3845846951007843 0.2618579864501953
-0.3926715552806854 -0.728046715259552 -0.19544604420661926 0.1010524109005928 0.27297356724739075 0.43378138542175293 -0.06830445677042007
0.38015276193618774 -0.7727807760238647 -0.10315164923667908 0.008660104125738144 -0.3240235149860382 -0.012414444237947464 0.37740299105644226
-0.24399106204509735 0.3920438587665558 -0.37445756793022156 0.5308138132095337 -0.07739058881998062 -0.3656686544418335 -0.47443145513534546
-0.7239376902580261 -0.4143269658088684 -0.36284756660461426 0.025981876999139786 -0.08895564079284668 -0.22760814428329468 -0.33495599031448364
-0.31338629126548767 0.05148376151919365 -0.8596809506416321 -0.08582175523042679 0.018901092931628227 0.0683751329779625 -0.3843037784099579
0.18024934828281403 -0.14683353900909424 -0.261357843875885 0.6138314008712769 -0.11777051538228989 -0.3688867390155792 -0.5923731327056885
0.07911333441734314 -0.004507776815444231 -0.5150643587112427 -0.3726630210876465 0.36832040548324585 -0.15338480472564697 -0.6560220122337341
0.34441816806793213 -0.7987058758735657 0.15515802800655365 0.09387040883302689 -0.008034921251237392 0.06843119114637375 -0.4536651074886322
-0.30920925736427307 -0.5064523816108704 -0.41809922456741333 -0.272807240486145 0.40337705612182617 0.28803449869155884 -0.39113694429397583
0.08825721591711044 -0.625397801399231 -0.3110226094722748 0.07734210789203644 -0.6051182150840759 0.3547230660915375 -0.07984261959791183
0.47033578157424927 -0.5175369381904602 -0.11193739622831345 0.49457114934921265 0.44630166888237 0.09541261941194534 -0.21335522830486298
0.7204210162162781 -0.6657188534736633 0.017948001623153687 0.1421397179365158 -0.04696466773748398 0.06886769831180573 -0.10167475044727325
0.33643409609794617 -0.03877636417746544 -0.2985738217830658 0.23100994527339935 0.3155621588230133 0.19401617348194122 -0.7781868577003479
-0.04240485653281212 -0.3017900288105011 0.47488704323768616 -0.6602749228477478 -0.20607110857963562 0.39655065536499023 0.21430395543575287
0.4439103901386261 -0.33779245615005493 0.017503468319773674 0.09106125682592392 -0.6836554408073425 -0.4165469706058502 -0.198356032371521
-0.39946281909942627 0.7370613217353821 0.07437996566295624 -0.1504165232181549 0.3312689960002899 -0.35839971899986267 -0.17556512355804443
-0.3187408745288849 -0.046071555465459824 -0.4524334967136383 -0.11001098901033401 0.3348473608493805 0.36651715636253357 -0.6580467820167542
-0.09653642028570175 0.44295865297317505 -0.6861119270324707 0.09531420469284058 0.16083769500255585 -0.0678713470697403 -0.5330653786659241
-0.4941536486148834 0.4831368923187256 -0.5859295129776001 0.09308541566133499 0.31593257188796997 -0.07181312143802643 -0.25581666827201843
-0.5973601341247559 -0.19870685040950775 -0.38618379831314087 -0.3839634656906128 0.3095368444919586 0.3441285789012909 -0.3047510087490082
0.8248026371002197 -0.3862069845199585 -0.2484835386276245 0.2304639220237732 -0.15088990330696106 -0.042191095650196075 0.1764632761478424
0.0829249918460846 -0.4611753821372986 -0.1060839518904686 -0.09300296753644943 -0.6811161637306213 -0.43985089659690857 -0.32116857171058655
0.5866889357566833 -0.6969015598297119 0.2175096720457077 -0.0035836496390402317 0.2365478277206421 -0.24259935319423676 0.08939673006534576
-0.40642049908638 0.004562806338071823 0.6509714126586914 -0.365457147359848 0.1506560891866684 0.47036612033843994 0.1831320971250534
0.32867372035980225 -0.2550264596939087 -0.4049932658672333 0.4388039708137512 0.4121890962123871 0.17837141454219818 -0.5183150768280029
-0.3645259439945221 0.33834391832351685 -0.6626684069633484 0.22191688418388367 0.4169880747795105 -0.2375272512435913 -0.18430796265602112
-0.22772076725959778 -0.8314547538757324 0.003907517064362764 -0.21932631731033325 -0.0894903838634491 0.41132307052612305 0.17751547694206238
-0.5371511578559875 -0.6761032342910767 -0.18597857654094696 -0.060577113181352615 0.32722410559654236 0.32740578055381775 0.04272376000881195
-0.09437781572341919 0.6602048277854919 -0.17477720975875854 -0.5523284077644348 -0.13212808966636658 -0.11114008724689484 0.4356589913368225
0.45096221566200256 -0.5953624248504639 -0.19810420274734497 0.5746265053749084 -0.2694954574108124 0.009382318705320358 0.0044552297331392765
0.6521077156066895 0.3017229735851288 -0.5630300641059875 0.10011501610279083 -0.059516556560993195 -0.38504156470298767 -0.0699547752737999
-0.1409052014350891 -0.12287457287311554 0.1981489062309265 -0.44318413734436035 -0.5230404734611511 0.4652646780014038 0.48921334743499756
-0.22586405277252197 -0.8308005928993225 -0.13987693190574646 -0.201674684882164 -0.2953283190727234 0.08020471036434174 0.3238299787044525
-0.34127476811408997 0.01668333075940609 -0.6036117076873779 0.15627527236938477 0.6412132382392883 0.2886653244495392 -0.0014339799527078867
-0.032555773854255676 -0.6646179556846619 -0.24083758890628815 -0.4110497832298279 -0.08726021647453308 0.5671717524528503 0.0309893898665905
0.5088083148002625 0.399923175573349 0.34741172194480896 -0.0665079727768898 -0.48070570826530457 -0.022240856662392616 0.4737982153892517
0.2025337666273117 -0.10405855625867844 0.23584915697574615 0.46070653200149536 0.08988363295793533 -0.16342630982398987 -0.8034234642982483
-0.18972933292388916 -0.7437338829040527 -0.1381387710571289 0.20238471031188965 0.17728084325790405 0.5537397265434265 -0.11298046261072159
-0.4797912836074829 0.01709788851439953 -0.16916504502296448 0.30432531237602234 0.4091310501098633 -0.1794213503599167 -0.6698484420776367
-0.05816498398780823 0.8277773261070251 -0.32818999886512756 -0.3260403275489807 0.3113621175289154 -0.016862191259860992 0.01264328695833683
-0.21962380409240723 0.3238673508167267 -0.3415236175060272 0.7069900035858154 0.3055962324142456 -0.10229796171188354 -0.3557358980178833
-0.5541778802871704 0.2213861346244812 -0.3280962109565735 0.20366279780864716 0.3342849016189575 -0.33360326290130615 -0.5212598443031311
-0.38507917523384094 -0.540644109249115 -0.2514632046222687 0.17530886828899384 -0.1203407496213913 -0.5023662447929382 -0.44564247131347656
-0.31594452261924744 -0.7297255396842957 -0.3598063588142395 -0.3423484265804291 0.23102781176567078 0.11057471483945847 -0.2354060560464859
0.03327669948339462 -0.8849843144416809 0.114727683365345 -0.315477579832077 -0.21210137009620667 0.2331613302230835 -0.060462359338998795
-0.26320192217826843 0.5153543949127197 -0.6278364658355713 0.045802902430295944 0.4908389151096344 -0.1002742201089859 0.13371697068214417
0.5112742185592651 0.5769940614700317 0.49699530005455017 0.03874248266220093 0.1600748598575592 -0.06438503414392471 -0.3569338917732239
-0.5809837579727173 -0.7140721678733826 -0.32812273502349854 0.06063050776720047 -0.0817280039191246 -0.110405832529068 0.14949677884578705
-0.2417202591896057 -0.2747717797756195 -0.4550958275794983 -0.2625604271888733 0.3255350589752197 0.3567225933074951 -0.5973252058029175
0.0015497416025027633 0.5544332265853882 -0.014753686264157295 -0.6158998012542725 0.2683720290660858 0.30427414178848267 -0.38528555631637573
0.23448961973190308 -0.8376420140266418 0.140546053647995 0.32563167810440063 0.13997119665145874 0.062205661088228226 -0.30678942799568176
-0.3069790303707123 -0.8452504277229309 0.12532737851142883 -0.29842349886894226 -0.11655879020690918 0.2418941855430603 0.12022177875041962
-0.45620614290237427 -0.4451647698879242 -0.7330889105796814 -0.05858307331800461 -0.05259648710489273 -0.09676644951105118 -0.2017987072467804
-0.34431588649749756 0.893115758895874 0.09887922555208206 0.10010713338851929 0.2460361272096634 -0.009606195613741875 0.058019008487463
-0.25426042079925537 -0.10076023638248444 -0.6585859656333923 -0.4936925768852234 -0.15864072740077972 -0.4414190351963043 -0.16647371649742126
-0.24376830458641052 -0.8630408048629761 0.17073947191238403 -0.08870049566030502 0.19589295983314514 -0.17328286170959473 -0.30052757263183594
0.14810271561145782 -0.43121960759162903 -0.7391414046287537 0.06007340922951698 -0.005736606661230326 -0.22627811133861542 -0.43696895241737366
-0.4945061504840851 -0.6939989328384399 -0.28800880908966064 0.002006478840485215 0.19665813446044922 0.3898700177669525 -0.014249991625547409
-0.39649996161460876 0.5524204969406128 0.38228142261505127 -0.272357314825058 0.37852367758750916 0.2658945620059967 -0.32143694162368774
-0.35110029578208923 -0.44239968061447144 -0.41759493947029114 -0.1278221309185028 0.6282153725624084 0.3024655878543854 0.06439681351184845
-0.04294716939330101 -0.8371182680130005 -0.23411312699317932 -0.1498362272977829 0.44634321331977844 0.14131195843219757 -0.030618833377957344
-0.5376930236816406 -0.542881429195404 -0.4507167935371399 0.015020106919109821 -0.2697903513908386 0.3707086145877838 -0.05082331597805023
-0.6005198955535889 -0.033756956458091736 -0.7697592377662659 0.008191978558897972 -0.11993134021759033 -0.07687783986330032 0.15920494496822357
0.3321692645549774 0.44067326188087463 -0.6520487666130066 0.13699574768543243 0.4367500841617584 -0.24574662744998932 -0.019828245043754578
-0.19163364171981812 0.18822327256202698 -0.5665892958641052 0.08640125393867493 0.553737461566925 0.540250301361084 0.029397865757346153
-0.12765708565711975 -0.7021973133087158 -0.18953296542167664 -0.24627281725406647 -0.4950176477432251 0.34420257806777954 0.1747330278158188
-0.4941364526748657 -0.4235422909259796 -0.6183026432991028 -0.18468259274959564 -0.11778143793344498 -0.19526264071464539 -0.3286873400211334
0.10077565163373947 -0.0022235780488699675 0.4807502329349518 -0.13541564345359802 -0.6097491979598999 0.11542121320962906 0.5960410237312317
-0.46892407536506653 -0.2430708110332489 -0.6876208186149597 -0.05219833925366402 -0.10783068090677261 -0.12142353504896164 -0.4680904150009155
-0.12202367931604385 0.48308926820755005 -0.778296709060669 0.12343652546405792 0.3345687687397003 -0.010631033219397068 -0.13675983250141144
0.4026036262512207 -0.4544811248779297 0.12099741399288177 0.5481176972389221 0.16333849728107452 0.03441930562257767 -0.5370471477508545
-0.5532997846603394 -0.0007785224006511271 0.46674421429634094 -0.5550732016563416 -0.2940402626991272 -0.24977560341358185 0.13803957402706146
0.04042179137468338 -0.016601212322711945 -0.8439770936965942 -0.14185677468776703 0.2258906066417694 -0.20575082302093506 -0.4151022434234619
-0.39730602502822876 0.028351332992315292 0.40954697132110596 -0.4483396112918854 0.084873728454113 0.6373528242111206 0.24327917397022247
-0.11334335803985596 -0.14785239100456238 0.753043532371521 0.052213966846466064 -0.5296807289123535 0.1826506406068802 0.28560319542884827
0.30140015482902527 0.40715187788009644 -0.407380074262619 0.5858014225959778 0.4520733058452606 -0.16309019923210144 0.05740135535597801
-0.4610976576805115 -0.6969020962715149 -0.33469316363334656 -0.2386990189552307 -0.26552364230155945 -0.1715751439332962 -0.18104928731918335
-0.09353204816579819 -0.8410958647727966 -0.049044594168663025 -0.42634332180023193 -0.1977742463350296 0.23287233710289001 0.07931750267744064
-0.4654693901538849 -0.18976840376853943 -0.4293838143348694 -0.058667756617069244 0.5225027203559875 0.16091246902942657 -0.5105016231536865
0.04119968041777611 0.6822317838668823 0.3933058977127075 0.25861823558807373 0.5463616251945496 -0.06675286591053009 -0.0912281721830368
-0.2373482584953308 0.4217131435871124 -0.6926608085632324 -0.06318268924951553 0.4917035400867462 -0.2002885490655899 -0.012846086174249649
0.4596248269081116 0.02511812373995781 -0.41706427931785583 0.46851715445518494 0.03105270117521286 -0.2631240785121918 -0.5696179270744324
-0.21372294425964355 -0.029902702197432518 -0.22033017873764038 -0.22206555306911469 0.17170153558254242 0.05993221327662468 -0.9069159626960754
0.09175639599561691 -0.14556056261062622 -0.6280289888381958 -0.2926519513130188 0.4327727258205414 -0.48424142599105835 0.2618117928504944
0.06810412555932999 -0.6321555376052856 0.3086034953594208 0.2897563874721527 -0.17271289229393005 -0.6128214001655579 -0.10567156970500946
-0.3462013006210327 0.15803071856498718 -0.7188077569007874 0.31431418657302856 0.14820225536823273 -0.11572100967168808 -0.4520373046398163
-0.6290107369422913 -0.5176042318344116 -0.18709516525268555 -0.40229567885398865 -0.14710471034049988 -0.1633402556180954 -0.3021010756492615
-0.171525239944458 -0.5427587032318115 -0.27735334634780884 -0.42925140261650085 0.2978368401527405 -0.05356636270880699 -0.5685370564460754
-0.05327906459569931 -0.4395119845867157 -0.7592318654060364 0.19780972599983215 -0.053714070469141006 -0.2609514892101288 -0.3427068293094635
0.2549561560153961 0.43436139822006226 0.357507586479187 -0.26587048172950745 -0.5304508209228516 -0.07862534373998642 0.5101653337478638
-0.5479122996330261 -0.4306929111480713 -0.6855850219726562 0.14804698526859283 -0.05241301655769348 -0.048890821635723114 -0.1312008500099182
-0.5127335786819458 0.37751504778862 0.23615697026252747 0.14089539647102356 0.6048488020896912 -0.35231977701187134 -0.17027544975280762
0.40864256024360657 0.6486630439758301 0.48868998885154724 0.026462143287062645 -0.1826135516166687 0.0695507824420929 0.3668028712272644
0.1051977127790451 -0.6054580211639404 -0.4041157364845276 -0.15044601261615753 0.6210624575614929 0.12833577394485474 0.1849917620420456
-0.3023274838924408 0.1927764117717743 -0.4620169997215271 0.5248552560806274 0.2886589765548706 -0.18596439063549042 -0.5143888592720032
0.3983491361141205 -0.8241071701049805 0.1131555438041687 0.10599634051322937 0.0893244594335556 -0.02335556410253048 -0.3600021302700043
0.34987297654151917 -0.2524777948856354 0.14805835485458374 -0.07946716248989105 -0.17775622010231018 -0.023356830701231956 -0.8680234551429749
-0.4402464032173157 0.12484697252511978 -0.7059770822525024 -0.21403084695339203 0.07594364136457443 0.06468416005373001 -0.4862426817417145
0.5959029793739319 -0.03797043487429619 -0.11500126123428345 0.5991026163101196 0.20801840722560883 0.07534100115299225 -0.47155138850212097
0.38224419951438904 0.0681736171245575 -0.25090086460113525 0.687296986579895 0.27669093012809753 0.2951336205005646 -0.3876230716705322
-0.45171716809272766 -0.7606035470962524 -0.15327179431915283 -0.12268433719873428 0.31845566630363464 0.2612167298793793 -0.09613505005836487
-0.3338386118412018 -0.43926316499710083 -0.6337074041366577 -7.417392771458253e-05 -0.1101708933711052 0.4489317238330841 0.28343820571899414
-0.32435667514801025 0.5693091154098511 0.2558516263961792 -0.43172207474708557 0.041802264750003815 0.07898614555597305 0.5575389266014099
-0.543719470500946 0.3892230987548828 0.31701892614364624 -0.35403260588645935 0.539695143699646 -0.025442268699407578 -0.1873936653137207
0.33111387491226196 0.7066686153411865 0.3392103910446167 -0.2101537138223648 -0.3345872163772583 -0.33661404252052307 0.08060586452484131
0.28716111183166504 0.10916424542665482 0.05857907235622406 0.06950914859771729 -0.0009785490110516548 -0.10031633079051971 -0.9419630169868469
0.5504448413848877 -0.6367003321647644 0.04824439808726311 0.25056448578834534 -0.07377734780311584 -0.008077457547187805 -0.4701114296913147
0.5006393790245056 -0.7368858456611633 0.14254514873027802 0.08346030116081238 0.34331566095352173 -0.24711059033870697 0.012058795429766178
-0.14381317794322968 -0.1209319606423378 0.4533218741416931 -0.7957878708839417 -0.10208945721387863 0.18656772375106812 -0.2840501666069031
0.20948711037635803 -0.1378534734249115 0.09924070537090302 0.5934693217277527 0.6610963940620422 -0.351080060005188 -0.12145480513572693
-0.2909305989742279 0.06004605442285538 0.41975000500679016 -0.5900028944015503 -0.16077913343906403 0.5101449489593506 -0.3183748424053192
-0.5507906079292297 -0.15297497808933258 -0.6652027368545532 0.20023828744888306 0.17575718462467194 -0.2616084814071655 -0.3021732568740845
-0.18254037201404572 -0.6704289317131042 -0.5948265790939331 0.2575114965438843 -0.10030849277973175 -0.10287179052829742 -0.27645739912986755
0.18489563465118408 0.8509128093719482 0.39066699147224426 0.1396428495645523 0.015895692631602287 0.026115782558918 0.26211729645729065
0.47130826115608215 -0.7769433856010437 0.1621757596731186 0.2932531237602234 -0.03863121569156647 0.24453561007976532 0.0252788495272398
-0.5847660303115845 -0.37470027804374695 -0.20778729021549225 -0.46420812606811523 0.027179274708032608 0.41279157996177673 -0.29639166593551636
-0.10468944162130356 -0.6479301452636719 -0.6603653430938721 0.20034480094909668 -0.26544132828712463 0.012328196316957474 -0.14964990317821503
-0.24325335025787354 -0.32736924290657043 -0.579767107963562 0.05500807240605354 0.3955014646053314 -0.30726951360702515 0.4936247169971466
0.20190387964248657 0.5573773384094238 -0.43348589539527893 0.6154448390007019 0.04860646277666092 -0.2792489528656006 -0.03924822434782982
0.06906285136938095 0.504334032535553 0.5214902758598328 0.06026958301663399 0.000647714885417372 0.2816024720668793 -0.6212829947471619
0.48495566844940186 -0.2803017795085907 -0.5281292796134949 0.3619038462638855 0.009731720201671124 -0.3165694773197174 -0.4195748567581177
-0.1594143658876419 0.4719439148902893 -0.13236913084983826 0.30098339915275574 0.29233086109161377 -0.10323350876569748 -0.7400195598602295
0.0339619405567646 -0.06584181636571884 -0.4977000057697296 0.29085248708724976 0.7260252833366394 0.36636245250701904 -0.02960909530520439
-0.5276046395301819 0.44955506920814514 -0.5492904782295227 0.09532349556684494 0.331720232963562 -0.11353514343500137 -0.2929137051105499
-0.6309838891029358 0.012526481412351131 0.5222263336181641 -0.44159314036369324 0.344086617231369 -0.035667967051267624 -0.11962345242500305
-0.01929306797683239 0.14399541914463043 0.8310721516609192 0.022906970232725143 -0.4649224877357483 -0.10539186745882034 -0.2458195835351944
0.2880656123161316 -0.3371526598930359 -0.1854533553123474 0.24336430430412292 0.5138577818870544 -0.17820361256599426 -0.6433668732643127
-0.10667406767606735 -0.7636234760284424 -0.28094854950904846 0.23736347258090973 0.21915751695632935 0.46478328108787537 0.078567273914814
-0.032143522053956985 -0.0827556699514389 0.7333921194076538 -0.412018746137619 0.3928864598274231 0.002099225763231516 0.36073628067970276
-0.14201396703720093 -0.28565385937690735 0.449603408575058 -0.5029808878898621 -0.08037277311086655 0.46027323603630066 0.4741199016571045
-0.13237977027893066 0.17910324037075043 -0.36836233735084534 0.2197350710630417 0.8090318441390991 -0.24655909836292267 -0.22605161368846893
-0.23166382312774658 -0.8989776968955994 -0.16496840119361877 0.1151808500289917 0.20602679252624512 0.16655857861042023 -0.165834441781044
0.0591728501021862 -0.03436974063515663 -0.3883765935897827 0.6117281913757324 -0.6740961074829102 0.12288025766611099 -0.027648059651255608
-0.350899875164032 -0.7364264130592346 -0.17145949602127075 0.12874235212802887 0.28958627581596375 0.4437907040119171 -0.0881025418639183
0.10623516142368317 -0.7320297360420227 -0.6162999868392944 -0.22820521891117096 -0.03992181643843651 -0.13910192251205444 -5.47939125681296e-05
-0.15613675117492676 0.18618088960647583 -0.4347979426383972 0.4915473461151123 0.509263277053833 0.034319739788770676 -0.49976304173469543
0.08438568562269211 -0.6308331489562988 0.003233326133340597 0.66827791929245 -0.3200535178184509 -0.21163353323936462 -0.0331638865172863
0.357970267534256 0.5479929447174072 0.6813414096832275 0.06634008139371872 0.17999398708343506 0.08393434435129166 -0.2519744634628296
-0.11658402532339096 -0.7911980748176575 -0.018940500915050507 -0.23045486211776733 0.060352519154548645 0.3599548935890198 0.41681599617004395
-0.15877926349639893 -0.29526999592781067 -0.5834324955940247 -0.04663635045289993 0.6622439026832581 0.23996978998184204 0.221096932888031
0.44433167576789856 0.0004516504122875631 -0.3361859917640686 0.47133395075798035 0.06388873606920242 -0.4844666123390198 -0.47812411189079285
0.12758591771125793 0.8147832751274109 0.09066663682460785 0.32433292269706726 0.119365394115448 -0.40239396691322327 0.17397959530353546
-0.2516881823539734 0.4422547519207001 -0.06619249284267426 -0.20790134370326996 0.7242085337638855 -0.4110701382160187 -0.0016567581333220005
-0.5922876000404358 -0.38814491033554077 -0.3155210018157959 0.10682788491249084 0.457358717918396 0.3387514650821686 -0.2522769868373871
0.021658621728420258 0.14342689514160156 -0.7568120956420898 -0.4859638810157776 0.27969124913215637 -0.26660361886024475 -0.1439773291349411
0.1279035210609436 -0.0076369550079107285 0.06586053967475891 0.35066625475883484 -0.062389619648456573 0.2109036147594452 -0.8988353610038757
-0.47297948598861694 0.7383717894554138 0.20596900582313538 -0.4036368131637573 -0.028416944667696953 -0.14284147322177887 -0.06738181412220001
-0.32229217886924744 -0.2999899387359619 -0.497005820274353 -0.4520135819911957 0.5312124490737915 0.2475387156009674 0.10649298131465912
0.42572838068008423 -0.6268222332000732 0.07180297374725342 -0.0779920443892479 -0.6246441006660461 0.15151818096637726 -0.03837680444121361
-0.44699129462242126 0.2880345582962036 -0.4306565225124359 0.14375774562358856 0.5841141939163208 0.052081212401390076 -0.40890300273895264
-0.5060735940933228 -0.7471101880073547 -0.20440973341464996 -0.006157837808132172 0.33960163593292236 0.1369117796421051 0.09909829497337341
0.06757843494415283 -0.7685545682907104 -0.5899083614349365 0.1038491353392601 0.007959773764014244 -0.07023762166500092 0.20244473218917847
-0.09047560393810272 0.1122906506061554 -0.9589083790779114 -0.10789161920547485 0.21141952276229858 0.04788944870233536 0.0326724573969841
-0.38073456287384033 0.824803352355957 -0.15001848340034485 -0.1646614968776703 -0.06480388343334198 -0.2916254699230194 -0.18941150605678558
0.036053091287612915 -0.027900537475943565 0.3905864357948303 -0.698438286781311 0.029095156118273735 -0.45303240418434143 0.38918250799179077
-0.061918821185827255 0.049844641238451004 -0.9509519934654236 -0.03859288617968559 0.2879899740219116 -0.04495740309357643 0.05406570807099342
0.563615620136261 -0.03071124665439129 -0.19370490312576294 0.23122622072696686 -0.5650419592857361 -0.28883418440818787 -0.4332544207572937
0.15704531967639923 -0.6217651963233948 -0.2568873465061188 0.4172256886959076 -0.4628976285457611 0.32278087735176086 0.17382365465164185
0.2514912486076355 -0.8122590780258179 0.38776734471321106 0.26698097586631775 -0.1824663281440735 0.12025298178195953 0.08712167292833328
-0.07319764047861099 0.05235704034566879 -0.9270492196083069 -0.2220846563577652 -0.017153872177004814 -0.18066221475601196 0.22411125898361206
-0.41890713572502136 0.4911762475967407 0.25788578391075134 -0.4073011875152588 0.21267874538898468 0.3914591073989868 -0.390372633934021
0.6914708614349365 0.35442104935646057 0.2763150930404663 -0.3937973976135254 0.3892601728439331 -0.11302043497562408 0.023025421425700188
-0.4249609112739563 -0.09750746190547943 -0.42035627365112305 0.13847629725933075 -0.01614728383719921 -0.3523027002811432 -0.6997482180595398
-0.11912178993225098 -0.3961908221244812 -0.7868756055831909 -0.12454886734485626 0.3166211247444153 -0.15950365364551544 0.2616614103317261
0.46356645226478577 -0.24893902242183685 -0.6865880489349365 -0.4915618598461151 -0.08605043590068817 -0.009482113644480705 0.05103631690144539
0.16200627386569977 -0.14706793427467346 -0.16772018373012543 0.2443978488445282 -0.4856390058994293 -0.549777626991272 -0.5711076259613037
-0.04321480542421341 0.004665757529437542 0.6394183039665222 -0.7257998585700989 -0.07717690616846085 0.21333365142345428 -0.10489026457071304
0.5973847508430481 -0.6596521139144897 0.1469319760799408 0.1027081236243248 -0.18000374734401703 0.1846141517162323 -0.33070942759513855
-0.21070228517055511 0.8897281289100647 0.09948264062404633 -0.15800905227661133 0.11872711777687073 -0.13665275275707245 -0.3104104995727539
0.11628451198339462 -0.1251181662082672 -0.12229939550161362 0.21617431938648224 -0.5117917060852051 -0.5172577500343323 -0.616156280040741
-0.4981623888015747 -0.07098447531461716 -0.44629377126693726 -0.17614591121673584 0.5969676375389099 -0.14399561285972595 -0.3734768033027649
0.35028472542762756 -0.5229430794715881 -0.028205618262290955 0.6607347130775452 0.29157984256744385 0.006032581906765699 -0.2853245437145233
-0.35767486691474915 0.09309832751750946 0.5098392367362976 -0.3877076208591461 -0.5640355348587036 0.26672759652137756 -0.2527221739292145
0.08241032809019089 -0.79515540599823 0.28593823313713074 0.12835393846035004 -0.3500932455062866 -0.05974430590867996 0.3695487976074219
-0.3637356758117676 0.48344388604164124 -0.5823490023612976 0.17644751071929932 0.17267529666423798 0.01249586883932352 -0.4834679961204529
-0.6131818890571594 -0.3792159855365753 -0.3773858845233917 0.23434235155582428 -0.09488995373249054 -0.2881310284137726 -0.43685606122016907
0.4106297492980957 -0.04389441758394241 -0.39119604229927063 0.315191388130188 0.04381898418068886 -0.5363277196884155 -0.5361986756324768
-0.17761650681495667 -0.6361576318740845 -0.21584360301494598 -0.6766035556793213 0.14157186448574066 -0.1402031034231186 -0.14026954770088196
0.17188946902751923 -0.5102630257606506 -0.43160033226013184 -0.5593327879905701 -0.34344369173049927 0.06802371144294739 -0.2972756326198578
-0.6469814777374268 -0.4307679235935211 -0.10176773369312286 -0.01343977265059948 0.3390553891658783 0.03461618721485138 -0.5188060402870178
0.0672658160328865 -0.721400260925293 -0.5511910319328308 -0.2602449655532837 -0.16985999047756195 -0.2466324120759964 -0.11763546615839005
-0.28027474880218506 0.33759641647338867 -0.35938897728919983 0.3335513770580292 -0.06327427178621292 -0.1844801902770996 -0.7273383736610413
-0.19492611289024353 -0.10396472364664078 -0.5393507480621338 0.10401123762130737 0.548058032989502 0.025096522644162178 -0.5903221368789673
-0.3343125283718109 -0.7189347743988037 0.012070163153111935 -0.35439741611480713 -0.045221831649541855 0.11419722437858582 -0.48014456033706665
0.14401811361312866 -0.8068342208862305 0.0760444775223732 0.025531217455863953 0.05637786164879799 0.3219839632511139 0.4636707901954651
-0.4331432282924652 0.43632084131240845 -0.6275449991226196 0.21582448482513428 0.07919163256883621 -0.31521791219711304 -0.2756529748439789
0.289724200963974 -0.46190083026885986 0.712771475315094 -0.3412027060985565 -0.2733479142189026 -0.0567580945789814 0.017448576167225838
0.4012991189956665 -0.0412757582962513 -0.4928857684135437 0.09617075324058533 0.07757224142551422 -0.5135523676872253 -0.5615306496620178
-0.47919759154319763 -0.003068047808483243 0.3158603310585022 -0.4367521405220032 -0.07154648751020432 0.6787262558937073 0.11854027956724167
0.5827755928039551 -0.2947121858596802 0.05411025881767273 0.002017721999436617 0.04104865714907646 -0.7035585641860962 -0.2718559205532074
0.35920464992523193 -0.34201911091804504 -0.5044364333152771 -0.5550292730331421 0.17859330773353577 0.393512487411499 -0.06880209594964981
0.41669291257858276 -0.7052070498466492 0.34138983488082886 0.07822729647159576 0.2217249721288681 -0.3746280372142792 -0.12990513443946838
0.5807032585144043 -0.5772516131401062 0.0845494195818901 -0.054612014442682266 -0.107152558863163 0.33876723051071167 0.4395318925380707
-0.2869097888469696 -0.018727177754044533 -0.8760568499565125 -0.1612684279680252 0.3087594509124756 -0.16753116250038147 -0.021208012476563454
-0.4832288324832916 0.08506417274475098 0.4414026737213135 -0.6289288401603699 -0.4104732275009155 0.006150573026388884 -0.018441414460539818
-0.12980960309505463 -0.81565922498703 -0.18685421347618103 -0.42062434554100037 0.03794103115797043 0.3231068551540375 0.013139423914253712
-0.2313457727432251 0.06013505160808563 -0.6172642707824707 -0.023380467668175697 0.26312580704689026 0.5238547325134277 -0.4665212631225586
0.027178680524230003 -0.5760701298713684 0.2467804253101349 0.4239966869354248 -0.22326138615608215 -0.5592616200447083 -0.253202348947525
0.2594625651836395 0.39002087712287903 0.6200971603393555 0.0281447172164917 0.12105444073677063 -0.539398729801178 0.29940786957740784
-0.09622129797935486 -0.8665186166763306 0.06338313221931458 -0.21807308495044708 -0.2322627156972885 0.30480140447616577 0.2036263793706894
-0.30867865681648254 0.7350931167602539 0.08183980733156204 -0.23031210899353027 0.319223016500473 -0.020027879625558853 -0.4497884511947632
-0.3847825527191162 -0.501844048500061 -0.3666992485523224 -0.2110472321510315 0.16849297285079956 -0.6136289834976196 -0.12710316479206085
-0.22702288627624512 -0.23491275310516357 -0.31512734293937683 -0.6248709559440613 0.48517778515815735 -0.27236369252204895 -0.30647704005241394
-0.012068575248122215 0.40191590785980225 -0.5314193964004517 0.038254495710134506 0.7428748607635498 0.04929659143090248 0.012440359219908714
-0.2722078859806061 -0.5902097225189209 -0.27156510949134827 -0.4603082537651062 0.02857544831931591 0.4719734489917755 -0.26143547892570496
-0.31514596939086914 0.8477991223335266 -0.2061765193939209 -0.1381874680519104 -0.15491247177124023 -0.016844501718878746 -0.30989277362823486
0.09721929579973221 -0.6332641243934631 -0.3632203936576843 -0.07054158300161362 0.25106579065322876 0.0012191791320219636 -0.6241668462753296
-0.4606494903564453 0.38923346996307373 -0.538972795009613 0.360544890165329 0.4337905943393707 -0.011893126182258129 -0.16582903265953064
-0.39134424924850464 -0.5942236185073853 -0.2012849599123001 -0.06201886385679245 0.06665804237127304 0.6651973724365234 -0.049548953771591187
-0.3439697325229645 -0.059375785291194916 0.6042985916137695 -0.4460805356502533 -0.14807282388210297 -0.4892003536224365 0.22967836260795593
0.14071263372898102 -0.7865025997161865 -0.010332372039556503 0.04184003546833992 -0.15780459344387054 0.47654658555984497 0.3282640874385834
0.1964617371559143 0.8985981345176697 -0.018370825797319412 0.15899167954921722 -0.10929460823535919 0.06417962163686752 -0.3350282609462738
0.3237002193927765 -0.046653859317302704 0.013630835339426994 0.6881430149078369 0.22603102028369904 -0.10304279625415802 -0.5980026721954346
0.39665231108665466 -0.10340449959039688 -0.24421857297420502 0.4233378767967224 -0.03400574252009392 -0.5139844417572021 -0.5725211501121521
0.10912486165761948 0.10898780077695847 -0.5227273106575012 -0.37280339002609253 0.1894856095314026 0.07083266973495483 -0.7232324481010437
-0.37010347843170166 0.4225696921348572 -0.6031760573387146 0.11005653440952301 0.2960159182548523 -0.21398310363292694 -0.41846200823783875
0.7911874055862427 -0.09646791219711304 -0.44810909032821655 0.13920103013515472 -0.04509720578789711 -0.3175700902938843 -0.20409150421619415
-0.5504218935966492 0.26662853360176086 -0.22733788192272186 0.20128411054611206 0.3194786012172699 -0.10058523714542389 -0.6492789387702942
-0.4377932846546173 -0.7562094330787659 -0.3041647970676422 0.17235730588436127 -0.03554370626807213 -0.2934619188308716 0.16394445300102234
-0.4809831976890564 -0.6795459985733032 -0.21688400208950043 -0.019394857808947563 0.26139137148857117 0.43618032336235046 -0.029645662754774094
-0.09535898268222809 -0.05319816619157791 -0.20352213084697723 0.8474200367927551 0.088632732629776 -0.3635231554508209 -0.2975394129753113
0.35568204522132874 -0.17078925669193268 0.662649929523468 -0.23377151787281036 -0.3277278542518616 -0.11513913422822952 0.47948384284973145
-0.4480716288089752 0.4548308551311493 -0.5945994853973389 0.08698517084121704 0.4340002238750458 -0.01990734040737152 -0.20613893866539001
-0.3349887430667877 0.39357101917266846 -0.7049814462661743 0.14058974385261536 0.3686160743236542 -0.12702909111976624 -0.25319138169288635
0.5650032162666321 -0.48975062370300293 0.23780423402786255 -0.14771832525730133 -0.2962139844894409 0.22517578303813934 -0.47338926792144775
0.1365348994731903 -0.09710414707660675 0.02878434583544731 0.41986557841300964 -0.027184130623936653 0.03051985800266266 -0.890585720539093
0.05798664316534996 -0.2446078360080719 0.18321938812732697 0.6599396467208862 -0.35600605607032776 -0.28555065393447876 -0.5093479752540588
0.12224619835615158 0.00039480545092374086 -0.2596985399723053 0.03776433691382408 -0.36153942346572876 -0.5428749322891235 -0.7005442976951599
-0.40011170506477356 0.0912797600030899 0.43042513728141785 -0.331985741853714 -0.08528264611959457 0.7268663048744202 0.022148923948407173
-0.35739871859550476 -0.7950013279914856 -0.033517662435770035 0.07828501611948013 0.4558214247226715 0.09756127744913101 0.1252826750278473
-0.32509100437164307 -0.42951157689094543 0.6696842908859253 -0.31152406334877014 -0.18376287817955017 -0.23162011802196503 0.2772989869117737
-0.18103429675102234 -0.9074167609214783 0.012802423909306526 -0.1072361096739769 -0.07635937631130219 0.24657900631427765 0.25598034262657166
0.27251529693603516 0.30203330516815186 0.49353650212287903 -0.06559224426746368 -0.7630681395530701 -0.011141156777739525 0.06506533920764923
0.007736744359135628 0.43504494428634644 -0.5752457976341248 0.03364020586013794 0.6752235889434814 0.14826419949531555 -0.02697072923183441
-0.667723536491394 -0.3951132297515869 -0.5619231462478638 0.05837180092930794 -0.10336942225694656 -0.03221666067838669 -0.25911906361579895
0.006482754368335009 -0.708315908908844 -0.27566176652908325 -0.5776268243789673 0.2325497716665268 0.08080132305622101 -0.16732065379619598
-0.525666356086731 0.20435278117656708 0.4440321922302246 -0.2889322340488434 0.2071119099855423 0.5748756527900696 -0.16700659692287445
0.3572867810726166 -0.7774115204811096 0.153591588139534 -0.079121433198452 -0.45652392506599426 -0.1711103916168213 0.02083502523601055
-0.37573832273483276 -0.7592319846153259 0.2562639117240906 -0.048093948513269424 -0.3406163454055786 0.3107125163078308 0.042914148420095444
-0.05862222611904144 -0.7518574595451355 -0.2490934431552887 0.0903351679444313 0.27275827527046204 0.5303167700767517 -0.07370783388614655
-0.5843945741653442 0.47806233167648315 0.5211880207061768 -0.2920457720756531 -0.2001608908176422 0.03595207631587982 -0.17791807651519775
0.04729988053441048 0.21427181363105774 0.11456138640642166 -0.7965335249900818 -0.25542816519737244 -0.3930472433567047 0.29074162244796753
-0.15729019045829773 -0.11898129433393478 -0.31542155146598816 0.46713611483573914 0.013525152578949928 -0.3258592486381531 -0.7328227162361145
-0.012890233658254147 0.26720312237739563 -0.09358666837215424 0.47977012395858765 0.6027751564979553 -0.32031363248825073 -0.4728209972381592
-0.30920228362083435 0.6628257632255554 0.10238318890333176 -0.12006155401468277 0.6607959866523743 -0.05171908438205719 -0.028857389464974403
0.09908044338226318 0.8026832938194275 0.16104848682880402 0.1455746293067932 0.4425497353076935 -0.1606428176164627 0.27766478061676025
0.07656168192625046 0.3265133500099182 -0.2547946870326996 0.36124083399772644 0.5938995480537415 -0.21311599016189575 -0.5421963930130005
0.22717975080013275 0.5217922925949097 -0.3825417459011078 0.39862287044525146 0.37939658761024475 0.45033690333366394 -0.15536630153656006
-0.20597265660762787 -0.11694362014532089 0.35651305317878723 -0.4507853090763092 -0.526182234287262 0.43220254778862 0.38719984889030457
-0.10686646401882172 -0.6453769207000732 -0.07947421073913574 -0.5207565426826477 0.41823866963386536 -0.32522842288017273 -0.11776067316532135
0.38693127036094666 0.30585023760795593 -0.642925500869751 -0.08027630299329758 0.5166898369789124 0.07711775600910187 -0.2530350685119629
0.27062952518463135 -0.5204911828041077 0.04097377881407738 0.747405469417572 0.15394006669521332 0.23931758105754852 -0.12076567113399506
0.045950569212436676 -0.5801570415496826 0.39352887868881226 0.4218176007270813 -0.23901352286338806 0.2080400139093399 -0.4776015281677246
0.08216258883476257 -0.03758876770734787 -0.8598681688308716 -0.3677978515625 -0.20364877581596375 -0.1988687664270401 0.19017407298088074
-0.5136906504631042 -0.5400543808937073 -0.5761318802833557 0.041356392204761505 -0.11689522117376328 0.17037875950336456 0.2610200047492981
-0.5057106018066406 -0.6896070241928101 -0.27057600021362305 -0.046228233724832535 0.17633631825447083 0.3993159234523773 0.052940692752599716
-0.39657023549079895 0.22004812955856323 -0.35176828503608704 0.10797365009784698 0.6145201325416565 -0.16966551542282104 -0.5024840831756592
-0.3247310519218445 0.5090210437774658 0.05448572337627411 -0.5938782095909119 0.42625176906585693 0.281502366065979 -0.13730688393115997
-0.32120320200920105 0.09888875484466553 -0.4655926823616028 0.23917461931705475 0.27499398589134216 -0.7290955781936646 -0.07659216225147247
-0.10614121705293655 0.5101907253265381 -0.6625690460205078 -0.13282904028892517 0.4636153280735016 -0.2311292141675949 -0.058637477457523346
0.12334869801998138 -0.8643789291381836 0.04230106249451637 0.027971912175416946 -0.026868080720305443 0.25630298256874084 0.4106692969799042
-0.28888237476348877 -0.5422471761703491 -0.7513954043388367 -0.2297818511724472 0.03352120891213417 0.04707253724336624 0.04219883307814598
-0.1782166063785553 0.5323414206504822 -0.4327024519443512 -0.03432409465312958 0.28261515498161316 0.19952139258384705 -0.6138092875480652
-0.4296972155570984 -0.70479816198349 -0.47509685158729553 -0.19821849465370178 -0.19381512701511383 0.08543547987937927 -0.09353453665971756
-0.23246394097805023 -0.03839630261063576 0.5421443581581116 -0.7213976979255676 -0.004203402902930975 0.34738287329673767 -0.09725501388311386
0.2298542708158493 0.8830918073654175 0.3170320987701416 0.16628867387771606 0.019433187320828438 -0.1303175687789917 -0.14762869477272034
0.14860063791275024 0.6795984506607056 0.4790496230125427 -0.05201907828450203 -0.19192251563072205 -0.2549534738063812 -0.42665404081344604
0.20307262241840363 -0.6968603730201721 -0.5378285050392151 -0.397476464509964 -0.06582105159759521 -0.13162995874881744 0.06512478739023209
0.08298405259847641 -0.8234459161758423 0.006159934680908918 0.43007519841194153 0.05454087629914284 0.20672379434108734 -0.2904108464717865
-0.25232622027397156 -0.6947764158248901 -0.6421712636947632 -0.12584543228149414 -0.054596491158008575 -0.08149788528680801 0.12559251487255096
-0.2989270091056824 0.18035444617271423 -0.3506709635257721 0.2763449251651764 0.5321983098983765 -0.6070308089256287 -0.1644895076751709
0.18173179030418396 -0.8498271703720093 0.3009917736053467 0.3106066882610321 -0.19919757544994354 0.10210496187210083 0.08711893856525421
-0.34932953119277954 -0.4200196862220764 -0.46318039298057556 -0.10194802284240723 0.5867354869842529 0.3555171489715576 0.0772785171866417
0.03660232573747635 0.3161655068397522 -0.2330324649810791 0.7097647190093994 0.26639890670776367 -0.3928700089454651 -0.33957982063293457
0.3775554597377777 0.45460638403892517 0.6638031601905823 0.2925449311733246 0.2150009125471115 0.12836404144763947 -0.2487269788980484
-0.14841768145561218 0.366671621799469 0.17245268821716309 -0.5809517502784729 0.2771265208721161 -0.6010438799858093 -0.1955154687166214
0.1957552433013916 -0.7721987366676331 0.17277903854846954 0.3041815757751465 -0.42712923884391785 0.14515751600265503 0.19874608516693115
0.23420077562332153 -0.540166437625885 -0.12280691415071487 0.7821990251541138 -0.1062881350517273 -0.1102537140250206 0.05477474257349968
0.3295179009437561 -0.29164135456085205 -0.5929092168807983 0.5797660946846008 -0.15849022567272186 -0.12251647561788559 -0.2802923023700714
-0.5303807854652405 0.25388264656066895 -0.24836573004722595 0.17764978110790253 0.3051227331161499 -0.08209008723497391 -0.679084837436676
0.14286372065544128 0.46599140763282776 0.7461022138595581 -0.04223189875483513 -0.1283159703016281 -0.3154754042625427 0.2966483533382416
0.4337029457092285 -0.7826678156852722 0.33804935216903687 0.016118066385388374 -0.2231486290693283 0.09572826325893402 0.16073785722255707
0.7791363596916199 -0.5590806603431702 0.18283770978450775 0.13870017230510712 -0.08986911177635193 0.09251964092254639 -0.10522154718637466
-0.45582523941993713 -0.717978298664093 -0.003676023567095399 -0.07324578613042831 0.46225208044052124 -0.03068448044359684 0.2381880283355713
-0.059964362531900406 0.28211599588394165 -0.6476049423217773 0.4904269576072693 0.39723819494247437 -0.10886312276124954 -0.2953890860080719
0.11200940608978271 0.3690994679927826 -0.5189892053604126 0.33115020394325256 0.19179998338222504 -0.6352721452713013 -0.17846940457820892
-0.29824838042259216 -0.8853563070297241 0.19442427158355713 -0.26489701867103577 -0.03428167477250099 0.05998842418193817 0.12019534409046173
-0.0019062112551182508 -0.6193647384643555 -0.6626385450363159 -0.3726317286491394 -0.08510584384202957 -0.15342068672180176 0.08751225471496582
0.7098886370658875 -0.6706697940826416 0.0768938735127449 0.07025758177042007 0.005423660855740309 0.14061205089092255 -0.12494082003831863
-0.4806133508682251 -0.0795397087931633 -0.38009217381477356 -0.26023876667022705 0.438005656003952 0.06119989603757858 -0.5957310795783997
-0.19653500616550446 -0.3699265718460083 -0.39492467045783997 -0.01635063625872135 0.5617695450782776 0.13288816809654236 -0.5788360834121704
-0.45656532049179077 0.017113741487264633 0.5290408730506897 -0.6174343228340149 -0.3165361285209656 -0.13538774847984314 0.10780055075883865
-0.39837828278541565 0.31184473633766174 -0.47443684935569763 0.13638438284397125 0.3931301534175873 -0.31958210468292236 -0.49363207817077637
-0.591087281703949 -0.031250037252902985 -0.2985333204269409 0.08957526832818985 0.5543907880783081 0.3043314218521118 -0.3905465304851532
0.2711445689201355 0.4543253481388092 -0.44218510389328003 0.49627619981765747 0.2508145272731781 -0.2840513586997986 -0.3669580817222595
-0.03380485996603966 -0.676734447479248 -0.19002081453800201 -0.5391414761543274 -0.23993097245693207 0.07709315419197083 0.3880669176578522
0.3295075595378876 0.5330634713172913 0.38582730293273926 -0.07252088934183121 -0.5027168989181519 0.0022386249620467424 0.4476794898509979
-0.4554087519645691 -0.7318390607833862 -0.30534714460372925 -0.15615880489349365 0.18384021520614624 0.3164462447166443 -0.07386898249387741
-0.31971514225006104 0.28242406249046326 0.5943945646286011 -0.5347880721092224 -0.09732694923877716 -0.3376779854297638 0.23498228192329407
-0.40710821747779846 0.38915830850601196 -0.6729145646095276 0.16437876224517822 0.286377489566803 -0.06007034704089165 -0.34258386492729187
0.18418923020362854 0.1867520660161972 0.9056686162948608 0.14114375412464142 0.09901783615350723 0.049678996205329895 -0.28065693378448486
-0.5412709712982178 0.03046930395066738 0.586860716342926 -0.43373239040374756 0.1685737669467926 0.27523231506347656 0.2634350657463074
0.4702856242656708 -0.13777616620063782 -0.13552793860435486 0.5377973914146423 0.3305131494998932 0.1432095766067505 -0.567897379398346
-0.18844638764858246 0.20527078211307526 -0.019191959872841835 -0.5528882145881653 -0.14236845076084137 -0.21056850254535675 0.742758572101593
-0.40196487307548523 0.5481763482093811 -0.5769774913787842 0.021867213770747185 0.17819011211395264 0.07568028569221497 -0.40873774886131287
0.44085317850112915 -0.11400025337934494 0.5271849036216736 -0.10703235119581223 -0.05270515754818916 0.4581206142902374 0.5390920042991638
0.35675114393234253 0.003985218703746796 -0.0499563105404377 0.44547781348228455 0.037191204726696014 0.2942511737346649 -0.7640678882598877
-0.3849211037158966 0.29762002825737 -0.5821593403816223 0.35428333282470703 0.3713519275188446 -0.10972444713115692 -0.3858628571033478
0.11144948750734329 0.3726603388786316 -0.165461927652359 0.5383631587028503 0.18667730689048767 0.024697737768292427 -0.7042956948280334
-0.5619813203811646 -0.6756908893585205 -0.4307584762573242 0.07997418940067291 -0.12587963044643402 0.13961632549762726 0.01821187697350979
0.21147528290748596 -0.7925068736076355 0.46176934242248535 0.03620431572198868 -0.2969268560409546 -0.027309397235512733 -0.15413618087768555
-0.0584457628428936 0.06469135731458664 -0.9455693364143372 -0.05798228830099106 0.2941981256008148 -0.03508449345827103 0.08457115292549133
-0.04770885407924652 0.5365725755691528 -0.4181111752986908 0.4700624346733093 0.23826606571674347 -0.1815250664949417 -0.47362020611763
-0.5311121940612793 0.3350241482257843 0.16292627155780792 -0.4460987150669098 0.23350323736667633 -0.5598044395446777 -0.11056609451770782
0.3642563819885254 0.1889072209596634 0.5534027218818665 -0.029331006109714508 -0.18450333178043365 0.6992594599723816 0.038873493671417236
0.08212321996688843 -0.034196313470602036 -0.697475790977478 -0.13246208429336548 0.18995752930641174 -0.4619617164134979 -0.4884415864944458
-0.11498751491308212 0.8366310596466064 -0.04574992507696152 -0.08500023931264877 0.40806710720062256 -0.12904706597328186 0.30714207887649536
0.6671966314315796 -0.35547003149986267 -0.45557650923728943 -0.08024042099714279 0.04211270809173584 -0.45956292748451233 -0.03911280632019043
-0.43814030289649963 0.4000735580921173 -0.6328611373901367 0.06822417676448822 0.45471465587615967 -0.1659216284751892 -0.09225534647703171
-0.3674394190311432 0.3155724108219147 0.4679434895515442 -0.22513636946678162 0.6555033922195435 -0.24799688160419464 -0.06751015782356262
-0.4022153615951538 0.6004767417907715 0.08719385415315628 -0.19810329377651215 0.21093134582042694 -0.10973504930734634 -0.6117753386497498
-0.2253209501504898 -0.06741855293512344 -0.8679846525192261 -0.1285487413406372 -0.10823878645896912 -0.4006107747554779 0.05058066174387932
-0.3923496603965759 0.3832547664642334 0.3080041706562042 -0.6772348284721375 0.2619079053401947 0.22527362406253815 -0.16223455965518951
-0.3415870666503906 -0.6946483850479126 -0.17904412746429443 0.06147480383515358 0.16190595924854279 0.5788071155548096 -0.06094852834939957
-0.6218495965003967 -0.2899364233016968 -0.6149569153785706 0.1195603758096695 0.23373590409755707 -0.2866020202636719 -0.00023313936253543943
0.429608017206192 -0.7356339693069458 0.25000622868537903 0.12229514867067337 0.13542139530181885 -0.3919646441936493 -0.15762366354465485
-0.021504053846001625 -0.8528591990470886 0.3649067282676697 0.06689848750829697 -0.32175350189208984 0.1261502057313919 0.12287106364965439
-0.15503977239131927 -0.4523864686489105 -0.4971715211868286 -0.13589634001255035 0.5197069048881531 0.3106415271759033 0.37291890382766724
0.146244615316391 -0.29647958278656006 -0.16261236369609833 0.3475557267665863 0.058530837297439575 0.4476790428161621 -0.7345966696739197
0.2748812437057495 -0.7761821746826172 0.38341274857521057 0.2298189252614975 -0.18779721856117249 0.18052013218402863 0.23303256928920746
0.5499652624130249 -0.3907619118690491 -0.10597488284111023 0.14138951897621155 -0.38954028487205505 0.36130282282829285 0.48097842931747437
-0.008379545994102955 -0.6292118430137634 0.43993499875068665 0.417555570602417 -0.16097556054592133 0.0661471039056778 -0.45369383692741394
-0.4311383366584778 0.2322966456413269 -0.18416917324066162 0.2982977628707886 0.42624717950820923 -0.04351712390780449 -0.6735560297966003
-0.16310285031795502 0.0030192688573151827 -0.8332679867744446 0.18378828465938568 0.12022601813077927 -0.468995064496994 0.10423029959201813
-0.15805445611476898 -0.22481019794940948 -0.6091412901878357 -0.19674471020698547 0.1485290229320526 0.6567735075950623 -0.24759913980960846
-0.3351297676563263 -0.21176163852214813 0.495580792427063 -0.4525042176246643 -0.4940287172794342 0.24968008697032928 0.2933940589427948
-0.3576989471912384 -0.789031445980072 0.008153020404279232 -0.1549759805202484 -0.44533365964889526 0.13091719150543213 0.09967727214097977
0.25532180070877075 -0.6969095468521118 -0.12817631661891937 0.254537969827652 -0.3252393901348114 0.3413568437099457 0.3815808594226837
0.10488885641098022 -0.7141535878181458 -0.23698672652244568 -0.5282757878303528 0.07406630367040634 0.09110314399003983 -0.36049890518188477
0.22950376570224762 0.4583231806755066 -0.3922624886035919 0.4180334210395813 0.6183246970176697 0.0735333189368248 -0.144615039229393
0.13481463491916656 -0.39873507618904114 0.07837862521409988 0.5371593236923218 -0.08403487503528595 0.16847120225429535 -0.7019312381744385
-0.22275397181510925 0.48698699474334717 -0.6729273200035095 0.019286658614873886 0.492529034614563 0.0727045014500618 0.11022865772247314
-0.09469519555568695 -0.7433323264122009 -0.05313318595290184 0.3049342632293701 -0.3951008915901184 -0.1451255828142166 -0.4068363904953003
-0.29111993312835693 0.10308334231376648 0.6022409200668335 -0.3659864068031311 0.12500804662704468 0.6013378500938416 0.17535245418548584
0.10419425368309021 0.42357346415519714 -0.18086758255958557 0.2990102171897888 0.7630506753921509 -0.308967262506485 0.09950780123472214
0.4530222713947296 -0.09665194898843765 -0.5495427846908569 0.16241410374641418 -0.5969747304916382 0.18511152267456055 0.2576983571052551
-0.458192378282547 0.24429258704185486 -0.3669305145740509 0.19288916885852814 0.6071457862854004 -0.05390600860118866 -0.4324405789375305
0.12621386349201202 0.24999994039535522 0.8492008447647095 0.17328785359859467 0.29436853528022766 -0.15683773159980774 -0.24320460855960846
-0.01246587187051773 0.02745947241783142 0.2982354164123535 -0.9057807326316833 0.03801608458161354 0.1989622265100479 -0.22062712907791138
0.04812948405742645 -0.1602058708667755 0.54271000623703 -0.2877098321914673 -0.7396140694618225 -0.06092951074242592 0.20967870950698853
-0.01320998091250658 -0.014955888502299786 0.9513065814971924 -0.2046070396900177 0.1349942684173584 -0.011216678656637669 -0.18548355996608734
0.45814624428749084 -0.050304412841796875 -0.14495481550693512 0.7247326374053955 -0.33170390129089355 0.24423709511756897 -0.2676619291305542
-0.5635059475898743 0.6732433438301086 0.2919108271598816 -0.3347693681716919 -0.022058675065636635 0.09144920855760574 -0.15189605951309204
-0.7286523580551147 -0.4130116105079651 -0.03169022873044014 -0.005291994661092758 0.16215340793132782 0.17860588431358337 -0.48914316296577454
-0.2526033818721771 -0.9121477603912354 -0.045791223645210266 -0.07215408980846405 0.11989302933216095 0.2792889177799225 0.06706983596086502
-0.4516735076904297 0.697968065738678 0.17471425235271454 0.02094167098402977 0.009996804408729076 -0.13461443781852722 -0.5095556378364563
-0.24854020774364471 0.060960885137319565 -0.4385312795639038 -0.3986084461212158 0.08127464354038239 -0.33710142970085144 -0.6804926991462708
-0.2500280737876892 0.42919519543647766 -0.42018699645996094 0.11373140662908554 -0.11119135469198227 -0.4540833830833435 -0.5875629782676697
0.0428423248231411 -0.13304436206817627 -0.5745402574539185 0.3099380135536194 0.7154390811920166 0.09779033064842224 -0.18135464191436768
-0.14673008024692535 0.10122286528348923 -0.8374001979827881 0.27473679184913635 0.32829758524894714 -0.09982264041900635 0.2715899348258972
0.26631298661231995 0.5984933376312256 0.6537283658981323 0.3314439058303833 -0.17995192110538483 -0.016739750280976295 -0.03169167786836624
-0.2226664125919342 -0.770275354385376 -0.10178735107183456 -0.26837965846061707 -0.1896325647830963 0.45578256249427795 0.17609424889087677
-0.012484373524785042 0.5640291571617126 -0.37145155668258667 0.3275257349014282 0.023759355768561363 -0.4500574469566345 -0.4830627739429474
0.20869441330432892 -0.5589081645011902 -0.6798529028892517 -0.21832707524299622 -0.3350011110305786 0.07902257889509201 -0.12542475759983063
-0.2271842509508133 0.6448003053665161 0.16378644108772278 -0.18487878143787384 0.440536767244339 -0.45941057801246643 0.2578430473804474
-0.041929829865694046 0.08560623973608017 -0.9230639338493347 -0.21699835360050201 -0.0025561570655554533 -0.14983148872852325 0.2632909417152405
0.15506994724273682 -0.0870656669139862 -0.31536951661109924 0.6772290468215942 0.0353495255112648 -0.4236348569393158 -0.4791238605976105
-0.21968625485897064 0.026774995028972626 -0.88360595703125 0.2269812971353531 -0.07783281058073044 -0.30500665307044983 -0.14019303023815155
-0.38197964429855347 -0.5312555432319641 -0.6792407035827637 -0.17239311337471008 -0.21074120700359344 -0.0031967449467629194 -0.19065611064434052
-0.2564102113246918 -0.35069817304611206 -0.6346963047981262 -0.3710971474647522 0.12859028577804565 -0.4433572590351105 -0.24002283811569214
0.47267940640449524 -0.2628113031387329 -0.1873893290758133 0.4988517761230469 0.2001711130142212 -0.5245687365531921 0.329083114862442
0.3205931484699249 -0.46153053641319275 0.3513008654117584 0.61696457862854 -0.09419599920511246 0.2240249067544937 -0.34798288345336914
0.03700728341937065 0.43869486451148987 -0.7249287366867065 0.013902226462960243 0.4921824634075165 -0.18130774796009064 0.07311824709177017
0.3930145502090454 -0.6270424127578735 -0.07648766040802002 0.39951664209365845 -0.428209513425827 -0.0618758387863636 -0.315755158662796
-0.4603455364704132 -0.0233601164072752 -0.4239773750305176 -0.18834538757801056 0.5932598114013672 -0.03515484929084778 -0.46809443831443787
0.1588657647371292 0.48927146196365356 0.10256302356719971 -0.7572046518325806 -0.011916988529264927 -0.38776177167892456 0.03155576065182686
-0.13534002006053925 -0.8339685201644897 0.017713572829961777 -0.1359005719423294 -0.08473832160234451 0.466648131608963 0.20604835450649261
-0.5447189211845398 -0.6696270704269409 -0.15984371304512024 -0.07904716581106186 0.3592238426208496 0.30036115646362305 0.06183630973100662
0.16677363216876984 0.5777375102043152 -0.34745535254478455 0.37216368317604065 0.6027326583862305 0.06452741473913193 -0.10827969759702682
0.3233487606048584 -0.10851812362670898 0.13866741955280304 -0.5208661556243896 -0.3088771104812622 -0.047912850975990295 0.7038739323616028
-0.16811689734458923 -0.5913594961166382 0.08147729933261871 -0.25410526990890503 -0.2910889685153961 0.6826987266540527 0.0035021593794226646
-0.315915048122406 0.26569852232933044 -0.5024557113647461 0.2877943813800812 0.2963297367095947 -0.3981887400150299 -0.49794483184814453
0.41353142261505127 -0.7931721806526184 0.16347907483577728 0.11825142055749893 -0.371158629655838 -0.06998799741268158 0.12846703827381134
-0.5868181586265564 -0.6448573470115662 -0.1039935052394867 -0.15576225519180298 0.38411471247673035 0.17899341881275177 0.15856900811195374
-0.07944973558187485 0.7703327536582947 0.5805858373641968 0.016258418560028076 0.05491016432642937 -0.21653325855731964 0.1141454204916954
0.24226100742816925 -0.6747862696647644 0.1852518767118454 0.6031027436256409 -0.03892850875854492 0.15112800896167755 -0.2521245777606964
0.31611475348472595 -0.3534567356109619 0.6848516464233398 -0.3121829628944397 -0.4441375136375427 0.06974954158067703 -0.08084996789693832
-0.05084274709224701 0.10929924249649048 0.7984564900398254 0.023389337584376335 -0.4983160197734833 -0.08637518435716629 -0.3026704490184784
-0.04596875607967377 0.21153901517391205 -0.12109092622995377 0.6839368343353271 0.660868763923645 -0.11998571455478668 -0.13986197113990784
-0.39488643407821655 -0.036373309791088104 0.431845486164093 -0.6993048191070557 0.27154994010925293 0.30147063732147217 -0.0509895458817482
-0.3568930923938751 -0.80119389295578 0.31162548065185547 -0.21847009658813477 -0.23456956446170807 0.16935640573501587 0.04659904167056084
-0.1261315792798996 0.6768584847450256 0.31677013635635376 -0.22333422303199768 0.10850127041339874 0.34870344400405884 -0.492306113243103
0.3495635986328125 0.7754419445991516 0.05262655019760132 0.21690711379051208 0.33758991956710815 0.31731942296028137 -0.10962777584791183
-0.054676976054906845 0.32453933358192444 -0.4394001364707947 0.022572148591279984 0.8163301348686218 -0.15936382114887238 0.0794413611292839
-0.21817709505558014 -0.826386034488678 0.0918392688035965 -0.21462994813919067 -0.05558474734425545 -0.159392848610878 0.43184322118759155
-0.16114743053913116 0.4713019132614136 0.3227778673171997 -0.6127740144729614 0.22157585620880127 0.0029490264132618904 -0.47235995531082153
0.3806307315826416 -0.06313745677471161 -0.3238592743873596 0.44649237394332886 0.15752027928829193 -0.5985448956489563 -0.4047529399394989
0.09789346903562546 0.22178983688354492 -0.08586271107196808 0.6809534430503845 -0.3058216869831085 0.06569121778011322 -0.6101752519607544
0.35861390829086304 -0.012977223843336105 -0.47620251774787903 0.6572631597518921 -0.14722004532814026 -0.33442631363868713 0.2809789478778839
0.3056640923023224 -0.39275678992271423 -0.018542511388659477 0.7066422700881958 0.0009729138109833002 0.4616202414035797 -0.198822021484375
-0.3229728639125824 0.3476264774799347 -0.6861386895179749 0.2245696783065796 0.45670589804649353 -0.06171660125255585 -0.20306997001171112
-0.4940183460712433 -0.045781418681144714 -0.5433766841888428 0.1550081968307495 0.5680716633796692 0.24054545164108276 -0.2323720008134842
0.19145576655864716 0.9114533066749573 0.019635984674096107 0.24001047015190125 0.18695971369743347 0.19434824585914612 0.043379418551921844
-0.4362616240978241 -0.03810517117381096 0.3944101631641388 -0.39634209871292114 0.014118988998234272 0.6964712738990784 0.10151718556880951
0.14507797360420227 0.3809448778629303 -0.25972652435302734 0.4562980532646179 0.10675601661205292 -0.39462292194366455 -0.6253346800804138
-0.36624714732170105 -0.7103036642074585 -0.5212202072143555 -0.23719707131385803 -0.14577993750572205 0.02954227477312088 -0.1061801090836525
0.2927933931350708 -0.17503094673156738 -0.057728514075279236 -0.057393983006477356 0.16160017251968384 -0.4148843586444855 -0.8238725662231445
0.015747450292110443 0.013973308727145195 -0.07777565717697144 0.5795847177505493 -0.316503643989563 -0.15013457834720612 -0.7313510179519653
0.06964826583862305 -0.8088673949241638 0.03035372495651245 0.2488548904657364 -0.4571875333786011 0.2418406456708908 0.10259241610765457
-0.103674978017807 0.1146598532795906 0.7830358147621155 -0.08147913962602615 -0.28127968311309814 0.40991368889808655 -0.33041349053382874
-0.6017931699752808 0.3321970999240875 -0.449721097946167 0.06463952362537384 0.33240780234336853 -0.30535298585891724 -0.34253087639808655
-0.30699029564857483 0.13102813065052032 0.5530951023101807 -0.32455429434776306 -0.14062996208667755 0.6707832217216492 0.0872463807463646
0.1380951851606369 -0.7079294323921204 -0.3609749376773834 0.06138554587960243 0.045391179621219635 0.575711190700531 -0.11041200906038284
-0.14077508449554443 0.32773125171661377 -0.6917338967323303 0.018157046288251877 0.4295159578323364 -0.35624557733535767 -0.28732264041900635
-0.43510377407073975 0.575675368309021 0.0907939150929451 -0.15636257827281952 0.44406095147132874 -0.498971164226532 -0.020671918988227844
-0.48581433296203613 -0.7234198451042175 -0.16941764950752258 0.004235307220369577 0.36191022396087646 0.28305870294570923 0.028750797733664513
-0.03383591026067734 0.18288548290729523 0.12486778944730759 0.5007354021072388 0.6869950294494629 -0.39208370447158813 -0.2709028124809265
0.3367672264575958 0.34537607431411743 -0.29148566722869873 0.2974754571914673 0.40571916103363037 -0.25250500440597534 -0.6045500636100769
-0.2206997573375702 -0.7230116724967957 -0.1548672765493393 0.22314928472042084 0.2138393521308899 0.5303928852081299 -0.1665005385875702
-0.4272018074989319 -0.21583715081214905 -0.36906611919403076 -0.16185782849788666 0.2172570526599884 0.4078001081943512 -0.6284931898117065
0.06076890602707863 0.4283713698387146 -0.45806461572647095 0.5926316976547241 0.08597902953624725 -0.04529346153140068 -0.492265909910202
-0.14363917708396912 -0.2012653946876526 0.5236839652061462 -0.8011574149131775 0.15069688856601715 0.0029530746396631002 0.0065980711951851845
-0.08786756545305252 -0.7964182496070862 -0.09845118969678879 -0.0036242997739464045 -0.0881790965795517 -0.051976535469293594 0.5812180638313293
0.07108935713768005 -0.06705504655838013 -0.3021707832813263 0.6327645182609558 -0.10527853667736053 -0.335904061794281 -0.6122390627861023
-0.3181869387626648 0.30000030994415283 -0.5027835369110107 0.05771483853459358 0.6198888421058655 0.03110208734869957 -0.40915173292160034
0.49645981192588806 -0.3119293451309204 -0.09936719387769699 0.6310662031173706 0.06336280703544617 0.32449764013290405 -0.3725532591342926
-0.11206167191267014 -0.3142709732055664 -0.26780965924263 0.6901461482048035 -0.5069519877433777 -0.2752007842063904 -0.08897455781698227
-0.361154168844223 0.3314359188079834 -0.4406312108039856 0.14941029250621796 0.5659226775169373 -0.170251727104187 -0.44043663144111633
-0.4568358063697815 -0.1711452156305313 -0.4393344521522522 -0.13586926460266113 0.5074796676635742 0.1361553817987442 -0.5238903164863586
0.469963937997818 -0.353523850440979 -0.3979719877243042 0.6214263439178467 -0.25998803973197937 0.13047268986701965 -0.15806788206100464
0.14965486526489258 -0.3655337393283844 0.3036462962627411 0.532019853591919 -0.39255329966545105 0.4209529161453247 -0.3707328736782074
-0.45553407073020935 0.6378462314605713 0.42502638697624207 -0.28295764327049255 0.057087745517492294 -0.33164533972740173 -0.10807756334543228
0.30568698048591614 -0.2619481682777405 0.7966325283050537 -0.18710312247276306 0.18852511048316956 -0.3625394403934479 0.03648402541875839
-0.3984222412109375 0.5276282429695129 0.30444011092185974 -0.4864596724510193 0.21550525724887848 0.23927032947540283 -0.3603450357913971
-0.2238481342792511 0.03552114591002464 -0.9456420540809631 -0.09317412227392197 0.15928193926811218 0.0013811014359816909 -0.14260916411876678
-0.5915162563323975 0.1251983940601349 0.5327213406562805 -0.3696352243423462 0.07496552914381027 0.2650046944618225 -0.3717045783996582
-0.02133464440703392 -0.10319294035434723 0.8255327939987183 0.06734180450439453 -0.14372263848781586 -0.5290277004241943 -0.04827170446515083
-0.552330732345581 -0.22991538047790527 -0.7372390627861023 -0.1704111248254776 -0.08607787638902664 -0.1251649558544159 -0.21548229455947876
-0.1600109338760376 0.7120734453201294 -0.11116140335798264 -0.2872367203235626 0.06429711729288101 -0.5762531757354736 -0.19048409163951874
0.1271573156118393 0.5029600262641907 -0.20951856672763824 0.5730389952659607 0.360159695148468 0.18678928911685944 -0.4404374957084656
0.12145296484231949 -0.30106648802757263 0.25400733947753906 0.3387642204761505 0.1528157740831375 -0.2588697373867035 -0.7905447483062744
0.16051925718784332 -0.7434152960777283 0.17750409245491028 0.29567456245422363 -0.5072166323661804 0.0909050926566124 0.19262340664863586
-0.4106520414352417 0.48892179131507874 0.32069897651672363 -0.6558911204338074 -0.2429947406053543 0.0049588424153625965 0.014439375139772892
0.3324569761753082 -0.6391902565956116 0.19381926953792572 0.20158135890960693 -0.07493927329778671 -0.29963943362236023 0.5543532967567444
-0.06791599094867706 0.4802902340888977 -0.3514665961265564 0.4006495177745819 0.35145971179008484 0.3945727050304413 -0.44882991909980774
0.08960901200771332 0.7900984883308411 -0.28061845898628235 -0.1734481006860733 0.38770046830177307 0.3115077018737793 -0.10740069299936295
0.38686105608940125 -0.593718945980072 0.3471266031265259 0.018661191686987877 -0.24733546376228333 -0.04557052254676819 -0.5601247549057007
0.3897756338119507 -0.8263713717460632 0.21341629326343536 0.10626073181629181 -0.29533660411834717 0.14105570316314697 -0.035028696060180664
-0.2651037275791168 -0.6394333839416504 -0.33321359753608704 -0.34442150592803955 0.29817765951156616 0.17042194306850433 -0.416213721036911
0.25302430987358093 -0.18791264295578003 0.043386898934841156 0.5071696639060974 0.6885848045349121 -0.36865124106407166 -0.17751431465148926
0.2791137397289276 0.6596202254295349 0.509938657283783 -0.005282245576381683 -0.10542348027229309 -0.24853740632534027 -0.3924875259399414
0.04578720033168793 -0.29600730538368225 -0.9108632206916809 0.08395364880561829 0.1964471936225891 -0.12556107342243195 0.13858568668365479
-0.019575487822294235 -0.45536133646965027 -0.42396435141563416 -0.47390973567962646 -0.29572752118110657 -0.5406776070594788 -0.0902196541428566
0.12510786950588226 0.04011686146259308 0.7649281024932861 -0.011980627663433552 -0.5777596235275269 0.1077846884727478 0.22815856337547302
0.4317927360534668 -0.2403046190738678 0.016148319467902184 0.5130926370620728 0.5427074432373047 -0.21726147830486298 -0.38800764083862305
-0.35299718379974365 0.01597263477742672 0.48566824197769165 -0.5522246956825256 0.006268149707466364 -0.36655983328819275 0.44710904359817505
0.3053719699382782 -0.7360817193984985 -0.2888714671134949 -0.4316736161708832 0.19023187458515167 0.2182733118534088 -0.10635489970445633
-0.4128815531730652 0.37224671244621277 0.3511068820953369 -0.6663029193878174 -0.3341922461986542 0.09259092062711716 0.058890122920274734
0.15432493388652802 0.7861180901527405 0.3586113452911377 0.2104550302028656 0.3450150787830353 -0.043163787573575974 -0.25379133224487305
-0.4423888623714447 0.19652515649795532 -0.436949223279953 0.20231924951076508 0.544073224067688 -0.4230554401874542 -0.24252961575984955
0.35934191942214966 -0.4512242078781128 -0.13037776947021484 0.422351211309433 -0.5206043124198914 -0.4470753073692322 -0.03140246123075485
0.41879069805145264 -0.7355201244354248 0.2875986397266388 -0.14194747805595398 -0.35333147644996643 0.17660124599933624 -0.15726210176944733
0.7316665649414062 -0.6522982716560364 0.14846235513687134 0.06825456023216248 0.011969600804150105 -0.014933195896446705 -0.11002274602651596
-0.2916516959667206 0.8865228295326233 0.07778467237949371 -0.000201851362362504 0.08279988169670105 0.16970151662826538 -0.2954854667186737
-0.782645583152771 0.5453157424926758 0.18506713211536407 -0.18957725167274475 0.06544177234172821 -0.10413828492164612 0.06913530081510544
0.3566546142101288 -0.6530554890632629 0.23344333469867706 0.4553200304508209 0.24251897633075714 -0.1617313176393509 -0.3154860734939575
0.2970835566520691 -0.22075054049491882 -0.10515876114368439 -0.0407496877014637 -0.4484085440635681 -0.2723369300365448 -0.7583232522010803
0.22031736373901367 -0.4483601450920105 -0.3688432276248932 0.2904425263404846 -0.6515515446662903 -0.3230293393135071 -0.034116230905056
0.5409324765205383 -0.7076435685157776 0.14120718836784363 -0.061108630150556564 -0.16830667853355408 -0.21405041217803955 0.3298698365688324
-0.0233668964356184 0.16582109034061432 -0.10604522377252579 0.45161908864974976 0.7827168703079224 -0.35546788573265076 -0.13322417438030243
0.0387277789413929 -0.3479776382446289 -0.6848145723342896 -0.3419136703014374 -0.17907993495464325 -0.029207810759544373 -0.5085400342941284
0.1050708070397377 0.6903730630874634 -0.4818311631679535 0.4546906650066376 0.17604663968086243 -0.19825613498687744 0.05605727806687355
0.5007693767547607 -0.43084436655044556 -0.39328548312187195 0.6299033164978027 -0.10302656143903732 -0.038557104766368866 0.007098579779267311
-0.3695141673088074 0.3349504768848419 -0.4348939061164856 0.1491861790418625 0.5519179105758667 -0.1643516570329666 -0.4563479423522949
-0.11812195926904678 0.010672269389033318 -0.6761282086372375 -0.018772590905427933 0.7139272689819336 0.13628742098808289 -0.012846452184021473
-0.2743472456932068 0.020893260836601257 -0.9140973687171936 0.0686875507235527 0.27084147930145264 -0.0644727349281311 -0.08058129251003265
0.0778789147734642 -0.3415181338787079 0.25346314907073975 0.41673073172569275 0.056506261229515076 -0.1216295138001442 -0.7882927656173706
-0.401090532541275 0.4353295564651489 -0.4217815101146698 -0.018746981397271156 0.5104489326477051 -0.016510214656591415 -0.4588383734226227
0.21070976555347443 0.11316682398319244 0.8948588371276855 0.07722000032663345 0.10413733869791031 -0.08062592893838882 -0.34454968571662903
0.12111339718103409 -0.14484965801239014 -0.8269434571266174 -0.2892855703830719 0.30259284377098083 -0.29286593198776245 0.13962702453136444
-0.08282291889190674 0.7963388562202454 -0.049082908779382706 -0.035168249160051346 0.5001851916313171 0.3235985040664673 0.020918505266308784
-0.15029649436473846 0.521006166934967 0.18019111454486847 -0.5973623394966125 0.520612895488739 -0.02903350070118904 -0.2115945965051651
-0.014804729260504246 0.7681429386138916 0.20376959443092346 0.2955307960510254 0.2407999038696289 0.23356489837169647 -0.4102920591831207
-0.09082550555467606 -0.28651049733161926 -0.568759560585022 -0.6510305404663086 -0.2551358640193939 -0.2944461703300476 0.1026715338230133
-0.12393375486135483 0.20095965266227722 0.3480161428451538 -0.8426095843315125 -0.19551466405391693 -0.06933826953172684 0.2647936940193176
0.1228875070810318 0.023311756551265717 -0.6539536714553833 -0.2999024987220764 0.6427531838417053 0.1801358461380005 -0.14552581310272217
0.06280187517404556 -0.6154787540435791 0.4422336518764496 0.46121516823768616 -0.16707664728164673 0.08646445721387863 -0.41660675406455994
0.451729953289032 0.07435289025306702 -0.2394762635231018 0.6360481977462769 -0.23244288563728333 -0.3374980390071869 0.40071311593055725
-0.08823417872190475 0.6241477131843567 -0.10488304495811462 -0.6663653254508972 -0.05045424774289131 0.03875088691711426 -0.37889814376831055
0.3622371256351471 0.2602807879447937 0.1761130541563034 -0.09701239317655563 -0.637580394744873 0.27411457896232605 0.5281699299812317
0.13317304849624634 -0.05897778645157814 -0.7755165100097656 -0.3372442126274109 0.4174935519695282 -0.2892630100250244 0.0751870796084404
0.1408822238445282 -0.8340851664543152 0.39040276408195496 0.20162972807884216 -0.06675434112548828 0.10144326090812683 0.2768363952636719
-0.3943449556827545 0.09149971604347229 0.40443822741508484 -0.37825894355773926 -0.17100481688976288 0.7007907032966614 0.09549621492624283
0.4900948107242584 0.3308938145637512 0.62557452917099 0.026655863970518112 -0.13691678643226624 0.02326987497508526 0.48885032534599304
0.08195572346448898 -0.44181475043296814 0.03827432170510292 0.4719768166542053 -0.5619900226593018 -0.058811087161302567 -0.5045438408851624
0.7287505865097046 -0.5994563102722168 0.06245562806725502 0.04072846844792366 -0.1147347092628479 0.2249164879322052 -0.20065824687480927
0.2283494919538498 -0.5067710280418396 -0.7101466059684753 -0.015433977358043194 0.11476363986730576 -0.41017550230026245 -0.07126489281654358
0.0879208892583847 0.5486783981323242 0.2418910562992096 0.31005844473838806 0.6684927940368652 -0.2878199815750122 0.08277404308319092
-0.5196479558944702 0.366158127784729 0.5408638715744019 -0.2999544143676758 0.10696196556091309 -0.39496996998786926 0.21434947848320007
-0.19969472289085388 -0.7814785838127136 0.2480238676071167 -0.11853034794330597 -0.4229939579963684 0.29955005645751953 -0.07206763327121735
0.6190377473831177 -0.5230679512023926 0.004930905066430569 -0.06252747774124146 -0.4876450002193451 0.28873011469841003 0.13451898097991943
0.178760826587677 0.9497503638267517 -0.0864223837852478 0.06924998015165329 0.18065215647220612 -0.006283563561737537 -0.1451888531446457
-0.2210577428340912 -0.16752061247825623 -0.5824840664863586 0.21070875227451324 0.7097823619842529 0.18053658306598663 -0.05477257817983627
-0.10584361106157303 0.13657252490520477 -0.5888656377792358 0.27570104598999023 0.629335343837738 0.06792473793029785 -0.3830072581768036
-0.32654017210006714 -0.4941028356552124 -0.3553001582622528 0.27465859055519104 -0.04118583723902702 -0.36412253975868225 -0.5597114562988281
0.09871979057788849 0.5057547092437744 -0.19391416013240814 0.36016491055488586 0.45208972692489624 -0.14915278553962708 -0.5835353136062622
-0.25317075848579407 -0.5920552611351013 -0.6190865635871887 0.028361065313220024 -0.271141916513443 0.18497681617736816 -0.30588942766189575
-0.17062821984291077 -0.30508342385292053 -0.49776557087898254 -0.6379584670066833 -0.38977670669555664 -0.24019034206867218 -0.11589322984218597
0.3351996839046478 -0.2568223178386688 -0.4956648647785187 -0.6170567870140076 0.16466307640075684 0.4091044068336487 0.02757568471133709
-0.39834603667259216 0.6473867297172546 0.10254359990358353 -0.1457371711730957 0.62009197473526 -0.005715852603316307 -0.07687358558177948
-0.22384868562221527 -0.4661795496940613 0.15341496467590332 0.6694338917732239 -0.39942795038223267 -0.10501739382743835 -0.30053138732910156
-0.5315399169921875 0.4975155293941498 0.30287376046180725 -0.39461082220077515 0.44958868622779846 0.04612407833337784 -0.13504043221473694
-0.5609011650085449 -0.33115944266319275 -0.18636471033096313 -0.1407332569360733 0.2900601029396057 0.07976332306861877 -0.6562686562538147
-0.5811164379119873 -0.560690701007843 -0.3512314260005951 -0.008711609989404678 0.29579222202301025 0.3455944061279297 -0.13252060115337372
-0.0538272000849247 -0.15923140943050385 0.9538131952285767 0.12638884782791138 -0.14628945291042328 -0.068201944231987 -0.1412874460220337
0.2880789041519165 -0.1671915203332901 -0.12268189340829849 0.5183708071708679 0.6806329488754272 0.06280054152011871 -0.37160906195640564
0.7441710829734802 -0.6245081424713135 0.1074892207980156 0.12129350006580353 -0.03284915164113045 0.1301017552614212 -0.10921286791563034
0.1107577234506607 0.31483975052833557 -0.2360887974500656 0.5780421495437622 0.565553605556488 0.0008577504777349532 -0.42294976115226746
-0.1425098031759262 0.1317804753780365 0.44770097732543945 -0.8179236054420471 -0.08978152275085449 -0.2751530408859253 0.09549775719642639
0.013915428891777992 0.18067105114459991 0.16479825973510742 0.7945126295089722 0.39822137355804443 -0.10454509407281876 -0.3731563687324524
-0.248031884431839 -0.055327896028757095 -0.8799574375152588 -0.07734370231628418 0.3296278715133667 -0.2145228087902069 -0.020910292863845825
-0.7591554522514343 0.5525471568107605 0.21183547377586365 -0.20495770871639252 0.13200004398822784 -0.04384614899754524 0.11020994931459427
0.31672683358192444 -0.29808980226516724 0.6758185029029846 -0.01229546032845974 -0.28756242990493774 0.397927850484848 0.3360150456428528
-0.10532818734645844 -0.7626601457595825 -0.15892857313156128 -0.5002687573432922 0.03616590425372124 0.15892846882343292 -0.3242871165275574
-0.5386216044425964 0.3337501585483551 -0.24110901355743408 0.04577884450554848 0.6002476215362549 -0.20502188801765442 -0.3686966001987457
0.12291295826435089 -0.682086706161499 -0.05630173906683922 0.6791428327560425 -0.19168318808078766 -0.13044723868370056 -0.03855087608098984
0.2100345641374588 0.37948814034461975 0.6645667552947998 -0.15050217509269714 -0.11697597056627274 -0.564922571182251 -0.1214638277888298
0.33836987614631653 -0.6133220791816711 0.1709533929824829 0.14504191279411316 -0.22528235614299774 0.4085509181022644 0.49133867025375366
0.07085493952035904 -0.45821312069892883 -0.489642471075058 -0.5257678627967834 0.4513106644153595 0.039691854268312454 -0.2521548271179199
-0.003628778038546443 -0.2676856517791748 -0.8692389130592346 0.27540528774261475 -0.004707295447587967 0.10729686170816422 -0.29218509793281555
-0.2741488814353943 0.38178950548171997 0.2630328834056854 -0.5956459045410156 0.1286456137895584 0.44439613819122314 -0.37558120489120483
-0.04929177835583687 0.2087750881910324 -0.5304635763168335 -0.13392946124076843 0.6932087540626526 0.09517989307641983 -0.40627193450927734
0.5001073479652405 -0.1559765785932541 -0.1247832402586937 0.46782684326171875 0.18356353044509888 0.3344477713108063 -0.5878607034683228
0.12711937725543976 -0.25471094250679016 0.6470368504524231 -0.4361526370048523 -0.2864820957183838 0.38035160303115845 0.2886829972267151
-0.27324098348617554 -0.5518534183502197 -0.33401361107826233 -0.21238619089126587 0.10427512228488922 0.6729326844215393 0.020309926941990852
0.28944456577301025 -0.30269956588745117 -0.4349803924560547 0.47257500886917114 -0.6347435116767883 -0.08782096207141876 -0.03805023059248924
-0.015769200399518013 0.29894953966140747 -0.2886299788951874 0.5238069295883179 0.560191810131073 -0.4019694924354553 0.2780381441116333
-0.5585902333259583 0.3623437285423279 0.37069207429885864 -0.24186265468597412 0.263845294713974 -0.5355522036552429 0.06590437144041061
0.3873983919620514 -0.4251704216003418 -0.18351110816001892 0.33901846408843994 -0.6069944500923157 0.1760036051273346 -0.34802740812301636
-0.4263193607330322 0.13620926439762115 0.4865359365940094 -0.6758846640586853 -0.08936580270528793 -0.05727685987949371 0.3080497980117798
-0.2717227339744568 0.8123345375061035 -0.00032721678144298494 -0.14541862905025482 0.44642800092697144 0.06854961812496185 -0.20281916856765747
-0.3239733874797821 0.35795533657073975 -0.35511288046836853 -0.18129558861255646 0.24576209485530853 -0.43527036905288696 -0.5983951091766357
-0.3189064562320709 0.25592508912086487 0.15059134364128113 -0.8558444976806641 -0.043969765305519104 -0.2751276195049286 0.004994677379727364
-0.6205876469612122 0.22223646938800812 0.43337196111679077 -0.4731566309928894 -0.20340324938297272 -0.2570265531539917 -0.21530894935131073
-0.2165369987487793 -0.36063283681869507 -0.5122648477554321 -0.26430457830429077 0.44288456439971924 0.3812025189399719 -0.3864211440086365
0.2735442817211151 -0.4903578758239746 0.01282601710408926 0.4844106137752533 0.38993197679519653 -0.03302747383713722 -0.5447630286216736
-0.09611204266548157 -0.8969162106513977 0.14867715537548065 0.024841612204909325 -0.08866988867521286 -0.2920703887939453 0.26535657048225403
-0.37138694524765015 0.37893712520599365 0.25050005316734314 -0.7107807993888855 -0.1859259158372879 -0.10104930400848389 -0.3251757025718689
-0.438559353351593 0.3318834900856018 -0.44042158126831055 0.018714338541030884 0.677290141582489 -0.04001391679048538 -0.20706160366535187
0.25469037890434265 -0.09358827769756317 0.9598356485366821 -3.6896592519042315e-06 0.011019510217010975 -0.022257113829255104 -0.06687947362661362
-0.4938705861568451 0.4440976083278656 -0.6054047346115112 0.04333913326263428 0.24509361386299133 -0.01487549114972353 -0.3608100414276123
0.08156674355268478 -0.6563624739646912 -0.016096169129014015 -0.18427054584026337 0.25967976450920105 0.18930931389331818 0.651957631111145
0.3776760697364807 0.25766268372535706 -0.13755127787590027 0.5454634428024292 0.42882487177848816 -0.5077686905860901 0.1811080127954483
-0.6933884620666504 0.09993575513362885 0.4070162773132324 -0.44262179732322693 -0.16438739001750946 0.04999392479658127 0.34369534254074097
-0.018768349662423134 -0.08165469020605087 -0.18505306541919708 0.7775915861129761 0.030943213030695915 -0.39433908462524414 -0.44455158710479736
-0.5013030171394348 -0.2990153133869171 -0.4040895104408264 -0.13498157262802124 -0.34084972739219666 -0.024905620142817497 -0.6008144617080688
0.2818485200405121 0.5188407897949219 -0.5249689221382141 0.01147199235856533 0.5945602059364319 0.0414356030523777 -0.14290925860404968
0.3429349362850189 -0.41219770908355713 -0.09102428704500198 0.512222945690155 0.13336136937141418 -0.6496961712837219 0.04405181482434273
0.18443989753723145 -0.3015320897102356 0.666106641292572 -0.1353704184293747 -0.49301210045814514 0.24845752120018005 -0.3290061950683594
0.43810030817985535 0.20280830562114716 -0.5884619355201721 0.14608198404312134 -0.23708827793598175 -0.3069784939289093 -0.4988614320755005
0.140122652053833 0.39766356348991394 -0.28608131408691406 0.5957136750221252 0.27695798873901367 -0.40261247754096985 -0.3830268383026123
0.19092433154582977 0.006038361694663763 0.7273572683334351 -0.011674738489091396 -0.6053762435913086 0.25636398792266846 0.046081896871328354
0.3573683202266693 -0.04513491317629814 -0.26363688707351685 0.4516925513744354 0.08151838928461075 -0.47099438309669495 -0.6068271398544312
-0.4395749866962433 -0.29960083961486816 -0.6943578124046326 -0.07413478940725327 -0.265127032995224 0.1314103752374649 -0.37659457325935364
-0.47262051701545715 0.049665454775094986 0.5093944668769836 -0.661030650138855 -0.14172770082950592 -0.07833059132099152 0.22692836821079254
-0.4244280755519867 0.049332231283187866 0.3429299294948578 -0.5134609937667847 -0.5712346434593201 0.2325836569070816 -0.23617734014987946
-0.2760592997074127 -0.017641451209783554 -0.22057034075260162 -0.4155755341053009 0.3051165044307709 -0.655097246170044 -0.42411941289901733
-0.32773536443710327 0.11138159781694412 -0.509613037109375 0.26454854011535645 0.2367810308933258 -0.6954852342605591 -0.10357290506362915
0.766610860824585 -0.44245123863220215 -0.21715407073497772 0.24221312999725342 -0.1627187579870224 -0.20439893007278442 0.20607079565525055
0.36819785833358765 -0.6148356795310974 -0.2546372413635254 -0.33058255910873413 -0.17937982082366943 0.056364644318819046 0.5262398719787598
0.5295466780662537 -0.7064386606216431 0.14777396619319916 0.17452530562877655 -0.002330116694793105 0.03352005034685135 -0.40877804160118103
0.0419943742454052 0.39813032746315 -0.1988886445760727 0.4933530390262604 0.4088578224182129 0.006422904320061207 -0.6241545677185059
0.1652720868587494 0.3201311528682709 0.6736335754394531 0.03921222314238548 -0.5673086047172546 0.23535826802253723 -0.19403283298015594
0.07097128033638 0.36166903376579285 -0.2691902816295624 0.6933830380439758 0.17837195098400116 -0.29342541098594666 -0.43931782245635986
0.036438241600990295 0.7867551445960999 0.25051063299179077 0.2032729536294937 0.46136847138404846 0.20701393485069275 -0.1410588175058365
0.12239761650562286 -0.22208145260810852 0.886009156703949 0.03960784524679184 0.22309289872646332 -0.28156593441963196 0.14166143536567688
0.10492253303527832 -0.05950872227549553 0.5890413522720337 -0.10053329169750214 -0.2741369307041168 -0.4283665120601654 0.6080496907234192
-0.022423170506954193 0.26494812965393066 -0.6394641399383545 0.36174124479293823 0.33032968640327454 -0.20072516798973083 -0.49002063274383545
0.6551427245140076 -0.26084455847740173 -0.08916535973548889 -0.09752675890922546 -0.03544441983103752 0.05045768618583679 -0.6938904523849487
0.20180754363536835 -0.15208372473716736 0.5098816156387329 -0.20937547087669373 -0.5554178953170776 -0.2643958628177643 0.5039173364639282
-0.5683682560920715 0.4717801809310913 0.3490845561027527 -0.169907346367836 0.33828046917915344 0.2668721675872803 -0.34350842237472534
-0.09758979082107544 0.32685625553131104 0.43714916706085205 -0.4094078838825226 -0.2408479005098343 -0.34456467628479004 0.5900800228118896
-0.515605628490448 -0.543317437171936 -0.3913339376449585 0.055170245468616486 0.34600362181663513 0.26027265191078186 -0.30872422456741333
-0.692841112613678 0.34238100051879883 0.2912043333053589 -0.28307199478149414 0.12299138307571411 0.11456025391817093 -0.457783579826355
0.28002235293388367 -0.45988544821739197 0.35402002930641174 0.6888958811759949 0.10684557259082794 -0.040350254625082016 -0.31167447566986084
0.10568889230489731 0.4063583314418793 -0.5514458417892456 0.38728761672973633 0.07313447445631027 -0.129593625664711 -0.5894705057144165
-0.08088530600070953 0.014002561569213867 -0.8974188566207886 -0.22217285633087158 0.05286206305027008 -0.2608679234981537 0.2601800262928009
-0.2130521833896637 -0.6989924907684326 -0.30057060718536377 -0.31404703855514526 0.43512746691703796 0.016257774084806442 0.29571908712387085
-0.20204274356365204 0.0501747652888298 -0.9067592620849609 -0.039496518671512604 0.1289527714252472 0.14940039813518524 -0.30649569630622864
0.11546040326356888 0.1095934510231018 -0.7504897117614746 -0.13756370544433594 -0.008792088367044926 -0.153356671333313 -0.6073746681213379
0.3939489424228668 -0.7392327189445496 0.13128668069839478 -0.08163182437419891 -0.5154121518135071 0.05560178682208061 -0.07548554241657257
-0.17010144889354706 -0.09388523548841476 -0.323785662651062 0.4620806574821472 -0.037795234471559525 -0.3837451934814453 -0.703709065914154
0.20649874210357666 -0.46050921082496643 -0.2135448008775711 0.6007952094078064 -0.19367332756519318 -0.38833701610565186 -0.3878380060195923
-0.09217651188373566 -0.24777205288410187 -0.34015145897865295 0.5253561735153198 -0.5355219841003418 -0.4272470772266388 -0.26284322142601013
0.3638412356376648 -0.8345667123794556 0.03803258016705513 0.04209250584244728 0.19995719194412231 -0.018856415525078773 -0.3571571111679077
0.4510095715522766 -0.013907071202993393 -0.3980964124202728 0.2281644344329834 -0.5049179792404175 -0.4295164942741394 -0.38266241550445557
-0.473178893327713 -0.2381536364555359 -0.8101593852043152 0.0749722570180893 0.20923736691474915 -0.11165492236614227 0.03403645008802414
-0.4895552098751068 0.48941585421562195 0.3077734708786011 -0.23044373095035553 0.5802914500236511 0.19034849107265472 -0.0028861481696367264
-0.4922853410243988 -0.3773939609527588 -0.6885887384414673 0.1413409411907196 -0.10150657594203949 0.2106088101863861 -0.2577548623085022
-0.18899929523468018 -0.15641339123249054 -0.33675050735473633 0.32234156131744385 0.556950032711029 0.1494603157043457 -0.6244816780090332
-0.1741953194141388 -0.33022040128707886 -0.4950215220451355 -0.6266474723815918 -0.31606706976890564 -0.35000351071357727 -0.021823063492774963
0.355903297662735 -0.787621021270752 -0.06599796563386917 0.003843273501843214 -0.262620747089386 -0.09509335458278656 0.41304126381874084
-0.4556715488433838 0.4211493134498596 0.33687591552734375 -0.38801392912864685 0.5709572434425354 -0.02750151976943016 -0.15558917820453644
0.3538573682308197 -0.6419723033905029 0.16610786318778992 0.2190791815519333 -0.13125939667224884 -0.25960609316825867 0.5499497056007385
-0.5220142006874084 -0.6245690584182739 -0.07489469647407532 -0.4532148540019989 0.03736509755253792 0.2496686726808548 -0.2503419518470764
0.2614878714084625 0.3859388530254364 -0.5328561663627625 0.48110681772232056 0.257872074842453 -0.11895213276147842 -0.43200498819351196
0.18031316995620728 0.5507489442825317 0.5265958905220032 0.30070728063583374 0.4941231906414032 -0.150238499045372 -0.17235217988491058
0.2186281830072403 -0.8278684616088867 0.3594813048839569 0.2901400327682495 -0.08568248897790909 0.15404660999774933 0.14951780438423157
-0.49286413192749023 -0.7262348532676697 -0.1459157019853592 -0.08643168956041336 0.3030577301979065 0.3013118505477905 0.1351785659790039
0.22249142825603485 -0.1935049295425415 -0.4673321545124054 0.5499311685562134 -0.06473296135663986 -0.36828482151031494 -0.5023999214172363
0.026221496984362602 -0.4875827431678772 -0.3798440992832184 -0.7095867991447449 -0.2745332717895508 -0.09377669543027878 -0.17209890484809875
-0.2878172993659973 0.38252246379852295 -0.43659356236457825 -0.004671944305300713 0.43246471881866455 -0.15617941319942474 -0.6072759628295898
-0.7510011196136475 -0.23070836067199707 -0.3307783007621765 0.10770286619663239 -0.054098717868328094 -0.07495301961898804 -0.5032018423080444
-0.5212689638137817 -0.6273773908615112 -0.11743472516536713 0.11294928193092346 0.23714999854564667 0.49654391407966614 0.07301894575357437
0.1912107765674591 -0.7799817323684692 0.2166052609682083 0.46346181631088257 0.17110924422740936 0.12475311756134033 -0.22025100886821747
0.3329291343688965 0.15784358978271484 0.775873064994812 -0.30155739188194275 0.23279155790805817 -0.3169342279434204 -0.12918412685394287
0.5105258822441101 -0.32451289892196655 0.008903935551643372 0.399837464094162 -0.11018341779708862 0.5285638570785522 -0.4272998869419098
0.0751001164317131 -0.699022650718689 -0.07116633653640747 -0.13526228070259094 -0.4509371519088745 -0.40302154421806335 0.34146156907081604
-0.0180091243237257 -0.7455547451972961 -0.3651973009109497 -0.18815185129642487 0.23237743973731995 0.4613041877746582 -0.09084448218345642
-0.5878556966781616 -0.6503186821937561 -0.13290145993232727 -0.15286624431610107 0.364923357963562 0.1853495091199875 0.15151536464691162
-0.192960724234581 0.35797813534736633 -0.7136790156364441 0.22864042222499847 0.36996737122535706 -0.20367641746997833 -0.3076420724391937
0.06851251423358917 0.007512993179261684 -0.872955322265625 -0.01845369301736355 0.07939016819000244 0.015162590891122818 -0.4757367968559265
-0.3269527852535248 -0.5061041712760925 -0.5557810068130493 -0.1678314208984375 0.3935265839099884 0.3005470037460327 -0.23389917612075806
-0.3476639986038208 -0.07241775840520859 -0.5406675338745117 -0.30672237277030945 0.6288849711418152 0.07919320464134216 -0.2927756607532501
-0.23620447516441345 -0.09021645784378052 -0.5539464354515076 -0.4593576192855835 0.3965078890323639 0.2187804877758026 -0.4616480767726898
-0.3267873525619507 -0.7630976438522339 -0.26343417167663574 -0.13374505937099457 0.3664033114910126 0.29890966415405273 0.0028851220849901438
0.18934670090675354 -0.24721930921077728 0.42258766293525696 -0.25453099608421326 -0.7495008707046509 0.22718296945095062 -0.21517536044120789
0.5328888297080994 -0.27382177114486694 -0.24911384284496307 0.36512455344200134 -0.6665443181991577 -0.03469780832529068 0.01386283803731203
-0.030441028997302055 -0.7413701415061951 -0.2759578824043274 0.11307813227176666 0.38160833716392517 0.46354377269744873 0.002548463875427842
-0.615440309047699 -0.6141025424003601 -0.4119284152984619 -0.1334187537431717 -0.15223389863967896 0.18265700340270996 0.009327934123575687
0.092290498316288 -0.16539572179317474 -0.4678577184677124 0.7395251393318176 0.24802975356578827 -0.28732991218566895 -0.23294052481651306
-0.49584025144577026 0.36669984459877014 -0.47333282232284546 0.033046647906303406 0.44138723611831665 -0.35725927352905273 -0.26847875118255615
0.09160327166318893 0.7379047870635986 -0.3326059877872467 -0.5267695784568787 0.22652924060821533 -0.016849691048264503 0.08598343282938004
0.14487490057945251 -0.7929354310035706 0.2609451413154602 -0.06384172290563583 -0.2202930599451065 -0.24646052718162537 0.41088277101516724
0.4411393702030182 -0.8345937728881836 0.15516524016857147 -0.03167977184057236 0.21055515110492706 -0.1795814484357834 -0.08477257937192917
0.1775958091020584 -0.7613821029663086 0.16657720506191254 0.3005688190460205 -0.4369518756866455 -0.007885707542300224 0.2822735011577606
0.32813557982444763 -0.09763503074645996 -0.041703056544065475 0.6653155088424683 0.624764621257782 -0.1340429186820984 -0.17352861166000366
-0.23483803868293762 0.21297897398471832 -0.30369749665260315 0.046995859593153 0.8212121725082397 -0.341144323348999 -0.1195043995976448
0.01892337016761303 0.8771728277206421 0.25672364234924316 -0.018217364326119423 0.11500071734189987 -0.25508931279182434 -0.29270321130752563
-0.2925841212272644 -0.2871452569961548 0.5831910967826843 -0.3444759249687195 -0.5926335453987122 0.1312258094549179 0.06878837198019028
-0.47604429721832275 -0.7154930830001831 -0.2821314334869385 0.024598408490419388 0.21378278732299805 0.3679353594779968 -0.01298790704458952
-0.2443142980337143 0.347165048122406 0.05786911025643349 0.4695517122745514 0.4584885239601135 -0.35526520013809204 -0.5094450116157532
0.2786620855331421 -0.7199010848999023 0.3041529655456543 0.1841363161802292 -0.31633806228637695 0.3976905345916748 0.1394529789686203
-0.04054438695311546 0.46621084213256836 -0.27235329151153564 0.6093303561210632 -0.10153678804636002 -0.37457817792892456 -0.43002936244010925
0.1879088431596756 -0.7526075839996338 0.31349706649780273 0.17122581601142883 -0.30719122290611267 0.4087366759777069 0.09613163024187088
-0.0035290056839585304 0.4122583866119385 0.7273049354553223 0.37051549553871155 0.2722933292388916 0.2981373071670532 0.02732958272099495
-0.10997913032770157 0.7927384972572327 0.1917869746685028 0.2958466112613678 0.2918517291545868 -0.3338199853897095 -0.19634045660495758
-0.5422976016998291 -0.7127465009689331 -0.13340693712234497 -0.19383051991462708 -0.20254875719547272 -0.18494322896003723 -0.25943809747695923
0.003136753337457776 0.7413541078567505 0.2869582772254944 0.3426649272441864 0.3385271430015564 0.05824410915374756 -0.36417990922927856
0.28333064913749695 -0.6756199598312378 0.09614936262369156 -0.012402916327118874 -0.6438048481941223 0.1972251534461975 -0.02191777527332306
-0.13768994808197021 0.020212635397911072 -0.623262882232666 -0.346386581659317 0.45561105012893677 0.010737857781350613 -0.5142917037010193
0.3307960331439972 -0.7527153491973877 -0.15600277483463287 0.39388275146484375 -0.2997581660747528 0.10543269664049149 0.20866753160953522
-0.19130384922027588 -0.44063031673431396 -0.6408959627151489 -0.1937101185321808 -0.3540852963924408 -0.2317773699760437 0.37666869163513184
-0.24999003112316132 0.2482728213071823 -0.23107600212097168 0.46741774678230286 0.5761659145355225 -0.10351522266864777 -0.5111824870109558
-0.3712823688983917 -0.4150886833667755 0.547947108745575 -0.4713367223739624 -0.32545679807662964 0.23442040383815765 0.08106455206871033
-0.47138774394989014 0.8159450888633728 0.07179108262062073 -0.12445535510778427 0.201277494430542 -0.11411091685295105 -0.19455115497112274
-0.028085123747587204 0.5411655306816101 -0.11644614487886429 -0.7262192368507385 0.24835683405399323 -0.3173806965351105 0.05463893711566925
-0.4056032598018646 0.192641943693161 -0.3027649521827698 0.10018086433410645 0.6269140243530273 -0.2407570630311966 -0.4956683814525604
-0.43621402978897095 -0.7117226123809814 0.038844428956508636 -0.058194223791360855 0.4819393455982208 -0.05065862089395523 0.251874715089798
0.1856411248445511 0.17802926898002625 -0.5941452980041504 0.5751873850822449 -0.2698349058628082 -0.35719913244247437 -0.22269169986248016
-0.4499588906764984 0.42332905530929565 -0.044146329164505005 -0.6731787919998169 -0.18878762423992157 -0.16004933416843414 0.319303035736084
0.26568421721458435 0.42347538471221924 0.7635719776153564 0.05051890388131142 -0.3620094656944275 -0.09328415989875793 0.15726834535598755
-0.14690279960632324 -0.5787765383720398 -0.545648992061615 -0.4036422073841095 -0.11219067871570587 -0.31207266449928284 -0.2698170840740204
-0.625819206237793 -0.5753306150436401 -0.5197258591651917 0.016973379999399185 -0.05769733712077141 -0.057935550808906555 0.016015294939279556
0.10336477309465408 0.30577030777931213 -0.2682344615459442 0.3997902572154999 0.1953616887331009 -0.5086286067962646 -0.6059446930885315
-0.4069894850254059 -0.6021575927734375 -0.2121075987815857 -0.04601067677140236 0.06587088853120804 0.6472327709197998 -0.0375482551753521
-0.37779536843299866 -0.6297693848609924 0.06510185450315475 0.08473365753889084 0.3316939175128937 -0.144624263048172 -0.5641860961914062
0.6616588830947876 -0.7074421048164368 -0.018353264778852463 0.03919726610183716 0.024645643308758736 0.20134484767913818 -0.13679435849189758
0.6053805351257324 0.02048342488706112 0.7372257113456726 -0.21143360435962677 -0.1339520663022995 0.12643691897392273 0.10468748211860657
0.14248491823673248 -0.8660065531730652 0.2828339636325836 0.12307421863079071 -0.10855130106210709 0.34503912925720215 0.061261363327503204
-0.05292714387178421 0.881474494934082 0.3717029094696045 0.043555863201618195 -0.024467457085847855 -0.1490897834300995 -0.23940519988536835
-0.19308121502399445 -0.6946335434913635 -0.009624844416975975 -0.26041552424430847 -0.26459836959838867 -0.3577057421207428 0.4629570543766022
-0.0650482028722763 0.10965891927480698 0.6273881196975708 -0.10805361717939377 -0.6854753494262695 0.14488601684570312 -0.2959453761577606
0.1980222910642624 0.5699899792671204 0.15264365077018738 -0.7680001258850098 -0.06207861751317978 -0.09930002689361572 -0.0951843336224556
-0.09902416169643402 -0.6146153211593628 -0.4211513102054596 -0.3053700923919678 0.31317752599716187 0.4734642207622528 0.13990850746631622
-0.06923326849937439 -0.532253623008728 -0.6873747110366821 -0.2710326015949249 -0.30939981341362 0.2639300227165222 0.02414412423968315
0.1337132453918457 -0.03550266474485397 -0.8117009401321411 -0.2212732881307602 0.38374602794647217 -0.30680811405181885 0.17789840698242188
-0.3855210542678833 -0.451661080121994 -0.6298530101776123 -0.25510016083717346 -0.27138397097587585 -0.17251262068748474 0.28666171431541443
-0.040262993425130844 -0.35922887921333313 0.629753828048706 -0.40845414996147156 0.05038786679506302 0.17270615696907043 0.5230127573013306
-0.514046847820282 0.0175748560577631 0.5358625650405884 -0.5143347382545471 -0.4144408404827118 -0.04902251809835434 -0.09794764965772629
0.12799479067325592 0.335922509431839 -0.6891573667526245 0.36924806237220764 0.46224918961524963 -0.21393616497516632 -0.006949650123715401
0.5230640769004822 0.37505850195884705 0.3927233815193176 -0.02535172738134861 -0.5079600214958191 0.009220319800078869 0.41563498973846436
-0.2503455877304077 0.18071362376213074 -0.43627411127090454 0.2924022972583771 0.4548459053039551 0.2965632975101471 -0.5779280066490173
-0.5389049053192139 0.32454246282577515 -0.3992960751056671 0.20680123567581177 0.15639199316501617 -0.2088664472103119 -0.5778979063034058
0.6339969038963318 -0.07027537375688553 -0.319193571805954 0.300680547952652 -0.5716238021850586 -0.00369629985652864 0.272118479013443
0.24503783881664276 -0.7946466207504272 0.2400706261396408 -0.19696497917175293 -0.41965240240097046 0.18271394073963165 0.05071035772562027
0.28906330466270447 -0.7313205003738403 0.24671290814876556 0.49473291635513306 0.1081908792257309 0.06357138603925705 -0.24543505907058716
-0.3020867109298706 0.41075199842453003 -0.41545820236206055 0.3718598783016205 0.3652455806732178 0.14315800368785858 -0.5246356725692749
-0.3037760257720947 0.40421757102012634 -0.7178323268890381 0.1399146020412445 0.39942464232444763 -0.1198047623038292 -0.1886148750782013
0.5894477367401123 -0.14201797544956207 0.12663467228412628 0.6783502697944641 0.05642320588231087 0.3621410131454468 -0.1478417068719864
0.6341552138328552 -0.32322999835014343 -0.3778160512447357 0.3967764973640442 -0.174796462059021 -0.3015487790107727 -0.26778241991996765
-0.4955695867538452 -0.0179197508841753 0.6541491746902466 -0.322213739156723 -0.03351890295743942 0.46606332063674927 -0.06339015066623688
-0.31552544236183167 0.39776724576950073 -0.6622342467308044 0.273019939661026 0.19502028822898865 -0.1661776453256607 -0.404330313205719
-0.2264980524778366 -0.0670924186706543 -0.6766504049301147 0.3230229914188385 -0.1315031796693802 -0.005565995816141367 -0.6038821339607239
0.23958389461040497 -0.8162529468536377 0.3375503122806549 0.18851275742053986 -0.08258181810379028 -0.02561725303530693 0.34551045298576355
-0.13229899108409882 0.4752058982849121 0.5231807827949524 0.4113118052482605 0.029190894216299057 0.38913458585739136 -0.40187424421310425
-0.48291152715682983 -0.11011791974306107 -0.6040393710136414 0.03329811617732048 -0.5540062189102173 -0.06491874158382416 -0.27849751710891724
-0.07759886980056763 -0.46461620926856995 -0.502102255821228 -0.42378509044647217 -0.4420557916164398 -0.3884514272212982 0.01009462308138609
-0.06970598548650742 0.2793731987476349 -0.47653281688690186 0.6215559244155884 0.2927038073539734 -0.3190452456474304 -0.3408973813056946
-0.628779947757721 0.212100550532341 0.47976189851760864 -0.4593610465526581 0.11773009598255157 0.26118049025535583 -0.19075988233089447
0.40061652660369873 0.14241747558116913 0.672738254070282 -0.3853263556957245 -0.06916368007659912 0.45995211601257324 -0.042788732796907425
0.12135811150074005 -0.5314974784851074 0.5178709030151367 0.4539395570755005 -0.21010947227478027 0.0788101777434349 -0.4221067428588867
-0.2613374590873718 0.13684558868408203 -0.7015089392662048 0.06837698817253113 0.4605417251586914 -0.4178319573402405 -0.1717657595872879
-0.44356027245521545 -0.7080448865890503 -0.19344830513000488 -0.03880978003144264 0.213619202375412 0.464534193277359 0.03966141864657402
-0.14943912625312805 0.07768169045448303 0.2150125801563263 -0.5407502055168152 0.25984466075897217 -0.3607732653617859 0.6597846150398254
-0.10729866474866867 -0.47582823038101196 0.08075519651174545 0.5353814363479614 -0.43119218945503235 -0.247503861784935 -0.4708874225616455
-0.31005382537841797 0.38839486241340637 0.3043782114982605 -0.3385767638683319 0.4767199456691742 0.4804903566837311 0.2959778904914856
0.22241787612438202 0.5972994565963745 0.5376451015472412 0.27924206852912903 0.14449039101600647 0.34228143095970154 -0.2978106141090393
0.14913414418697357 0.3810654878616333 -0.3167979121208191 0.42388638854026794 0.23721615970134735 -0.48619118332862854 -0.5097588896751404
0.221727654337883 -0.44699475169181824 -0.4199884533882141 0.6175321340560913 -0.19760026037693024 -0.26450616121292114 -0.29032212495803833
-0.1515946090221405 0.73357093334198 0.2015499621629715 0.2588677406311035 0.5215150117874146 -0.06876041740179062 -0.23356379568576813
-0.3867568373680115 -0.1871751844882965 -0.8417844176292419 0.1930980682373047 -0.05658293887972832 0.23682059347629547 -0.1010497659444809
-0.1563447117805481 0.036050599068403244 -0.6081077456474304 -0.42522361874580383 0.2511945068836212 -0.3735109567642212 -0.47014620900154114
-0.4500291049480438 -0.1879587173461914 -0.3225780427455902 -0.0919957086443901 0.43770793080329895 0.0463438518345356 -0.6751958727836609
-0.03518046438694 0.31363487243652344 -0.1448652595281601 0.6073802709579468 0.5663872361183167 -0.13104595243930817 -0.4153688848018646
0.42350924015045166 -0.13038860261440277 -0.3833429515361786 0.5490376353263855 -0.587992787361145 -0.08128505200147629 -0.05386796593666077
0.0764431431889534 -0.09633459150791168 -0.48848187923431396 0.6208029985427856 -0.022694021463394165 -0.2976374626159668 -0.5213081240653992
-0.06356260925531387 -0.03941665217280388 0.8397141695022583 -0.2036905586719513 -0.2886806130409241 0.24155323207378387 -0.3257482349872589
0.31304070353507996 -0.1319851130247116 -0.4626423120498657 0.5944778919219971 -0.35991784930229187 -0.40748652815818787 -0.14682407677173615
-0.5638529658317566 0.05612445995211601 0.5327434539794922 -0.408700555562973 0.16927312314510345 0.4464905858039856 0.007804728113114834
0.6959514021873474 -0.6352506875991821 0.07432608306407928 0.21650506556034088 0.07063490152359009 0.10803074389696121 -0.20748351514339447
-0.20523546636104584 -0.7687718272209167 0.15444816648960114 -0.39719927310943604 -0.41686978936195374 -0.10303306579589844 0.029163824394345284
-0.6742526292800903 -0.011290768161416054 -0.2163785994052887 0.25707724690437317 0.38922595977783203 0.31521040201187134 -0.4260200560092926
0.3300464153289795 -0.006189333740621805 0.8357664346694946 -0.3319881856441498 -0.05741351470351219 0.19143997132778168 -0.20582465827465057
-0.2684251368045807 -0.2603510618209839 0.5429378151893616 -0.5264599323272705 -0.24631090462207794 0.08703789860010147 0.4690193831920624
-0.07463470101356506 0.34561508893966675 -0.3248786926269531 0.029929887503385544 0.816374659538269 -0.2898573875427246 0.13436123728752136
0.5172070264816284 -0.8140928149223328 -0.044306881725788116 0.04716058075428009 -0.03363538533449173 0.06002165749669075 -0.24663452804088593
0.13045330345630646 0.4373323917388916 -0.3284136652946472 0.6560786962509155 0.11688444763422012 -0.15532684326171875 -0.4643695652484894
-0.5244777798652649 0.45097750425338745 0.36029013991355896 -0.5878590941429138 -0.21467645466327667 -0.005585949402302504 0.006159583106637001
-0.2228429764509201 -0.8652308583259583 -0.15915364027023315 0.22820092737674713 0.27054455876350403 0.2238294780254364 0.03189108520746231
0.5238165855407715 -0.1093783751130104 -0.18631158769130707 -0.0549878291785717 0.2414625585079193 -0.17476807534694672 -0.7662041783332825
-0.5504135489463806 -0.5198000073432922 -0.42060911655426025 0.008787083439528942 -0.3901502788066864 0.3119424283504486 -0.0183914452791214
-0.1305752545595169 -0.26624980568885803 0.6305252909660339 -0.3833047151565552 -0.1901957094669342 0.495099276304245 0.2937323749065399
-0.06981028616428375 -0.7074432969093323 0.3690575361251831 0.09641241282224655 -0.407932847738266 0.36171212792396545 -0.22783054411411285
0.413886159658432 -0.006972030270844698 0.6858949065208435 -0.4211122989654541 -0.2240021824836731 0.3284330368041992 -0.15105316042900085
-0.0229523703455925 0.8189510703086853 -0.09907466173171997 0.014592906460165977 0.3141026198863983 0.400730162858963 -0.24396410584449768
-0.10495615005493164 0.43403181433677673 -0.6500396132469177 0.3854038715362549 0.4739644229412079 -0.013237636536359787 -0.06852299720048904
-0.2812589704990387 0.6310092806816101 0.381714403629303 0.19957417249679565 0.17036157846450806 -0.0407237783074379 -0.5536274909973145
0.6997409462928772 -0.16698229312896729 -0.06514572352170944 0.5306925177574158 0.3909115195274353 0.1726439744234085 -0.11825118958950043
-0.6973398923873901 -0.22126449644565582 -0.3718854486942291 0.026032986119389534 -0.10918079316616058 -0.1964688003063202 -0.5246543288230896
-0.20656467974185944 0.24614518880844116 0.39550864696502686 -0.7050444483757019 0.4549016058444977 -0.07544148713350296 -0.17493422329425812
0.3768390119075775 -0.6326722502708435 -0.05432293936610222 0.46424660086631775 -0.32943421602249146 -0.3182595372200012 -0.17154088616371155
-0.3729379177093506 0.7615640163421631 0.05723845958709717 -0.0622493252158165 0.5142554044723511 -0.00892605073750019 -0.0961664617061615
-0.4298343360424042 -0.08830519020557404 -0.44128549098968506 0.16122417151927948 0.7357376217842102 0.14958201348781586 -0.15176957845687866
0.07298118621110916 -0.7483468055725098 -0.2461463063955307 -0.493411123752594 0.3517081141471863 0.048977237194776535 0.06716245412826538
-0.18356569111347198 -0.11131985485553741 0.5033401250839233 -0.36921361088752747 -0.5407685041427612 0.24957725405693054 0.45773598551750183
-0.40322941541671753 -0.4826177656650543 -0.7287150621414185 -0.0958782434463501 0.023561319336295128 -0.1993848979473114 -0.15478496253490448
0.01839684508740902 -0.21839909255504608 0.7014762163162231 -0.32181888818740845 -0.1724722981452942 0.4837809205055237 0.3041979670524597
-0.1338411122560501 -0.28236719965934753 0.3843197822570801 -0.5411592125892639 -0.12570279836654663 0.5155540704727173 0.42450350522994995
-0.5546358823776245 -0.5552406907081604 -0.13026973605155945 -0.14784593880176544 0.4117031693458557 0.20796439051628113 -0.36401864886283875
-0.19083485007286072 -0.4044928550720215 -0.3704809546470642 -0.40709444880485535 0.30492085218429565 0.0673372894525528 -0.6320399641990662
0.04984889179468155 -0.1956751048564911 0.16805443167686462 0.3937954604625702 0.14478036761283875 -0.15672901272773743 -0.8546249270439148
-0.1727389246225357 0.3861939609050751 -0.5450471639633179 0.12174230813980103 0.6833247542381287 0.11804629117250443 -0.16807834804058075
-0.35950368642807007 0.5168709754943848 0.2592300474643707 -0.029621833935379982 0.46203893423080444 -0.5586643815040588 -0.09968990832567215
0.28766825795173645 0.363380491733551 -0.4940095543861389 0.5238606929779053 0.46333858370780945 -0.2242271602153778 -0.04202008992433548
-0.47286322712898254 0.4456031620502472 -0.40876534581184387 0.24457450211048126 -0.13041724264621735 -0.2894280254840851 -0.5001550912857056
0.13650090992450714 -0.14114494621753693 0.3953031003475189 -0.6410748362541199 -0.28610527515411377 0.5587705969810486 0.011102557182312012
0.33446598052978516 -0.5214624404907227 0.007547865156084299 0.5037788152694702 0.11534393578767776 -0.04805729538202286 -0.5888510346412659
0.007753881625831127 -0.5581911206245422 -0.6501059532165527 -0.39666762948036194 -0.2385651171207428 0.19825175404548645 -0.11028336733579636
-0.07349882274866104 0.8431761264801025 -0.1313323676586151 -0.19618715345859528 0.39523690938949585 -0.11661633849143982 0.24104513227939606
-0.4618518650531769 -0.7318665981292725 -0.43634358048439026 0.1892850250005722 -0.13387802243232727 0.0816919282078743 -0.015575944446027279
-0.1528453677892685 -0.04404634237289429 -0.6653909087181091 0.14841461181640625 0.3108765780925751 -0.6072672009468079 0.21097037196159363
0.017603173851966858 -0.3730699419975281 -0.11533674597740173 0.3811541497707367 -0.16259029507637024 -0.813729465007782 -0.11548475176095963
-0.01982244849205017 -0.06470164656639099 0.7933457493782043 0.11628477275371552 -0.4006035625934601 0.2576332688331604 -0.3544616997241974
-0.037661440670490265 0.7820224165916443 0.37217989563941956 0.22418631613254547 0.33570611476898193 -0.2924731373786926 -0.0024626434314996004
-0.0643640086054802 0.18663175404071808 -0.7143177390098572 -0.08139286190271378 0.48896634578704834 0.4489346146583557 -0.059337068349123
-0.2717519998550415 -0.032970741391181946 -0.5511062741279602 -0.0956568494439125 0.7498396039009094 0.15136033296585083 -0.16439616680145264
0.36940672993659973 0.08645862340927124 0.7560927867889404 -0.2004588544368744 -0.11685752123594284 0.09946143627166748 -0.46973955631256104
0.5504441261291504 -0.27309468388557434 -0.3864310085773468 0.6556834578514099 -0.11242377012968063 -0.17305442690849304 -0.024371806532144547
0.06697438657283783 -0.5476964116096497 -0.47898441553115845 -0.21883903443813324 -0.05471591278910637 0.12431169301271439 0.6322810649871826
0.25481438636779785 -0.3939470648765564 -0.05973516032099724 0.655269205570221 0.3857548236846924 0.23586395382881165 -0.37747958302497864
-0.3494012951850891 -0.35657888650894165 -0.47682687640190125 -0.1325661540031433 0.5527511239051819 -0.052449606359004974 -0.4444636106491089
0.17575301229953766 0.21339602768421173 -0.018817929551005363 0.37947267293930054 0.22063212096691132 -0.11432041227817535 -0.8470369577407837
-0.018306950107216835 -0.2503081262111664 -0.6290280818939209 -0.6438053250312805 -0.2968394458293915 -0.1833295375108719 0.07159396260976791
0.09996723383665085 -0.6644386649131775 0.13253158330917358 0.34119805693626404 -0.0005420203669928014 0.5218483805656433 -0.377122163772583
0.05865642800927162 -0.09908099472522736 0.2688028812408447 -0.6198686957359314 -0.5294833779335022 0.3817341923713684 0.32276391983032227
-0.4196072220802307 -0.11692825704813004 -0.7193241715431213 0.2793540358543396 0.09927729517221451 -0.16009044647216797 -0.4234461486339569
0.6302088499069214 -0.38803404569625854 -0.24364006519317627 0.07163004577159882 -0.28551366925239563 -0.38595882058143616 -0.3966015577316284
0.5093569159507751 -0.10413644462823868 -0.3983582854270935 0.3374970555305481 0.6081721782684326 0.2621890604496002 -0.13601860404014587
-0.30745816230773926 0.2312295287847519 -0.4352344274520874 0.08534830808639526 0.6618326902389526 -0.46608325839042664 0.005728620104491711
-0.3659205138683319 0.13022597134113312 -0.4622410237789154 -0.3090917766094208 0.23835545778274536 0.44579800963401794 -0.5332819819450378
0.7465137839317322 -0.40928953886032104 0.14460444450378418 0.2261747419834137 -0.18140143156051636 0.26949018239974976 -0.31241393089294434
-0.5053746700286865 -0.14838792383670807 0.5458260774612427 -0.3859198987483978 0.3306558132171631 -0.04407182335853577 0.40551406145095825
-0.5080265402793884 -0.265163779258728 -0.150725319981575 -0.053402505815029144 0.48931869864463806 -0.3568078279495239 -0.5284719467163086
-0.6791853308677673 0.2829782962799072 -0.22870129346847534 0.25579947233200073 0.22603081166744232 -0.2722785472869873 -0.46440014243125916
-0.3321160078048706 -0.7690879702568054 -0.16638676822185516 0.11567921191453934 0.24667276442050934 0.44268250465393066 -0.01792088896036148
0.709704577922821 0.4025195240974426 0.35312405228614807 -0.34495559334754944 -0.19650709629058838 -0.15033112466335297 0.17144079506397247
0.2960362434387207 -0.3378724455833435 -0.5528846383094788 0.5721563696861267 -0.059804946184158325 -0.3777908384799957 -0.13732437789440155
-0.09309264272451401 0.254448264837265 -0.5039703845977783 0.22905097901821136 0.5129456520080566 0.3290863633155823 -0.49872666597366333
0.01562826707959175 0.3737543225288391 -0.6528675556182861 0.27925798296928406 0.10901758074760437 -0.11541745811700821 -0.5750098824501038
-0.2685118317604065 0.6919478178024292 0.21551865339279175 -0.07640732079744339 0.29437878727912903 0.38893768191337585 -0.39861252903938293
0.14570526778697968 0.34372761845588684 -0.5359141826629639 0.5600969195365906 0.48501741886138916 -0.1564163714647293 0.0008140774443745613
-0.26123130321502686 0.44024696946144104 -0.5088205337524414 0.18906021118164062 0.4851594567298889 0.31188955903053284 -0.3326318860054016
0.20403002202510834 -0.5254078507423401 0.09641694277524948 0.23636381328105927 -0.7385214567184448 -0.11280796676874161 0.24292930960655212
-0.5051227807998657 -0.44026902318000793 -0.3682756721973419 -0.12317334860563278 0.3110870122909546 0.4116329252719879 -0.36605823040008545
0.5221461057662964 0.18328647315502167 -0.5439441800117493 0.6102080345153809 0.08889725059270859 -0.0779130682349205 -0.10755102336406708
-0.37030357122421265 -0.18199491500854492 -0.4712747037410736 -0.1218518614768982 0.5485479235649109 0.14336729049682617 -0.5209091305732727
-0.6073669791221619 -0.3710567057132721 -0.24902890622615814 -0.11393162608146667 0.1183202862739563 -0.5717431902885437 -0.27845388650894165
-0.08395075798034668 0.3712701201438904 -0.7132956981658936 0.0020260747987776995 0.44383320212364197 -0.3100664019584656 -0.2306225448846817
0.11779564619064331 -0.7187323570251465 0.3883928060531616 0.3973071873188019 0.29739663004875183 -0.2682100534439087 0.021552449092268944
0.1797051578760147 -0.19920764863491058 0.7650871872901917 -0.01850397139787674 -0.43167203664779663 -0.083529032766819 0.38600990176200867
-0.553292453289032 -0.29182493686676025 -0.7159374952316284 -0.1684517115354538 0.013193726539611816 -0.11510498821735382 -0.2331094890832901
0.28627023100852966 -0.7649216055870056 -0.18981914222240448 0.36876869201660156 -0.20301316678524017 -0.2904040217399597 -0.18807893991470337
-0.4346728026866913 -0.4502891004085541 -0.2979894280433655 -0.058845676481723785 -0.08426316827535629 0.7025133371353149 -0.12415101379156113
-0.47543710470199585 0.3652245104312897 0.4238242506980896 -0.4161342680454254 0.48883581161499023 0.014150007627904415 -0.2204887717962265
-0.06431318074464798 -0.40776166319847107 -0.7532321810722351 -0.3128148913383484 -0.09568947553634644 -0.2028883844614029 -0.3377308249473572
-0.027483273297548294 0.7566914558410645 -0.14937035739421844 -0.31944918632507324 0.46317195892333984 0.033983342349529266 -0.2943132519721985
-0.38204678893089294 -0.1057826578617096 -0.8035622835159302 0.21990670263767242 0.381191611289978 -0.0564727783203125 0.01681366190314293
0.3686964809894562 -0.3892243802547455 -0.38522806763648987 0.6475337147712708 -0.1845712810754776 -0.25162428617477417 -0.21791154146194458
-0.4014812409877777 -0.06810129433870316 -0.8261913657188416 -0.0004707740154117346 0.17226018011569977 -0.15732964873313904 -0.31169912219047546
-0.21869876980781555 -0.1896435022354126 0.5949083566665649 -0.39970940351486206 -0.5253812670707703 0.17991192638874054 0.30680444836616516
-0.3374180495738983 -0.1714257001876831 -0.5669887065887451 -0.06643091887235641 0.42168113589286804 0.1824369579553604 -0.5654863119125366
0.08178002387285233 -0.12337430566549301 -0.4731564521789551 0.6140515208244324 0.0196857713162899 -0.3406485915184021 -0.5106129050254822
0.008296176791191101 -0.12654738128185272 -0.4491880536079407 0.2927950322628021 0.8074067831039429 0.20894667506217957 0.029217056930065155
0.1937865912914276 -0.07744370400905609 0.5273438096046448 -0.0261077843606472 -0.547302782535553 -0.07374303787946701 0.6104896664619446
0.36794474720954895 -0.2104862481355667 -0.16113826632499695 0.25492823123931885 0.8063336610794067 -0.26563331484794617 0.09286224842071533
-0.4207288324832916 0.32404741644859314 -0.1743319183588028 0.32436609268188477 0.4008651077747345 -0.07011429965496063 -0.6455746293067932
0.394060879945755 0.021157557144761086 0.8035206198692322 -0.21918442845344543 -0.2674223482608795 0.13990294933319092 -0.2439132034778595
0.1415877342224121 0.3890680968761444 0.7623772025108337 -0.08735287934541702 -0.24713154137134552 -0.417122483253479 -0.06829580664634705
0.04131905734539032 0.8016352653503418 -0.20448420941829681 -0.03821507841348648 0.402588814496994 0.3810161054134369 -0.07175185531377792
-0.545211136341095 -0.5130248069763184 -0.6210259795188904 0.14416822791099548 0.10537461191415787 -0.09356537461280823 -0.11504074931144714
-0.5298604369163513 -0.0464821495115757 -0.6398813128471375 0.4242694079875946 0.1671411097049713 -0.11082803457975388 -0.29566147923469543
0.07944914698600769 -0.35694408416748047 -0.730867326259613 -0.3542563021183014 -0.4206308424472809 -0.04048590362071991 0.16746604442596436
-0.2501441538333893 -0.618787407875061 -0.3075396418571472 -0.1633521169424057 -0.40592023730278015 -0.28558066487312317 0.4323631227016449
0.061215151101350784 -0.8425509333610535 0.09005190432071686 -0.22996734082698822 -0.4271860718727112 -0.1960352510213852 -0.06669700145721436
-0.2962247431278229 0.6884215474128723 0.38783541321754456 -0.3085150420665741 -0.38114380836486816 -0.21777819097042084 -0.0055685099214315414
-0.6327493190765381 0.2806079387664795 -0.42673251032829285 0.03943841904401779 -0.3911663889884949 0.02769000642001629 -0.4283149540424347
0.17350181937217712 -0.6705805063247681 0.05214544013142586 0.22376234829425812 -0.623711347579956 0.27632197737693787 0.04539251700043678
-0.2793281376361847 0.7119617462158203 0.1602950394153595 0.3230245113372803 0.040330443531274796 -0.15299662947654724 -0.5099141597747803
0.4976191818714142 0.5138534307479858 0.5053816437721252 0.1908341944217682 0.10470769554376602 0.2766598165035248 -0.33014726638793945
-0.5248284935951233 0.008685188367962837 -0.51861572265625 0.2855941951274872 -0.1837063580751419 -0.4838857650756836 -0.32566818594932556
0.45190876722335815 -0.0263046994805336 0.4610450863838196 -0.2285405397415161 -0.5389056205749512 0.4100918769836426 0.26776593923568726
0.1021403893828392 -0.042336851358413696 -0.47018808126449585 0.2756941318511963 0.00735686207190156 -0.7842606902122498 -0.2749035954475403
-0.36327654123306274 -0.2710548937320709 0.34185919165611267 -0.3609064519405365 -0.7111547589302063 -0.001924147829413414 0.20418965816497803
0.07320056110620499 -0.25534141063690186 -0.27751192450523376 0.5589985251426697 0.4247179627418518 0.02892236039042473 -0.5989393591880798
0.5513111352920532 -0.6511231660842896 0.14007866382598877 -0.06583531945943832 -0.2552628815174103 -0.05816301703453064 -0.42378804087638855
-0.6247162818908691 0.44432497024536133 0.13642998039722443 -0.4237889349460602 0.08239777386188507 -0.34110695123672485 -0.30158135294914246
-0.21231722831726074 -0.06643419712781906 -0.9018864035606384 -0.02733575366437435 0.30938130617141724 -0.19496674835681915 -0.05131140723824501
0.1858910769224167 0.21716536581516266 0.8230607509613037 0.09033726155757904 0.3057277202606201 -0.25144484639167786 -0.2756807506084442
-0.3326021730899811 0.3774913549423218 -0.501653254032135 0.23657740652561188 0.63126540184021 -0.034422993659973145 -0.1989225447177887
-0.40354639291763306 -0.1277972310781479 -0.1588691771030426 0.4704798758029938 0.4859309494495392 0.3994809687137604 -0.4225085973739624
-0.5760100483894348 -0.7084107995033264 -0.35655635595321655 0.05850702151656151 -0.16097404062747955 -0.024771321564912796 0.0963568463921547
0.24197623133659363 0.3891083598136902 -0.5457622408866882 0.47973790764808655 0.22307491302490234 -0.26067373156547546 -0.3798999786376953
0.25808390974998474 -0.7543209791183472 0.17445994913578033 0.31829938292503357 -0.4219026267528534 -0.05365818366408348 0.22750994563102722
0.04228150472044945 -0.16247878968715668 -0.2883407473564148 0.537561297416687 0.4533977508544922 -0.022974492982029915 -0.6273779273033142
-0.19442175328731537 -0.08127957582473755 -0.2855338454246521 0.4321559965610504 -0.07364608347415924 -0.36732542514801025 -0.7395632266998291
-0.34490618109703064 -0.5200191736221313 -0.4200717508792877 -0.33733052015304565 0.47413623332977295 0.14323700964450836 -0.2739444077014923
0.5343412756919861 -0.264839768409729 0.15617488324642181 0.5807991623878479 0.20589108765125275 -0.0015683603705838323 -0.49013006687164307
0.4621683955192566 -0.7262007594108582 0.05202601104974747 -0.06355541199445724 -0.49670061469078064 -0.03515056148171425 0.06587744504213333
-0.48430120944976807 0.3084258437156677 0.3465127646923065 -0.6296705603599548 -0.35930919647216797 0.15339916944503784 0.033693887293338776
-0.2666468024253845 0.2898555099964142 0.3403644263744354 -0.6968414187431335 0.46395015716552734 0.16170817613601685 0.04525568336248398
0.27504420280456543 -0.2902408242225647 0.7612354159355164 -0.20444749295711517 -0.35348203778266907 -0.1474502831697464 0.26859188079833984
-0.07150819897651672 0.6787973642349243 0.30062276124954224 -0.4363693296909332 -0.46194103360176086 -0.04652252793312073 0.19435688853263855
-0.5963101387023926 0.4425342082977295 0.39735838770866394 -0.218345507979393 0.48565009236335754 -0.011092325672507286 -0.08384648710489273
0.09209100902080536 -0.8289117217063904 0.06971018016338348 -0.22852835059165955 -0.4721272587776184 -0.02299872227013111 -0.15461845695972443
0.09258321672677994 0.3188241124153137 -0.37390878796577454 0.25557348132133484 0.3082081973552704 -0.767439603805542 -0.02642291784286499
0.2869105935096741 -0.504285991191864 -0.41494596004486084 0.34330108761787415 -0.4757535755634308 -0.3694862425327301 0.102375328540802
0.12831418216228485 -0.10058342665433884 -0.528592050075531 0.723473310470581 0.19058431684970856 -0.3348904550075531 -0.1487324833869934
0.20655609667301178 -0.7726218700408936 -0.19715720415115356 0.31938883662223816 -0.316476434469223 -0.2943265736103058 -0.18089880049228668
-0.4321461617946625 -0.01741645857691765 -0.44362589716911316 -0.2066175788640976 0.630142867565155 0.002845205133780837 -0.4199565052986145
-0.43406084179878235 -0.18101327121257782 -0.6836243867874146 0.39317554235458374 0.20094972848892212 -0.07908522337675095 -0.33205559849739075
-0.004081149585545063 0.612576425075531 -0.37695828080177307 0.30699172616004944 -0.06981577724218369 -0.26690244674682617 -0.5588209629058838
-0.11162839829921722 -0.6808403134346008 -0.5216959118843079 -0.4319705665111542 -0.17603807151317596 -0.18373152613639832 -0.02199113741517067
0.30119335651397705 0.3783918023109436 0.6005004644393921 -0.16088587045669556 -0.23562192916870117 -0.09056633710861206 0.5620473027229309
0.4188897907733917 0.7658697962760925 0.32952791452407837 -0.14566855132579803 -0.14184784889221191 -0.006094126496464014 -0.29666292667388916
-0.4787636995315552 0.6158122420310974 0.11057901382446289 -0.09582625329494476 0.247444748878479 -0.4122333228588104 -0.3728069067001343
-0.25167226791381836 0.7024376392364502 0.5247524380683899 -0.36665329337120056 -0.17447446286678314 -0.05349783971905708 0.011800088919699192
0.013533848337829113 -0.10118068009614944 -0.4710262417793274 0.7333362698554993 0.015927188098430634 -0.2149336040019989 -0.4283474087715149
0.041867613792419434 0.6659167408943176 -0.27268052101135254 -0.662988543510437 -0.03795584291219711 0.12247010320425034 -0.15637746453285217
0.11655563861131668 -0.01613559015095234 0.9366585612297058 0.10795355588197708 -0.07257498800754547 0.28973573446273804 -0.08920319378376007
-0.06770534813404083 -0.3538733124732971 0.468027263879776 -0.5583019256591797 0.04023505747318268 0.23571190237998962 0.531281590461731
0.3503822386264801 0.11652839183807373 -0.100860595703125 0.636066198348999 0.37755537033081055 -0.49388283491134644 0.2498638927936554
0.20075596868991852 0.21488100290298462 0.6513611674308777 -0.06306740641593933 -0.5559235215187073 -0.38945382833480835 0.15668116509914398
0.6013656854629517 -0.720480740070343 -0.060786955058574677 0.1370457261800766 0.14257115125656128 0.19791428744792938 -0.19311560690402985
-0.08474883437156677 -0.23592473566532135 0.38270148634910583 -0.6806711554527283 -0.4819536805152893 0.17488546669483185 0.25400644540786743
-0.15198689699172974 0.9540813565254211 0.023533159866929054 -0.19724340736865997 0.038050319999456406 0.15761540830135345 -0.02965838462114334
-0.445047527551651 -0.7511479258537292 -0.06444091349840164 -0.004461838863790035 0.4149717390537262 -0.06896880269050598 0.2378629595041275
-0.37640824913978577 -0.7808768153190613 0.04008253663778305 -0.07267746329307556 -0.17479881644248962 0.39579257369041443 0.23335210978984833
-0.38797521591186523 -0.6317136883735657 -0.12638172507286072 -0.1754443347454071 -0.623095691204071 -0.12402055412530899 -0.005529860500246286
-0.026355335488915443 -0.06864848732948303 -0.42308539152145386 -0.15344953536987305 0.4434688687324524 0.28161513805389404 -0.7183822393417358
0.7513418793678284 -0.4547758102416992 -0.25969305634498596 0.25885602831840515 -0.2680708169937134 -0.13633064925670624 0.06139551103115082
-0.02473505213856697 0.11459336429834366 0.7198400497436523 0.09336318075656891 -0.5940982699394226 -0.21066206693649292 -0.24907615780830383
-0.2987525761127472 0.08330930769443512 0.7322667837142944 -0.4292806088924408 -0.28996706008911133 -0.28822946548461914 0.12709423899650574
-0.03591909632086754 0.3148536682128906 -0.5045569539070129 0.6034559011459351 0.29038292169570923 -0.3866211771965027 -0.21689197421073914
-0.31306225061416626 0.18250900506973267 -0.39598289132118225 0.20944608747959137 0.6446995735168457 -0.29459869861602783 -0.4069232642650604
-0.010053446516394615 -0.6333503723144531 0.08925537019968033 -0.41300103068351746 -0.43147727847099304 0.4806487262248993 -0.05508240684866905
-0.4256625175476074 -0.01341237872838974 0.5469098687171936 -0.7082361578941345 0.08070101588964462 0.054939720779657364 -0.09160617738962173
-0.3440113067626953 -0.3750856816768646 -0.3340536057949066 -0.14489415287971497 0.6355035901069641 -0.11345981061458588 -0.4377703368663788
-0.25544431805610657 -0.23140764236450195 0.5363635420799255 -0.414896160364151 -0.44594135880470276 0.21457697451114655 0.42007991671562195
-0.1835164576768875 0.8563246130943298 0.23211181163787842 -0.39907339215278625 -0.014133607968688011 0.08771877735853195 0.10954485088586807
0.2314567267894745 0.02437244914472103 -0.4677620530128479 0.8004377484321594 0.02882247045636177 -0.11211709678173065 -0.27005717158317566
-0.3374565839767456 0.49054014682769775 0.11306995153427124 -0.5804409980773926 -0.5434560179710388 0.015270915813744068 -0.014805729500949383
0.08738557249307632 -0.5242347717285156 0.15311087667942047 0.49856051802635193 -0.4082171320915222 -0.35897156596183777 -0.3873426616191864
-0.4128338396549225 0.5214388966560364 -0.004423020873218775 -0.6399694085121155 -0.26881399750709534 0.2481725662946701 -0.11932547390460968
0.04590769484639168 -0.29820987582206726 0.5800633430480957 -0.46288421750068665 0.05646837130188942 0.23411694169044495 0.5479311347007751
-0.33620092272758484 0.5339139103889465 -0.564549446105957 0.15934839844703674 0.16937942802906036 0.23160773515701294 -0.4188859164714813
-0.5922063589096069 -0.03780803456902504 -0.1702452003955841 0.03926556929945946 0.17697738111019135 0.23887747526168823 -0.7272918820381165
-0.30779755115509033 -0.6767311692237854 -0.3769287168979645 -0.3298887014389038 0.09400556981563568 0.2602658271789551 -0.34614795446395874
0.525926947593689 -0.15955376625061035 -0.3525218665599823 0.2423984408378601 -0.31599298119544983 -0.19961458444595337 -0.6125498414039612
-0.25733137130737305 0.28999465703964233 -0.2830314040184021 0.032868482172489166 0.7972412705421448 -0.34911054372787476 -0.10499874502420425
-0.36931952834129333 0.8847481608390808 -0.1296045333147049 -0.06293947249650955 -0.09651094675064087 0.029460221529006958 -0.2233445942401886
0.034303680062294006 0.4651874899864197 -0.08246459066867828 0.1513195037841797 0.10246281325817108 0.0029586362652480602 -0.8615210652351379
-0.4704221189022064 0.6823878288269043 0.18663150072097778 -0.5153018832206726 0.03869915381073952 0.03713006526231766 -0.09902653098106384
-0.43825966119766235 0.4892198443412781 -0.5674991607666016 0.18698807060718536 -0.07936926931142807 -0.2599497139453888 -0.3710784614086151
0.17114438116550446 -0.06716980785131454 -0.006203464698046446 0.6793438196182251 0.3244597017765045 0.11083491891622543 -0.6221678256988525
-0.24716003239154816 0.3208293616771698 -0.6128392815589905 0.30922040343284607 0.29453563690185547 -0.24757516384124756 -0.4655604064464569
0.0380912646651268 -0.20577357709407806 -0.17888280749320984 0.20183131098747253 -0.827427864074707 -0.09011213481426239 -0.43670853972435
0.009836499579250813 0.07042190432548523 -0.30683204531669617 0.7202262282371521 -0.18903113901615143 -0.06664428114891052 -0.5847205519676208
-0.2810768187046051 0.5197954773902893 0.6336771845817566 -0.3431577980518341 -0.3451945185661316 -0.04210036247968674 -0.10282475501298904
0.20301206409931183 -0.06242109835147858 -0.40851476788520813 0.39249154925346375 -0.03222925215959549 -0.4183899462223053 -0.6766586899757385
-0.1139448806643486 0.128851518034935 0.657916784286499 -0.41259756684303284 0.0965539887547493 0.5714414715766907 0.1773543357849121
-0.17127816379070282 -0.19579584896564484 -0.8089746832847595 -0.45973747968673706 0.17816601693630219 0.06207695230841637 0.17587636411190033
-0.3202151954174042 -0.5064077377319336 -0.38160231709480286 0.2732006907463074 -0.24854110181331635 -0.2744417190551758 -0.5326008200645447
-0.21956056356430054 0.7215527296066284 0.026639975607395172 -0.2815603017807007 0.4022854268550873 0.018298525363206863 -0.43474194407463074
0.05272669345140457 -0.39029061794281006 -0.7480607032775879 6.882975867483765e-05 -0.29272952675819397 -0.04406759515404701 0.4445962607860565
-0.00040968312532640994 0.44017481803894043 0.5901897549629211 -0.3431558609008789 0.5438318848609924 0.06935840845108032 0.19900311529636383
-0.45969730615615845 -0.7458260655403137 -0.12428966164588928 -0.05312689021229744 0.31990066170692444 0.31348952651023865 0.11635833978652954
0.0694797933101654 -0.1258765012025833 -0.22072499990463257 0.5042234659194946 0.5278473496437073 0.06970199942588806 -0.62680584192276
-0.16944186389446259 -0.7092727422714233 -0.4030856192111969 0.11284930258989334 0.059665579348802567 -0.5378069281578064 -0.014573951251804829
0.608702540397644 -0.25415775179862976 -0.2991853654384613 0.37529605627059937 -0.4500844478607178 -0.1870976686477661 0.3113590478897095
0.2655549645423889 -0.08568309992551804 -0.4409656226634979 0.41654786467552185 0.06103062629699707 -0.3668316900730133 -0.6448922753334045
-0.38318878412246704 -0.18096239864826202 0.6846030950546265 -0.2915741801261902 0.4041571319103241 0.11840426921844482 0.29893070459365845
0.4977298378944397 -0.2825671136379242 -0.2832475006580353 0.2715695798397064 -0.13597778975963593 -0.5246362686157227 -0.4740341901779175
-0.5011906027793884 -0.15445353090763092 -0.6451480984687805 0.05476498603820801 0.1490926742553711 -0.18142984807491302 -0.5005910992622375
-0.44365817308425903 0.2658490836620331 -0.12886062264442444 0.33044061064720154 0.48995280265808105 -0.2079971879720688 -0.5686643123626709
-0.35663944482803345 0.19691860675811768 0.3147154748439789 -0.6153431534767151 0.13723933696746826 -0.3826337456703186 0.4371441900730133
0.06516872346401215 -0.05728066340088844 -0.46843573451042175 -0.37501877546310425 0.4535665810108185 -0.2974204421043396 -0.5815662741661072
-0.5042669177055359 -0.1943063735961914 -0.14404241740703583 -0.09866973012685776 0.39769861102104187 -0.10405123978853226 -0.7130813598632812
-0.02378571406006813 0.5683135390281677 0.14088109135627747 -0.75649094581604 -0.12262331694364548 0.0540471114218235 0.2576245069503784
-0.6917097568511963 0.24648712575435638 0.408528596162796 -0.21436357498168945 0.3915828764438629 -0.06056114658713341 -0.30154529213905334
-0.3709307909011841 -0.3525889813899994 -0.748314380645752 -0.24977031350135803 -0.2281157374382019 0.24635882675647736 -0.05479231849312782
-0.19410660862922668 0.3378308117389679 -0.46277305483818054 0.35744091868400574 0.6333348155021667 -0.10127708315849304 -0.30805858969688416
-0.421904593706131 -0.7957371473312378 -0.02528422884643078 -0.28215035796165466 0.2764575481414795 -0.17905469238758087 0.007847045548260212
-0.17164474725723267 0.5564022660255432 0.5621252655982971 0.03776158019900322 -0.4860234558582306 -0.32060402631759644 -0.06736509501934052
0.14933909475803375 -0.05959481745958328 -0.2502867579460144 0.5340926647186279 -0.5664536952972412 -0.27951106429100037 -0.4767090976238251
-0.1112256646156311 -0.7852644324302673 0.09135708212852478 -0.3227759003639221 0.030104322358965874 0.1935460865497589 0.46913942694664
-0.22964847087860107 0.30475717782974243 -0.6085556745529175 -0.027913222089409828 0.4311206340789795 -0.3250046372413635 -0.437918096780777
0.007875247858464718 0.22116000950336456 0.70745849609375 0.09939418733119965 0.13042791187763214 -0.2149592936038971 -0.6143537163734436
-0.10998380184173584 0.7832174301147461 -0.16548413038253784 -0.0583014041185379 0.383716344833374 0.4386487603187561 -0.06355302035808563
-0.015835240483283997 -0.08581872284412384 0.4583403468132019 -0.819293200969696 0.22716732323169708 0.13540303707122803 0.20280100405216217
0.07499386370182037 -0.757921576499939 0.04510793089866638 -0.22522829473018646 -0.584817111492157 -0.09174749255180359 -0.12938164174556732
