,ground_truth,prediction
0,0.76497453,0.7551841
1,0.9920466,1.0252141
2,0.0017118917,0.011214729
3,0.8294214,0.8497112
4,0.55800414,0.56382054
5,0.3594314,0.38761276
6,0.95179594,1.0013281
7,0.59770584,0.5728451
8,0.16117717,0.08927588
9,0.40369558,0.3139507
10,0.50498104,0.37223005
11,0.96050876,0.9131496
12,0.7356124,0.74608237
13,0.44292957,0.45738214
14,0.41381314,0.39925015
15,0.7309414,0.64982516
16,0.12764603,0.18006453
17,0.5983204,0.5689992
18,0.09949793,0.21350773
19,0.38686523,0.43793055
20,0.5613374,0.56490374
21,0.8666784,0.8639677
22,0.86461794,0.86591744
23,0.6885702,0.70334846
24,0.1684332,0.18059243
25,0.087638296,0.005823832
26,0.8161344,0.79592115
27,0.90900475,0.937735
28,0.13994156,0.09905563
29,0.30852693,0.38112143
30,0.026650427,0.067966625
31,0.70086443,0.67970616
32,0.49465686,0.6028455
33,0.6386404,0.62914824
34,0.24156226,0.26759857
35,0.43615764,0.39131787
36,0.28931186,0.29426312
37,0.68135685,0.6732434
38,0.026195373,0.05095492
39,0.779371,0.79939836
40,0.2788102,0.32148018
41,0.3420873,0.3702543
42,0.1713706,0.19485332
43,0.6402575,0.6425781
44,0.4010717,0.39484468
45,0.17686424,0.26695472
46,0.9164222,0.9043063
47,0.08303758,0.11086051
48,0.5308458,0.507494
49,0.38662976,0.35995683
50,0.8981588,0.9390224
51,0.64157593,0.6035714
52,0.00748921,-0.029927958
53,0.8485262,0.83179
54,0.45579967,0.44683644
55,0.2886009,0.2734617
56,0.12986325,0.17531963
57,0.8947742,0.93391365
58,0.45750538,0.4387228
59,0.46378952,0.4653195
60,0.1901657,0.20033339
61,0.83777094,0.79147243
62,0.8217588,0.82642645
63,0.86765105,0.84524935
64,0.99999607,1.0265483
65,0.4671601,0.5256302
66,0.88069195,0.87727934
67,0.94981587,0.9805417
68,0.81836885,0.8761926
69,0.5952398,0.61024517
70,0.20098694,0.28969687
71,0.43594548,0.47569567
72,0.016763886,0.006951049
73,0.33861718,0.34121907
74,0.16344504,0.152079
75,0.30890208,0.38284916
76,0.7289769,0.76409894
77,0.29011938,0.29895663
78,0.5176479,0.5098488
79,0.7297392,0.64739686
80,0.016893879,0.013944805
81,0.7244814,0.7087721
82,0.67193717,0.65709263
83,0.111459084,0.08935623
84,0.17255455,0.1799418
85,0.6407681,0.7139357
86,0.8646971,0.962747
87,0.5544855,0.6273082
88,0.8494404,0.89625317
89,0.70135826,0.773972
90,0.2845487,0.26144648
91,0.029699981,0.079851195
92,0.27774218,0.29726857
93,0.8226771,0.8256585
94,0.82153904,0.86996806
95,0.5631812,0.54907554
96,0.7485066,0.72654235
97,0.25151718,0.27410358
98,0.014654499,0.058265552
99,0.35134992,0.3596987
100,0.46708852,0.4730652
101,0.97665143,0.9857165
102,0.4787215,0.42807817
103,0.49094486,0.50836205
104,0.9839172,1.0017248
105,0.9501659,0.96847254
106,0.65681744,0.62581295
107,0.13683303,0.11257365
108,0.79327416,0.7532109
109,0.5141114,0.5018728
110,0.10083448,0.11652511
111,0.05455444,0.031342167
112,0.628479,0.6177926
113,0.9554446,0.9240983
114,0.91287595,0.9287439
115,0.17994706,0.21853691
116,0.91386974,0.92794234
117,0.85398275,0.8595549
118,0.9330886,0.9240223
119,0.17196597,0.18642315
120,0.571721,0.5284179
121,0.84498537,0.84701574
122,0.74465424,0.7503159
123,0.8202009,0.826035
124,0.8756747,0.8825046
125,0.81652445,0.806934
126,0.51203597,0.5571824
127,0.21561272,0.15536036
128,0.6403679,0.5966461
129,0.8078936,0.8013613
130,0.19605967,0.27542531
131,0.9531215,0.96232975
132,0.4419876,0.31801367
133,0.84859353,0.8726461
134,0.14792782,0.23904616
135,0.20400098,0.21156938
136,0.45618922,0.45215625
137,0.40530723,0.449264
138,0.028006334,0.036861908
139,0.5575185,0.5725559
140,0.112350404,0.13514149
141,0.94238293,0.9216366
142,0.54485077,0.4922412
143,0.016545266,-0.012859728
144,0.8415303,0.7634913
145,0.27054104,0.26670063
146,0.7458582,0.747536
147,0.26549408,0.30368656
148,0.9239812,0.94336176
149,0.8326605,0.8227869
150,0.25662208,0.24862556
151,0.9142474,0.91928244
152,0.93181205,0.9542103
153,0.6081691,0.58061945
154,0.64898026,0.62810504
155,0.75850916,0.6901354
156,0.8598838,0.8306612
157,0.75544906,0.70772886
158,0.18788344,0.2465478
159,0.521946,0.5041194
160,0.31752896,0.32064506
161,0.5880605,0.5672508
162,0.23323177,0.30431956
163,0.96021736,0.9027703
164,0.4086461,0.43423963
165,0.5654856,0.54970676
166,0.9731294,0.758039
167,0.38328955,0.38101417
168,0.632745,0.6239045
169,0.62693137,0.60544336
170,0.41188967,0.41953966
171,0.7151666,0.7238281
172,0.35186902,0.3667606
173,0.75668836,0.7102411
174,0.086959004,0.057092566
175,0.6203409,0.5898453
176,0.109959826,0.1079604
177,0.36423084,0.43192166
178,0.4966288,0.52917373
179,0.38862833,0.38397992
180,0.21028616,0.21257888
181,0.76435745,0.81177807
182,0.96176535,0.9729799
183,0.91332704,0.88691616
184,0.6125495,0.6501144
185,0.065898776,0.04071485
186,0.09946298,0.080647975
187,0.83652526,0.7510006
188,0.27902105,0.30977282
189,0.4610949,0.44652
190,0.3193315,0.33121574
191,0.61562854,0.5187941
192,0.32167268,0.3641073
193,0.5743317,0.5968312
194,0.45351905,0.40161535
195,0.5914944,0.6012664
196,0.45109013,0.4528777
197,0.35830152,0.30773076
198,0.5955754,0.5583994
199,0.09765977,0.055751294
200,0.8191572,0.8096516
201,0.23876254,0.2497764
202,0.6152968,0.6506512
203,0.83654773,0.8521996
204,0.5687472,0.5733535
205,0.6251625,0.61040306
206,0.936722,0.9597221
207,0.11041554,0.11555472
208,0.6462942,0.6505656
209,0.6937853,0.74130005
210,0.21678823,0.24109061
211,0.2852822,0.26761842
212,0.7154858,0.7472138
213,0.390142,0.37095848
214,0.25826037,0.2860796
215,0.81934774,0.86345214
216,0.8634916,0.87030745
217,0.7350846,0.6678553
218,0.6902238,0.64045423
219,0.8545459,0.8399889
220,0.72354895,0.7026132
221,0.105812676,0.0720027
222,0.4999302,0.49403113
223,0.71776456,0.7125403
224,0.60442305,0.68287677
225,0.26828662,0.25372013
226,0.63430417,0.59700006
227,0.27813685,0.23770562
228,0.82568735,0.76291436
229,0.35243347,0.35407746
230,0.6673172,0.6437186
231,0.5708387,0.5132288
232,0.16081107,0.19694042
233,0.21991162,0.24235469
234,0.99802536,1.0388821
235,0.678326,0.63913095
236,0.54374087,0.47761643
237,0.8869138,0.87536734
238,0.5200517,0.5422436
239,0.72824776,0.7238579
240,0.44086537,0.44107276
241,0.78972656,0.76053846
242,0.3756179,0.36749014
243,0.7214782,0.70716536
244,0.28431845,0.26912698
245,0.22037536,0.21457131
246,0.2777227,0.23873931
247,0.627878,0.5954727
248,0.6415906,0.5953318
249,0.581315,0.5000956
250,0.7138488,0.7281429
251,0.52704215,0.4451549
252,0.8263607,0.86355853
253,0.4706132,0.44459036
254,0.4822523,0.4729401
255,0.2479733,0.25817832
256,0.17543659,0.17399664
257,0.9924232,0.9476921
258,0.57712495,0.40775195
259,0.50935346,0.47976848
260,0.4917735,0.4999915
261,0.5617708,0.51021016
262,0.7865928,0.77493864
263,0.5007479,0.48997527
264,0.2666103,0.17464791
265,0.96692747,0.9738319
266,0.91996723,0.92998004
267,0.2121874,0.27940854
268,0.56346387,0.5739061
269,0.88157856,0.8377842
270,0.91466624,0.91788876
271,0.76070833,0.73550916
272,0.25458834,0.22610392
273,0.70736724,0.7296795
274,0.032240015,0.023922663
275,0.33647916,0.36760935
276,0.5388169,0.5449175
277,0.6946816,0.71789294
278,0.69619507,0.63477707
279,0.1876503,0.16831808
280,0.2911377,0.31895104
281,0.57162523,0.54497266
282,0.9986809,0.9649762
283,0.43348435,0.42341965
284,0.27238488,0.30880982
285,0.5224255,0.50877154
286,0.22607863,0.253938
287,0.40651512,0.43367538
288,0.8609543,0.87218344
289,0.14993092,0.29007962
290,0.890262,0.8927868
291,0.71643883,0.7093976
292,0.9584524,1.0046962
293,0.050042097,0.15024881
294,0.87003756,0.88031864
295,0.11613255,0.16028331
296,0.6378876,0.48306277
297,0.56339955,0.5359235
298,0.97176003,0.9747808
299,0.12782471,0.14293541
300,0.87197065,0.89722764
301,0.2776691,0.22501938
302,0.557348,0.44552058
303,0.17806302,0.17300506
304,0.71429527,0.6983377
305,0.76613796,0.8091973
306,0.6881747,0.6159472
307,0.94959223,0.87694293
308,0.95880115,1.0119207
309,0.8807702,0.89270073
310,0.9687246,1.0094874
311,0.8812113,0.9040649
312,0.6453553,0.62044215
313,0.099032156,0.07939491
314,0.1324184,0.16254036
315,0.66286767,0.6530509
316,0.30086783,0.20680346
317,0.082850985,0.013962727
318,0.6946157,0.59352475
319,0.6732761,0.6651098
320,0.9730012,0.9725836
321,0.5266671,0.35981676
322,0.45617378,0.44189218
323,0.2177192,0.2738007
324,0.58402574,0.570861
325,0.84977394,0.8142047
326,0.7213248,0.75201833
327,0.4637358,0.44234425
328,0.3714011,0.33922106
329,0.4791234,0.49871856
330,0.95444757,0.88798684
331,0.7841921,0.7888373
332,0.0024077492,0.050106928
333,0.17270613,0.16042349
334,0.49236614,0.48391235
335,0.86516315,0.8911081
336,0.3830964,0.39380848
337,0.09434849,0.18049552
338,0.18210171,0.23011605
339,0.8334666,0.8667303
340,0.48549446,0.48875058
341,0.16101441,0.22944678
342,0.72837114,0.7178641
343,0.8974107,0.9507008
344,0.08003447,0.09185869
345,0.2851184,0.27403885
346,0.18435766,0.25295192
347,0.30323318,0.3675772
348,0.5336608,0.5445877
349,0.3845095,0.36595857
350,0.20061904,0.34670144
351,0.6564197,0.63477236
352,0.7316995,0.7164343
353,0.65998197,0.67907095
354,0.12600905,0.13063557
355,0.9830372,1.032378
356,0.48953348,0.5002791
357,0.57488436,0.593533
358,0.6124216,0.5670232
359,0.002566568,0.010037094
360,0.5608952,0.57490236
361,0.10189499,0.0838568
362,0.18323746,0.22200695
363,0.29257783,0.298325
364,0.63699603,0.6617102
365,0.8161545,0.84335667
366,0.43072617,0.4349637
367,0.7681619,0.7940081
368,0.8056636,0.7316958
369,0.18168747,0.20338649
370,0.0010088265,0.053164437
371,0.60633534,0.68477136
372,0.50335133,0.49808532
373,0.15769546,0.17853983
374,0.36190638,0.30763978
375,0.5119901,0.4825222
376,0.77825135,0.77884406
377,0.551708,0.7594176
378,0.21356751,0.22810706
379,0.019241385,-0.011111282
380,0.0018482826,0.011415094
381,0.11143031,0.11119613
382,0.32473436,0.31459272
383,0.13586035,0.12809525
384,0.46520162,0.40337628
385,0.63571066,0.59277755
386,0.7753088,0.81952053
387,0.98166764,1.0055523
388,0.763289,0.76609755
389,0.2948681,0.28469095
390,0.49663824,0.500532
391,0.030533444,0.07794933
392,0.7740704,0.8006226
393,0.9217245,0.93671197
394,0.63150686,0.6037471
395,0.5103418,0.4909104
396,0.64528835,0.6378151
397,0.8309476,0.85993326
398,0.89330447,0.95793974
399,0.25025216,0.39388904
400,0.4725354,0.4719478
401,0.34141347,0.3164332
402,0.037772045,0.019479588
403,0.96899486,0.92704
404,0.9064481,0.8828049
405,0.9504302,0.9401191
406,0.7452033,0.74494576
407,0.51224065,0.494112
408,0.1588752,0.16148384
409,0.29448023,0.29905698
410,0.4392874,0.41042307
411,0.08484554,0.0701717
412,0.9132608,0.929633
413,0.059209537,0.034033883
414,0.19912308,0.2053036
415,0.8507716,0.8581034
416,0.03391727,0.025248934
417,0.24972674,0.2337061
418,0.24890864,0.26764047
419,0.48685378,0.4597662
420,0.29675385,0.32602137
421,0.77880913,0.8044387
422,0.11463873,0.10701297
423,0.94817185,0.9830581
424,0.0032703148,0.03545836
425,0.41853523,0.4269508
426,0.91415465,0.8949417
427,0.37858716,0.35332736
428,0.7733471,0.8001999
429,0.1674772,0.19115917
430,0.7128292,0.68153346
431,0.58812,0.61482203
432,0.5049612,0.47666168
433,0.21724929,0.27846688
434,0.61150026,0.5394946
435,0.1333646,0.12445401
436,0.84156615,0.81226546
437,0.8219396,0.80736816
438,0.8493032,0.91029346
439,0.018262079,0.075950325
440,0.67333657,0.684665
441,0.51437485,0.52941424
442,0.8296226,0.80906546
443,0.6678933,0.65920365
444,0.35518104,0.36146313
445,0.51396525,0.4436972
446,0.30943722,0.3542139
447,0.4367448,0.43499053
448,0.5761325,0.50442207
449,0.55961525,0.48784733
450,0.71557754,0.75594366
451,0.5852503,0.54816425
452,0.87737113,0.91407526
453,0.4908817,0.468363
454,0.27965495,0.3150043
455,0.68903357,0.68514085
456,0.6060215,0.4389295
457,0.11238469,0.043058008
458,0.60724974,0.5925534
459,0.50604326,0.42968705
460,0.28848416,0.32965964
461,0.003971088,0.006815074
462,0.0042995843,0.005360676
463,0.08702011,0.05483663
464,0.12520446,0.1026548
465,0.21728042,0.26503262
466,0.16107666,0.2318394
467,0.4066347,0.31076112
468,0.116599,0.10737871
469,0.44317436,0.4686347
470,0.23118512,0.2524814
471,0.7968122,0.7960494
472,0.9284561,0.98898774
473,0.8104174,0.8233059
474,0.22363326,0.17849058
475,0.963078,0.9429977
476,0.34068593,0.330229
477,0.013604822,0.028899578
478,0.35073474,0.3628887
479,0.64201224,0.62819546
480,0.38537937,0.40128818
481,0.70080686,0.6984223
482,0.9533047,0.95377153
483,0.49899748,0.397695
484,0.36688942,0.3379205
485,0.5974863,0.5622258
486,0.087120235,0.2279086
487,0.83511645,0.82257265
488,0.77244085,0.75829846
489,0.7367496,0.6979162
490,0.21885909,0.17783603
491,0.6828172,0.68380463
492,0.0007244562,0.044293493
493,0.6913771,0.68964976
494,0.4172632,0.47880882
495,0.48676884,0.44362396
496,0.82995063,0.8389267
497,0.21127518,0.23936872
498,0.8399536,0.85822964
499,0.52371335,0.478592
500,0.79454744,0.67368
501,0.7691066,0.76067585
502,0.41277638,0.41584474
503,0.44017816,0.4228409
504,0.2769986,0.219511
505,0.3443972,0.3657072
506,0.252925,0.26812378
507,0.36134493,0.36592507
508,0.9128458,0.91685057
509,0.90731174,0.96317196
510,0.15136315,0.123090446
511,0.006318266,-0.021672139
512,0.33409715,0.38922897
513,0.3972061,0.38171408
514,0.25989076,0.30372727
515,0.5912207,0.5979136
516,0.9440656,0.99885106
517,0.9046344,0.956709
518,0.8707822,0.87006426
519,0.8674816,0.9022209
520,0.48364007,0.4875711
521,0.5922992,0.38688004
522,0.75043786,0.5219734
523,0.34160033,0.35720548
524,0.9672497,0.9928231
525,0.44205517,0.4026097
526,0.5387533,0.529688
527,0.2706115,0.2782065
528,0.6490003,0.65919805
529,0.3539973,0.36861965
530,0.98806,0.9622007
531,0.44162014,0.4290116
532,0.06789626,0.091910765
533,0.3867596,0.37416703
534,0.797434,0.81178373
535,0.6698555,0.64815706
536,0.2357317,0.2733816
537,0.5045701,0.50458324
538,0.0527087,0.11188714
539,0.23494394,0.228017
540,0.29346213,0.3162512
541,0.8725282,0.87071973
542,0.7136651,0.7175503
543,0.87377405,0.8612186
544,0.5847958,0.6059386
545,0.958849,0.9477221
546,0.058597714,0.108396396
547,0.9743513,0.92451006
548,0.8517479,0.8586135
549,0.9525451,0.9768996
550,0.64131397,0.59528714
551,0.20849802,0.27976143
552,0.53232265,0.5605142
553,0.8661368,0.83888304
554,0.73383003,0.6833464
555,0.67465985,0.68798786
556,0.57934994,0.5648976
557,0.17400868,0.12740915
558,0.6536742,0.665072
559,0.040403,0.008904692
560,0.14110054,0.17220156
561,0.891116,0.929929
562,0.08028168,0.14473455
563,0.25874683,0.23499535
564,0.8877657,0.8789494
565,0.057414144,0.149936
566,0.42201728,0.46765512
567,0.9767624,0.97844326
568,0.384705,0.42020825
569,0.10701614,0.15955113
570,0.736794,0.6717098
571,0.9703727,1.0121809
572,0.294478,0.2845417
573,0.44143158,0.42196006
574,0.54401404,0.5656564
575,0.78318286,0.8050262
576,0.40161747,0.451988
577,0.03956427,0.11439921
578,0.6937007,0.714702
579,0.74450886,0.7296617
580,0.41916415,0.42361522
581,0.020527128,0.04568113
582,0.97670823,0.9706009
583,0.9652484,0.9887366
584,0.51991755,0.5668185
585,0.40821695,0.42914668
586,0.7867928,0.79600275
587,0.15884852,0.19442916
588,0.53618366,0.5581986
589,0.34401596,0.33606312
590,0.16405906,0.19535601
591,0.49496332,0.5060128
592,0.5555139,0.562297
593,0.9246344,0.9362653
594,0.60719836,0.6162452
595,0.9851402,0.9843181
596,0.91794676,0.9454251
597,0.41668653,0.33500952
598,0.65752,0.68033415
599,0.6080719,0.66145366
600,0.84683055,0.85545903
601,0.15093026,0.152458
602,0.3870349,0.40701413
603,0.59488,0.59027797
604,0.8348697,0.84230024
605,0.23237841,0.2345743
606,0.49534854,0.47816902
607,0.32778227,0.2922896
608,0.21622069,0.22459756
609,0.94904643,0.9239751
610,0.41070572,0.39454043
611,0.54001653,0.52236223
612,0.36667252,0.35705662
613,0.5562329,0.545338
614,0.75270754,0.74694955
615,0.614371,0.63938516
616,0.21884324,0.21823151
617,0.12002914,0.14627461
618,0.39134416,0.38507217
619,0.089172125,0.14738189
620,0.10715481,0.11501944
621,0.6778609,0.70165527
622,0.3097407,0.41009766
623,0.9875146,1.0134618
624,0.48691374,0.38704252
625,0.8342794,0.84453064
626,0.50806504,0.5692013
627,0.8574035,0.8651102
628,0.6097772,0.585261
629,0.77026004,0.52515566
630,0.77814865,0.7328246
631,0.3671387,0.38200676
632,0.10733748,0.069043726
633,0.80966103,0.8109527
634,0.12062473,0.12569772
635,0.052960373,0.063208774
636,0.55699867,0.5690045
637,0.7477517,0.7080487
638,0.45197964,0.3967253
639,0.24963446,0.29567784
640,0.85249007,0.8355815
641,0.58143187,0.6003801
642,0.17854328,0.2320986
643,0.9039752,0.9279016
644,0.15101404,0.16451217
645,0.5853651,0.54168355
646,0.99017966,0.9200431
647,0.91380334,0.94543785
648,0.17660527,0.2215072
649,0.10192983,0.14190972
650,0.67105514,0.6997224
651,0.6157352,0.59666777
652,0.6267816,0.57560235
653,0.8572123,0.9035145
654,0.95593303,0.97524035
655,0.8904931,0.90432215
656,0.77862185,0.7366756
657,0.84272105,0.8488654
658,0.73649764,0.7384255
659,0.12139963,0.1066464
660,0.043018468,0.09244934
661,0.68739706,0.67304265
662,0.65660715,0.5995825
663,0.0055211997,0.022860412
664,0.4208485,0.4069705
665,0.67160165,0.687841
666,0.95019037,0.95710564
667,0.95562774,0.9300068
668,0.72968215,0.64263463
669,0.55343753,0.55055225
670,0.57835156,0.52647007
671,0.28376284,0.27024496
672,0.036218137,0.15771772
673,0.4730505,0.49331945
674,0.012083561,0.033022735
675,0.29295763,0.31902128
676,0.7632444,0.75252116
677,0.81836,0.8225736
678,0.07013877,0.07474585
679,0.23732546,0.2569537
680,0.29773325,0.28061637
681,0.04081006,0.015638072
682,0.40903336,0.40959382
683,0.1479242,0.12013376
684,0.22962251,0.28431952
685,0.09524956,0.08490397
686,0.1717465,0.21637487
687,0.24180512,0.29152638
688,0.940769,0.9425741
689,0.3544074,0.41820654
690,0.040291984,0.104156196
691,0.90710026,0.9274729
692,0.63948333,0.5732227
693,0.4245317,0.39896512
694,0.8133325,0.75935245
695,0.17868623,0.1957696
696,0.94335675,0.9669688
697,0.49142817,0.47712114
698,0.9665228,0.94206166
699,0.26076877,0.26194662
700,0.53687036,0.5218081
701,0.24012843,0.22885895
702,0.5831838,0.5172167
703,0.98629045,0.94543266
704,0.95802635,0.9428225
705,0.9686329,0.981405
706,0.58651614,0.4909486
707,0.5949302,0.5799664
708,0.7258911,0.62623644
709,0.45988402,0.47064662
710,0.057280805,0.04754307
711,0.18828934,0.19992486
712,0.6584012,0.65318525
713,0.33629286,0.31725642
714,0.068630345,0.059732184
715,0.7783917,0.6625784
716,0.7146547,0.7041726
717,0.08668624,0.05392106
718,0.6506454,0.63569534
719,0.051978637,0.0018095206
720,0.8310718,0.84088576
721,0.34044215,0.27226067
722,0.34050512,0.2722843
723,0.28488103,0.34094277
724,0.6901952,0.7058195
725,0.76295215,0.76182556
726,0.08665296,0.1316022
727,0.8205835,0.7917416
728,0.18632634,0.17984657
729,0.071282804,0.06920472
730,0.79390466,0.8166893
731,0.5214475,0.5465282
732,0.21391977,0.2357629
733,0.9326539,0.9438958
734,0.10877672,0.1665093
735,0.456775,0.42538118
736,0.6530096,0.65444565
737,0.5219031,0.48284683
738,0.84609973,0.8516576
739,0.21576387,0.28098592
740,0.5034767,0.54786885
741,0.4211565,0.45922348
742,0.18170173,0.20663282
743,0.91458684,0.84661674
744,0.5514429,0.5655341
745,0.53278303,0.5138368
746,0.29559684,0.2732706
747,0.21276265,0.20162463
748,0.4635104,0.41244364
749,0.5905355,0.5527391
750,0.6088438,0.58479595
751,0.16103946,0.23232123
752,0.6771001,0.7176469
753,0.3875501,0.3833432
754,0.5826345,0.5204991
755,0.23919512,0.27132612
756,0.5786264,0.5118986
757,0.5687239,0.54057527
758,0.44209686,0.39911124
759,0.40938544,0.4162308
760,0.05235223,0.095527634
761,0.76764125,0.79717076
762,0.80436516,0.73273
763,0.5910146,0.54569775
764,0.7750273,0.77697366
765,0.55190635,0.4950477
766,0.8188345,0.7861266
767,0.056018207,0.049765423
768,0.23747148,0.23697804
769,0.33074543,0.31731242
770,0.17733721,0.14393073
771,0.7068742,0.69791937
772,0.5592579,0.49698934
773,0.6567909,0.6674451
774,0.1771163,0.22452496
775,0.9595668,0.935364
776,0.9089825,0.9904665
777,0.07844551,0.14535764
778,0.7943765,0.75169545
779,0.32343236,0.33869615
780,0.5483626,0.5095264
781,0.8815733,0.91374016
782,0.5613279,0.57621884
783,0.69380975,0.68184054
784,0.35036075,0.29117903
785,0.0959306,0.108799785
786,0.47626314,0.48831108
787,0.78385526,0.7803471
788,0.18817113,0.19489413
789,0.5812075,0.5325551
790,0.97375786,0.9106509
791,0.94251585,0.94791824
792,0.65168226,0.64370465
793,0.7030802,0.7303325
794,0.56409144,0.5718782
795,0.9323367,0.9427779
796,0.6952081,0.66245663
797,0.43252552,0.45099786
798,0.49633485,0.49015287
799,0.8538105,0.8563827
800,0.45607173,0.48751232
801,0.27171493,0.27714685
802,0.038939126,0.04518872
803,0.07314764,0.0446012
804,0.21526395,0.20323128
805,0.2210987,0.30432978
806,0.45029354,0.471149
807,0.42549953,0.4235693
808,0.23853618,0.2219964
809,0.70358765,0.67748857
810,0.6197429,0.579991
811,0.9771177,0.98018616
812,0.08959096,0.063017145
813,0.616352,0.6332736
814,0.8147287,0.8183687
815,0.033659555,0.030179452
816,0.1472837,0.18927279
817,0.9707212,0.96930873
818,0.9470949,0.984588
819,0.10876153,0.14195259
820,0.57068884,0.58521587
821,0.9044344,0.96422446
822,0.5983015,0.468376
823,0.6851245,0.69418424
824,0.32435846,0.3226303
825,0.9981475,1.0365243
826,0.69315785,0.7113832
827,0.7415192,0.7570862
828,0.26916316,0.24914403
829,0.18707179,0.14674674
830,0.9700276,0.9569142
831,0.9068173,0.93567026
832,0.6812336,0.66759956
833,0.51194066,0.44526094
834,0.047886528,0.058552872
835,0.8726655,0.84106845
836,0.6246239,0.69359547
837,0.37911808,0.3840425
838,0.4807557,0.4869895
839,0.3560126,0.3884719
840,0.594944,0.6102999
841,0.94772035,1.0135587
842,0.55135477,0.5265943
843,0.23425584,0.24087669
844,0.5282593,0.50930417
845,0.5221755,0.5007909
846,0.37206966,0.3672124
847,0.028446976,0.07830095
848,0.38785532,0.37127507
849,0.3054071,0.34702408
850,0.9822772,0.9918362
851,0.8971141,0.9014193
852,0.19840498,0.28369945
853,0.35672885,0.4127612
854,0.8481735,0.89125943
855,0.65946895,0.6645432
856,0.091231264,0.092585534
857,0.11311172,0.113717005
858,0.41709688,0.440229
859,0.44952556,0.33727765
860,0.24333695,0.23400591
861,0.6816808,0.6731182
862,0.40638927,0.4758802
863,0.39602596,0.38207823
864,0.07942112,0.051385924
865,0.6446147,0.6072918
866,0.77994263,0.7403533
867,0.31295928,0.30991292
868,0.44975433,0.449323
869,0.38736558,0.39588052
870,0.48663145,0.3762139
871,0.34960788,0.36740535
872,0.14874175,0.24525985
873,0.585193,0.5360181
874,0.75410515,0.7611166
875,0.2958527,0.2676369
876,0.003356261,0.09358938
877,0.64570546,0.6137286
878,0.08544758,0.08095038
879,0.0036642747,0.07866824
880,0.8940996,0.9103292
881,0.26967636,0.2705605
882,0.57544243,0.5879901
883,0.46707097,0.49373734
884,0.47321764,0.45250148
885,0.28907028,0.25135955
886,0.17631498,0.30195814
887,0.5098929,0.48769104
888,0.8433726,0.8608612
889,0.037010767,0.03658371
890,0.861629,0.8927172
891,0.70208377,0.67849576
892,0.5092356,0.49722457
893,0.18635052,0.18825184
894,0.86366457,0.8701067
895,0.8728739,0.90844685
896,0.6224273,0.611351
897,0.29312757,0.34434494
898,0.7846004,0.7638973
899,0.9557532,0.93553686
900,0.8468249,0.8219237
901,0.2567829,0.28423452
902,0.9047039,0.88515234
903,0.9774138,0.9467404
904,0.9500992,0.99880576
905,0.12843046,0.11780751
906,0.8682985,0.8430747
907,0.74521244,0.76299536
908,0.1807972,0.14654228
909,0.46534562,0.45176345
910,0.5049357,0.42015582
911,0.18794048,0.19615266
912,0.4701658,0.4469496
913,0.6687169,0.66919374
914,0.2958729,0.27948028
915,0.4696921,0.4435884
916,0.27745715,0.30560702
917,0.10611205,0.16108759
918,0.6239178,0.55630404
919,0.580697,0.5726439
920,0.67345744,0.6437033
921,0.9258872,0.9775319
922,0.22319336,0.18906038
923,0.8600497,0.8865802
924,0.9347161,0.8771692
925,0.5613469,0.53563535
926,0.5136694,0.6407889
927,0.29329896,0.2921144
928,0.7260186,0.7456144
929,0.9419007,0.9263547
930,0.36230883,0.3792038
931,0.7740168,0.75326455
932,0.94481844,0.92113364
933,0.111373305,0.062616006
934,0.7176443,0.73007184
935,0.929493,0.9370132
936,0.6850651,0.66793525
937,0.974159,0.9910871
938,0.92807484,0.93859714
939,0.059392102,0.12144564
940,0.28916025,0.27687567
941,0.71433645,0.6384798
942,0.47434923,0.43893224
943,0.74556637,0.78886485
944,0.84271324,0.89179254
945,0.8202417,0.8593849
946,0.55771,0.48991853
947,0.27058885,0.28709057
948,0.9096066,0.9189091
949,0.6096608,0.63065004
950,0.33868048,0.35621446
951,0.69969755,0.70336705
952,0.3320797,0.32915908
953,0.46080497,0.45801127
954,0.08958409,0.031429026
955,0.116496176,0.08275227
956,0.2392398,0.2702347
957,0.11174745,0.13528286
958,0.2696503,0.2764947
959,0.84186035,0.82717365
960,0.3194253,0.34155545
961,0.5019896,0.5097205
962,0.8653286,0.8256268
963,0.96724516,0.9128206
964,0.8501408,0.8501563
965,0.15317398,0.15575182
966,0.4127831,0.3599626
967,0.41842058,0.36561012
968,0.026780784,0.0808048
969,0.9060103,0.889571
970,0.6455836,0.67412454
971,0.8701695,0.9053541
972,0.85437524,0.9192994
973,0.50460696,0.4986333
974,0.74907136,0.7317591
975,0.33703825,0.32834697
976,0.47143757,0.51393634
977,0.35128576,0.35080838
978,0.9814962,0.89674693
979,0.10836362,0.111794
980,0.28362328,0.3553046
981,0.85052097,0.77932227
982,0.4298172,0.35594136
983,0.6881623,0.67781454
984,0.118652195,0.075142324
985,0.026056273,0.02900548
986,0.8688353,0.8849428
987,0.68481064,0.69100595
988,0.9674686,0.9608421
989,0.85188997,0.85072416
990,0.6242365,0.55237514
991,0.58342993,0.6158951
992,0.301251,0.2853719
993,0.46120808,0.49202
994,0.14030802,0.13967755
995,0.21458264,0.2425918
996,0.2805372,0.29689983
997,0.5702492,0.57080036
998,0.87530565,0.8849721
999,0.515254,0.4872793
1000,0.00716547,0.062104195
1001,0.15359332,0.111258045
1002,0.26201168,0.24305293
1003,0.46867824,0.43807805
1004,0.0834288,0.027773714
1005,0.66220284,0.64832634
1006,0.61406213,0.5751711
1007,0.48458436,0.40735132
1008,0.98729134,1.0241219
1009,0.6253293,0.5974844
1010,0.07267984,0.12387535
1011,0.5397012,0.56143826
1012,0.7187625,0.7039917
1013,0.08560182,0.055180505
1014,0.33146715,0.3351315
1015,0.5656115,0.5159339
1016,0.15815595,0.18861113
1017,0.3423492,0.30282998
1018,0.7024832,0.6964961
1019,0.16629839,0.14981665
1020,0.09781376,0.11944163
1021,0.4136766,0.4754941
1022,0.38957193,0.3563462
1023,0.97628474,0.97818965
1024,0.46267655,0.47805128
1025,0.7535491,0.75806904
1026,0.81127506,0.77673686
1027,0.8808159,0.8671554
1028,0.9310382,0.9288767
1029,0.4239469,0.40046427
1030,0.24353218,0.28982714
1031,0.4809966,0.44120446
1032,0.80504924,0.82825005
1033,0.6224394,0.5338969
1034,0.63046193,0.64279175
1035,0.065430164,0.09316124
1036,0.7911271,0.80326295
1037,0.57553947,0.5741683
1038,0.43526116,0.35861382
1039,0.7984975,0.73105335
1040,0.42271337,0.38451788
1041,0.052613463,0.11940439
1042,0.8888504,0.91281295
1043,0.72525597,0.71752584
1044,0.575406,0.56083333
1045,0.25899005,0.24726166
1046,0.70429647,0.58599967
1047,0.27754,0.2979361
1048,0.96033007,0.9825493
1049,0.8310941,0.9009
1050,0.014083,0.08255966
1051,0.047070224,0.06831764
1052,0.059624534,0.15271048
1053,0.42053562,0.40287465
1054,0.029209066,0.0070087723
1055,0.4223961,0.42596945
1056,0.29587513,0.26859507
1057,0.95644283,0.97130877
1058,0.13140257,0.13532917
1059,0.7222035,0.7309476
1060,0.28156415,0.27366972
1061,0.5758497,0.5190809
1062,0.5366534,0.52192765
1063,0.34409705,0.34349966
1064,0.21139081,0.22171041
1065,0.9866178,0.97400683
1066,0.9106013,0.89276123
1067,0.9740583,1.007776
1068,0.013538226,0.021388095
1069,0.095613346,0.07302995
1070,0.6461316,0.6102028
1071,0.97063744,0.9761863
1072,0.33129352,0.2889736
1073,0.41133162,0.42171112
1074,0.020359669,0.004499238
1075,0.26767492,0.2749214
1076,0.98961955,0.94893926
1077,0.48521194,0.4899697
1078,0.098917924,0.101343945
1079,0.88411254,0.8759281
1080,0.977985,0.9836271
1081,0.7150386,0.6568156
1082,0.081460744,0.07975848
1083,0.6984596,0.6849321
1084,0.82281584,0.82806563
1085,0.29084554,0.34009978
1086,0.3326764,0.33268687
1087,0.47726786,0.4420829
1088,0.24351048,0.28489065
1089,0.78855747,0.7336524
1090,0.17125402,0.17909466
1091,0.40635717,0.4276688
1092,0.7762103,0.7360673
1093,0.5856845,0.5506352
1094,0.39189047,0.38441312
1095,0.5781435,0.57038784
1096,0.05998163,0.03502683
1097,0.76274943,0.76448536
1098,0.42231357,0.41177672
1099,0.8189577,0.7601754
1100,0.7651718,0.78631085
1101,0.16228427,0.2092212
1102,0.21531045,0.17446832
1103,0.6807638,0.69513434
1104,0.5945251,0.5539273
1105,0.6197507,0.5756771
1106,0.7031186,0.7000551
1107,0.41611558,0.43499964
1108,0.00053536904,0.014699556
1109,0.4023484,0.37238646
1110,0.31222013,0.30433214
1111,0.32835612,0.35815382
1112,0.8942396,0.91361743
1113,0.39919624,0.36338645
1114,0.4120511,0.40627044
1115,0.09943643,0.11850295
1116,0.08897721,0.14626478
1117,0.2992663,0.33752865
1118,0.3447212,0.3580613
1119,0.3042814,0.29976404
1120,0.12276402,0.14370804
1121,0.47041464,0.48461133
1122,0.35297415,0.3157789
1123,0.37940875,0.36143303
1124,0.48477995,0.44536102
1125,0.41476884,0.44187266
1126,0.49815542,0.53303516
1127,0.041455593,0.16503139
1128,0.8547099,0.8666747
1129,0.90539485,0.9868875
1130,0.06598496,0.10622732
1131,0.58121556,0.5759099
1132,0.0013155281,0.1155228
1133,0.7096436,0.70327467
1134,0.18325943,0.23344897
1135,0.03032611,0.089619696
1136,0.72776854,0.7316503
1137,0.73760355,0.5382958
1138,0.45875865,0.39350575
1139,0.27771783,0.28055292
1140,0.8126822,0.8651061
1141,0.766893,0.7284681
1142,0.44455114,0.47105253
1143,0.30992103,0.30706215
1144,0.7339941,0.77188843
1145,0.827906,0.80414027
1146,0.38938084,0.4111586
1147,0.7792816,0.7960371
1148,0.18985745,0.2975179
1149,0.40961736,0.30754796
1150,0.11732827,0.0960688
1151,0.94212645,0.8893304
1152,0.93660575,0.9359116
1153,0.878842,0.923936
1154,0.060711212,0.09454481
1155,0.9298072,1.0052687
1156,0.89952064,0.9236697
1157,0.56288016,0.5436669
1158,0.6717625,0.6570802
1159,0.73531336,0.8056602
1160,0.89021903,0.90971744
1161,0.17773986,0.2810815
1162,0.44505942,0.44809383
1163,0.8082616,0.7624679
1164,0.7194441,0.700624
1165,0.83768255,0.89589363
1166,0.44781554,0.45626003
1167,0.5963775,0.6150046
1168,0.9673066,0.967647
1169,0.23968057,0.21198426
1170,0.0109882075,0.023550127
1171,0.5740026,0.543674
1172,0.7317666,0.7318338
1173,0.54218274,0.517477
1174,0.17676906,0.23809324
1175,0.94141674,0.9751959
1176,0.900292,0.8905306
1177,0.12347417,0.14199162
1178,0.2874821,0.30072665
1179,0.38645145,0.37687528
1180,0.72089374,0.652066
1181,0.6645036,0.61467034
1182,0.12929906,0.17061749
1183,0.16960172,0.19174886
1184,0.1853775,0.1955313
1185,0.2319169,0.18373905
1186,0.41887912,0.4179492
1187,0.9714672,0.9685297
1188,0.7628192,0.7674864
1189,0.60624534,0.56225514
1190,0.40721115,0.39985192
1191,0.91077167,0.97677755
1192,0.11370688,0.13215603
1193,0.03201158,0.102620065
1194,0.048883013,0.027189407
1195,0.54126525,0.48785806
1196,0.39854944,0.39370272
1197,0.16872245,0.28651726
1198,0.8898898,0.9045623
1199,0.4362255,0.42702764
1200,0.12935694,0.13315558
1201,0.4813096,0.49848333
1202,0.88555866,0.8727882
1203,0.9551787,0.91878176
1204,0.55311584,0.5968233
1205,0.40020734,0.4121861
1206,0.44555768,0.43255448
1207,0.8808371,0.9085334
1208,0.18322153,0.17196418
1209,0.1936225,0.19893746
1210,0.74423933,0.682024
1211,0.38063326,0.39288047
1212,0.10012162,0.10772736
1213,0.25263852,0.29882747
1214,0.9747214,0.87251335
1215,0.9542495,0.93473864
1216,0.7783183,0.81777626
1217,0.64183366,0.65148485
1218,0.34321615,0.2689891
1219,0.8340289,0.83336586
1220,0.41967216,0.3671003
1221,0.17699285,0.16694191
1222,0.319863,0.31393313
1223,0.8842847,0.89644414
1224,0.38656917,0.59655917
1225,0.10139192,0.117736794
1226,0.6496185,0.633887
1227,0.52904385,0.4340227
1228,0.19618912,0.16445418
1229,0.89300084,0.88159513
1230,0.573255,0.55910534
1231,0.7845088,0.77680945
1232,0.46935883,0.35263205
1233,0.7113871,0.68386924
1234,0.5774011,0.5767509
1235,0.66272074,0.6283219
1236,0.120295495,0.13838348
1237,0.4376288,0.4206186
1238,0.08547427,0.037091464
1239,0.12575491,0.14021555
1240,0.38288823,0.38455337
1241,0.7666807,0.72698
1242,0.51612103,0.48840517
1243,0.29740247,0.2601798
1244,0.12695822,0.14824468
1245,0.7171417,0.74132717
1246,0.71404535,0.6582013
1247,0.6126773,0.49172524
1248,0.5150377,0.4850965
1249,0.70152366,0.77613586
1250,0.82942986,0.79443705
1251,0.5264809,0.5446363
1252,0.632443,0.60042167
1253,0.3478032,0.3510118
1254,0.19738895,0.15908137
1255,0.23659746,0.21693107
1256,0.088663,0.047406867
1257,0.7129036,0.65466076
1258,0.9052037,0.91571856
1259,0.3871076,0.37083685
1260,0.93607926,0.95264983
1261,0.12364611,0.07729879
1262,0.0016943389,0.09200694
1263,0.86540926,0.8410578
1264,0.26019406,0.2824828
1265,0.5310135,0.51887834
1266,0.5330119,0.50418407
1267,0.10592242,0.1806639
1268,0.17555888,0.120424
1269,0.28461042,0.32946497
1270,0.2710693,0.2476949
1271,0.20850283,0.18524048
1272,0.6758839,0.67019606
1273,0.5185119,0.47639218
1274,0.39596277,0.3958093
1275,0.90040004,0.90584016
1276,0.19304925,0.17316984
1277,0.47385877,0.4981612
1278,0.89636797,0.940683
1279,0.1639862,0.22272018
1280,0.48027402,0.43727496
1281,0.2289778,0.2504167
1282,0.4871985,0.49497303
1283,0.6621347,0.6913443
1284,0.5478872,0.62741375
1285,0.88507146,0.89025736
1286,0.47531846,0.43908224
1287,0.63658005,0.6246982
1288,0.381182,0.35041785
1289,0.27033982,0.21164776
1290,0.19831769,0.44061393
1291,0.31094974,0.2845629
1292,0.20475405,0.2079476
1293,0.75901264,0.74741995
1294,0.38066116,0.4125065
1295,0.9670323,1.0097326
1296,0.7441595,0.69144994
1297,0.8889831,0.9193436
1298,0.23934424,0.25185153
1299,0.9778996,0.96269536
1300,0.033317685,0.08418135
1301,0.21060456,0.21579544
1302,0.35428762,0.37069133
1303,0.057158317,0.08107938
1304,0.529135,0.54410267
1305,0.03420701,0.081986114
1306,0.62447774,0.6007184
1307,0.19661963,0.2270783
1308,0.95595515,0.96658546
1309,0.9254093,0.9420761
1310,0.50056463,0.5043683
1311,0.31810075,0.34967664
1312,0.6102636,0.63101995
1313,0.14283477,0.17407937
1314,0.94368756,0.9398202
1315,0.11707207,0.14497061
1316,0.6870372,0.67098105
1317,0.7158265,0.7541281
1318,0.79457,0.81734765
1319,0.77370733,0.77399445
1320,0.66097337,0.55771923
1321,0.76683325,0.7755716
1322,0.6367017,0.54186004
1323,0.3992117,0.39419416
1324,0.1941401,0.22112954
1325,0.16876309,0.22964236
1326,0.03989988,0.061674993
1327,0.01389293,0.08719763
1328,0.62298656,0.6096765
1329,0.99918485,0.9652216
1330,0.10940295,0.07560192
1331,0.9472892,0.926244
1332,0.7258854,0.73338354
1333,0.32211423,0.31136164
1334,0.826111,0.840766
1335,0.20337029,0.22914456
1336,0.6155032,0.6027292
1337,0.23519287,0.23050888
1338,0.8720987,0.92279506
1339,0.042797677,0.051043343
1340,0.15574981,0.16609101
1341,0.53570175,0.5726175
1342,0.5995079,0.6077447
1343,0.9718009,0.9828675
1344,0.88759047,0.91654575
1345,0.92337143,0.9578757
1346,0.37755656,0.40740034
1347,0.72833,0.7416106
1348,0.093401454,0.1259632
1349,0.16517206,0.15921958
1350,0.72462153,0.7196211
1351,0.55062234,0.55817795
1352,0.6472748,0.65662295
1353,0.34208202,0.33497518
1354,0.6126301,0.5931892
1355,0.8151678,0.8596434
1356,0.34363627,0.38618916
1357,0.16169007,0.2032158
1358,0.6621396,0.6222119
1359,0.21174285,0.20815574
1360,0.8477383,0.8683251
1361,0.9180755,0.95222706
1362,0.8113776,0.67304015
1363,0.33063188,0.297804
1364,0.87083405,0.87012655
1365,0.5573025,0.45114982
1366,0.46003234,0.4501707
1367,0.1428454,0.16033597
1368,0.32304573,0.291314
1369,0.27637964,0.24381255
1370,0.28991523,0.27101833
1371,0.7060806,0.69785434
1372,0.1948818,0.17546974
1373,0.37717682,0.3740992
1374,0.24297315,0.21210484
1375,0.021855764,0.05791524
1376,0.68122315,0.67621535
1377,0.6984783,0.74041027
1378,0.29561928,0.33388674
1379,0.64669997,0.66326576
1380,0.047778722,0.02496691
1381,0.1898361,0.17284508
1382,0.89670354,0.99687743
1383,0.08496444,0.060196742
1384,0.0818989,-0.010831714
1385,0.12700692,0.19076335
1386,0.15201649,0.24016534
1387,0.7388659,0.6785818
1388,0.1554634,0.15163559
1389,0.63415325,0.5517987
1390,0.7540224,0.77849346
1391,0.9039318,0.94194776
1392,0.06933446,0.10780789
1393,0.9966981,1.0327283
1394,0.19022372,0.22321238
1395,0.80380344,0.81668085
1396,0.04167494,0.012767721
1397,0.513866,0.48017213
1398,0.9978899,0.93594825
1399,0.3215623,0.32686883
1400,0.40152034,0.39799476
1401,0.6710054,0.6636509
1402,0.75448585,0.74092126
1403,0.8399049,0.8652911
1404,0.028336802,0.031139992
1405,0.14435634,0.18469773
1406,0.07098641,0.063936934
1407,0.55541277,0.5622987
1408,0.14344072,0.17106326
1409,0.111948535,0.06490493
1410,0.16728757,0.066392496
1411,0.011919039,0.049969036
1412,0.23947701,0.24140026
1413,0.36478606,0.36798596
1414,0.09385764,0.07676983
1415,0.8401064,0.8429971
1416,0.29443786,0.30732262
1417,0.7726846,0.62921506
1418,0.15221167,0.17929068
1419,0.39944953,0.34924924
1420,0.9194708,1.0534229
1421,0.42134842,0.44048145
1422,0.6428756,0.64448917
1423,0.76575774,0.7662492
1424,0.8125882,0.8158092
1425,0.53815436,0.5390917
1426,0.11962387,0.073562875
1427,0.15764055,0.1953923
1428,0.9840707,0.9620962
1429,0.94978684,0.91497153
1430,0.7470494,0.72490525
1431,0.27758628,0.31435543
1432,0.114576146,0.09408836
1433,0.13604057,0.1751618
1434,0.22858055,0.1745029
1435,0.81676286,0.8109464
1436,0.18781894,0.1589029
1437,0.11398362,0.16182803
1438,0.10186972,0.07958658
1439,0.13291888,0.11603157
1440,0.43333158,0.45500657
1441,0.6922458,0.6480313
1442,0.96670353,0.9655729
1443,0.36220336,0.3742562
1444,0.051311012,0.0939372
1445,0.35787186,0.33734655
1446,0.8099009,0.8140987
1447,0.7808141,0.77680534
1448,0.79269505,0.79488987
1449,0.67105764,0.6581615
1450,0.77535987,0.76862276
1451,0.29008308,0.30329624
1452,0.20844258,0.21611632
1453,0.966633,0.9863279
1454,0.09818048,0.05576277
1455,0.053515326,0.021627713
1456,0.7841385,0.7993034
1457,0.48252568,0.5022777
1458,0.822208,0.84703577
1459,0.25975573,0.23921028
1460,0.11743929,0.095834546
1461,0.93339974,0.877001
1462,0.33495435,0.32059193
1463,0.5813633,0.55443573
1464,0.22989203,0.21729277
1465,0.6051491,0.58412576
1466,0.07979362,0.0037508197
1467,0.13321,0.15770122
1468,0.88055646,0.898375
1469,0.41964015,0.4287387
1470,0.6554828,0.54282874
1471,0.49525064,0.46407166
1472,0.43846622,0.42864612
1473,0.28680772,0.3085981
1474,0.31729096,0.29455063
1475,0.25203788,0.2375809
1476,0.06284011,0.09070055
1477,0.5575573,0.5484858
1478,0.8634351,0.8938984
1479,0.29782066,0.2471074
1480,0.77418095,0.6925595
1481,0.6133401,0.5454173
1482,0.096336424,0.08085029
1483,0.5757654,0.5342657
1484,0.48063633,0.42269397
1485,0.725534,0.6449609
1486,0.08551964,0.0976107
1487,0.8513792,0.81476855
1488,0.7267554,0.72338825
1489,0.10425129,0.05931995
1490,0.2815961,0.1987262
1491,0.61961967,0.61403
1492,0.90286815,0.88969094
1493,0.917593,0.9767194
1494,0.52270114,0.48405063
1495,0.2171337,0.1775324
1496,0.43175426,0.39263976
1497,0.20568332,0.21054788
1498,0.061493233,0.044935137
1499,0.1743552,0.20361319
1500,0.057783056,0.23996711
1501,0.7501383,0.73804945
1502,0.7141689,0.69726676
1503,0.20099175,0.25801376
1504,0.6836743,0.71633947
1505,0.006809091,-0.026700871
1506,0.61850065,0.60883385
1507,0.64692044,0.6555363
1508,0.745712,0.76877177
1509,0.1748241,0.13970542
1510,0.35917,0.383089
1511,0.256091,0.25696045
1512,0.565724,0.5654908
1513,0.6052716,0.6100164
1514,0.30963954,0.23560539
1515,0.021731187,0.041782953
1516,0.31434137,0.30860257
1517,0.89372313,0.93196195
1518,0.004879373,0.06463878
1519,0.59423774,0.60485977
1520,0.87054944,0.8512548
1521,0.751619,0.71591413
1522,0.67812294,0.6851715
1523,0.80309576,0.79190624
1524,0.102867104,0.0722885
1525,0.6449655,0.56350756
1526,0.8313124,0.86513484
1527,0.49894947,0.46442926
1528,0.38866025,0.3571864
1529,0.35629502,0.35263824
1530,0.8563643,0.80403364
1531,0.21089804,0.20254031
1532,0.5567236,0.5356386
1533,0.22882353,0.24924058
1534,0.730716,0.6701579
1535,0.8211837,0.79863524
1536,0.05853059,0.08047089
1537,0.900335,0.9427763
1538,0.060001854,0.010873627
1539,0.90083444,0.9221543
1540,0.6196253,0.6285977
1541,0.50377667,0.45737472
1542,0.70717585,0.7306283
1543,0.9866946,0.955012
1544,0.4970366,0.41592073
1545,0.50059026,0.49771202
1546,0.89323735,0.89845705
1547,0.37538132,0.38987353
1548,0.9915096,1.0278763
1549,0.18664669,0.11983465
1550,0.7132549,0.6565284
1551,0.0710135,0.0704319
1552,0.21515015,0.17831352
1553,0.41486385,0.3707948
1554,0.93340963,0.9856859
1555,0.63030905,0.62718105
1556,0.9299508,0.90656567
1557,0.977462,0.9431901
1558,0.8086095,0.8572388
1559,0.93834126,0.96803784
1560,0.9741249,0.95644015
1561,0.72238195,0.68299323
1562,0.12267016,0.10980639
1563,0.28431368,0.29104602
1564,0.999221,1.0175182
1565,0.8543201,0.8707756
1566,0.5992637,0.5402585
1567,0.9891651,0.89604783
1568,0.8990764,0.9118087
1569,0.9676241,0.9518911
1570,0.25669384,0.3143449
1571,0.11945713,0.037704777
1572,0.7206812,0.6920455
1573,0.7857819,0.79701966
1574,0.092748545,0.08975755
1575,0.8055266,0.8401376
1576,0.39186063,0.40055624
1577,0.014075286,0.0608706
1578,0.77348953,0.7437664
1579,0.29667595,0.30503204
1580,0.33288327,0.3735473
1581,0.15252173,0.20502885
1582,0.4044375,0.43430796
1583,0.8798875,0.842853
1584,0.91753894,0.988907
1585,0.2589995,0.25507233
1586,0.6218668,0.5555083
1587,0.34752223,0.35312408
1588,0.16588384,0.17933337
1589,0.85422516,0.84875077
1590,0.72017574,0.7401244
1591,0.28494513,0.32648653
1592,0.5070854,0.5143918
1593,0.56513333,0.52874285
1594,0.07689122,0.02919222
1595,0.24796541,0.26316175
1596,0.38446146,0.40048146
1597,0.57371634,0.5962345
1598,0.6160907,0.57880664
1599,0.34515414,0.3675311
1600,0.5389366,0.5415969
1601,0.22759606,0.1936859
1602,0.27884763,0.3146373
1603,0.70028853,0.7179478
1604,0.53896976,0.47778952
1605,0.31818342,0.33204466
1606,0.9920679,1.0139036
1607,0.8877548,0.89777726
1608,0.21196383,0.20173505
1609,0.71787703,0.70737433
1610,0.9252451,0.9409457
1611,0.44609928,0.43745446
1612,0.35515806,0.3553357
1613,0.71344024,0.72975975
1614,0.5376815,0.55664396
1615,0.4675328,0.48928136
1616,0.39333996,0.39989376
1617,0.8350132,0.8789135
1618,0.8348821,0.8489957
1619,0.67988783,0.678353
1620,0.40337798,0.44278854
1621,0.26370913,0.28052104
1622,0.03163348,0.063121155
1623,0.88410723,0.90143615
1624,0.4611501,0.38872188
1625,0.21646392,0.23884214
1626,0.6380263,0.6152858
1627,0.61726934,0.5923608
1628,0.87263125,0.89085937
1629,0.36107898,0.39999002
1630,0.49707282,0.49292487
1631,0.76847017,0.7151769
1632,0.7148069,0.8186387
1633,0.4496703,0.45406723
1634,0.3552071,0.37094933
1635,0.83420056,0.8656074
1636,0.25546816,0.23599386
1637,0.14815041,0.16408096
1638,0.71314245,0.71836627
1639,0.2758562,0.30907446
1640,0.20715009,0.25445944
1641,0.23669018,0.22899936
1642,0.35054442,0.3532148
1643,0.3543875,0.3714676
1644,0.87922853,0.8872077
1645,0.23864375,0.28112918
1646,0.6173146,0.41937655
1647,0.5034972,0.5205191
1648,0.8621322,0.85572296
1649,0.029306894,0.052247122
1650,0.8509217,0.8977114
1651,0.5967813,0.5477908
1652,0.35277605,0.33503264
1653,0.28334713,0.30154034
1654,0.02114644,0.04163893
1655,0.880945,0.80803186
1656,0.8398555,0.8360758
1657,0.60312873,0.60951227
1658,0.021677071,0.04901913
1659,0.9557104,0.94334173
1660,0.67147356,0.6457312
1661,0.50266045,0.51876277
1662,0.67227924,0.64761615
1663,0.9719285,0.9882202
1664,0.11459675,0.10942797
1665,0.34168458,0.35061964
1666,0.46889016,0.47753936
1667,0.5146592,0.49096566
1668,0.071398705,0.0851713
1669,0.57221985,0.5635071
1670,0.32453927,0.30625838
1671,0.69460255,0.7114899
1672,0.86554044,0.87704164
1673,0.362735,0.3989895
1674,0.110823974,0.1484317
1675,0.7661991,0.7378237
1676,0.32487473,0.2908674
1677,0.0069719357,0.039204303
1678,0.70358425,0.67940587
1679,0.54619145,0.5593004
1680,0.70951873,0.65952873
1681,0.44728673,0.45826915
1682,0.008757843,0.06735198
1683,0.37041032,0.33031476
1684,0.4037398,0.42949158
1685,0.38411617,0.37476197
1686,0.46731538,0.4720839
1687,0.93265724,0.9189375
1688,0.9472314,0.9297391
1689,0.57989246,0.54863405
1690,0.64829385,0.67885077
1691,0.20869559,0.19248746
1692,0.3922065,0.41421163
1693,0.80215526,0.7931832
1694,0.76160866,0.7383337
1695,0.086933635,0.10517748
1696,0.5009569,0.48770836
1697,0.18009286,0.20578264
1698,0.50121903,0.5225134
1699,0.121515684,0.06573595
1700,0.16208808,0.16322808
1701,0.85385084,0.81907034
1702,0.26529616,0.29506025
1703,0.48931614,0.4693752
1704,0.17616186,0.1912978
1705,0.30792418,0.36368203
1706,0.41127127,0.40414307
1707,0.5901629,0.5545624
1708,0.9603448,0.88855577
1709,0.9139092,0.9262709
1710,0.080987014,0.06736104
1711,0.835075,0.910674
1712,0.8395231,0.85364926
1713,0.1274081,0.1562713
1714,0.547834,0.5473267
1715,0.75298357,0.73971313
1716,0.85286736,0.83588064
1717,0.027810706,0.07193552
1718,0.7489777,0.72542554
1719,0.043175977,0.037211645
1720,0.83066744,0.83198446
1721,0.9522006,0.9253137
1722,0.60990626,0.58540934
1723,0.3365098,0.30472705
1724,0.24321511,0.2831639
1725,0.8990512,0.89649826
1726,0.5766018,0.56105113
1727,0.12067275,0.061665863
1728,0.2665075,0.22574948
1729,0.27486512,0.26220012
1730,0.23853618,0.27578995
1731,0.4677816,0.37257704
1732,0.8428286,0.8446543
1733,0.85030663,0.8394067
1734,0.39719808,0.37450585
1735,0.7400367,0.6626368
1736,0.35334468,0.3622699
1737,0.076272115,0.051378965
1738,0.26409942,0.23146236
1739,0.2452462,0.26630402
1740,0.2566691,0.26573837
1741,0.681165,0.69518745
1742,0.93795425,0.9489444
1743,0.4529716,0.3826419
1744,0.72960955,0.6269088
1745,0.34422976,0.36814123
1746,0.4787151,0.51274496
1747,0.8962538,0.9447353
1748,0.6355964,0.5257417
1749,0.24593121,0.2572402
1750,0.38371286,0.33056265
1751,0.27225095,0.23093875
1752,0.26328185,0.26163912
1753,0.06986281,0.06289956
1754,0.3936906,0.39921477
1755,0.10945153,0.12515733
1756,0.48217508,0.44721475
1757,0.92653257,0.92704225
1758,0.6721145,0.69184315
1759,0.610033,0.61549526
1760,0.53742284,0.4875924
1761,0.1726573,0.19721717
1762,0.31971237,0.3472224
1763,0.06935858,0.082987845
1764,0.27572682,0.27971053
1765,0.6060035,0.5646051
1766,0.49406794,0.4663894
1767,0.8879859,0.9184313
1768,0.04665,0.06496985
1769,0.9376432,1.0563613
1770,0.83388674,0.8295336
1771,0.28005347,0.17866185
1772,0.8260816,0.86513007
1773,0.39811808,0.39572716
1774,0.5199533,0.48984948
1775,0.6823933,0.71214354
1776,0.057567738,0.12708263
1777,0.36024588,0.3274561
1778,0.62289625,0.61488533
1779,0.33260933,0.35195547
1780,0.5582797,0.566178
1781,0.8199816,0.79910505
1782,0.4674741,0.4450315
1783,0.8502166,0.9029016
1784,0.6144524,0.563541
1785,0.7479782,0.7487764
1786,0.31255013,0.26551932
1787,0.45572236,0.48308483
1788,0.35085866,0.3850422
1789,0.27459902,0.3168111
1790,0.39314806,0.37212604
1791,0.54767025,0.5172579
1792,0.0031553197,0.020425688
1793,0.76797456,0.7650646
1794,0.61762726,0.6281475
1795,0.10078233,0.067316085
1796,0.42303473,0.38017753
1797,0.49660832,0.51928365
1798,0.596861,0.5912326
1799,0.19493438,0.24163155
1800,0.30343577,0.26178795
1801,0.58032036,0.5465215
1802,0.48659647,0.45746684
1803,0.26353592,0.22271714
1804,0.49170452,0.4630948
1805,0.9280043,0.9431034
1806,0.42102265,0.3900871
1807,0.042073324,0.06968291
1808,0.76920265,0.80504996
1809,0.26839888,0.26402548
1810,0.5887459,0.5986843
1811,0.6578662,0.66405886
1812,0.43124664,0.38819274
1813,0.18030764,0.16235648
1814,0.67230004,0.67660636
1815,0.16354491,0.16285433
1816,0.98579425,0.9383661
1817,0.04150283,0.032101948
1818,0.9267307,0.94054914
1819,0.42741415,0.40308726
1820,0.9130953,0.9136441
1821,0.7652886,0.69532734
1822,0.35507992,0.36475417
1823,0.52922136,0.5213429
1824,0.10549406,0.1524571
1825,0.78323305,0.8007661
1826,0.0063310317,0.08005673
1827,0.9541485,0.9500394
1828,0.119065516,0.2632003
1829,0.6081962,0.53956974
1830,0.92995185,0.98444754
1831,0.09869064,0.117709994
1832,0.49513146,0.49781525
1833,0.04507274,0.023032647
1834,0.5259586,0.47116253
1835,0.38874236,0.3585251
1836,0.033285473,0.024261367
1837,0.5335724,0.43796256
1838,0.7681955,0.7338544
1839,0.81768465,0.8482193
1840,0.9083369,0.9323376
1841,0.06478461,0.089502975
1842,0.36684704,0.31011805
1843,0.09066296,0.097611055
1844,0.62599635,0.66319144
1845,0.36811957,0.3900015
1846,0.77849406,0.8096169
1847,0.17711249,0.1687979
1848,0.67162776,0.67471546
1849,0.49381387,0.45935255
1850,0.22622244,0.21227835
1851,0.3515031,0.41616222
1852,0.56027395,0.5567552
1853,0.34897637,0.31979522
1854,0.009633987,0.042198654
1855,0.79483587,0.78249615
1856,0.3109271,0.3202959
1857,0.96423006,0.9651128
1858,0.3875147,0.36105517
1859,0.020454424,0.057228576
1860,0.10913166,0.08256918
1861,0.38114166,0.38297257
1862,0.07162326,-0.006037105
1863,0.38442996,0.39443982
1864,0.04553207,0.056972604
1865,0.7196604,0.7277132
1866,0.085657895,0.02837671
1867,0.030341314,0.13677998
1868,0.1583678,0.10752849
1869,0.93202883,0.90932524
1870,0.43072423,0.47076488
1871,0.388642,0.30366975
1872,0.5973375,0.6314339
1873,0.35406908,0.3733526
1874,0.13444579,0.1058271
1875,0.48636132,0.502644
1876,0.79042226,0.7428867
1877,0.605569,0.59023654
1878,0.83126974,0.8202813
1879,0.5207995,0.5166795
1880,0.6943195,0.6791976
1881,0.06075874,0.06620221
1882,0.39300004,0.3592723
1883,0.24620235,0.29614127
1884,0.8815257,0.9157833
1885,0.85419065,0.8175941
1886,0.76514924,0.75857323
1887,0.87429446,0.8800868
1888,0.100946374,0.08385377
1889,0.786467,0.8408618
1890,0.8801408,0.882276
1891,0.310746,0.29656368
1892,0.8063252,0.81878775
1893,0.4879661,0.49753755
1894,0.59383607,0.5875062
1895,0.6503496,0.65462583
1896,0.71342397,0.73249054
1897,0.20402008,0.2258008
1898,0.20516205,0.21241467
1899,0.83866036,0.8816202
1900,0.59400755,0.58228356
1901,0.09277288,0.12582782
1902,0.57993406,0.54228675
1903,0.28049886,0.24306364
1904,0.79704845,0.82295054
1905,0.72119814,0.74000925
1906,0.29350293,0.26852256
1907,0.35090956,0.359069
1908,0.13399974,0.1131814
1909,0.8340207,0.81205404
1910,0.6020106,0.56437796
1911,0.92453283,0.95969766
1912,0.2573762,0.26051062
1913,0.23807703,0.24487337
1914,0.8799752,0.9417407
1915,0.7818658,0.7658502
1916,0.17695118,0.20294867
1917,0.9313391,0.88790804
1918,0.23500262,0.27682108
1919,0.0982207,0.06799877
1920,0.57823104,0.57674706
1921,0.2756714,0.27342176
1922,0.12929086,0.12126532
1923,0.5381088,0.5199868
1924,0.4334028,0.44476914
1925,0.72430366,0.71336097
1926,0.2781417,0.32831764
1927,0.24028021,0.21746348
1928,0.5224124,0.59396863
1929,0.71864706,0.68030226
1930,0.81226397,0.7753735
1931,0.9183279,0.9443959
1932,0.7867654,0.7826974
1933,0.20896304,0.2075982
1934,0.33213308,0.32599008
1935,0.90830183,0.89718765
1936,0.23189332,0.24812768
1937,0.0014360264,-0.00048775598
1938,0.513062,0.511072
1939,0.7093299,0.66785604
1940,0.57572985,0.60527354
1941,0.51504606,0.5499369
1942,0.44823924,0.43625742
1943,0.8329599,0.82337564
1944,0.06718121,0.08800678
1945,0.9684861,0.9793831
1946,0.09849597,0.121541664
1947,0.7670182,0.79489166
1948,0.71541256,0.7421808
1949,0.2604497,0.26381874
1950,0.9216779,0.91600287
1951,0.3320797,0.32325
1952,0.99098516,0.98800695
1953,0.19533855,0.20845644
1954,0.8297989,0.7206038
1955,0.54065984,0.56548023
1956,0.3029647,0.37893027
1957,0.82021654,0.84588945
1958,0.1837719,0.23153517
1959,0.093667366,0.05761298
1960,0.46794373,0.4345517
1961,0.8418233,0.85322237
1962,0.8373475,0.8514819
1963,0.19381404,0.2132837
1964,0.38783485,0.33168042
1965,0.9674974,0.9617578
1966,0.10956788,0.04238804
1967,0.19549571,0.20045243
1968,0.9734489,1.0028454
1969,0.584832,0.52361673
1970,0.81899315,0.8624598
1971,0.30603862,0.32360542
1972,0.45735973,0.43388385
1973,0.37878722,0.2569359
1974,0.67530006,0.6766575
1975,0.16031373,0.2506298
1976,0.16044405,0.14845468
1977,0.16593997,0.13768803
1978,0.3040202,0.3422101
1979,0.7533414,0.7708265
1980,0.16079378,0.24720745
1981,0.5187522,0.49756354
1982,0.122085676,0.095110744
1983,0.31852838,0.3005225
1984,0.38799495,0.3686437
1985,0.16144818,0.13199094
1986,0.63811123,0.5979493
1987,0.09501477,0.0971078
1988,0.9768619,0.98140395
1989,0.19088042,0.20597304
1990,0.5609562,0.5840908
1991,0.0065845456,0.007999066
1992,0.14740776,0.17959912
1993,0.028293489,0.02182742
1994,0.87828475,0.87765527
1995,0.17773108,0.15202177
1996,0.3550968,0.31892464
1997,0.23226437,0.28893292
1998,0.17606376,0.20526782
1999,0.47040462,0.44065672
2000,0.76104265,0.6722282
2001,0.031049145,0.076856606
2002,0.14384814,0.15038875
2003,0.7365414,0.7035397
2004,0.48517326,0.5244603
2005,0.6063601,0.5904703
2006,0.82797915,0.8543971
2007,0.64124256,0.59127486
2008,0.41596404,0.45908034
2009,0.4959203,0.4600553
2010,0.029347178,0.018707646
2011,0.4618886,0.43855283
2012,0.5283159,0.49554428
2013,0.25167668,0.2931971
2014,0.10707244,0.0952919
2015,0.7766819,0.796209
2016,0.08442085,0.18730786
2017,0.8427264,0.8016912
2018,0.37766507,0.36340323
2019,0.07507039,0.046146527
2020,0.025985576,0.047633246
2021,0.6201057,0.63795406
2022,0.16561142,0.22771952
2023,0.33241925,0.28530645
2024,0.06794365,0.12749285
2025,0.8288994,0.83483756
2026,0.23543659,0.22429587
2027,0.16291696,0.21064983
2028,0.27335232,0.24072357
2029,0.5594111,0.54772556
2030,0.5850374,0.60227615
2031,0.6796402,0.58022916
2032,0.24552305,0.27569115
2033,0.09475711,0.15619484
2034,0.46245736,0.43034312
2035,0.76680124,0.7689602
2036,0.37430924,0.36333942
2037,0.7783077,0.8027744
2038,0.5565413,0.5497514
2039,0.4160819,0.39079788
2040,0.78297454,0.7885511
2041,0.6937656,0.6752841
2042,0.6749642,0.66408163
2043,0.2359636,0.22947253
2044,0.22554608,0.2321435
2045,0.5636471,0.5279609
2046,0.114460886,0.07240676
2047,0.778998,0.73505163
2048,0.58246464,0.5614625
2049,0.37360284,0.38941237
2050,0.38760406,0.38688943
2051,0.16479401,0.13974486
2052,0.8091597,0.83717394
2053,0.6812179,0.66841507
2054,0.7219265,0.728602
2055,0.432015,0.4439269
2056,0.7725117,0.76077443
2057,0.45856953,0.43570134
2058,0.034198567,0.033409264
2059,0.683453,0.65744144
2060,0.20885462,0.30274758
2061,0.86713475,0.87165034
2062,0.96814466,0.956689
2063,0.08110831,0.083743274
2064,0.7047493,0.72509706
2065,0.8209834,0.84004235
2066,0.5605374,0.5572852
2067,0.9262263,0.9584532
2068,0.08889426,0.19359146
2069,0.53254473,0.5625411
2070,0.2627073,0.26805276
2071,0.46973428,0.49352393
2072,0.96189547,0.9868051
2073,0.097157836,0.08313824
2074,0.23136106,0.21980207
2075,0.8451957,0.8438237
2076,0.42061788,0.45693788
2077,0.51623446,0.50214493
2078,0.93138444,0.9592345
2079,0.3935728,0.39005673
2080,0.83955973,0.8553926
2081,0.103057325,0.15327741
2082,0.40135774,0.35421035
2083,0.63988924,0.6291379
2084,0.22634955,0.3116713
2085,0.26994994,0.43984792
2086,0.97685593,0.98337424
2087,0.45566055,0.46329984
2088,0.5661717,0.5369451
2089,0.35697326,0.3628082
2090,0.006837078,0.0310671
2091,0.38911632,0.3628563
2092,0.48457792,0.4774908
2093,0.185001,0.16961324
2094,0.18182899,0.22573902
2095,0.06607788,0.058933
2096,0.42648792,0.45772126
2097,0.16276963,0.17492113
2098,0.04581316,0.013576012
2099,0.82916915,0.80023646
2100,0.6014554,0.556126
2101,0.23699997,0.26503453
2102,0.4094959,0.4213396
2103,0.11000353,0.1872428
2104,0.97874343,1.0023453
2105,0.9705871,0.974282
2106,0.109883696,0.07677102
2107,0.3718662,0.39204556
2108,0.63619226,0.6491904
2109,0.16193032,0.18036972
2110,0.39957616,0.42789707
2111,0.0370899,0.07532315
2112,0.09061906,0.0753573
2113,0.25068724,0.22338758
2114,0.62440026,0.6146281
2115,0.5225381,0.43978566
2116,0.9721444,0.98274386
2117,0.59017676,0.60901946
2118,0.1108427,0.09755005
2119,0.8934122,0.91910684
2120,0.4671709,0.4582887
2121,0.101870075,0.123237416
2122,0.16871275,0.17936169
2123,0.4403781,0.49168986
2124,0.5234329,0.48591146
2125,0.029760627,0.07222459
2126,0.97183913,0.8694403
2127,0.65684,0.65459275
2128,0.9519017,0.9647318
2129,0.03767097,0.036316004
2130,0.8200345,0.8442391
2131,0.76640874,0.77631557
2132,0.081128635,0.14473952
2133,0.41577882,0.43581292
2134,0.47130808,0.47959003
2135,0.4741236,0.4460567
2136,0.48719102,0.48938397
2137,0.59871125,0.5792765
2138,0.6101585,0.5752553
2139,0.8569385,0.9085631
2140,0.39992547,0.38165367
2141,0.22820897,0.23791747
2142,0.78030753,0.76151234
2143,0.03182072,0.15755531
2144,0.17938028,0.1729881
2145,0.796374,0.80808216
2146,0.19648162,0.21160804
2147,0.89087677,0.88978803
2148,0.67236245,0.67030054
2149,0.3933153,0.40780652
2150,0.035914663,-0.089904115
2151,0.58364135,0.6292047
2152,0.9643639,0.9876667
2153,0.60228574,0.55342954
2154,0.8820195,0.8765557
2155,0.08519382,0.0925376
2156,0.029936807,0.09248552
2157,0.5888813,0.5550495
2158,0.8199907,0.8365112
2159,0.43917447,0.44170815
2160,0.3227636,0.29597253
2161,0.05134315,0.123212025
2162,0.29479676,0.36071986
2163,0.84222656,0.82969767
2164,0.058107756,0.14232892
2165,0.8549953,0.9036116
2166,0.6493395,0.6226619
2167,0.56613845,0.5345734
2168,0.6013623,0.6086319
2169,0.123914234,0.17088862
2170,0.34674135,0.42479163
2171,0.33920807,0.31798184
2172,0.48086825,0.44068193
2173,0.47879195,0.4745965
2174,0.26049992,0.27492404
2175,0.27797362,0.2892949
2176,0.4256395,0.4098156
2177,0.7754407,0.777626
2178,0.06572713,0.18457729
2179,0.8667355,0.8860011
2180,0.84830016,0.8571615
2181,0.013218067,0.06779979
2182,0.8923958,0.9440045
2183,0.02501285,0.0014148206
2184,0.74932534,0.71901107
2185,0.872578,0.8419021
2186,0.5823021,0.5497635
2187,0.9277794,0.935256
2188,0.74986154,0.74110174
2189,0.5764477,0.5651901
2190,0.30321062,0.3395666
2191,0.6739051,0.6680103
2192,0.92867863,0.94987965
2193,0.7835814,0.7708719
2194,0.43685177,0.4399838
2195,0.98369116,0.9668581
2196,0.43292695,0.41224158
2197,0.96105677,0.8952952
2198,0.15979598,0.12271321
2199,0.980827,0.95052695
2200,0.8572877,0.8542462
2201,0.37162718,0.364087
2202,0.6275615,0.5845481
2203,0.10439197,0.07788753
2204,0.27893236,0.30616552
2205,0.2462252,0.25245675
2206,0.5841219,0.5986283
2207,0.9303068,0.90568686
2208,0.5943011,0.5389476
2209,0.37121788,0.34294128
2210,0.90416086,0.8755002
2211,0.3393898,0.30624026
2212,0.16247156,0.11198048
2213,0.51129615,0.5126484
2214,0.8197041,0.74598867
2215,0.4906895,0.47207755
2216,0.971241,0.9497349
2217,0.30113247,0.31339872
2218,0.8834666,0.92536104
2219,0.05325087,0.0519169
2220,0.051951796,0.08672476
2221,0.8682556,0.8384855
2222,0.22415942,0.22038904
2223,0.49313423,0.4674436
2224,0.39813703,0.4229988
2225,0.18210253,0.14311586
2226,0.96997374,0.97730356
2227,0.2839796,0.24296522
2228,0.38996568,0.4054252
2229,0.9139832,0.8754525
2230,0.43173668,0.41058284
2231,0.81234,0.81461114
2232,0.97973883,0.9509624
2233,0.14263757,0.20751514
2234,0.59563625,0.5947546
2235,0.47741157,0.4456668
2236,0.017660996,0.064849675
2237,0.35845503,0.33888975
2238,0.577477,0.5424657
2239,0.15997243,0.08326878
2240,0.582927,0.6021156
2241,0.07165131,0.16575135
2242,0.3585657,0.2901364
2243,0.69425744,0.6969283
2244,0.047015328,0.04613333
2245,0.22072719,0.26513904
2246,0.9568167,0.9219184
2247,0.7464407,0.7219773
2248,0.48004517,0.5014051
2249,0.15623398,0.18806455
2250,0.6089747,0.60597545
2251,0.21886054,0.24977542
2252,0.8142352,0.78902256
2253,0.4872335,0.468367
2254,0.74164593,0.7695559
2255,0.37066144,0.39995542
2256,0.08633641,0.031760864
2257,0.2697415,0.2911
2258,0.85334194,0.87722737
2259,0.5169052,0.5136504
2260,0.56520915,0.57802457
2261,0.33449674,0.3141334
2262,0.47371146,0.46526375
2263,0.8588058,0.80159223
2264,0.8336101,0.9393326
2265,0.6854036,0.66003346
2266,0.28185177,0.3208427
2267,0.78901166,0.79477656
2268,0.43251744,0.35776544
2269,0.87125057,0.86598027
2270,0.58112824,0.5864877
2271,0.24560012,0.26753977
2272,0.28624505,0.2877826
2273,0.3196669,0.2938075
2274,0.82193786,0.74640226
2275,0.6205884,0.5871955
2276,0.23069978,0.25899172
2277,0.9893678,0.95998996
2278,0.7560567,0.7266443
2279,0.6581576,0.6188776
2280,0.60161656,0.592218
2281,0.30575123,0.35306183
2282,0.1325503,0.12216559
2283,0.5156028,0.42018098
2284,0.07389777,0.02220775
2285,0.33943954,0.3555017
2286,0.3635986,0.27650115
2287,0.7916966,0.7676166
2288,0.5566156,0.53884304
2289,0.11692262,0.08977574
2290,0.16102552,0.13393553
2291,0.35299978,0.40212858
2292,0.22772859,0.22309525
2293,0.78938264,0.7759901
2294,0.26916316,0.20118245
2295,0.37659305,0.41458523
2296,0.18008204,0.12625784
2297,0.19356255,0.21892636
2298,0.113634944,0.052504092
2299,0.6606621,0.6086817
2300,0.46418306,0.49191773
2301,0.15355204,0.09410369
2302,0.5152644,0.45677432
2303,0.03072834,0.07578794
2304,0.9599758,0.9850817
2305,0.47656465,0.49913
2306,0.6025785,0.6546762
2307,0.11185356,0.10967207
2308,0.6457323,0.64899856
2309,0.673225,0.5910678
2310,0.46119705,0.4586971
2311,0.47182187,0.47387248
2312,0.9292017,0.9550658
2313,0.98558813,0.9436464
2314,0.4470357,0.4301919
2315,0.4865415,0.5001377
2316,0.05894619,0.060313154
2317,0.28928673,0.282435
2318,0.17843956,0.23249099
2319,0.6230377,0.64388096
2320,0.7057469,0.7505927
2321,0.39811808,0.40616024
2322,0.36143935,0.36141267
2323,0.67122674,0.6845679
2324,0.65038085,0.61410725
2325,0.42619956,0.48889446
2326,0.9744203,0.91094035
2327,0.754787,0.72973764
2328,0.5738535,0.5201153
2329,0.287984,0.25015938
2330,0.14640225,0.13734989
2331,0.52001595,0.49397463
2332,0.3331768,0.3842481
2333,0.5015491,0.52489865
2334,0.9476933,0.9684363
2335,0.60790354,0.61285573
2336,0.6996752,0.687158
2337,0.022144968,0.05321784
2338,0.059455268,0.10957895
2339,0.8571697,0.8576642
2340,0.5331564,0.41301823
2341,0.89596355,0.90563893
2342,0.4886023,0.43109265
2343,0.5839079,0.5824055
2344,0.5952381,0.6469828
2345,0.030204471,0.049870994
2346,0.15103263,0.18994388
2347,0.6176717,0.58098024
2348,0.64887995,0.6911113
2349,0.69633055,0.7097817
2350,0.29608384,0.2845252
2351,0.76442707,0.7580294
2352,0.050854694,-0.024581376
2353,0.36345574,0.3562143
2354,0.9793082,1.0070662
2355,0.5175151,0.53018504
2356,0.12109385,0.1037143
2357,0.111628145,0.25962996
2358,0.50710773,0.45103893
2359,0.90007377,0.93424404
2360,0.6726647,0.6593125
2361,0.09792755,0.08330698
2362,0.43665653,0.4705513
2363,0.68011254,0.6619275
2364,0.99154985,0.9692199
2365,0.7993446,0.7519027
2366,0.29603222,0.2332388
2367,0.34867874,0.28124848
2368,0.0352832,0.034402337
2369,0.75982684,0.7150009
2370,0.7977024,0.81171125
2371,0.83218366,0.83704257
2372,0.45186675,0.43765995
2373,0.34079158,0.36754137
2374,0.10983232,0.1018243
2375,0.051501524,0.015608858
2376,0.85755926,0.88668364
2377,0.7410424,0.42393404
2378,0.98892087,1.0303093
2379,0.88069725,0.9205263
2380,0.3871336,0.43513024
2381,0.5001967,0.5013338
2382,0.9550715,0.9698963
2383,0.4310322,0.44267207
2384,0.14481945,0.14656228
2385,0.4297834,0.43055284
2386,0.32388708,0.3654998
2387,0.42197415,0.43114787
2388,0.15791748,0.22423811
2389,0.6696023,0.66573954
2390,0.18926845,0.1854669
2391,0.642073,0.6413609
2392,0.4659789,0.47447258
2393,0.08570982,0.096964255
2394,0.6590373,0.6682526
2395,0.39497867,0.46181566
2396,0.5439831,0.5408905
2397,0.7981081,0.82108635
2398,0.61611027,0.6450314
2399,0.7263638,0.74932593
2400,0.3118996,0.19934049
2401,0.6054765,0.5738977
2402,0.84850353,0.8390683
2403,0.8750329,0.8565198
2404,0.45995143,0.4569664
2405,0.0022981416,0.050762564
2406,0.79429656,0.7918921
2407,0.57787794,0.47070444
2408,0.6618379,0.6341683
2409,0.6345397,0.6296718
2410,0.841834,0.88671005
2411,0.8655925,0.90593016
2412,0.4674993,0.4760173
2413,0.5188037,0.54767823
2414,0.38380036,0.39631426
2415,0.005485547,0.018360123
2416,0.67146736,0.7133524
2417,0.66785705,0.68045336
2418,0.6707735,0.70992595
2419,0.3879391,0.42659742
2420,0.8305502,0.81722575
2421,0.16478242,0.21331967
2422,0.1808221,0.21191384
2423,0.99059343,0.9531434
2424,0.57148105,0.51219976
2425,0.90306216,0.855775
2426,0.7200965,0.69937944
2427,0.3929452,0.4047568
2428,0.601829,0.6162225
2429,0.971325,0.93697816
2430,0.028914412,0.0362414
2431,0.039664734,0.06748526
2432,0.48621204,0.4824724
2433,0.51761806,0.5535088
2434,0.24499908,0.22823848
2435,0.7124458,0.70671856
2436,0.78477937,0.8251025
2437,0.96874243,0.9547887
2438,0.17395823,0.15684068
2439,0.58091325,0.5750647
2440,0.41742107,0.42836866
2441,0.28648326,0.30619115
2442,0.09666103,0.063866735
2443,0.21867028,0.21211861
2444,0.80930436,0.75140345
2445,0.35275742,0.3373209
2446,0.97750896,0.9441921
2447,0.79970795,0.81821394
2448,0.8155738,0.82952917
2449,0.2426833,0.2689559
2450,0.51518744,0.49467778
2451,0.6432075,0.5975938
2452,0.90920323,0.8944237
2453,0.10305255,0.095634386
2454,0.033956718,0.085373595
2455,0.53900796,0.5739778
2456,0.829011,0.84659696
2457,0.8937848,0.9266901
2458,0.77613187,0.77604353
2459,0.6297995,0.5319723
2460,0.9663309,0.98967034
2461,0.29469422,0.29700932
2462,0.6026123,0.5730547
2463,0.72305775,0.7012074
2464,0.87639403,0.8593926
2465,0.7188069,0.7425803
2466,0.6134686,0.61802757
2467,0.9990092,1.0374906
2468,0.9903228,0.9480667
2469,0.8282893,0.8455565
2470,0.85707116,0.8961035
2471,0.98843795,0.9341036
2472,0.14169292,0.15213417
2473,0.35343227,0.3741126
2474,0.33448127,0.31304264
2475,0.5903492,0.5839285
2476,0.9028021,0.9092803
2477,0.449731,0.46998757
2478,0.36836264,0.3036536
2479,0.19610591,0.19521993
2480,0.19855988,0.18323952
2481,0.028316746,0.13582055
2482,0.46911705,0.5043863
2483,0.7675687,0.7383838
2484,0.8083575,0.8113695
2485,0.611309,0.60139143
2486,0.96716624,0.9010813
2487,0.44543567,0.4204396
2488,0.8516687,0.8468139
2489,0.12908424,0.1267467
2490,0.6240499,0.626596
2491,0.4730368,0.47270697
2492,0.3443581,0.34061676
2493,0.0126200225,0.017908562
2494,0.79953265,0.789196
2495,0.600308,0.63334674
2496,0.42950547,0.4092086
2497,0.32815522,0.35487035
2498,0.278757,0.23688857
2499,0.5653156,0.49157104
2500,0.13382675,0.10670014
2501,0.03884598,0.10856186
2502,0.48276937,0.46583253
2503,0.21504357,0.20174038
2504,0.55215436,0.5120051
2505,0.43727705,0.3972263
2506,0.08985347,0.059056878
2507,0.4736182,0.4659192
2508,0.522515,0.525675
2509,0.73590076,0.7304618
2510,0.77723294,0.6955224
2511,0.3347441,0.2855004
2512,0.6855754,0.6402374
2513,0.8622921,0.87999666
2514,0.76223195,0.6144538
2515,0.41740575,0.363593
2516,0.20596318,0.26553753
2517,0.6304421,0.63462937
2518,0.07444211,0.027752211
2519,0.6689013,0.6533419
2520,0.42154843,0.42146534
2521,0.30226994,0.26572984
2522,0.28383708,0.25178948
2523,0.98408276,0.96695095
2524,0.8335087,0.7944473
2525,0.7892207,0.75993216
2526,0.7285871,0.77236336
2527,0.8653016,0.8890738
2528,0.9234255,0.9194931
2529,0.5907032,0.55878246
2530,0.51640797,0.4229116
2531,0.21281305,0.20527135
2532,0.12060275,0.1200842
2533,0.31599027,0.30648008
2534,0.86057353,0.85103333
2535,0.5298877,0.5327773
2536,0.4878815,0.44831765
2537,0.8400619,0.81706655
2538,0.05405746,0.009275822
2539,0.75163275,0.7301782
2540,0.7374411,0.7640598
2541,0.5491664,0.49060822
2542,0.2577508,0.23526771
2543,0.5676342,0.5354231
2544,0.011360985,0.07284659
2545,0.89924514,0.9035153
2546,0.38694835,0.39125496
2547,0.7686504,0.75518024
2548,0.4989315,0.5263043
2549,0.21562822,0.22482333
2550,0.28220332,0.28954172
2551,0.45525455,0.41851795
2552,0.56443286,0.45239633
2553,0.9940585,0.9986482
2554,0.009030747,-0.022470558
2555,0.23552857,0.25090697
2556,0.2619143,0.26266518
2557,0.6622588,0.6952218
2558,0.31082147,0.40034884
2559,0.14074321,0.16619438
2560,0.06676924,0.04122753
2561,0.8425086,0.8695458
2562,0.59872925,0.57505834
2563,0.6604481,0.67476964
2564,0.6842329,0.6660284
2565,0.28377768,0.25674322
2566,0.3280606,0.36415914
2567,0.96682316,0.9589031
2568,0.90796834,0.9556673
2569,0.05403007,0.035393264
2570,0.10734205,0.07343821
2571,0.0722101,0.09418376
2572,0.561662,0.55430686
2573,0.6715283,0.68766505
2574,0.71451426,0.7334999
2575,0.33246955,0.34050336
2576,0.974389,0.9624682
2577,0.8755816,0.9042704
2578,0.34798872,0.33964488
2579,0.9334321,0.80879545
2580,0.9476601,0.9458021
2581,0.3728458,0.39520583
2582,0.9928226,0.82013714
2583,0.62955964,0.57638085
2584,0.420713,0.44963667
2585,0.914666,0.9703642
2586,0.20902449,0.21418752
2587,0.9786601,0.7217424
2588,0.4059802,0.38898018
2589,0.9517577,0.9708524
2590,0.97654474,0.90025735
2591,0.67981446,0.6065048
2592,0.5877475,0.5205337
2593,0.14845642,0.17090169
2594,0.02258949,0.030432101
2595,0.051500365,0.08473997
2596,0.17771132,0.19764197
2597,0.24945854,0.25681576
2598,0.83213925,0.8862071
2599,0.3459307,0.28901073
2600,0.1793867,0.24558625
2601,0.44348484,0.4694759
2602,0.46967405,0.4212074
2603,0.63096607,0.6529194
2604,0.77024925,0.77142227
2605,0.08781707,0.08647719
2606,0.43293178,0.4338616
2607,0.5075477,0.40027228
2608,0.27128944,0.26915058
2609,0.28958404,0.21394074
2610,0.7710134,0.7978601
2611,0.77957857,0.58229315
2612,0.76908433,0.80381674
2613,0.011438308,0.08271605
2614,0.6482086,0.6030773
2615,0.941818,0.99860257
2616,0.084323585,0.19524483
2617,0.5933946,0.6087643
2618,0.343463,0.36026263
2619,0.7192278,0.7405778
2620,0.59227663,0.5560775
2621,0.5018651,0.5074116
2622,0.75708365,0.7795896
2623,0.54671395,0.52495575
2624,0.9491344,0.94247794
2625,0.9536298,0.991432
2626,0.9535067,0.9396509
2627,0.16651258,0.1897089
2628,0.09216619,0.094468236
2629,0.758145,0.8229375
2630,0.66293454,0.6673172
2631,0.09240358,0.11733402
2632,0.88794196,0.9106119
2633,0.680193,0.5546033
2634,0.10016583,0.020309161
2635,0.035615765,0.06825109
2636,0.051835835,0.060754698
2637,0.80335116,0.7865788
2638,0.15359232,0.18718886
2639,0.79717964,0.80300885
2640,0.7777778,0.75464964
2641,0.8553795,0.9034264
2642,0.5715204,0.4879002
2643,0.58751947,0.6173598
2644,0.36290172,0.391585
2645,0.17962657,0.3462957
2646,0.46085742,0.48616225
2647,0.6334384,0.6269444
2648,0.3678889,0.3646804
2649,0.20103744,0.20215583
2650,0.24805994,0.38466632
2651,0.66949755,0.7043191
2652,0.10187846,0.106490925
2653,0.19986525,0.1882719
2654,0.25522378,0.2513485
2655,0.42294982,0.39339042
2656,0.610372,0.67536974
2657,0.7252049,0.7183629
2658,0.7558917,0.7733648
2659,0.74911416,0.72867256
2660,0.25423628,0.28671592
2661,0.27630287,0.33435255
2662,0.37308443,0.38912952
2663,0.6661857,0.67488855
2664,0.3126677,0.28856438
2665,0.1844718,0.14200161
2666,0.77221036,0.743794
2667,0.7625415,0.7754499
2668,0.34030557,0.37088156
2669,0.13304059,0.18322398
2670,0.108149245,0.110817984
2671,0.97996986,0.94435346
2672,0.09706979,0.080145106
2673,0.57345116,0.55706877
2674,0.9022466,0.9581894
2675,0.35334468,0.35799652
2676,0.23034544,0.2895481
2677,0.31280407,0.3224283
2678,0.3785564,0.37356538
2679,0.5464556,0.5525573
2680,0.35886925,0.3895064
2681,0.557424,0.60630006
2682,0.8778281,0.8815607
2683,0.004875692,0.07046805
2684,0.37858525,0.36606354
2685,0.580039,0.5883269
2686,0.21230423,0.29321504
2687,0.8305522,0.8442006
2688,0.2870949,0.34169716
2689,0.2209437,0.24616048
2690,0.7047271,0.6972119
2691,0.21352607,0.27823666
2692,0.3531093,0.2773618
2693,0.08922538,0.051890988
2694,0.38316414,0.38767838
2695,0.2578286,0.19846405
2696,0.00047810422,0.07231411
2697,0.82619256,0.82767373
2698,0.1115573,0.18446411
2699,0.53954357,0.5423968
2700,0.40590802,0.3745681
2701,0.88211566,0.8866095
2702,0.32573274,0.30357778
2703,0.011300457,0.012851883
2704,0.19963467,0.18579532
2705,0.88258207,0.92509294
2706,0.2924979,0.27463624
2707,0.8697025,0.8727597
2708,0.22518022,0.23559836
2709,0.52850455,0.60639954
2710,0.97687644,0.98480546
2711,0.44132861,0.44839016
2712,0.24553162,0.26946798
2713,0.2802252,0.30246627
2714,0.17417675,0.20196156
2715,0.4836979,0.48848426
2716,0.7140875,0.7474383
2717,0.5079153,0.50428647
2718,0.46681172,0.43494782
2719,0.92169017,0.9275959
2720,0.70429647,0.65589863
2721,0.29723614,0.31205225
2722,0.3103461,0.28479382
2723,0.22588538,0.34615594
2724,0.9444954,0.9389544
2725,0.9784286,0.9260447
2726,0.8505858,0.83637685
2727,0.49095312,0.45722747
2728,0.9012574,0.9421203
2729,0.36238998,0.38328618
2730,0.061973877,0.008892555
2731,0.6814055,0.7348133
2732,0.16473183,0.1571555
2733,0.11753862,0.08404714
2734,0.65264946,0.67016983
2735,0.26894632,0.27424356
2736,0.84228706,0.8426228
2737,0.2996009,0.30894175
2738,0.5783846,0.4628781
2739,0.41205668,0.36045995
2740,0.42411032,0.43905497
2741,0.41275617,0.40239027
2742,0.28976098,0.16787404
2743,0.2700281,0.27295765
2744,0.266065,0.27672386
2745,0.0010904238,0.042432077
2746,0.29239127,0.26872563
2747,0.74762976,0.7292563
2748,0.9222177,0.87746555
2749,0.42741814,0.39443365
2750,0.06812974,0.07595286
2751,0.4621166,0.43034422
2752,0.30120963,0.2614503
2753,0.44533458,0.5030361
2754,0.74621904,0.76775795
2755,0.059010096,0.06537287
2756,0.10915862,0.18592043
2757,0.33327743,0.30914956
2758,0.29480124,0.26280615
2759,0.17645851,0.23814078
2760,0.47669297,0.48012334
2761,0.73009616,0.7725181
2762,0.6484517,0.6501698
2763,0.022080218,0.048080284
2764,0.44791993,0.42971006
2765,0.8569594,0.8371597
2766,0.1996929,0.17599334
2767,0.660067,0.62479055
2768,0.8961732,0.93657786
2769,0.4719223,0.5035556
2770,0.28897056,0.25407305
2771,0.6432634,0.6202303
2772,0.6571335,0.62673694
2773,0.89498574,0.8754275
2774,0.9990951,1.0171281
2775,0.6542938,0.60149753
2776,0.18405476,0.16451457
2777,0.7042503,0.6359849
2778,0.8174818,0.76517224
2779,0.43431583,0.53302425
2780,0.42236608,0.45779744
2781,0.5626833,0.48636138
2782,0.6406802,0.626194
2783,0.53751767,0.4393504
2784,0.35299045,0.34593165
2785,0.59725034,0.5682348
2786,0.9047829,0.8921355
2787,0.6325195,0.61768067
2788,0.9202114,0.93282235
2789,0.18610077,0.18604785
2790,0.7984351,0.7298163
2791,0.8921114,0.9147908
2792,0.12760584,0.13594955
2793,0.48847902,0.459404
2794,0.7657148,0.8071718
2795,0.6215028,0.6044599
2796,0.52680624,0.52145
2797,0.32422954,0.35446784
2798,0.7528283,0.72335637
2799,0.39983353,0.37449485
2800,0.19572069,0.24327748
2801,0.5340895,0.5554235
2802,0.22333916,0.16013876
2803,0.058384687,0.033000402
2804,0.5388704,0.5290065
2805,0.07387659,0.033012263
2806,0.42094362,0.36965075
2807,0.54488057,0.54719955
2808,0.981619,0.9792615
2809,0.5139689,0.46496952
2810,0.55161035,0.50286907
2811,0.8558198,0.82851887
2812,0.8401019,0.81189543
2813,0.076371334,0.16736601
2814,0.06681532,-0.021158313
2815,0.8812713,0.87412655
2816,0.452945,0.24381514
2817,0.7762753,0.76785296
2818,0.14317824,0.1308466
2819,0.56648636,0.5657802
2820,0.37423334,0.4346905
2821,0.7701239,0.70652705
2822,0.0843373,0.042904984
2823,0.18945462,0.054601055
2824,0.4050832,0.36744732
2825,0.72622085,0.6179354
2826,0.81741554,0.8380927
2827,0.517236,0.47133747
2828,0.7864621,0.83013576
2829,0.747676,0.7541849
2830,0.7717498,0.7077497
2831,0.9165095,0.98430365
2832,0.21706319,0.2840869
2833,0.15493347,0.1046278
2834,0.47384945,0.39747238
2835,0.89479893,0.9247513
2836,0.44116196,0.41183913
2837,0.50371414,0.51477695
2838,0.9086593,0.9023415
2839,0.6132958,0.63660085
2840,0.704769,0.70313275
2841,0.20280415,0.22544746
2842,0.6813699,0.6596771
2843,0.19089851,0.24054424
2844,0.30073276,0.31440276
2845,0.62640256,0.62545073
2846,0.74412286,0.7756864
2847,0.33199823,0.31926933
2848,0.021706853,0.09919566
2849,0.8052359,0.7888194
2850,0.9275226,0.9511609
2851,0.9015884,0.9166685
2852,0.7870007,0.7928334
2853,0.15884455,0.14040981
2854,0.55612695,0.56006014
2855,0.26025012,0.2513938
2856,0.9362378,0.96775067
2857,0.96436197,0.9777
2858,0.28221244,0.33745655
2859,0.5071037,0.52958703
2860,0.6125495,0.57246476
2861,0.36162227,0.38977864
2862,0.83154625,0.875665
2863,0.0024153546,0.06899406
2864,0.7482263,0.700753
2865,0.5155227,0.5054202
2866,0.5446815,0.54723585
2867,0.15467249,0.24736251
2868,0.82616085,0.8025965
2869,0.7694398,0.79186684
2870,0.014843162,0.047031354
2871,0.97310066,0.9712123
2872,0.0050522657,0.029740926
2873,0.53920156,0.4363276
2874,0.947601,0.9799899
2875,0.46403745,0.48665783
2876,0.45213124,0.43560836
2877,0.88250494,0.9463011
2878,0.9467944,0.98106754
2879,0.45259577,0.4661074
2880,0.2959806,0.27608237
2881,0.04222113,0.0464944
2882,0.6186208,0.6290435
2883,0.93600905,0.9761815
2884,0.2791708,0.32002577
2885,0.28852552,0.2890996
2886,0.26696384,0.27222908
2887,0.6270837,0.6301955
2888,0.51693916,0.51577437
2889,0.95416164,0.976794
2890,0.91317075,0.90607107
2891,0.9961109,0.9821825
2892,0.66927326,0.65891427
2893,0.06895421,0.110106006
2894,0.28403008,0.3542419
2895,0.81426245,0.8488948
2896,0.8610667,0.88459426
2897,0.7665952,0.7731356
2898,0.74891675,0.8131754
2899,0.60874176,0.51852614
2900,0.562461,0.5081222
2901,0.20198578,0.23055278
2902,0.705102,0.6947256
2903,0.60846734,0.62554765
2904,0.7928142,0.7663883
2905,0.5246479,0.4758638
2906,0.022246763,0.06520222
2907,0.48307663,0.46113902
2908,0.5533124,0.54701954
2909,0.36065167,0.3321157
2910,0.0035924928,0.08894868
2911,0.40591604,0.37383705
2912,0.8547717,0.87883884
2913,0.830945,0.8175147
2914,0.3761558,0.36553526
2915,0.5311634,0.5579511
2916,0.81868124,0.81801873
2917,0.6080222,0.6183557
2918,0.6904882,0.6693702
2919,0.4447702,0.388107
2920,0.35512435,0.3267774
2921,0.12620348,0.11618455
2922,0.896727,0.92345333
2923,0.6395187,0.62739486
2924,0.660248,0.6726177
2925,0.18875733,0.18848701
2926,0.13284491,0.13502128
2927,0.119723305,0.1018095
2928,0.6034907,0.6613702
2929,0.105797894,0.103110015
2930,0.5572046,0.54613495
2931,0.25153127,0.29143584
2932,0.83148676,0.8853454
2933,0.6481497,0.6408897
2934,0.4748986,0.4871515
2935,0.880533,0.8927069
2936,0.17239825,0.18294932
2937,0.02084656,-0.030101161
2938,0.5972368,0.59443754
2939,0.7253558,0.6461431
2940,0.8768262,0.9061592
2941,0.9629608,0.9586767
2942,0.6378755,0.6906103
2943,0.8489712,0.8623132
2944,0.07886051,0.021499354
2945,0.43705773,0.40146425
2946,0.2816372,0.31795496
2947,0.31445375,0.2996757
2948,0.8247312,0.81739664
2949,0.05003733,0.08822529
2950,0.043069165,0.10914774
2951,0.337604,0.34473735
2952,0.88532466,0.90796864
2953,0.26533678,0.27554598
2954,0.32449406,0.32881182
2955,0.93842787,0.91467613
2956,0.2432791,0.34538
2957,0.9089218,0.9451066
2958,0.00040822418,0.018041003
2959,0.64851564,0.6255893
2960,0.18475716,0.1563255
2961,0.9664428,0.94809926
2962,0.6156161,0.59090316
2963,0.13098183,0.14727688
2964,0.6038511,0.54851377
2965,0.05343384,0.036103595
2966,0.9862441,0.9795897
2967,0.66883653,0.6028824
2968,0.060781285,0.10556351
2969,0.9845786,0.9871404
2970,0.5953488,0.6064866
2971,0.8903222,0.89955336
2972,0.56399393,0.5582198
2973,0.16895626,0.13323818
2974,0.57838744,0.6071843
2975,0.39801958,0.4401763
2976,0.985832,0.8928827
2977,0.17053317,0.15541252
2978,0.83681756,0.82263476
2979,0.120561175,0.21689405
2980,0.45978191,0.37631485
2981,0.22971158,0.26187083
2982,0.58421254,0.521002
2983,0.910614,0.9064728
2984,0.10766819,0.15263145
2985,0.8715499,0.91275126
2986,0.20544627,0.16053636
2987,0.68860334,0.66969633
2988,0.41170877,0.40261582
2989,0.63895357,0.57027817
2990,0.037890036,0.029855762
2991,0.49136776,0.49635303
2992,0.027637836,0.029410172
2993,0.9320379,0.9355599
2994,0.38732058,0.38618574
2995,0.7337771,0.7859293
2996,0.612753,0.59494036
2997,0.6273549,0.5932328
2998,0.53908944,0.46833992
2999,0.47710103,0.46285942
3000,0.79445344,0.7529382
3001,0.46690083,0.4863203
3002,0.7243352,0.701097
3003,0.41556203,0.4110064
3004,0.33496362,0.31526738
3005,0.0022726413,0.017242823
3006,0.8008475,0.8387544
3007,0.044471283,0.013313491
3008,0.086892724,0.059829745
3009,0.7309603,0.7386
3010,0.47351566,0.45314032
3011,0.0012239682,-0.025201084
3012,0.8677398,0.8672317
3013,0.47877434,0.46852675
3014,0.63293153,0.5848321
3015,0.3110101,0.27325055
3016,0.7601966,0.6716591
3017,0.60113305,0.5695221
3018,0.4666618,0.46190804
3019,0.16322526,0.1219655
3020,0.8957091,0.91943675
3021,0.9343092,0.929817
3022,0.3637917,0.35320193
3023,0.47337106,0.45896173
3024,0.88091713,0.8699993
3025,0.17543446,0.14933217
3026,0.90409845,0.93480927
3027,0.04585893,0.012171632
3028,0.9128423,0.92041564
3029,0.085286975,0.14120398
3030,0.8946102,0.880614
3031,0.18190627,0.14052647
3032,0.6813638,0.66063005
3033,0.5538075,0.50909877
3034,0.41657206,0.38441867
3035,0.585489,0.50699884
3036,0.5227732,0.4739749
3037,0.5884964,0.59464943
3038,0.90923923,0.90535945
3039,0.46851406,0.3891847
3040,0.41112047,0.44455874
3041,0.5006911,0.40053165
3042,0.4861663,0.4827365
3043,0.022774406,0.03571804
3044,0.62084913,0.62837845
3045,0.7863968,0.7758391
3046,0.28789207,0.32595843
3047,0.363924,0.3291434
3048,0.3362347,0.28798518
3049,0.39653504,0.40926647
3050,0.4471489,0.4556809
3051,0.6431139,0.6042881
3052,0.048568632,0.04090625
3053,0.10763318,0.10102573
3054,0.93725103,0.9436737
3055,0.13728529,0.14471653
3056,0.7451664,0.73272765
3057,0.6782787,0.68459094
3058,0.5584119,0.5819293
3059,0.48520336,0.50190544
3060,0.11211187,0.06281805
3061,0.07721709,0.037976593
3062,0.9402547,0.88413143
3063,0.55852365,0.47615004
3064,0.8258907,0.764456
3065,0.13620743,0.12992804
3066,0.14793248,0.10581207
3067,0.58351195,0.545465
3068,0.6709308,0.7323042
3069,0.26883405,0.25334805
3070,0.904118,0.8888854
3071,0.10548906,0.10863845
3072,0.034862366,0.03076138
3073,0.1921859,0.13130216
3074,0.6892381,0.5870505
3075,0.79206014,0.8386042
3076,0.098598376,0.18808343
3077,0.51734823,0.54106194
3078,0.706754,0.65242016
3079,0.6978398,0.62295705
3080,0.27628607,0.3025601
3081,0.33416042,0.31681538
3082,0.6370304,0.6193921
3083,0.51413846,0.49504662
3084,0.99754846,0.9580346
3085,0.7323717,0.78046507
3086,0.025788523,0.0529782
3087,0.96190655,0.96880007
3088,0.9074832,0.93128717
3089,0.34994003,0.35078546
3090,0.10157201,0.09331973
3091,0.19921078,0.13849403
3092,0.2612119,0.26389027
3093,0.34980232,0.346374
3094,0.68235236,0.68843883
3095,0.81638056,0.7196657
3096,0.6013532,0.5930034
3097,0.44392696,0.4770814
3098,0.044838905,0.031195376
3099,0.4260854,0.4134331
3100,0.57424253,0.5808361
3101,0.022193154,0.074110106
3102,0.2506992,0.23198275
3103,0.8207896,0.83370614
3104,0.06993029,0.09191941
3105,0.97699237,0.97953
3106,0.9662136,0.9564629
3107,0.3772819,0.3597316
3108,0.17388369,0.19027178
3109,0.27513123,0.24471802
3110,0.9486064,0.9863352
3111,0.38765058,0.39206478
3112,0.17730516,0.16264899
3113,0.09112793,0.051873993
3114,0.9800736,0.9636862
3115,0.3023149,0.33769408
3116,0.1577803,0.16233516
3117,0.2365658,0.26485676
3118,0.29323083,0.25730464
3119,0.38616693,0.39448085
3120,0.5554972,0.5623453
3121,0.33236614,0.36587015
3122,0.4387647,0.46564296
3123,0.9180236,0.9241035
3124,0.95831114,1.0049419
3125,0.9379305,0.9589268
3126,0.3460649,0.37767056
3127,0.5928513,0.61311156
3128,0.5455882,0.5559777
3129,0.8921558,0.9145533
3130,0.71983874,0.733058
3131,0.8847083,0.90212816
3132,0.35507688,0.35516983
3133,0.5834175,0.5564004
3134,0.7023915,0.7057283
3135,0.81361574,0.85490537
3136,0.49559072,0.32483557
3137,0.046208035,0.08049105
3138,0.18126622,0.15371211
3139,0.9209438,0.96443665
3140,0.8378829,0.80733895
3141,0.4802631,0.4608435
3142,0.00674559,0.17629112
3143,0.82604533,0.8259871
3144,0.89846987,0.96125025
3145,0.22600223,0.26728085
3146,0.21438815,0.21675244
3147,0.30986384,0.2774083
3148,0.87716806,0.942802
3149,0.38798934,0.39936775
3150,0.50984937,0.49698406
3151,0.20842692,0.161175
3152,0.89556617,0.9146438
3153,0.82323647,0.881966
3154,0.6884657,0.67499405
3155,0.4592538,0.47528756
3156,0.8585183,0.93354493
3157,0.6621493,0.62640846
3158,0.990643,0.9478323
3159,0.54452693,0.47663045
3160,0.15299024,0.12765042
3161,0.2102474,0.2625972
3162,0.8568334,0.8556026
3163,0.8138097,0.8134381
3164,0.38472822,0.38230503
3165,0.1471656,0.23004475
3166,0.99950176,1.0409966
3167,0.8534476,0.9241001
3168,0.1693893,0.18257253
3169,0.7543226,0.79039145
3170,0.06034033,0.032012045
3171,0.65823877,0.6416699
3172,0.74863505,0.7254488
3173,0.55043256,0.5386023
3174,0.07198963,0.07426277
3175,0.15703441,0.1407441
3176,0.82695276,0.860154
3177,0.2679081,0.30284768
3178,0.98236555,0.9916103
3179,0.3641224,0.36700332
3180,0.4252718,0.4305656
3181,0.8244936,0.8343724
3182,0.23607859,0.24090843
3183,0.7419781,0.69974446
3184,0.665275,0.64180666
3185,0.43868724,0.443659
3186,0.7604772,0.73709816
3187,0.31360325,0.31508648
3188,0.2331251,0.2591567
3189,0.9946899,0.9811709
3190,0.3223657,0.2739342
3191,0.77648026,0.71395016
3192,0.78410786,0.7936728
3193,0.19846413,0.21123114
3194,0.76474565,0.76605994
3195,0.2921992,0.3283549
3196,0.00901373,0.05037953
3197,0.22934596,0.25438583
3198,0.55722314,0.6075191
3199,0.6605707,0.7102918
3200,0.36674234,0.3836708
3201,0.11353215,0.15719019
3202,0.65097374,0.5578603
3203,0.30922225,0.3141696
3204,0.4213097,0.42693603
3205,0.46101758,0.46489012
3206,0.47943407,0.48552412
3207,0.9781782,0.9435967
3208,0.4210565,0.42318857
3209,0.7800628,0.762391
3210,0.5582034,0.5347167
3211,0.73819596,0.7754459
3212,0.89872855,0.9036007
3213,0.20953384,0.31291187
3214,0.68004984,0.6635697
3215,0.59140635,0.60401297
3216,0.08544893,0.03424919
3217,0.23656806,0.25429368
3218,0.39587516,0.42615184
3219,0.17025465,0.1731237
3220,0.1824601,0.16560714
3221,0.3565756,0.3703254
3222,0.8008107,0.7679913
3223,0.9209661,0.98408735
3224,0.9718569,1.0314234
3225,0.6858493,0.69203407
3226,0.16105762,0.23117411
3227,0.32378602,0.31836438
3228,0.42877617,0.4430966
3229,0.06694239,0.072578266
3230,0.89502853,0.9579816
3231,0.11166157,0.114447504
3232,0.79525423,0.76044226
3233,0.7133185,0.70758706
3234,0.17855535,0.1899455
3235,0.2169786,0.19746158
3236,0.07096929,0.06895612
3237,0.4260337,0.34958503
3238,0.41437984,0.4687017
3239,0.9684193,0.9728446
3240,0.7748417,0.7775923
3241,0.4827376,0.47662944
3242,0.87715816,0.89624727
3243,0.41547784,0.40922838
3244,0.6335467,0.65136147
3245,0.65149367,0.65137595
3246,0.8962703,0.90709865
3247,0.32300958,0.30856824
3248,0.9908364,0.9840246
3249,0.90987235,0.9261757
3250,0.7679674,0.7534759
3251,0.24344541,0.23421572
3252,0.32507932,0.34662414
3253,0.9847637,0.9447212
3254,0.31639835,0.30482814
3255,0.25380117,0.29016212
3256,0.5075109,0.47170767
3257,0.0886898,0.06514993
3258,0.6374504,0.5896443
3259,0.581135,0.67864776
3260,0.5155828,0.5046175
3261,0.11022764,0.10044703
3262,0.97598505,0.87480384
3263,0.9132688,0.90517867
3264,0.07145666,0.23396431
3265,0.10493608,0.115028545
3266,0.9360813,0.8893282
3267,0.23747791,0.22208405
3268,0.8422561,0.8410591
3269,0.9823436,1.0170441
3270,0.14916094,0.14575225
3271,0.24235818,0.18687257
3272,0.15973997,0.15691924
3273,0.8926794,0.9424242
3274,0.8094319,0.78256357
3275,0.2855177,0.26623523
3276,0.8760279,0.8912444
3277,0.19692878,0.1892184
3278,0.732263,0.71561193
3279,0.77197593,0.75958794
3280,0.26889098,0.2742482
3281,0.3401856,0.34167814
3282,0.77727115,0.78842384
3283,0.26153088,0.26147407
3284,0.5765721,0.5223044
3285,0.9057463,0.9975475
3286,0.080597915,0.06910035
3287,0.8952166,0.9278712
3288,0.8155185,0.85589576
3289,0.7154584,0.7129512
3290,0.69523644,0.6457646
3291,0.6342424,0.62859887
3292,0.5519808,0.5077902
3293,0.88070136,0.88695836
3294,0.18083549,0.20017155
3295,0.5851416,0.54445505
3296,0.26406246,0.25868663
3297,0.12752056,0.1759716
3298,0.61198276,0.62814254
3299,0.729133,0.72378206
3300,0.2184757,0.15948448
3301,0.31756684,0.33267963
3302,0.33094507,0.31779894
3303,0.8070422,0.7507932
3304,0.63409376,0.6246213
3305,0.16050507,0.20956649
3306,0.74847686,0.71649504
3307,0.6823883,0.6515555
3308,0.34734318,0.3605184
3309,0.5755122,0.5101385
3310,0.010245693,0.023169098
3311,0.40829793,0.38075012
3312,0.256726,0.19492085
3313,0.40447706,0.39284444
3314,0.7736165,0.7272117
3315,0.20236303,0.19231124
3316,0.6737758,0.6670655
3317,0.8517526,0.8495571
3318,0.6099873,0.6181753
3319,0.09353762,0.021300657
3320,0.42877388,0.3676118
3321,0.25298768,0.28599325
3322,0.012896326,0.035978287
3323,0.3902595,0.4325009
3324,0.19366783,0.22331735
3325,0.7844393,0.75672543
3326,0.33114475,0.27982396
3327,0.5999302,0.5006871
3328,0.40707624,0.34642565
3329,0.21349737,0.2034989
3330,0.7055853,0.7372029
3331,0.1817916,0.2624657
3332,0.46749368,0.53499544
3333,0.047827087,0.060456093
3334,0.76400566,0.726779
3335,0.28817782,0.2936876
3336,0.0067279143,0.049944174
3337,0.24449213,0.26128224
3338,0.12698144,0.19595826
3339,0.08295783,0.05742384
3340,0.7516755,0.7187764
3341,0.110814005,0.11181402
3342,0.8311054,0.85609585
3343,0.7978244,0.81532
3344,0.3893398,0.43933544
3345,0.1481081,0.19733326
3346,0.96470135,1.0090805
3347,0.63621104,0.6157824
3348,0.53239655,0.50588274
3349,0.42595616,0.3851971
3350,0.84020644,0.8576064
3351,0.61117,0.5873131
3352,0.4207243,0.39170888
3353,0.082458965,0.11217581
3354,0.7275464,0.7153549
3355,0.59117615,0.61053646
3356,0.38268256,0.41992506
3357,0.21824653,0.22487487
3358,0.6796728,0.7178008
3359,0.43200326,0.36354417
3360,0.4582996,0.42485493
3361,0.31026846,0.31831416
3362,0.31320855,0.32389697
3363,0.33696547,0.34686854
3364,0.6717788,0.6616795
3365,0.9218825,0.92443985
3366,0.93289584,0.9217285
3367,0.47000322,0.47725075
3368,0.9245667,0.96539605
3369,0.8991059,0.9047439
3370,0.9822427,0.9452286
3371,0.05246468,0.09592445
3372,0.53028375,0.53170985
3373,0.50935906,0.5074184
3374,0.9413038,0.94803095
3375,0.52217734,0.50107574
3376,0.22280383,0.24994732
3377,0.12240889,0.07958278
3378,0.13226871,0.15289873
3379,0.8412466,0.85871184
3380,0.8634375,0.8134929
3381,0.8621258,0.8419877
3382,0.4118034,0.4412878
3383,0.42721966,0.42328167
3384,0.5197409,0.5006505
3385,0.53412706,0.5592714
3386,0.32228407,0.33643916
3387,0.08053912,0.015590902
3388,0.73403,0.53779525
3389,0.20926404,0.2222595
3390,0.9241197,0.9045265
3391,0.9734539,0.95994246
3392,0.95911837,0.98563
3393,0.9904838,0.9601578
3394,0.18666482,0.26848468
3395,0.87222934,0.87578684
3396,0.38187513,0.4067395
3397,0.38822016,0.42189404
3398,0.111169524,0.096872166
3399,0.4156757,0.41970494
3400,0.6065221,0.6232656
3401,0.621341,0.577883
3402,0.9339174,0.9416926
3403,0.42780334,0.3775004
3404,0.2649274,0.23415571
3405,0.3734411,0.24639802
3406,0.38606003,0.3639194
3407,0.97570825,0.9928533
3408,0.5287344,0.5039162
3409,0.4831953,0.487181
3410,0.24970078,0.27375785
3411,0.1926284,0.23924918
3412,0.71270233,0.76937884
3413,0.7841242,0.77809644
3414,0.30750108,0.48378444
3415,0.51866645,0.48645163
3416,0.9302854,0.9440059
3417,0.74950576,0.76758474
3418,0.6118985,0.64305156
3419,0.33382598,0.34325308
3420,0.31085542,0.37055206
3421,0.76181674,0.669424
3422,0.29762456,0.29031342
3423,0.2742034,0.3075233
3424,0.77496505,0.75866836
3425,0.39743435,0.42707384
3426,0.89283824,0.9606287
3427,0.5000608,0.4584883
3428,0.20586112,0.24789517
3429,0.14697616,0.21499807
3430,0.77998835,0.7974883
3431,0.24356292,0.2486675
3432,0.66477567,0.6931879
3433,0.45297754,0.47611284
3434,0.96655184,0.9867963
3435,0.3159275,0.331109
3436,0.3195134,0.3094632
3437,0.02742526,0.05040376
3438,0.18170379,0.16234045
3439,0.60813177,0.5852404
3440,0.7634538,0.7884827
3441,0.7188304,0.7474347
3442,0.4686842,0.4361754
3443,0.5984856,0.5698899
3444,0.8514179,0.8488941
3445,0.19082095,0.22142825
3446,0.8180035,0.80428433
3447,0.4152803,0.44319934
3448,0.33756,0.34786522
3449,0.39780745,0.3868307
3450,0.19382282,0.2301194
3451,0.68720657,0.6790207
3452,0.2065628,0.26213747
3453,0.4872535,0.50576115
3454,0.6483126,0.60408276
3455,0.11740268,0.12965028
3456,0.774955,0.7829198
3457,0.38994217,0.36931324
3458,0.5845099,0.633192
3459,0.07541728,0.04514979
3460,0.72681636,0.67152154
3461,0.4853452,0.5057853
3462,0.3548777,0.3609022
3463,0.32509598,0.3604582
3464,0.4748267,0.46833438
3465,0.23607476,0.32398534
3466,0.6047767,0.61355436
3467,0.28946155,0.31147745
3468,0.9665803,0.9791382
3469,0.3661319,0.34709787
3470,0.44298565,0.5283124
3471,0.4313207,0.3167621
3472,0.17572066,0.16436975
3473,0.72163653,0.7089317
3474,0.8984737,0.9031081
3475,0.6472846,0.66188234
3476,0.057684876,0.12469925
3477,0.5013638,0.49578854
3478,0.027383616,0.094704896
3479,0.8180071,0.8163742
3480,0.027236894,0.08069457
3481,0.56374466,0.5305369
3482,0.12276547,0.14271696
3483,0.28977004,0.3116013
3484,0.8149673,0.795475
3485,0.67625695,0.693307
3486,0.9813828,0.97678566
3487,0.22570561,0.20762922
3488,0.4740154,0.41407683
3489,0.5604766,0.5062738
3490,0.11628156,0.100565135
3491,0.54027754,0.49129757
3492,0.81727433,0.8097585
3493,0.027203,0.062876984
3494,0.6319892,0.6176526
3495,0.8384917,0.8564
3496,0.0031656427,0.065435186
3497,0.4498477,0.4232151
3498,0.7411545,0.7555719
3499,0.5902602,0.56716484
3500,0.97138274,0.9442291
3501,0.8761937,0.8875244
3502,0.4249575,0.4152495
3503,0.79616594,0.80931056
3504,0.6557597,0.58854616
3505,0.8500315,0.83845574
3506,0.47425413,0.3709426
3507,0.9411836,0.95359266
3508,0.9555013,0.99826264
3509,0.7477979,0.7389367
3510,0.963074,0.9375986
3511,0.9745423,0.95084417
3512,0.42897576,0.41125977
3513,0.4382706,0.43748748
3514,0.41883266,0.43319774
3515,0.83827215,0.8435011
3516,0.5630721,0.415716
3517,0.35358834,0.320585
3518,0.38083476,0.3716133
3519,0.13891006,0.16595007
3520,0.05046969,0.09440507
3521,0.06423648,0.060307574
3522,0.16378735,0.14898999
3523,0.9921514,0.96355903
3524,0.20385504,0.17412989
3525,0.74235934,0.76385623
3526,0.9123278,0.9266565
3527,0.74074185,0.7072665
3528,0.5759548,0.5789787
3529,0.07332506,-0.017829787
3530,0.44383654,0.4244958
3531,0.30855927,0.4056641
3532,0.34458432,0.35106623
3533,0.7173049,0.73205644
3534,0.31570372,0.34815863
3535,0.8920198,0.91219753
3536,0.84978694,0.8366288
3537,0.6733319,0.63701946
3538,0.8805994,0.7876177
3539,0.5466433,0.57427084
3540,0.22898166,0.17768148
3541,0.42724973,0.36312255
3542,0.6221997,0.57032514
3543,0.74025804,0.712441
3544,0.21772231,0.22650349
3545,0.77675533,0.7742411
3546,0.5964266,0.51689863
3547,0.7416784,0.7799102
3548,0.5614651,0.5419984
3549,0.72755116,0.72604215
3550,0.09740538,0.049282312
3551,0.64542055,0.61215675
3552,0.3637732,0.39148074
3553,0.0444718,-0.016197192
3554,0.11429586,0.09739696
3555,0.8552959,0.8419484
3556,0.06823315,0.060894072
3557,0.14977974,0.11834796
3558,0.6136866,0.60664177
3559,0.8576268,0.8413876
3560,0.864206,0.9141588
3561,0.10214396,0.117100105
3562,0.42879224,0.36140326
3563,0.2304854,0.23927528
3564,0.15260063,0.1886468
3565,0.45786947,0.36941242
3566,0.12158203,0.23171437
3567,0.28760883,0.29331577
3568,0.50511706,0.5131731
3569,0.6582507,0.63740724
3570,0.65683204,0.6804563
3571,0.8992629,0.9735841
3572,0.5341083,0.53125095
3573,0.70873976,0.6854812
3574,0.08056725,0.07255179
3575,0.38538104,0.39506373
3576,0.21642162,0.26816216
3577,0.33977014,0.32327276
3578,0.8368311,0.8025409
3579,0.15542094,0.11043483
3580,0.69901097,0.7071903
3581,0.30520043,0.33247358
3582,0.10049916,0.103747755
3583,0.54002005,0.58157396
3584,0.7485439,0.75593907
3585,0.22288498,0.22309756
3586,0.07503019,0.09307158
3587,0.5561554,0.59750116
3588,0.34535328,0.34563938
3589,0.33714163,0.35231248
3590,0.4522603,0.44236147
3591,0.24324031,0.22267534
3592,0.8890129,0.8864545
3593,0.76543766,0.8013826
3594,0.027945805,-0.007111598
3595,0.6428312,0.6118214
3596,0.3109158,0.33689132
3597,0.053552024,0.062217604
3598,0.50005543,0.5135336
3599,0.5846024,0.5550031
3600,0.67106694,0.66271096
3601,0.59082896,0.6013375
3602,0.39674136,0.35282037
3603,0.9714325,0.9964469
3604,0.1857454,0.15024032
3605,0.058479946,0.08208075
3606,0.39716604,0.3815106
3607,0.0031908504,0.013367128
3608,0.18932034,0.34023282
3609,0.914568,0.91926956
3610,0.6589823,0.6683538
3611,0.39023894,0.36326218
3612,0.17769419,0.2397267
3613,0.46359015,0.48897317
3614,0.93639916,0.9778787
3615,0.026868217,0.08421157
3616,0.77602684,0.769416
3617,0.8493728,0.8561135
3618,0.8230098,0.8325349
3619,0.15086353,0.22489946
3620,0.6586806,0.63481903
3621,0.6290644,0.61809623
3622,0.29678354,0.32110968
3623,0.16818151,0.16509065
3624,0.9630127,0.9748825
3625,0.10113318,0.1282957
3626,0.006353617,0.025710385
3627,0.09104599,0.044564437
3628,0.2710089,0.29828066
3629,0.08278503,0.055579405
3630,0.5155035,0.50985706
3631,0.47373196,0.50927573
3632,0.28539252,0.31600094
3633,0.56461525,0.54219913
3634,0.7145489,0.71426445
3635,0.98235327,0.9478923
3636,0.28723288,0.34632206
3637,0.45574093,0.44327718
3638,0.08302563,0.04783502
3639,0.16843832,0.16842966
3640,0.23578729,0.22066365
3641,0.16153295,0.16722603
3642,0.36309555,0.36938742
3643,0.10214078,0.08973427
3644,0.78152144,0.74862266
3645,0.27859738,0.2874059
3646,0.0503338,0.12375893
3647,0.8960779,0.9198858
3648,0.10900598,0.12526043
3649,0.78271955,0.8107982
3650,0.89649516,0.8596419
3651,0.7136116,0.7199664
3652,0.32416967,0.3756712
3653,0.31451753,0.34341657
3654,0.1556167,0.123148754
3655,0.3927588,0.38126838
3656,0.77585304,0.669247
3657,0.47741157,0.48041636
3658,0.27873138,0.37193388
3659,0.089866124,0.08851075
3660,0.892281,0.94031847
3661,0.42405504,0.47050118
3662,0.263723,0.26380035
3663,0.5443427,0.515996
3664,0.78685313,0.8323235
3665,0.5760881,0.6067123
3666,0.08453268,0.0902908
3667,0.1278573,0.15609206
3668,0.42762548,0.42635566
3669,0.7791411,0.83310246
3670,0.56288207,0.57630783
3671,0.5848471,0.5892849
3672,0.5195218,0.4181986
3673,0.19121572,0.20118856
3674,0.5874014,0.5992848
3675,0.516101,0.53388613
3676,0.7484895,0.7621974
3677,0.9051025,0.95249575
3678,0.822781,0.8275251
3679,0.6828429,0.6890081
3680,0.088415556,0.09042692
3681,0.8526193,0.8351569
3682,0.8470525,0.8532771
3683,0.16291928,0.23290516
3684,0.6077318,0.5716975
3685,0.19024183,0.20469218
3686,0.7302986,0.7734753
3687,0.80455077,0.69960636
3688,0.6708618,0.6989269
3689,0.54645187,0.5287658
3690,0.2270439,0.2530017
3691,0.81436634,0.7739145
3692,0.45358032,0.46121287
3693,0.7727091,0.70921785
3694,0.10971992,0.15849891
3695,0.09129893,0.08157341
3696,0.6833307,0.6848025
3697,0.68080544,0.68998736
3698,0.6176004,0.5653071
3699,0.7311934,0.7405022
3700,0.80433524,0.7917616
3701,0.84947395,0.8832994
3702,0.90179807,0.9326294
3703,0.17760155,0.1992292
3704,0.9547197,0.876155
3705,0.48952797,0.45606261
3706,0.68358994,0.6988449
3707,0.2035145,0.1973026
3708,0.3901449,0.39340514
3709,0.48118126,0.5076082
3710,0.601654,0.5239401
3711,0.9948708,0.93837607
3712,0.64041644,0.588591
3713,0.9441851,0.9882865
3714,0.11528027,0.18602453
3715,0.0340809,0.06880818
3716,0.18198621,0.1975665
3717,0.89427185,0.92189956
3718,0.58943176,0.5589608
3719,0.1660114,0.09873141
3720,0.06772461,0.012126822
3721,0.3827578,0.39245537
3722,0.23726748,0.22528781
3723,0.60981375,0.59291065
3724,0.426178,0.38135108
3725,0.52450025,0.5296018
3726,0.8532069,0.84080666
3727,0.42519832,0.43660122
3728,0.0758049,0.051087532
3729,0.67295533,0.6360859
3730,0.32593834,0.31497055
3731,0.91794944,0.8564233
3732,0.89091426,0.87016535
3733,0.22118482,0.20620029
3734,0.06973676,0.058293063
3735,0.16333716,0.115954444
3736,0.82922643,0.8184445
3737,0.9119769,0.9544966
3738,0.46793532,0.47734326
3739,0.52745694,0.49216115
3740,0.35452536,0.36107126
3741,0.035688847,0.055194262
3742,0.9833287,0.972277
3743,0.31576103,0.30735484
3744,0.86683244,0.8567077
3745,0.44013372,0.40489817
3746,0.9680473,0.99458516
3747,0.3249913,0.2952721
3748,0.9145599,0.9398968
3749,0.5144344,0.477405
3750,0.01672047,0.044873003
3751,0.92548555,0.9086556
3752,0.5398974,0.57678616
3753,0.52373004,0.5140383
3754,0.9019587,0.928276
3755,0.85394627,0.877807
3756,0.55848455,0.53414375
3757,0.009954882,0.018569995
3758,0.06589572,0.015775293
3759,0.6221719,0.59914804
3760,0.37807405,0.33482802
3761,0.088202775,0.07366982
3762,0.72532135,0.7205599
3763,0.089175254,0.116389975
3764,0.4248612,0.4180916
3765,0.19053656,0.22157998
3766,0.38462052,0.36886433
3767,0.8999976,0.91828746
3768,0.89671654,0.9219167
3769,0.70986676,0.69770074
3770,0.7937308,0.7694024
3771,0.3663477,0.37413886
3772,0.36354038,0.35214698
3773,0.52292675,0.5290211
3774,0.22055496,0.22800921
3775,0.18495171,0.13996023
3776,0.52410054,0.5589341
3777,0.2319746,0.24016592
3778,0.3347101,0.32758462
3779,0.17712471,0.23795354
3780,0.9965069,1.00673
3781,0.82016075,0.78182477
3782,0.5699022,0.54298866
3783,0.549439,0.5039446
3784,0.7237089,0.7318874
3785,0.55795205,0.48831117
3786,0.6520698,0.6453818
3787,0.99080867,1.0430197
3788,0.69942135,0.6984781
3789,0.8471041,0.8271104
3790,0.67123854,0.5818007
3791,0.07891075,0.041207567
3792,0.54982215,0.4654174
3793,0.6911752,0.70245314
3794,0.16011107,0.21021238
3795,0.16294846,0.22916457
3796,0.70291626,0.7292365
3797,0.80965483,0.806243
3798,0.81990045,0.7848663
3799,0.57174087,0.5332063
3800,0.2567829,0.2671668
3801,0.004504075,-0.02388938
3802,0.90464133,0.9028405
3803,0.5727028,0.35501057
3804,0.13230798,0.260239
3805,0.82788414,0.86473495
3806,0.57449454,0.53632647
3807,0.14707813,0.09377012
3808,0.41382453,0.39192766
3809,0.86198264,0.86710006
3810,0.21865731,0.20226285
3811,0.36176002,0.376439
3812,0.42973456,0.36312962
3813,0.04813429,-0.040649444
3814,0.24005762,0.25722027
3815,0.02546915,0.021692438
3816,0.86565334,0.8793875
3817,0.91662425,0.9607043
3818,0.47175494,0.48162615
3819,0.7226471,0.78017014
3820,0.58539987,0.5588178
3821,0.43884212,0.4336888
3822,0.123809524,0.10794696
3823,0.03514032,0.1123108
3824,0.39813134,0.4002801
3825,0.72261953,0.6746364
3826,0.4853237,0.45829758
3827,0.055262998,0.057994276
3828,0.7162549,0.69998693
3829,0.1940904,0.1758753
3830,0.06419564,0.08703469
3831,0.10410553,0.082110286
3832,0.57735443,0.58121526
3833,0.07554421,0.08248986
3834,0.6869184,0.65279394
3835,0.7108079,0.6851724
3836,0.7529666,0.71828306
3837,0.00046237058,0.07491794
3838,0.480544,0.45675296
3839,0.8712903,0.8716141
3840,0.54395604,0.53064173
3841,0.73394454,0.7425464
3842,0.3165692,0.4270622
3843,0.78924906,0.7952394
3844,0.3420294,0.34732106
3845,0.53487074,0.54409933
3846,0.4382706,0.61907333
3847,0.9252117,0.93799067
3848,0.8538053,0.8826765
3849,0.77502674,0.781217
3850,0.37734807,0.3880227
3851,0.16400835,0.19786462
3852,0.044446915,0.05484281
3853,0.42071787,0.4411055
3854,0.99482876,0.98623925
3855,0.81091046,0.7765424
3856,0.56364304,0.58926785
3857,0.25485,0.22178957
3858,0.9331511,0.9815488
3859,0.04078539,0.090974495
3860,0.26951027,0.19780938
3861,0.49907845,0.44235566
3862,0.68151146,0.69082457
3863,0.047792014,0.088452816
3864,0.66735506,0.73421466
3865,0.3565839,0.36167967
3866,0.6176232,0.60565686
3867,0.35036296,0.36199468
3868,0.057473768,0.06463328
3869,0.85158265,0.8570279
3870,0.085672535,0.108309746
3871,0.24625535,0.3045359
3872,0.48277572,0.51125747
3873,0.42566967,0.42885533
3874,0.22621794,0.24034086
3875,0.11225571,0.08480297
3876,0.9708009,0.933455
3877,0.3030775,0.3067529
3878,0.5577528,0.51839584
3879,0.9753492,0.99324405
3880,0.74496716,0.74345785
3881,0.9609047,0.9579209
3882,0.7665209,0.79402244
3883,0.03675446,0.042716186
3884,0.19250163,0.22839354
3885,0.5355015,0.4939318
3886,0.9732029,0.9846482
3887,0.8295767,0.82046545
3888,0.43673944,0.3998483
3889,0.96663773,0.92863214
3890,0.6077668,0.5957538
3891,0.7363355,0.75324756
3892,0.21931747,0.24275264
3893,0.0012910963,0.09886123
3894,0.9213374,0.97911847
3895,0.1937848,0.14904767
3896,0.5296492,0.5078828
3897,0.9128151,0.91075313
3898,0.97433805,0.94107467
3899,0.40314165,0.3654135
3900,0.8941234,0.8813727
3901,0.10005173,0.117968336
3902,0.035696235,0.03401969
3903,0.61245275,0.69153196
3904,0.46215093,0.49532524
3905,0.4640305,0.46375498
3906,0.62068737,0.6050298
3907,0.09866428,0.11551565
3908,0.078461826,0.118609644
3909,0.68622196,0.7167744
3910,0.17655654,0.15998088
3911,0.19761445,0.15652148
3912,0.11457925,0.11536041
3913,0.0067035286,0.033264503
3914,0.83365864,0.82677734
3915,0.99156284,1.0126246
3916,0.8631448,0.84597534
3917,0.28424683,0.2821982
3918,0.1306238,0.1390688
3919,0.18692471,0.26777855
3920,0.094767906,0.15346622
3921,0.26342505,0.28940952
3922,0.68138725,0.67595625
3923,0.7793096,0.78258735
3924,0.17133711,0.14405935
3925,0.832498,0.8480325
3926,0.4178083,0.38619512
3927,0.7336274,0.7448225
3928,0.62760544,0.6222552
3929,0.97036916,0.9800492
3930,0.449717,0.46264946
3931,0.10629815,0.120281264
3932,0.9013887,0.9118932
3933,0.29433087,0.2991153
3934,0.055544745,0.046401873
3935,0.6560416,0.6612963
3936,0.805338,0.78302354
3937,0.84221905,0.8822245
3938,0.43642068,0.42744762
3939,0.04880319,0.07931881
3940,0.4970051,0.4805869
3941,0.60241455,0.5685869
3942,0.7855242,0.88897264
3943,0.14331888,0.1523002
3944,0.8622415,0.88984174
3945,0.4438868,0.436521
3946,0.6324292,0.63318664
3947,0.4598262,0.48408854
3948,0.7318025,0.7095648
3949,0.6708239,0.6776896
3950,0.84564686,0.82563585
3951,0.889518,0.90639347
3952,0.8182042,0.8406114
3953,0.23424168,0.24093975
3954,0.48281175,0.49472004
3955,0.9420656,0.9583587
3956,0.5324441,0.4764825
3957,0.5004125,0.48047173
3958,0.910721,0.8913122
3959,0.675363,0.7235185
3960,0.6176414,0.62510896
3961,0.20932327,0.23257396
3962,0.4855956,0.48075178
3963,0.9478796,0.93584776
3964,0.20892088,0.2567063
3965,0.059232254,0.006971199
3966,0.122075394,0.12536474
3967,0.8781355,0.92843735
3968,0.50686586,0.5426991
3969,0.98144037,1.007841
3970,0.4956405,0.54803526
3971,0.9393224,0.9680611
3972,0.8530909,0.8635609
3973,0.99049073,0.9655282
3974,0.7362941,0.73792017
3975,0.9739104,0.9064061
3976,0.99000776,0.9449079
3977,0.04438625,0.041308995
3978,0.7521629,0.75095385
3979,0.65580136,0.6490862
3980,0.034565467,0.10200487
3981,0.59388554,0.5627208
3982,0.9298957,0.90187174
3983,0.070862636,0.04644921
3984,0.8947561,0.95052236
3985,0.43493378,0.4536905
3986,0.037763588,0.045755554
3987,0.18629009,0.17335321
3988,0.5664506,0.58694136
3989,0.012143666,-0.05493067
3990,0.79007226,0.75936306
3991,0.43918738,0.46068218
3992,0.72130936,0.66915596
3993,0.12108847,0.16560557
3994,0.7943395,0.79128915
3995,0.1820424,0.22810595
3996,0.5504536,0.53091526
3997,0.06064317,0.048175633
3998,0.27629086,0.26216525
3999,0.21705262,0.21321122
4000,0.11211056,0.07265423
4001,0.11426243,0.13769652
4002,0.6931096,0.59282184
4003,0.6360078,0.58766377
4004,0.9443526,0.966883
4005,0.71388906,0.73033255
4006,0.8617118,0.84039044
4007,0.42530477,0.42252815
4008,0.5485602,0.46848285
4009,0.043037172,0.026614774
4010,0.70901626,0.71491444
4011,0.35468927,0.27868843
4012,0.9275762,0.9777997
4013,0.9507667,0.9627606
4014,0.5465268,0.4918675
4015,0.732131,0.7327241
4016,0.86852753,0.8824496
4017,0.9281875,0.95768
4018,0.019852102,0.06157725
4019,0.45811155,0.46171322
4020,0.8656,0.89923674
4021,0.9688979,0.96691066
4022,0.27247596,0.2657225
4023,0.70796883,0.72205836
4024,0.47613424,0.4660038
4025,0.7212712,0.7542404
4026,0.86250615,0.86542726
4027,0.7686583,0.80237806
4028,0.43652815,0.39882153
4029,0.9580926,0.9796269
4030,0.8861243,0.93587697
4031,0.04451743,0.04769524
4032,0.77130425,0.7760339
4033,0.9609306,0.9233284
4034,0.31271002,0.36477476
4035,0.3969417,0.3473132
4036,0.33842987,0.2979898
4037,0.97123075,0.9425312
4038,0.78005064,0.8459291
4039,0.57932407,0.5286876
4040,0.45406348,0.46525723
4041,0.84549034,0.82568634
4042,0.08395695,0.11387104
4043,0.31669474,0.32641333
4044,0.68018353,0.6664647
4045,0.77700424,0.7060578
4046,0.3046213,0.26725098
4047,0.9139061,0.9634203
4048,0.8162389,0.785857
4049,0.15556578,0.19091502
4050,0.4195522,0.44551373
4051,0.81601834,0.77912194
4052,0.7966166,0.75571096
4053,0.9218519,0.9609426
4054,0.502363,0.517199
4055,0.25715402,0.25302494
4056,0.56929976,0.58772373
4057,0.76277137,0.80803865
4058,0.15836395,0.121914
4059,0.35787857,0.4621513
4060,0.8189566,0.8617335
4061,0.5130782,0.43861818
4062,0.60203594,0.59702724
4063,0.42793745,0.36125642
4064,0.1015197,0.031796604
4065,0.6652926,0.6763161
4066,0.39710796,0.36352432
4067,0.73939717,0.73789436
4068,0.51623446,0.5016158
4069,0.093820535,0.11797841
4070,0.4164965,0.2556386
4071,0.20996487,0.19244798
4072,0.33468226,0.3346433
4073,0.33697313,0.28150225
4074,0.8400906,0.8734876
4075,0.54617083,0.54847485
4076,0.38094327,0.37197372
4077,0.6292355,0.6270912
4078,0.31191194,0.3272826
4079,0.48459727,0.5153254
4080,0.4928693,0.48338112
4081,0.57499206,0.5641619
4082,0.7870178,0.80763555
4083,0.5008231,0.48361388
4084,0.10651256,0.13941945
4085,0.61419344,0.59052414
4086,0.9043747,0.9086666
4087,0.21464391,0.22564095
4088,0.22623943,0.22279547
4089,0.22343089,0.2125404
4090,0.44054183,0.41033465
4091,0.19337685,0.18573485
4092,0.49544004,0.48841572
4093,0.85099983,0.8779279
4094,0.65675634,0.669655
4095,0.19853735,0.18770577
4096,0.32332942,0.31931663
4097,0.465611,0.46643162
4098,0.43235484,0.4466367
4099,0.2251264,0.23996489
4100,0.10075832,0.12109022
4101,0.95022017,0.99086225
4102,0.578386,0.59992373
4103,0.9833865,0.95005715
4104,0.7482136,0.7101206
4105,0.08264791,0.06557852
4106,0.37860447,0.36532545
4107,0.58002716,0.54378384
4108,0.45987052,0.4862665
4109,0.18687233,0.23082085
4110,0.47109646,0.49739113
4111,0.52400064,0.4325188
4112,0.8305088,0.7977478
4113,0.89233,0.85595995
4114,0.03936004,0.04539692
4115,0.64202636,0.6232638
4116,0.26486787,0.24219128
4117,0.95440495,0.99577314
4118,0.6545999,0.6298539
4119,0.2024537,0.21300869
4120,0.9704154,0.95642895
4121,0.89532244,0.9126022
4122,0.7608009,0.7345507
4123,0.52254283,0.49329627
4124,0.893127,0.9095204
4125,0.13178472,0.15552808
4126,0.6787042,0.7189154
4127,0.3350935,0.36112073
4128,0.020208484,0.049227398
4129,0.4538868,0.46100602
4130,0.25082693,0.27999163
4131,0.26042312,0.29825738
4132,0.22183463,0.25222796
4133,0.453235,0.4121583
4134,0.6436146,0.6564099
4135,0.44361296,0.34865007
4136,0.9043678,0.920963
4137,0.9827512,0.9776876
4138,0.14872661,0.16878362
4139,0.23091416,0.21844055
4140,0.85102755,0.84058213
4141,0.028488545,0.06345944
4142,0.39366594,0.32038355
4143,0.5906026,0.58783615
4144,0.26962098,0.26977018
4145,0.06391019,0.079694495
4146,0.59491116,0.5553261
4147,0.6229661,0.6186443
4148,0.099710256,0.0821154
4149,0.11479578,0.14346342
4150,0.27792978,0.3024921
4151,0.5021093,0.49395135
4152,0.6850044,0.74470854
4153,0.80566037,0.78137136
4154,0.82038635,0.7958956
4155,0.16842426,0.13716102
4156,0.14563297,0.15169948
4157,0.6282055,0.6321121
4158,0.6713436,0.6644385
4159,0.55240077,0.5446305
4160,0.41352865,0.40347603
4161,0.7940693,0.7812647
4162,0.013127253,0.06673436
4163,0.8917405,0.87929225
4164,0.78096193,0.7747537
4165,0.2663472,0.268686
4166,0.6088371,0.60393083
4167,0.0002904345,0.05656719
4168,0.06052882,0.08221279
4169,0.68925756,0.67090917
4170,0.8334987,0.8247875
4171,0.07188312,0.050446894
4172,0.051380094,0.1223896
4173,0.9773839,1.0059693
4174,0.78280425,0.7721464
4175,0.25814846,0.26931486
4176,0.111460485,0.12344353
4177,0.48608202,0.51137346
4178,0.76599807,0.82976824
4179,0.07827934,0.1313857
4180,0.669032,0.66071576
4181,0.7136659,0.7189185
4182,0.40598622,0.3641808
4183,0.083040774,0.031220742
4184,0.61946166,0.6270327
4185,0.23206636,0.2685532
4186,0.52108115,0.51118684
4187,0.88225704,0.894015
4188,0.6153163,0.6331546
4189,0.29919672,0.25582367
4190,0.7100601,0.709966
4191,0.29325417,0.29547197
4192,0.7167819,0.712303
4193,0.59979266,0.58079505
4194,0.53734994,0.6047316
4195,0.109601706,0.10674596
4196,0.27106175,0.2525867
4197,0.5440708,0.5633845
4198,0.6879451,0.6876345
4199,0.07180438,0.05660343
4200,0.21669658,0.34519714
4201,0.31387278,0.36613214
4202,0.6005956,0.6584894
4203,0.8827157,0.9129142
4204,0.7436506,0.6394694
4205,0.3197749,0.31613266
4206,0.023996519,0.047513798
4207,0.14691988,0.15001383
4208,0.4040079,0.38710552
4209,0.35778457,0.3942989
4210,0.7510602,0.74381363
4211,0.8746659,0.89321285
4212,0.4401623,0.46838278
4213,0.88695645,0.9102163
4214,0.5755304,0.60998327
4215,0.6136349,0.6545957
4216,0.5736152,0.4701739
4217,0.2620421,0.26923406
4218,0.68767875,0.67497224
4219,0.77492213,0.58759576
4220,0.03859306,0.048385903
4221,0.832064,0.73379755
4222,0.5154578,0.53364736
4223,0.6109465,0.6059732
4224,0.40191138,0.4394365
4225,0.8167212,0.75503504
4226,0.28354904,0.3140334
4227,0.39704385,0.39998215
4228,0.6205022,0.6473655
4229,0.4576474,0.45617336
4230,0.35625684,0.31939107
4231,0.086516984,0.024751365
4232,0.3542439,0.2877469
4233,0.159058,0.2088717
4234,0.6056705,0.5990399
4235,0.018568147,0.052956384
4236,0.059378527,0.089343876
4237,0.29949898,0.3349566
4238,0.1999654,0.18444197
4239,0.9528409,0.9554713
4240,0.012668465,0.027248893
4241,0.4178816,0.31612688
4242,0.27228242,0.2798137
4243,0.7939964,0.75100523
4244,0.6599236,0.6132887
4245,0.5374557,0.62353134
4246,0.17708726,0.29695967
4247,0.75783354,0.79024607
4248,0.6386105,0.5912259
4249,0.7686254,0.77652943
4250,0.7530674,0.7744533
4251,0.5618871,0.5317595
4252,0.2466223,0.18053867
4253,0.050652865,0.068660215
4254,0.015730202,0.052199293
4255,0.50789696,0.5122027
4256,0.4024204,0.39628237
4257,0.9802458,0.94816625
4258,0.7400609,0.75439864
4259,0.50414896,0.50234085
4260,0.04004658,0.035188008
4261,0.043983523,0.030212153
4262,0.4112072,0.39096957
4263,0.9191372,0.8628797
4264,0.8894195,0.90126354
4265,0.66013706,0.63841975
4266,0.593816,0.5986986
4267,0.12788358,0.12720142
4268,0.22961548,0.302201
4269,0.97331846,0.70300007
4270,0.8204078,0.814758
4271,0.009495419,0.038746063
4272,0.055047415,0.088825226
4273,0.16217393,0.20415081
4274,0.6246063,0.6587534
4275,0.8760072,0.90577316
4276,0.39681348,0.38161504
4277,0.93292123,0.91733027
4278,0.40380612,0.39624494
4279,0.9228418,0.9287246
4280,0.3236382,0.3054039
4281,0.9436368,0.9073389
4282,0.3204924,0.31865817
4283,0.33154303,0.32905826
4284,0.17115033,0.23937337
4285,0.10125198,0.114432976
4286,0.26282516,0.30296183
4287,0.25383258,0.23873919
4288,0.47243404,0.46222562
4289,0.6179669,0.61549944
4290,0.45362,0.4543898
4291,0.15088339,0.16325925
4292,0.22246568,0.17527215
4293,0.9323409,0.92933506
4294,0.12713397,0.09268841
4295,0.8450016,0.84697
4296,0.48944435,0.47083098
4297,0.1574139,0.1338267
4298,0.28317103,0.206988
4299,0.8143057,0.80974895
4300,0.82338977,0.7919305
4301,0.5736889,0.5252014
4302,0.19733939,0.16162072
4303,0.43668595,0.45470572
4304,0.5789614,0.5679255
4305,0.45760942,0.48854607
4306,0.90984106,0.97470427
4307,0.02893854,0.012170559
4308,0.1408456,0.07411906
4309,0.3249794,0.2903707
4310,0.57507396,0.51186645
4311,0.748082,0.7576387
4312,0.91156244,0.87378263
4313,0.28998554,0.35554272
4314,0.15527304,0.1795467
4315,0.17465228,0.17937393
4316,0.8881681,0.892392
4317,0.017419662,-0.007241266
4318,0.26912624,0.26054317
4319,0.9864295,0.83400756
4320,0.016825544,0.07503317
4321,0.6797672,0.6796568
4322,0.5557902,0.5258233
4323,0.3423005,0.32680294
4324,0.84163624,0.8388721
4325,0.1238158,0.10339213
4326,0.4547016,0.43816537
4327,0.86877954,0.86900514
4328,0.6137828,0.626193
4329,0.5176006,0.48034945
4330,0.7023768,0.70895046
4331,0.56696475,0.51763994
4332,0.9628228,0.98320144
4333,0.13011171,0.08854194
4334,0.16418137,0.22077428
4335,0.31812486,0.3211387
4336,0.9134373,0.96302176
4337,0.41169763,0.40103206
4338,0.298437,0.35614872
4339,0.29896018,0.287569
4340,0.070224926,0.12021494
4341,0.51992875,0.53600264
4342,0.4849347,0.48861292
4343,0.78624475,0.78448546
4344,0.90681404,0.95520675
4345,0.005509315,0.05080679
4346,0.35533577,0.34591764
4347,0.9413495,0.9771949
4348,0.46382767,0.4556402
4349,0.45719922,0.41442698
4350,0.73841876,0.7566035
4351,0.8585235,0.8516918
4352,0.8201532,0.80962163
4353,0.021634214,0.010342937
4354,0.48525494,0.48396838
4355,0.41305894,0.38355199
4356,0.90419143,0.8504273
4357,0.09980632,0.112800196
4358,0.6834518,0.68394214
4359,0.65120107,0.5806886
4360,0.6739743,0.67371935
4361,0.489539,0.4626404
4362,0.6092188,0.5877454
4363,0.504726,0.48702186
4364,0.2569388,0.25810975
4365,0.60426533,0.6645127
4366,0.55038446,0.58230805
4367,0.23534268,0.18522559
4368,0.10601218,0.119697824
4369,0.2872217,0.22189344
4370,0.67155254,0.6949904
4371,0.39326048,0.40903023
4372,0.20349191,0.23398499
4373,0.37341797,0.34364778
4374,0.018479593,0.038847994
4375,0.029014701,0.0077702515
4376,0.64498615,0.65390635
4377,0.97062397,0.9603012
4378,0.5407364,0.504623
4379,0.11780881,0.11963539
4380,0.07610902,0.12877001
4381,0.2292208,0.17822081
4382,0.10028621,0.065442875
4383,0.48162732,0.5235594
4384,0.26574785,0.2893752
4385,0.61836416,0.504049
4386,0.7866991,0.79314274
4387,0.6287973,0.5865356
4388,0.7154394,0.75796473
4389,0.8722944,0.8564322
4390,0.72165436,0.75659657
4391,0.07544144,0.06761177
4392,0.9296506,0.9886226
4393,0.8201078,0.7936475
4394,0.84177977,0.8126082
4395,0.20428063,0.19950502
4396,0.06764689,0.0015322231
4397,0.46560508,0.4260726
4398,0.9171027,0.89866567
4399,0.55975306,0.568267
4400,0.6199131,0.6316184
4401,0.6850147,0.6452347
4402,0.56446534,0.50301087
4403,0.66182816,0.66224587
4404,0.5145511,0.52472883
4405,0.71822494,0.694642
4406,0.18305157,0.09467177
4407,0.48954448,0.49018213
4408,0.9870538,0.95360076
4409,0.47655952,0.48588762
4410,0.16115004,0.24198118
4411,0.2977356,0.32756898
4412,0.79544073,0.68035775
4413,0.03375291,0.042884883
4414,0.462021,0.46096867
4415,0.79471284,0.80076313
4416,0.96876025,0.8884655
4417,0.63741595,0.6281513
4418,0.5874752,0.6135203
4419,0.1336851,0.25471342
4420,0.683107,0.6724522
4421,0.16333804,0.121372625
4422,0.63566846,0.5988952
4423,0.36304128,0.38710633
4424,0.20075129,0.22018735
4425,0.35506308,0.30662292
4426,0.47174537,0.4657974
4427,0.051089022,0.018097833
4428,0.40060565,0.4042818
4429,0.640813,0.6622421
4430,0.37593332,0.39661896
4431,0.9606626,0.9770132
4432,0.79656494,0.8536308
4433,0.48441818,0.5011413
4434,0.851811,0.9172718
4435,0.7915546,0.77967817
4436,0.61334294,0.6160628
4437,0.09116064,0.101774916
4438,0.8179272,0.8390265
4439,0.28890246,0.33979207
4440,0.15372358,0.15869346
4441,0.1202452,0.14460078
4442,0.80778104,0.6402414
4443,0.63584983,0.65409845
4444,0.67293096,0.5944124
4445,0.54578114,0.49889684
4446,0.37998477,0.37910467
4447,0.5365129,0.561459
4448,0.39999285,0.4140619
4449,0.7295931,0.71884614
4450,0.014919421,0.013435528
4451,0.087355085,0.076589584
4452,0.6018356,0.5456282
4453,0.119400956,0.1475313
4454,0.325611,0.3823133
4455,0.07927601,0.12489234
4456,0.42914093,0.44523215
4457,0.8677752,0.8726606
4458,0.29821995,0.28934515
4459,0.28480983,0.32725722
4460,0.3382201,0.37096423
4461,0.63757086,0.6528167
4462,0.108040765,0.11910181
4463,0.90776277,0.9000802
4464,0.09089559,0.11118533
4465,0.44210282,0.45354617
4466,0.4044463,0.3991639
4467,0.5808367,0.5676411
4468,0.32812738,0.35940152
4469,0.8085673,0.80938745
4470,0.75665027,0.7405626
4471,0.6711901,0.6670556
4472,0.12026396,0.11693117
4473,0.0010844938,0.022209957
4474,0.23721707,0.26721936
4475,0.86418724,0.85977966
4476,0.44618696,0.44043636
4477,0.2905309,0.33120877
4478,0.46737614,0.47252727
4479,0.50250185,0.48764336
4480,0.8371754,0.85244673
4481,0.49581873,0.5962055
4482,0.23559947,0.26601088
4483,0.247351,0.2131
4484,0.7763723,0.8011422
4485,0.71332705,0.73275983
4486,0.32485807,0.36259082
4487,0.814678,0.8096893
4488,0.1352986,0.25290087
4489,0.21032493,0.15728919
4490,0.76760995,0.7499548
4491,0.5235019,0.54116917
4492,0.83159703,0.83257586
4493,0.95803225,0.92999095
4494,0.7383638,0.7615719
4495,0.08936858,0.13963895
4496,0.0066100773,-0.0105551
4497,0.9187352,0.94433695
4498,0.47337106,0.4312114
4499,0.8733079,0.8633614
4500,0.8932651,0.8299419
4501,0.39677742,0.37123668
4502,0.52755255,0.56122607
4503,0.26892325,0.28375465
4504,0.088508435,0.08547853
4505,0.18170938,0.19917114
4506,0.19622216,0.23321992
4507,0.12380003,0.11449936
4508,0.91401666,0.923354
4509,0.516339,0.5495431
4510,0.103551075,0.13372129
4511,0.5436919,0.5573583
4512,0.7300348,0.7460015
4513,0.53304386,0.5103299
4514,0.9449735,0.91820574
4515,0.8352167,0.83437693
4516,0.7515733,0.79208136
4517,0.5679424,0.5361599
4518,0.5437473,0.5206644
4519,0.37153676,0.3855099
4520,0.94808966,0.9462719
4521,0.12951696,0.16482969
4522,0.9722306,0.9387691
4523,0.1748892,0.18531004
4524,0.43189195,0.4003371
4525,0.5917414,0.62972474
4526,0.3396297,0.2998963
4527,0.58267194,0.5470029
4528,0.9743256,0.9672841
4529,0.65274656,0.67179346
4530,0.18876767,0.22344328
4531,0.25024587,0.23353554
4532,0.6204753,0.64691985
4533,0.60523033,0.632773
4534,0.89276516,0.89883864
4535,0.25109836,0.24246411
4536,0.68097913,0.67458177
4537,0.3711665,0.39672637
4538,0.15336044,0.12402511
4539,0.51710016,0.34582794
4540,0.013147197,0.17370991
4541,0.9534681,0.9463799
4542,0.22820897,0.2038288
4543,0.19729973,0.14991568
4544,0.7187935,0.7167563
4545,0.33511204,0.36329257
4546,0.86093396,0.8522175
4547,0.10960357,0.12582861
4548,0.70249563,0.6824368
4549,0.7594207,0.7477126
4550,0.1798901,0.21232349
4551,0.50697565,0.49202102
4552,0.9606245,0.9677086
4553,0.6063219,0.5784682
4554,0.8172841,0.8194278
4555,0.54644996,0.4603911
4556,0.08704138,0.04113946
4557,0.5700202,0.43452734
4558,0.60530406,0.57123566
4559,0.5047798,0.45273742
4560,0.48556912,0.44249424
4561,0.34744802,0.3415716
4562,0.5344928,0.5064057
4563,0.70893896,0.72058
4564,0.8985299,0.9257926
4565,0.78650016,0.79248875
4566,0.36876497,0.30307174
4567,0.12306544,0.10060798
4568,0.029729197,0.02856469
4569,0.24297567,0.28176504
4570,0.79180956,0.7586086
4571,0.78116745,0.78879184
4572,0.5219609,0.46725473
4573,0.6981301,0.6709562
4574,0.92157876,0.9428075
4575,0.24060304,0.26942098
4576,0.6170336,0.58423185
4577,0.85746366,0.8207352
4578,0.19899355,0.12016238
4579,0.69362414,0.67239565
4580,0.05485696,0.08073875
4581,0.3106102,0.30164874
4582,0.7489658,0.75440705
4583,0.56777275,0.5575806
4584,0.9879113,0.9844267
4585,0.27410275,0.33139312
4586,0.6050316,0.59444076
4587,0.31846315,0.2822058
4588,0.15587372,0.1957189
4589,0.2704807,0.26698828
4590,0.07808946,0.05709914
4591,0.77576673,0.7549325
4592,0.715735,0.72773635
4593,0.22584493,0.16744313
4594,0.8781609,0.85810775
4595,0.53300256,0.44753712
4596,0.73325837,0.71636975
4597,0.80036545,0.7973427
4598,0.3329336,0.30597723
4599,0.59584266,0.5713382
4600,0.59295434,0.5563915
4601,0.13323264,0.14544287
4602,0.6380748,0.6002766
4603,0.58723474,0.5769934
4604,0.6431428,0.62280726
4605,0.8828643,0.875126
4606,0.104652785,0.10817366
4607,0.064146034,-0.047067374
4608,0.94076353,0.9079344
4609,0.87694705,0.9013102
4610,0.38335976,0.31762484
4611,0.9445985,0.8876711
4612,0.6866143,0.7062029
4613,0.5851688,0.5105248
4614,0.869388,0.85760385
4615,0.75905627,0.78525054
4616,0.7903446,0.77651405
4617,0.2593299,0.26946625
4618,0.7785351,0.74035823
4619,0.51624334,0.5321175
4620,0.29911602,0.3155924
4621,0.96681905,1.007862
4622,0.9810535,0.96952415
4623,0.650033,0.62309617
4624,0.4017938,0.35529637
4625,0.43170443,0.44540682
4626,0.69435334,0.7339212
4627,0.9525871,0.98597753
4628,0.9723489,0.58877814
4629,0.8947587,0.91571116
4630,0.046642702,0.041064736
4631,0.3548486,0.349477
4632,0.27152303,0.35129985
4633,0.57683325,0.56864065
4634,0.5005445,0.4828503
4635,0.7053619,0.6364355
4636,0.74268067,0.71057904
4637,0.7744136,0.7820821
4638,0.8246507,0.8232626
4639,0.18311992,0.17995606
4640,0.99625885,0.96281064
4641,0.81856406,0.78181815
4642,0.98737067,1.0034988
4643,0.8451588,0.8121921
4644,0.4057576,0.46856737
4645,0.40446827,0.42865348
4646,0.67313313,0.66088265
4647,0.7676071,0.72235364
4648,0.18269211,0.22999392
4649,0.72880435,0.6884806
4650,0.16269691,0.15479176
4651,0.40239695,0.3785802
4652,0.9575526,0.94990355
4653,0.79236764,0.7403305
4654,0.33797953,0.28089598
4655,0.017911805,0.062061656
4656,0.0266238,0.03584638
4657,0.46664965,0.44561094
4658,0.3211771,0.3590699
4659,0.26069492,0.23806603
4660,0.6811658,0.7013618
4661,0.014623643,0.008432683
4662,0.6461758,0.6816441
4663,0.12063106,0.17282514
4664,0.87516063,0.89148235
4665,0.73183763,0.7356817
4666,0.1908468,0.16025206
4667,0.72833616,0.6490797
4668,0.41194534,0.34559152
4669,0.3203565,0.38058648
4670,0.1253097,0.1342396
4671,0.09115107,0.078253135
4672,0.23703615,0.19477278
4673,0.9711677,0.93329483
4674,0.06374768,0.06938867
4675,0.7499813,0.77111304
4676,0.9947319,0.98522305
4677,0.62551826,0.61608034
4678,0.55664426,0.40553388
4679,0.09578403,0.07488106
4680,0.65283924,0.63580716
4681,0.057651013,0.11003487
4682,0.08817413,0.09258814
4683,0.72496134,0.71630204
4684,0.0047072773,0.11009398
4685,0.037400734,0.030738484
4686,0.20097491,0.15951423
4687,0.54840994,0.5044611
4688,0.7822906,0.8082364
4689,0.91398364,0.9928183
4690,0.20507477,0.17999005
4691,0.9810793,0.97815025
4692,0.9779208,0.9307612
4693,0.9233752,0.92837423
4694,0.3274761,0.29685706
4695,0.8059638,0.78961116
4696,0.81821185,0.8234344
4697,0.016715333,0.047226086
4698,0.7187239,0.6262952
4699,0.33533466,0.3395878
4700,0.08051354,0.024259582
4701,0.16990504,0.17962909
4702,0.6601813,0.6592019
4703,0.9559738,0.9993085
4704,0.53544974,0.50594574
4705,0.3645375,0.27056873
4706,0.7941763,0.768629
4707,0.18443808,0.20068449
4708,0.20877992,0.19501808
4709,0.33190832,0.35568303
4710,0.89649254,0.9209028
4711,0.50793636,0.49955028
4712,0.60956264,0.6021599
4713,0.31230232,0.3281622
4714,0.5234627,0.53289753
4715,0.6845974,0.70222646
4716,0.9209425,0.9401236
4717,0.87596184,0.8951863
4718,0.56311107,0.5527859
4719,0.3983984,0.43160635
4720,0.46418306,0.49908888
4721,0.2436768,0.20933963
4722,0.39780366,0.40661615
4723,0.31325558,0.3420375
4724,0.8811947,0.88787735
4725,0.27062154,0.33655345
4726,0.8783116,0.9094483
4727,0.2483917,0.26312155
4728,0.81850034,0.8193421
4729,0.88564277,0.9234871
4730,0.7555745,0.75717187
4731,0.05173329,0.047906384
4732,0.68972015,0.6784443
4733,0.633705,0.6183705
4734,0.6044441,0.56433886
4735,0.16501707,0.13953818
4736,0.12671721,0.11366828
4737,0.30848166,0.29485106
4738,0.9143513,0.94850844
4739,0.26101694,0.2538309
4740,0.7028948,0.66389865
4741,0.39399183,0.40143478
4742,0.08685903,0.078101605
4743,0.76035553,0.7732859
4744,0.073828444,0.13857853
4745,0.84205073,0.8560533
4746,0.66593933,0.67178166
4747,0.71212965,0.6658591
4748,0.95504504,0.92684054
4749,0.16300933,0.08620612
4750,0.5282404,0.5191119
4751,0.69291145,0.69041145
4752,0.31440818,0.29320478
4753,0.16529049,0.17024575
4754,0.46410158,0.4451081
4755,0.9580617,0.9575043
4756,0.6851775,0.70893097
4757,0.722004,0.7513015
4758,0.49573374,0.47970968
4759,0.39937827,0.4185827
4760,0.70878285,0.7057395
4761,0.92897713,0.9651654
4762,0.95466727,0.93800837
4763,0.874562,0.84027445
4764,0.7244948,0.6970022
4765,0.81948024,0.80287933
4766,0.2311732,0.22267309
4767,0.14770432,0.1733352
4768,0.5236863,0.5218912
4769,0.3337356,0.31460452
4770,0.68011963,0.6866563
4771,0.5278956,0.50702006
4772,0.5215524,0.49243706
4773,0.00092785957,0.061900962
4774,0.08008596,0.09359999
4775,0.7100547,0.669961
4776,0.80910206,0.7967862
4777,0.22670743,0.25943163
4778,0.95604575,0.9773873
4779,0.48081198,0.46766835
4780,0.15229651,0.1841959
4781,0.44071585,0.45972937
4782,0.82704383,0.7869631
4783,0.34191358,0.32689038
4784,0.60284406,0.57699907
4785,0.41144156,0.4364962
4786,0.92694724,0.9533979
4787,0.7591796,0.7379153
4788,0.6476773,0.6248547
4789,0.19867252,0.23700128
4790,0.5543386,0.552479
4791,0.038294215,0.010293011
4792,0.67805034,0.6420513
4793,0.6815019,0.6511065
4794,0.7089077,0.65097237
4795,0.36828327,0.42568266
4796,0.09607018,0.12722863
4797,0.7136155,0.7009321
4798,0.08221046,0.08393113
4799,0.20702808,0.1794658
4800,0.98812664,0.96696043
4801,0.23727606,0.22619997
4802,0.14591187,0.18244228
4803,0.38622236,0.32812202
4804,0.9395916,0.9838674
4805,0.6994133,0.689167
4806,0.77591336,0.7694489
4807,0.52824557,0.51050395
4808,0.08466953,0.094585046
4809,0.7467049,0.69430554
4810,0.10579706,0.11207749
4811,0.7205776,0.70366144
4812,0.41487503,0.41209215
4813,0.37529173,0.42119312
4814,0.58032036,0.5889993
4815,0.5559756,0.45270726
4816,0.52989936,0.49652678
4817,0.6889712,0.68416846
4818,0.8227626,0.75162643
4819,0.61253077,0.5992104
4820,0.86350125,0.8576082
4821,0.30228147,0.2855727
4822,0.5363483,0.46197546
4823,0.7510986,0.7170698
4824,0.035682276,0.07701023
4825,0.65793544,0.6303868
4826,0.6711167,0.62616783
4827,0.36466423,0.3196053
4828,0.44526157,0.4379276
4829,0.20448352,0.19753546
4830,0.42645586,0.41271192
4831,0.19497482,0.24862337
4832,0.7099048,0.6393549
4833,0.62432456,0.61164176
4834,0.08999246,0.12440211
4835,0.50867724,0.44401932
4836,0.92114925,0.9496727
4837,0.24686106,0.2130751
4838,0.3200108,0.25252122
4839,0.0541215,0.00816275
4840,0.059385452,0.010892002
4841,0.056242853,0.040948853
4842,0.56853247,0.54495376
4843,0.21909547,0.20654789
4844,0.790527,0.81559265
4845,0.26620963,0.29516777
4846,0.37511802,0.3720309
4847,0.2815824,0.26216465
4848,0.41066423,0.42613468
4849,0.009092912,0.05911824
4850,0.27155223,0.27837408
4851,0.13642958,0.08604807
4852,0.67719525,0.6819684
4853,0.66996294,0.6540545
4854,0.8558305,0.8056914
4855,0.114259906,0.11220622
4856,0.5131811,0.5074165
4857,0.73862535,0.7039375
4858,0.044124402,0.05233848
4859,0.35981908,0.32741183
4860,0.6129787,0.5369618
4861,0.972309,0.9204711
4862,0.62027705,0.5383214
4863,0.24877495,0.22295393
4864,0.92284554,0.9777774
4865,0.38832995,0.43477157
4866,0.47948667,0.48945746
4867,0.62002057,0.6390866
4868,0.53776205,0.5390632
4869,0.48716354,0.48489356
4870,0.8778011,0.85470456
4871,0.74959314,0.73426646
4872,0.6956532,0.73777014
4873,0.5223061,0.49104175
4874,0.52375084,0.513753
4875,0.5808367,0.57927716
4876,0.59735554,0.5456288
4877,0.92555207,0.9144015
4878,0.54579616,0.5259492
4879,0.52430457,0.5018805
4880,0.36409065,0.37273476
4881,0.28021872,0.29562402
4882,0.97886384,0.97734106
4883,0.18854274,0.21701486
4884,0.42605093,0.42501202
4885,0.8926612,0.95853066
4886,0.43222007,0.40970075
4887,0.4603714,0.4341046
4888,0.5950565,0.56205314
4889,0.33693868,0.31841365
4890,0.4207872,0.41257653
4891,0.76450294,0.8011239
4892,0.6745561,0.66311806
4893,0.6918855,0.6920572
4894,0.93406117,0.9890969
4895,0.334287,0.3284739
4896,0.96982574,0.96845067
4897,0.87494886,0.8927901
4898,0.3545422,0.39462686
4899,0.9475174,0.9596067
4900,0.59627557,0.5886929
4901,0.43956244,0.46550632
4902,0.51975656,0.5331579
4903,0.48254475,0.46545684
4904,0.0011018096,0.0907516
4905,0.95266837,0.94314563
4906,0.115541115,0.16374381
4907,0.2038168,0.24106112
4908,0.5137379,0.42083287
4909,0.34450892,0.29131427
4910,0.8569477,0.8650868
4911,0.5714548,0.5689779
4912,0.54318357,0.4927573
4913,0.5973285,0.606904
4914,0.8893342,0.9118171
4915,0.018950302,0.1306632
4916,0.20680195,0.21788295
4917,0.9907324,0.887845
4918,0.92109823,0.94085526
4919,0.36743006,0.35054773
4920,0.38445482,0.46075186
4921,0.33733997,0.35516384
4922,0.14950286,0.18440877
4923,0.83322024,0.8036
4924,0.82517505,0.74949265
4925,0.33776537,0.36341375
4926,0.7406774,0.6936543
4927,0.11765134,0.17339598
4928,0.82872105,0.81955683
4929,0.7701368,0.75726265
4930,0.55118746,0.54946244
4931,0.54867613,0.56363076
4932,0.3318802,0.38086662
4933,0.0004130435,0.06497638
4934,0.29458275,0.2498359
4935,0.6812579,0.6693557
4936,0.4796583,0.44494137
4937,0.31834155,0.32652292
4938,0.119775355,0.108851895
4939,0.48160893,0.3789741
4940,0.14228459,0.18490131
4941,0.46566737,0.48293027
4942,0.6058595,0.5638907
4943,0.87490517,0.91912717
4944,0.5802629,0.5792678
4945,0.7139162,0.69398993
4946,0.24356835,0.28247315
4947,0.7545476,0.7671422
4948,0.4653696,0.517461
4949,0.7039018,0.65296793
4950,0.79504085,0.7945118
4951,0.57451683,0.56393677
4952,0.3931892,0.45312518
4953,0.7278169,0.7123795
4954,0.18990628,0.2062592
4955,0.28865683,0.30939054
4956,0.18359777,0.22509691
4957,0.7336419,0.7249021
4958,0.3414161,0.3128218
4959,0.72832793,0.7322143
4960,0.028328953,0.13221768
4961,0.44201544,0.47881806
4962,0.40222317,0.3856653
4963,0.42678663,0.45875245
4964,0.5583784,0.5577834
4965,0.7166463,0.74554265
4966,0.5697233,0.552315
4967,0.7224358,0.7241128
4968,0.9432733,0.9378217
4969,0.76593995,0.6883398
4970,0.31073093,0.3281538
4971,0.36683208,0.40592384
4972,0.85091645,0.84370816
4973,0.14520094,0.15239786
4974,0.72686595,0.73348945
4975,0.6884268,0.6966515
4976,0.44501448,0.43066198
4977,0.5759711,0.579591
4978,0.51038074,0.5353257
4979,0.43982586,0.4512413
4980,0.52378416,0.53641665
4981,0.6547167,0.6765287
4982,0.42890006,0.46280122
4983,0.7945652,0.8606336
4984,0.16855994,0.1621442
4985,0.57837886,0.61808217
4986,0.048904017,0.0202923
4987,0.7391168,0.6715344
4988,0.87108487,0.9101356
4989,0.33751306,0.3620002
4990,0.8357506,0.8807757
4991,0.23264325,0.24219899
4992,0.6325395,0.64722204
4993,0.44518015,0.41375262
4994,0.45014182,0.48264164
4995,0.951981,1.0119723
4996,0.17680518,0.20575427
4997,0.1933447,0.18001045
4998,0.9649576,0.9902835
4999,0.588658,0.53428566
5000,0.9110494,0.9546064
5001,0.85880166,0.8431685
5002,0.85492367,0.8488057
5003,0.12661794,0.19614537
5004,0.9042562,0.8264945
5005,0.5627408,0.5123063
5006,0.9358641,0.93591654
5007,0.09568739,0.08072747
5008,0.99662185,0.9666511
5009,0.3054676,0.28298306
5010,0.048317738,0.02001201
5011,0.071222566,0.02979261
5012,0.34322235,0.38264972
5013,0.1941401,0.16589491
5014,0.88094044,0.8744476
5015,0.5164257,0.57222795
5016,0.49725232,0.48793447
5017,0.7789619,0.6675477
5018,0.019899871,0.07805027
5019,0.557348,0.5298934
5020,0.9265508,0.9403989
5021,0.86233115,0.81892663
5022,0.11724776,0.14740221
5023,0.85530037,0.86814797
5024,0.21363445,0.23500536
5025,0.014749492,-0.022690486
5026,0.9320424,0.94750446
5027,0.24532612,0.23458101
5028,0.817004,0.8679832
5029,0.043562554,0.02563529
5030,0.28937763,0.31184986
5031,0.42188036,0.38343763
5032,0.940102,0.95502526
5033,0.5871483,0.57882905
5034,0.05562086,0.066779
5035,0.58564603,0.5671067
5036,0.20733581,0.2400504
5037,0.15446365,0.22585838
5038,0.115167394,0.11076069
5039,0.9673438,0.9754491
5040,0.75526726,0.7636105
5041,0.618534,0.6226476
5042,0.98415965,0.9483031
5043,0.95543015,0.957223
5044,0.75009197,0.73071253
5045,0.77799195,0.8070361
5046,0.9247268,0.9526006
5047,0.83882636,0.8358468
5048,0.4057456,0.41251346
5049,0.23203228,0.23190196
5050,0.42741415,0.4169789
5051,0.5763323,0.5419782
5052,0.8279076,0.8758721
5053,0.8032615,0.83914626
5054,0.7647626,0.76405406
5055,0.80601776,0.81603265
5056,0.8058583,0.8023928
5057,0.20495042,0.18240516
5058,0.9548811,0.91869557
5059,0.6230377,0.59643143
5060,0.6870959,0.6755012
5061,0.3133998,0.26922745
5062,0.155439,0.10270033
5063,0.27906635,0.25247988
5064,0.96794546,0.96755505
5065,0.5555544,0.5501317
5066,0.78901654,0.8076814
5067,0.22481616,0.26189724
5068,0.43510887,0.31452054
5069,0.7307034,0.7368767
5070,0.7009135,0.59060013
5071,0.7297095,0.7069048
5072,0.61225724,0.6006935
5073,0.34733906,0.3558266
5074,0.2792023,0.2880897
5075,0.6185047,0.6523841
5076,0.21055196,0.2074492
5077,0.767255,0.79458916
5078,0.6578519,0.51894253
5079,0.42142653,0.40894634
5080,0.37838328,0.36423063
5081,0.34043404,0.32103792
5082,0.82880473,0.6867386
5083,0.15888803,0.1506535
5084,0.21482243,0.23330489
5085,0.6966091,0.73014843
5086,0.7764706,0.8436354
5087,0.37081552,0.36972544
5088,0.43250126,0.4344889
5089,0.41604823,0.38113672
5090,0.7394906,0.78608847
5091,0.16061883,0.1456799
5092,0.7236753,0.71068615
5093,0.52096885,0.52443826
5094,0.45264015,0.42422855
5095,0.098962024,0.11053951
5096,0.46881256,0.41274709
5097,0.594213,0.56637406
5098,0.5176479,0.5040441
5099,0.49352196,0.47962433
5100,0.36358273,0.37122318
5101,0.4044946,0.43333668
5102,0.58167654,0.58406305
5103,0.11113566,0.058807112
5104,0.44945788,0.37479284
5105,0.43786865,0.4501347
5106,0.59568286,0.6155868
5107,0.49625817,0.48751682
5108,0.28274238,0.24282846
5109,0.8169412,0.7591514
5110,0.17625268,0.18145362
5111,0.9826775,0.9316688
5112,0.41316658,0.38303173
5113,0.93357164,0.8896875
5114,0.051631738,0.020014552
5115,0.28443477,0.32630366
5116,0.8760279,0.8632296
5117,0.7851339,0.7798883
5118,0.0074365577,-0.0041853283
5119,0.67362595,0.6786567
5120,0.47892165,0.48671332
5121,0.5396136,0.5933295
5122,0.681508,0.7269845
5123,0.32890695,0.32665047
5124,0.9735041,1.009505
5125,0.011669227,0.07304753
5126,0.45735973,0.44057766
5127,0.6907853,0.7098354
5128,0.021724286,0.060400527
5129,0.34499493,0.345098
5130,0.098187745,0.065539226
5131,0.07590586,0.0867289
5132,0.9161093,0.9660791
5133,0.43996868,0.4834187
5134,0.080558464,0.06010286
5135,0.055013727,0.05582584
5136,0.96267736,0.9936096
5137,0.3252768,0.29111478
5138,0.93190277,0.9160918
5139,0.14623733,0.14051408
5140,0.8737339,0.87859595
5141,0.24199292,0.25622982
5142,0.49235046,0.5056069
5143,0.010778851,0.10999228
5144,0.84070224,0.8443564
5145,0.96747696,0.94080895
5146,0.9581934,1.0171043
5147,0.5763012,0.6031426
5148,0.8060984,0.77398247
5149,0.25856736,0.29396394
5150,0.61143243,0.5964408
5151,0.51236063,0.5019343
5152,0.043420028,0.045320835
5153,0.96988726,1.0088463
5154,0.8066284,0.7841385
5155,0.8757363,0.8756408
5156,0.20376816,0.19276622
5157,0.78633446,0.78832793
5158,0.9303666,0.938253
5159,0.28640118,0.29310092
5160,0.09340083,0.24056183
5161,0.44970766,0.4270356
5162,0.74502736,0.7085376
5163,0.3193713,0.32526675
5164,0.9136616,0.87242967
5165,0.96627456,0.90936697
5166,0.78249836,0.7858421
5167,0.27231088,0.36896124
5168,0.24154608,0.2087398
5169,0.5289716,0.546698
5170,0.12648827,0.06759977
5171,0.14059323,0.16772193
5172,0.14294007,0.12648323
5173,0.4173604,0.43067613
5174,0.97911334,0.9699601
5175,0.7410115,0.6634519
5176,0.054151855,0.04441185
5177,0.585424,0.57511383
5178,0.10647018,0.11955099
5179,0.31159964,0.3332408
5180,0.912989,0.9214362
5181,0.5241047,0.5120251
5182,0.380303,0.37877277
5183,0.8656072,0.8905828
5184,0.41709474,0.4206498
5185,0.16187991,0.14165999
5186,0.02691114,0.059622172
5187,0.35274577,0.34768358
5188,0.6573978,0.60149086
5189,0.9535566,1.0128238
5190,0.719773,0.72647643
5191,0.23432262,0.21106823
5192,0.46479657,0.44333124
5193,0.0054682153,0.047698885
5194,0.051629253,0.016995773
5195,0.25101453,0.25506362
5196,0.22651471,0.22990417
5197,0.90134645,0.97008854
5198,0.8309602,0.88654643
5199,0.62211496,0.6259325
5200,0.71032417,0.6554063
5201,0.21240744,0.18074001
5202,0.014481484,0.17166974
5203,0.017262354,0.026788995
5204,0.32279614,0.34180343
5205,0.82014406,0.857185
5206,0.2534579,0.3041402
5207,0.42929465,0.43085486
5208,0.45378584,0.44280684
5209,0.282575,0.30233067
5210,0.46419,0.47852004
5211,0.11511856,0.07993701
5212,0.49350393,0.5181767
5213,0.61049414,0.5731661
5214,0.60514534,0.5921084
5215,0.5651661,0.5672856
5216,0.7764706,0.80425835
5217,0.8100083,0.7961629
5218,0.8362847,0.79356706
5219,0.7482858,0.70029265
5220,0.10976072,0.19082765
5221,0.61662513,0.6469311
5222,0.10252326,0.07994996
5223,0.6410731,0.6187247
5224,0.8552221,0.85958767
5225,0.3970118,0.38355273
5226,0.37121502,0.3723752
5227,0.39716205,0.38548684
5228,0.7073761,0.7019928
5229,0.7822348,0.78448296
5230,0.58148825,0.5525606
5231,0.073307484,0.19396178
5232,0.7702873,0.81819344
5233,0.52938163,0.5519308
5234,0.20365523,0.2881065
5235,0.8126923,0.79342765
5236,0.3031181,0.3232481
5237,0.438303,0.43405622
5238,0.51047695,0.51632124
5239,0.292931,0.3525743
5240,0.8654779,0.8444622
5241,0.26878178,0.25768656
5242,0.27114978,0.2710702
5243,0.019807639,0.044550437
5244,0.3591643,0.4058241
5245,0.39845648,0.45573914
5246,0.3786122,0.37857807
5247,0.7761681,0.80246687
5248,0.057175007,0.21866155
5249,0.9819196,0.89635515
5250,0.9520432,0.9218554
5251,0.2756575,0.24927624
5252,0.5626882,0.58256507
5253,0.54728824,0.52975565
5254,0.094268546,0.22901742
5255,0.06645819,0.0809295
5256,0.8472136,0.8958253
5257,0.58133376,0.49388963
5258,0.19234952,0.16078763
5259,0.60785383,0.52160984
5260,0.17880143,0.15678036
5261,0.75317585,0.77998626
5262,0.25003245,0.22715653
5263,0.83271915,0.80518854
5264,0.5958414,0.6021496
5265,0.9562228,0.9789708
5266,0.4335977,0.41653004
5267,0.8363026,0.8426722
5268,0.94574845,0.91353583
5269,0.6490039,0.6435175
5270,0.7403342,0.7299225
5271,0.76772016,0.7753434
5272,0.67919534,0.6556326
5273,0.39970484,0.35988557
5274,0.9875394,0.9501391
5275,0.5352473,0.5016713
5276,0.41683125,0.40453172
5277,0.21257064,0.21851768
5278,0.33572474,0.36653453
5279,0.78836733,0.77188414
5280,0.75870514,0.7313577
5281,0.77473444,0.7041923
5282,0.049355716,0.018712658
5283,0.20770699,0.20955034
5284,0.47421125,0.44309208
5285,0.08015784,0.034346063
5286,0.26011094,0.13971029
5287,0.028058609,0.038317878
5288,0.2781003,0.28278843
5289,0.45085254,0.40974405
5290,0.7190199,0.70008
5291,0.24094486,0.24611342
5292,0.39055905,0.36968488
5293,0.17213795,0.23049606
5294,0.2767299,0.28758407
5295,0.10134327,0.0347278
5296,0.9361692,0.9163454
5297,0.49440852,0.4301882
5298,0.27065676,0.36119354
5299,0.52708936,0.50470096
5300,0.61850065,0.6230269
5301,0.68351656,0.6783273
5302,0.043464668,0.0058598407
5303,0.3131709,0.2888939
5304,0.59389013,0.58712196
5305,0.1161199,0.104105204
5306,0.8302815,0.82500684
5307,0.6573088,0.6052118
5308,0.14940551,0.16180244
5309,0.6532911,0.64963496
5310,0.46290433,0.45013225
5311,0.3587955,0.3862554
5312,0.8209275,0.8815133
5313,0.025378974,0.031692985
5314,0.93899536,0.9275692
5315,0.9803969,0.963518
5316,0.09623275,0.08378883
5317,0.68435234,0.5815183
5318,0.28569362,0.29522097
5319,0.91896313,0.96805567
5320,0.9274151,0.91200376
5321,0.68350315,0.7192786
5322,0.15636757,0.14796807
5323,0.41781974,0.4490721
5324,0.90786487,0.89883065
5325,0.117790334,0.11430377
5326,0.60225385,0.62303984
5327,0.68275,0.68149775
5328,0.36745486,0.47457734
5329,0.9620227,0.9935927
5330,0.4627871,0.3705363
5331,0.6176778,0.53773874
5332,0.80642843,0.7374279
5333,0.3512083,0.3158125
5334,0.20886786,0.1931352
5335,0.6530246,0.6794585
5336,0.17975628,0.15998812
5337,0.98228717,1.0327768
5338,0.46454754,0.48342854
5339,0.44847542,0.39180222
5340,0.0014538165,-0.0034628827
5341,0.34651464,0.35272703
5342,0.7789388,0.7763972
5343,0.3269739,0.3364884
5344,0.8589385,0.8602792
5345,0.5285286,0.5049753
5346,0.07363947,0.06993883
5347,0.5519963,0.5759676
5348,0.5551832,0.55482996
5349,0.63026094,0.59135014
5350,0.111526795,0.117250115
5351,0.81789494,0.7965243
5352,0.6488052,0.6187695
5353,0.82407784,0.8002239
5354,0.07948096,0.059480578
5355,0.38363293,0.35027552
5356,0.5413251,0.45905763
5357,0.4242906,0.43080583
5358,0.27621198,0.22970107
5359,0.7123114,0.5937683
5360,0.33658254,0.22470853
5361,0.27146044,0.24992698
5362,0.6993695,0.6607395
5363,0.47099224,0.4651466
5364,0.2057393,0.17897773
5365,0.23618783,0.2335708
5366,0.8425992,0.8496165
5367,0.14335148,0.09982791
5368,0.9778284,0.96574944
5369,0.84118384,0.82921445
5370,0.7516458,0.7312814
5371,0.3449223,0.3056532
5372,0.25418067,0.26674137
5373,0.3511751,0.25633845
5374,0.7134162,0.73852605
5375,0.61134684,0.6472892
5376,0.20460789,0.21121924
5377,0.0036505905,0.03290383
5378,0.41934073,0.4170875
5379,0.7674741,0.74442554
5380,0.9410486,0.88040036
5381,0.96812886,0.9593018
5382,0.5000954,0.45794573
5383,0.8675129,0.86752844
5384,0.55405134,0.52591646
5385,0.5381053,0.52965546
5386,0.19378918,0.20757042
5387,0.978944,0.9914881
5388,0.93000287,0.94268405
5389,0.9278361,0.82339
5390,0.37316397,0.417085
5391,0.33838236,0.3478043
5392,0.19040729,0.22912093
5393,0.2297022,0.23029469
5394,0.43134212,0.4160346
5395,0.75299126,0.75893426
5396,0.12085242,0.093668535
5397,0.9795419,0.9759524
5398,0.32855856,0.32156748
5399,0.48590863,0.44994703
5400,0.8451095,0.8563479
5401,0.99963623,0.98357165
5402,0.081423916,0.048415776
5403,0.3138807,0.3315803
5404,0.6944982,0.7271894
5405,0.87548375,0.86596876
5406,0.14347732,0.14773183
5407,0.7730989,0.78742105
5408,0.3881029,0.40652
5409,0.44654396,0.4494049
5410,0.95365304,1.0000464
5411,0.10497934,0.20412388
5412,0.7129036,0.67059755
5413,0.29927188,0.29292905
5414,0.23585053,0.22847952
5415,0.7454961,0.7758913
5416,0.07055017,0.12157872
5417,0.40057337,0.43710107
5418,0.10705461,0.11854841
5419,0.14592183,0.12337145
5420,0.87608016,0.8783674
5421,0.5291177,0.47641382
5422,0.17703737,0.17269199
5423,0.9306299,0.94444096
5424,0.17063995,0.23791058
5425,0.46390915,0.46879172
5426,0.76853454,0.76430535
5427,0.65042394,0.63459563
5428,0.79707587,0.80184835
5429,0.89737064,0.8958893
5430,0.79023546,0.8613916
5431,0.92896,0.9526043
5432,0.5791501,0.55680096
5433,0.122099906,0.15299974
5434,0.67156744,0.6513008
5435,0.16273284,0.14662853
5436,0.24648155,0.2767262
5437,0.34001592,0.36824626
5438,0.38536945,0.3985257
5439,0.07015664,0.05970677
5440,0.6226271,0.6295124
5441,0.5329538,0.55704325
5442,0.19081837,0.268506
5443,0.7216438,0.7286974
5444,0.5471105,0.49431652
5445,0.6010354,0.58610255
5446,0.47562718,0.5425784
5447,0.5770783,0.5482381
5448,0.85184693,0.8232824
5449,0.86761713,0.9543047
5450,0.72569203,0.7082774
5451,0.70627916,0.7473405
5452,0.55653375,0.54543424
5453,0.2685511,0.294204
5454,0.83013284,0.8336507
5455,0.21560498,0.24585329
5456,0.71769065,0.71860546
5457,0.7200746,0.7159156
5458,0.22713566,0.23804444
5459,0.8517239,0.83816034
5460,0.797264,0.8381229
5461,0.3956245,0.40766525
5462,0.37405837,0.36611402
5463,0.7315341,0.6923546
5464,0.16406325,0.17099331
5465,0.84557086,0.88058585
5466,0.0013397227,-0.0055746585
5467,0.6205223,0.6657353
5468,0.4960654,0.50680184
5469,0.40357122,0.42710066
5470,0.43316,0.47589022
5471,0.51566505,0.5282613
5472,0.43155795,0.43149948
5473,0.16849044,0.20561214
5474,0.013355888,0.076063976
5475,0.8196919,0.825446
5476,0.6109298,0.62769175
5477,0.25063932,0.25274396
5478,0.6011784,0.54980594
5479,0.34064937,0.3786381
5480,0.5355203,0.5381057
5481,0.3383345,0.34988195
5482,0.40018693,0.39858824
5483,0.4676614,0.45969236
5484,0.46737075,0.42464763
5485,0.43848556,0.4453261
5486,0.21436416,0.26490045
5487,0.4698567,0.4656955
5488,0.5532231,0.56622267
5489,0.21194585,0.21091385
5490,0.5300805,0.51574385
5491,0.6318663,0.64157224
5492,0.7880095,0.8243563
5493,0.92732275,1.0208977
5494,0.5625712,0.568188
5495,0.84144914,0.86736244
5496,0.8508293,0.83314246
5497,0.24020632,0.27587283
5498,0.109821744,0.095014274
5499,0.5201278,0.5372761
5500,0.24748884,0.2404925
5501,0.0003318239,0.06592339
5502,0.8017867,0.81574106
5503,0.24648406,0.22714946
5504,0.2732944,0.27666882
5505,0.5716487,0.5375761
5506,0.9481302,0.94939166
5507,0.053323757,0.02797022
5508,0.30089265,0.29467493
5509,0.40225637,0.43032265
5510,0.5395199,0.5208719
5511,0.8951707,0.9508922
5512,0.81805134,0.81340885
5513,0.21232584,0.20606607
5514,0.58541197,0.5930769
5515,0.6051753,0.56166625
5516,0.95351064,0.9497278
5517,0.037350833,0.07452212
5518,0.94414014,0.94683003
5519,0.95058936,0.92268896
5520,0.43114722,0.3481821
5521,0.9580094,0.97584033
5522,0.6577659,0.6493958
5523,0.3983037,0.34458303
5524,0.38217643,0.3728297
5525,0.9534289,0.9505781
5526,0.2933171,0.30314738
5527,0.97738236,0.9966119
5528,0.5038528,0.45392364
5529,0.9647788,0.9727908
5530,0.3069135,0.2862359
5531,0.5773175,0.53665334
5532,0.5307572,0.5191542
5533,0.8512407,0.8539556
5534,0.54492915,0.5545185
5535,0.12064516,0.15955274
5536,0.16223228,0.19216709
5537,0.16875823,0.1909229
5538,0.89447796,0.8861941
5539,0.14945495,0.20156834
5540,0.56489784,0.5641582
5541,0.6024256,0.56708235
5542,0.0913873,0.036275316
5543,0.45554924,0.41716522
5544,0.20846668,0.26979625
5545,0.8763649,0.89865625
5546,0.16784409,0.15575206
5547,0.7752158,0.7626109
5548,0.24722046,0.23406048
5549,0.22842242,0.3150443
5550,0.76139975,0.7734369
5551,0.9400607,0.9815709
5552,0.8306466,0.8335583
5553,0.04022252,0.03127553
5554,0.7274844,0.6938207
5555,0.19192718,0.17819278
5556,0.26376453,0.30967876
5557,0.3212848,0.33334368
5558,0.34551558,0.33913958
5559,0.90242106,0.94576836
5560,0.049478922,0.05733489
5561,0.03897535,0.044025738
5562,0.863738,0.8333797
5563,0.24205443,0.23465727
5564,0.47967467,0.48000038
5565,0.48914635,0.43629393
5566,0.85115284,0.78875536
5567,0.07777266,0.03685688
5568,0.45584604,0.46823487
5569,0.83799505,0.8364545
5570,0.90916175,0.9028088
5571,0.0430071,0.10344325
5572,0.9301532,0.9587057
5573,0.5290156,0.46227026
5574,0.5905949,0.53889525
5575,0.73197466,0.6749775
5576,0.23561864,0.21190307
5577,0.60900134,0.5414584
5578,0.69128996,0.6415958
5579,0.41881096,0.45520034
5580,0.51322573,0.5157363
5581,0.8988746,0.9224434
5582,0.4361237,0.42251688
5583,0.12355958,0.17863393
5584,0.8433282,0.79524136
5585,0.51467174,0.46451646
5586,0.24115138,0.25388074
5587,0.9136828,0.9362004
5588,0.55795574,0.4936404
5589,0.34199518,0.31276572
5590,0.6530258,0.590829
5591,0.89389026,0.9232939
5592,0.5302329,0.46543744
5593,0.6904171,0.5824785
5594,0.3193713,0.29744187
5595,0.79711,0.7743694
5596,0.7677807,0.7898071
5597,0.6835129,0.6642523
5598,0.13000835,0.14422613
5599,0.28431845,0.23798317
5600,0.19803819,0.12919329
5601,0.45071176,0.43509188
5602,0.31942815,0.30473328
5603,0.1280504,0.1665354
5604,0.6860788,0.68371004
5605,0.5133692,0.47306457
5606,0.7273043,0.70897865
5607,0.49627683,0.3966924
5608,0.23756596,0.21604724
5609,0.4983472,0.4954388
5610,0.68518525,0.64036417
5611,0.9258506,0.9320768
5612,0.17650972,0.14751004
5613,0.656844,0.6701971
5614,0.5212961,0.5361104
5615,0.5331714,0.51355016
5616,0.7784727,0.78869987
5617,0.79029834,0.73791844
5618,0.21287546,0.19064932
5619,0.89281297,0.8916447
5620,0.06145712,0.024936004
5621,0.78701484,0.7664721
5622,0.12826802,0.085129425
5623,0.39785293,0.37755778
5624,0.421271,0.37596905
5625,0.73910326,0.7534266
5626,0.7790122,0.7431893
5627,0.73041534,0.77954423
5628,0.8648732,0.90020025
5629,0.50667894,0.5102047
5630,0.29353014,0.28658003
5631,0.5207653,0.516492
5632,0.31729096,0.3519396
5633,0.68608004,0.65850604
5634,0.31465724,0.33889604
5635,0.92162406,0.97188956
5636,0.18806945,0.22557403
5637,0.6398848,0.6433495
5638,0.12765479,0.13149516
5639,0.4254011,0.2728816
5640,0.631865,0.6502029
5641,0.076933496,0.052158874
5642,0.48759472,0.47791484
5643,0.42125648,0.40472174
5644,0.6415778,0.63788766
5645,0.9655261,1.0020976
5646,0.93397784,0.9246787
5647,0.70177376,0.7381068
5648,0.5811067,0.6116568
5649,0.07112475,0.055262905
5650,0.29039606,0.26542708
5651,0.08401281,0.10186423
5652,0.7180765,0.7277939
5653,0.20296346,0.20462222
5654,0.19995841,0.2136345
5655,0.45289466,0.47250113
5656,0.21728663,0.25551605
5657,0.89360404,0.8286589
5658,0.69426686,0.6806539
5659,0.7940146,0.7483184
5660,0.15505984,0.21239357
5661,0.4533386,0.28617305
5662,0.12197802,0.13760056
5663,0.011128668,0.059036057
5664,0.24112052,0.27299705
5665,0.6259422,0.56912047
5666,0.07457338,0.2352466
5667,0.8971989,0.9170077
5668,0.9331839,0.9256786
5669,0.74518514,0.74397814
5670,0.32592753,0.29671288
5671,0.19717169,0.26381248
5672,0.3034889,0.3131362
5673,0.9046496,0.950927
5674,0.67035943,0.642875
5675,0.84912443,0.8414202
5676,0.37241623,0.38469115
5677,0.00048320703,0.09561081
5678,0.5107231,0.4855687
5679,0.06520323,0.044609632
5680,0.48453924,0.46546808
5681,0.42065495,0.4061962
5682,0.22830287,0.19934611
5683,0.08918962,0.107076466
5684,0.1558328,0.12608634
5685,0.7269545,0.73157847
5686,0.9800497,0.97848153
5687,0.27882203,0.28690034
5688,0.69399506,0.6872804
5689,0.7154531,0.7222275
5690,0.792411,0.74364364
5691,0.4052721,0.36373788
5692,0.09307525,0.091945395
5693,0.19343534,0.23320457
5694,0.9671545,0.99016833
5695,0.46700346,0.37732413
5696,0.08565124,0.03265993
5697,0.1786401,0.18224357
5698,0.59124196,0.5724556
5699,0.47985718,0.5057607
5700,0.24125466,0.25367534
5701,0.5335335,0.5457425
5702,0.36577582,0.32390934
5703,0.44743693,0.4205621
5704,0.61730033,0.58393764
5705,0.9315349,0.7974287
5706,0.9386624,0.98629034
5707,0.32579768,0.30255064
5708,0.008548655,0.057923626
5709,0.15912965,0.20164411
5710,0.92046535,0.94924396
5711,0.45746136,0.47197506
5712,0.5134193,0.4951753
5713,0.8238954,0.86436003
5714,0.13487008,0.1800723
5715,0.082312256,0.113240674
5716,0.7283783,0.7443673
5717,0.427464,0.4335519
5718,0.31134075,0.3657518
5719,0.41864365,0.40134358
5720,0.61917293,0.61065084
5721,0.29477224,0.3351645
5722,0.93371844,0.9302749
5723,0.7955702,0.81706685
5724,0.43206188,0.4625569
5725,0.37648797,0.44122696
5726,0.5080545,0.5094889
5727,0.10596262,0.2551636
5728,0.37296245,0.4032756
5729,0.6023683,0.64477617
5730,0.4524981,0.44622827
5731,0.21850598,0.21199141
5732,0.30030274,0.28587878
5733,0.54361457,0.54865676
5734,0.22976547,0.20197932
5735,0.7905384,0.69911444
5736,0.36577225,0.41352785
5737,0.46283063,0.476816
5738,0.861461,0.8708872
5739,0.4261651,0.45642054
5740,0.48539034,0.4996227
5741,0.23006311,0.21729825
5742,0.5628236,0.590759
5743,0.81328243,0.7199449
5744,0.53078616,0.5920482
5745,0.07459474,0.044856377
5746,0.77651066,0.77318054
5747,0.6408753,0.66471994
5748,0.09066085,0.05897651
5749,0.55745775,0.53598875
5750,0.0104581015,0.13237686
5751,0.2881132,0.2812391
5752,0.73041195,0.74309736
5753,0.14403252,0.09060773
5754,0.121818766,0.23006925
5755,0.69619966,0.6770381
5756,0.5739203,0.5949319
5757,0.8935972,0.8954286
5758,0.78138554,0.83620155
5759,0.8547391,0.84385777
5760,0.6407818,0.6318996
5761,0.7262687,0.7184741
5762,0.16615921,0.13601667
5763,0.97723866,0.9177997
5764,0.93529946,0.9451368
5765,0.24092588,0.2912895
5766,0.93847936,0.9050171
5767,0.19685149,0.20881598
5768,0.1503785,0.19225805
5769,0.8219187,0.7677219
5770,0.1332967,0.12130512
5771,0.88044864,0.8421261
5772,0.4703705,0.4741907
5773,0.3923019,0.3779273
5774,0.9308241,0.9122859
5775,0.49750394,0.44009253
5776,0.2773329,0.2546886
5777,0.2048457,0.16829872
5778,0.95026076,0.9350832
5779,0.40705478,0.3686944
5780,0.669028,0.65226233
5781,0.8187417,0.8041089
5782,0.32179156,0.32006282
5783,0.06684452,0.050616298
5784,0.6508053,0.43508708
5785,0.098289475,0.14057343
5786,0.16718847,0.14875685
5787,0.3062882,0.30307105
5788,0.7275711,0.7341146
5789,0.460504,0.44128966
5790,0.12332298,0.059010986
5791,0.67081517,0.5978746
5792,0.5756617,0.5566102
5793,0.0454416,0.041100744
5794,0.48304483,0.42863888
5795,0.29807818,0.30700836
5796,0.48275664,0.4627939
5797,0.03590809,0.033218462
5798,0.81410617,0.76145935
5799,0.88760257,0.8678049
5800,0.8433556,0.82716703
5801,0.9093611,0.9038547
5802,0.36936936,0.36531693
5803,0.54844743,0.5250489
5804,0.59781957,0.54526854
5805,0.5584529,0.5563758
5806,0.4958996,0.48991638
5807,0.116989836,0.084749624
5808,0.97713166,0.9252195
5809,0.68999666,0.6476262
5810,0.100285485,0.113085076
5811,0.9741622,0.990222
5812,0.838843,0.7901101
5813,0.9213488,0.9273508
5814,0.3978889,0.40317228
5815,0.48570636,0.45490283
5816,0.15396309,0.21124639
5817,0.11296421,0.1159717
5818,0.33860132,0.48335716
5819,0.32055905,0.3618661
5820,0.08607996,0.11726089
5821,0.0687506,0.07253982
5822,0.52921194,0.47195712
5823,0.6461174,0.6718587
5824,0.33943367,0.3300619
5825,0.2401072,0.21895695
5826,0.759149,0.76423943
5827,0.763857,0.7998631
5828,0.34631148,0.3098448
5829,0.9581213,0.9723897
5830,0.37609383,0.38507253
5831,0.12566124,0.13368632
5832,0.9208948,0.9437348
5833,0.56414294,0.52210945
5834,0.95202583,0.9661759
5835,0.2734286,0.23649058
5836,0.9800091,0.97538996
5837,0.558155,0.48284554
5838,0.8980663,0.9033383
5839,0.4185848,0.43444568
5840,0.77314943,0.7377318
5841,0.22127703,0.23069665
5842,0.48179275,0.48060676
5843,0.42466858,0.4247313
5844,0.59239346,0.5165399
5845,0.5472814,0.5965622
5846,0.90529937,1.0095024
5847,0.7286817,0.7057612
5848,0.42219356,0.39210266
5849,0.27031466,0.21475625
5850,0.46107003,0.3563971
5851,0.753274,0.77078104
5852,0.30961755,0.3253575
5853,0.88810575,0.90891993
5854,0.7597284,0.7643231
5855,0.30334723,0.228584
5856,0.32177034,0.28942522
5857,0.2434906,0.23396482
5858,0.8728412,0.86004466
5859,0.4641276,0.45409927
5860,0.7784092,0.7334571
5861,0.4306521,0.46528
5862,0.15054327,0.1548598
5863,0.2116529,0.26862547
5864,0.87834543,0.91880906
5865,0.7814671,0.77347887
5866,0.68663895,0.69551647
5867,0.15129144,0.10323118
5868,0.24332069,0.22988835
5869,0.29572028,0.27173015
5870,0.4328104,0.428272
5871,0.45556778,0.4171233
5872,0.766903,0.78696275
5873,0.62060183,0.5176548
5874,0.39647296,0.31239754
5875,0.5223695,0.5403115
5876,0.27508754,0.22567749
5877,0.4797373,0.42766735
5878,0.44673324,0.4557836
5879,0.10106187,0.11857936
5880,0.8898715,0.9230727
5881,0.24017446,0.22749424
5882,0.64416677,0.6216498
5883,0.5290847,0.5181214
5884,0.57538176,0.56923723
5885,0.8705383,0.8523656
5886,0.7989805,0.79234457
5887,0.7789008,0.75036573
5888,0.3353688,0.32325685
5889,0.041929614,0.024016153
5890,0.7302608,0.70034367
5891,0.21532208,0.23353876
5892,0.0031920508,0.008081865
5893,0.6945123,0.57774764
5894,0.498099,0.46958032
5895,0.49476114,0.5010707
5896,0.07215117,0.061630946
5897,0.83691263,0.82300615
5898,0.8901094,0.8893386
5899,0.1973047,0.16143185
5900,0.52219415,0.47518045
5901,0.8969392,0.9094537
5902,0.08096006,0.10027571
5903,0.3087113,0.4044015
5904,0.3680278,0.37438282
5905,0.089561135,0.017760228
5906,0.34167668,0.3138948
5907,0.7112903,0.68272066
5908,0.46045616,0.39666703
5909,0.33391184,0.34659705
5910,0.12586203,0.20016873
5911,0.12673117,0.12702595
5912,0.389616,0.26985916
5913,0.09862355,0.07547961
5914,0.24405822,0.28395015
5915,0.93132335,0.9248074
5916,0.8303051,0.7980754
5917,0.4870786,0.45314726
5918,0.29550934,0.28396675
5919,0.001772141,0.056635577
5920,0.38938975,0.37194428
5921,0.33045962,0.3209409
5922,0.37846982,0.39876747
5923,0.036339242,0.028662663
5924,0.13282365,0.12131214
5925,0.45164418,0.3906537
5926,0.52325743,0.53085166
5927,0.5172434,0.44208854
5928,0.034942795,0.058016654
5929,0.49111512,0.45535174
5930,0.6125287,0.51850814
5931,0.93811387,1.0014627
5932,0.23222892,0.095000476
5933,0.40586388,0.4191885
5934,0.6664027,0.6232466
5935,0.46774805,0.4763019
5936,0.5474592,0.5429792
5937,0.50257856,0.5133779
5938,0.87823445,0.89554906
5939,0.30734324,0.34353057
5940,0.08799816,0.11584523
5941,0.2684112,0.2742354
5942,0.91267365,0.92968297
5943,0.9960313,0.9856746
5944,0.4978875,0.47137842
5945,0.031586442,0.076364845
5946,0.16701834,0.17033218
5947,0.88308865,0.85715556
5948,0.7893252,0.79052925
5949,0.36228517,0.29233685
5950,0.0363559,0.04274204
5951,0.51525193,0.5356053
5952,0.51359,0.48546085
5953,0.31358474,0.30161735
5954,0.3178252,0.19721769
5955,0.46776482,0.4551731
5956,0.55017096,0.36308888
5957,0.9145816,0.90238684
5958,0.117606424,0.14318366
5959,0.33543727,0.3082356
5960,0.92161727,0.944977
5961,0.7785735,0.782319
5962,0.9545637,0.96160746
5963,0.8589158,0.781248
5964,0.10264348,0.086581215
5965,0.64476293,0.63331044
5966,0.35512894,0.38500315
5967,0.749243,0.7577575
5968,0.995577,0.982695
5969,0.83486027,0.8415577
5970,0.45985895,0.462655
5971,0.7324135,0.72934896
5972,0.85979354,0.8613345
5973,0.38201302,0.31709492
5974,0.45886523,0.44617945
5975,0.6721942,0.6693573
5976,0.85728365,0.8659988
5977,0.4712228,0.50158936
5978,0.871664,0.8867139
5979,0.18497247,0.23099403
5980,0.504062,0.53164726
5981,0.22375467,0.20853719
5982,0.72252506,0.734664
5983,0.14528638,0.16097644
5984,0.043272868,0.0878544
5985,0.47729352,0.48279887
5986,0.12843648,0.13845353
5987,0.65501803,0.6737756
5988,0.0002830638,0.07708056
5989,0.6172896,0.58727336
5990,0.5952156,0.5791165
5991,0.74383265,0.71549284
5992,0.57425284,0.5209547
5993,0.51066375,0.54956996
5994,0.28520626,0.3200932
5995,0.41456762,0.41057527
5996,0.9883459,1.0021149
5997,0.12296142,0.12685034
5998,0.15901613,0.1665635
5999,0.6874801,0.65623015
6000,0.45040792,0.47567785
6001,0.49236926,0.49935818
6002,0.903872,0.91652715
6003,0.98312473,1.0439324
6004,0.015006258,0.060073823
6005,0.8986618,0.95773715
6006,0.47236708,0.47355837
6007,0.79416996,0.7547514
6008,0.31404454,0.32217246
6009,0.63701665,0.63937163
6010,0.809744,0.79696155
6011,0.89382946,0.8958747
6012,0.6054678,0.42449224
6013,0.67289025,0.6800861
6014,0.9903068,0.9671352
6015,0.7969581,0.911757
6016,0.28902894,0.3470208
6017,0.1467881,0.15016982
6018,0.06263116,0.03360142
6019,0.10070003,0.10302727
6020,0.33892053,0.30961478
6021,0.29562154,0.3385834
6022,0.08189681,0.17810042
6023,0.96881175,1.0619586
6024,0.106429204,0.123127
6025,0.4450538,0.40760803
6026,0.8622262,0.88794327
6027,0.15265793,0.20054309
6028,0.6883397,0.67464626
6029,0.27223846,0.34236902
6030,0.13369682,0.20347081
6031,0.70145136,0.6221284
6032,0.020048637,0.060420588
6033,0.44971466,0.44806883
6034,0.026463637,0.046595816
6035,0.18727331,0.1960136
6036,0.6061194,0.5934645
6037,0.1638487,0.15096
6038,0.24820566,0.1867647
6039,0.58008856,0.47721002
6040,0.5779483,0.551198
6041,0.030986127,0.01909374
6042,0.4179824,0.41257548
6043,0.43655756,0.45478165
6044,0.45459288,0.40960377
6045,0.69805753,0.7048684
6046,0.94296306,0.96343446
6047,0.70487744,0.646371
6048,0.018101739,-0.0311069
6049,0.62114197,0.582916
6050,0.74162483,0.7109058
6051,0.36371234,0.40050018
6052,0.88006365,0.9113181
6053,0.9165744,0.9110683
6054,0.8039891,0.83586967
6055,0.7511827,0.73833495
6056,0.58191293,0.5987768
6057,0.3101937,0.27655005
6058,0.32315427,0.3190205
6059,0.18327454,0.17602201
6060,0.63862956,0.6554191
6061,0.6765946,0.6471616
6062,0.93168044,0.95402306
6063,0.9832009,0.9706502
6064,0.8785094,0.8478929
6065,0.4459265,0.42125672
6066,0.837869,0.85212463
6067,0.12897752,0.10143933
6068,0.7779307,0.80601835
6069,0.77888626,0.77635884
6070,0.10567982,0.15032448
6071,0.23975138,0.22838436
6072,0.9901733,0.95571876
6073,0.9180055,0.9088897
6074,0.2739807,0.2501763
6075,0.04354139,0.046750713
6076,0.42733595,0.3521618
6077,0.14562675,0.13746208
6078,0.6742374,0.64402986
6079,0.5208028,0.5415895
6080,0.08892823,0.050420154
6081,0.97472936,0.9898521
6082,0.9680631,0.949995
6083,0.9870798,0.96358997
6084,0.520526,0.53163797
6085,0.7671768,0.78506184
6086,0.73706937,0.72029483
6087,0.94617134,0.958432
6088,0.17568032,0.25215265
6089,0.078791775,0.08739914
6090,0.1541817,0.09193157
6091,0.6018004,0.59642845
6092,0.33758345,0.32139564
6093,0.641564,0.6068965
6094,0.35593244,0.34221816
6095,0.5059439,0.525246
6096,0.42818648,0.38230172
6097,0.7821779,0.7967366
6098,0.67230093,0.6835694
6099,0.17211999,0.17634527
6100,0.993058,0.97778934
6101,0.22785696,0.22471946
6102,0.89810634,0.9832554
6103,0.49377602,0.48349655
6104,0.40309867,0.42503056
6105,0.61617607,0.5819254
6106,0.70014364,0.64095354
6107,0.07104605,0.06899284
6108,0.8647459,0.86723226
6109,0.39385763,0.43476897
6110,0.85340786,0.7566198
6111,0.690255,0.6888204
6112,0.14409965,0.15701981
6113,0.39584664,0.38281
6114,0.4479629,0.5225044
6115,0.6615743,0.69242114
6116,0.6167704,0.6534708
6117,0.65791875,0.33888695
6118,0.9704359,0.94762623
6119,0.82674915,0.839822
6120,0.70539784,0.68713814
6121,0.32613853,0.3290798
6122,0.13205162,0.09253609
6123,0.90811956,0.9042928
6124,0.44243056,0.4197709
6125,0.7198404,0.69251406
6126,0.6493851,0.5511426
6127,0.82249314,0.77830535
6128,0.85132927,0.82582605
6129,0.37416402,0.36909688
6130,0.5447896,0.5505095
6131,0.5205765,0.52920264
6132,0.27711856,0.30795264
6133,0.11984966,0.19974767
6134,0.21485972,0.18610452
6135,0.09622657,0.17348385
6136,0.5536639,0.56143063
6137,0.92310554,0.91025066
6138,0.6826558,0.6879002
6139,0.524825,0.46459344
6140,0.75375164,0.751819
6141,0.8093675,0.81110865
6142,0.66589975,0.6972629
6143,0.046596073,0.14229617
6144,0.9250627,0.90731496
6145,0.15373603,0.18149343
6146,0.42190102,0.4316592
6147,0.15722488,0.19696166
6148,0.27358416,0.30997485
6149,0.12876101,0.101580516
6150,0.019541232,-0.04014491
6151,0.1179817,0.11318083
6152,0.479362,0.46566758
6153,0.5976273,0.55774313
6154,0.8709001,0.86750597
6155,0.4086461,0.40650797
6156,0.654445,0.53863
6157,0.66273504,0.64994013
6158,0.83809227,0.8048671
6159,0.93319577,0.96558106
6160,0.45988786,0.4191339
6161,0.01849421,0.10449728
6162,0.027275633,0.056629386
6163,0.030745618,0.052188348
6164,0.8575424,0.8626219
6165,0.2703373,0.27386317
6166,0.1144053,0.09847328
6167,0.38274777,0.3795087
6168,0.9875762,0.9809836
6169,0.3833096,0.34360805
6170,0.8016334,0.7979368
6171,0.903481,0.8539935
6172,0.81869227,0.7612748
6173,0.7126519,0.6386351
6174,0.33253387,0.35935658
6175,0.22163063,0.2325041
6176,0.18041751,0.11836457
6177,0.42570415,0.43901482
6178,0.02991246,0.050575312
6179,0.5037223,0.50364715
6180,0.387118,0.41020104
6181,0.9738192,0.90010226
6182,0.09842483,0.08932759
6183,0.8412857,0.8295796
6184,0.48440132,0.48319867
6185,0.8437229,0.86741674
6186,0.003606897,0.042011347
6187,0.5063654,0.44793484
6188,0.033182252,0.067159936
6189,0.91723436,0.95623165
6190,0.5102685,0.525115
6191,0.52211016,0.5351211
6192,0.808258,0.76964283
6193,0.83005935,0.84410465
6194,0.5166497,0.50099236
6195,0.973036,1.0306709
6196,0.8894344,0.8741186
6197,0.8939128,0.86655724
6198,0.31615403,0.2995505
6199,0.01676697,0.045243796
6200,0.7585685,0.7308838
6201,0.3942657,0.40783164
6202,0.55118746,0.5234867
6203,0.5945838,0.4921036
6204,0.11183193,0.1193582
6205,0.15610076,0.19393347
6206,0.064950205,0.038029965
6207,0.88270074,0.923119
6208,0.59768146,0.5594188
6209,0.3069238,0.31853274
6210,0.6891465,0.68352723
6211,0.048577737,0.049541544
6212,0.122083105,0.12747924
6213,0.17455545,0.14040731
6214,0.12753615,0.13377486
6215,0.7989699,0.84913516
6216,0.07177191,0.05793373
6217,0.1556165,0.20689651
6218,0.4066531,0.4114521
6219,0.55900323,0.56015974
6220,0.5159209,0.5035762
6221,0.7995996,0.8413541
6222,0.9515756,0.97226524
6223,0.2695526,0.2604118
6224,0.8969115,0.9156411
6225,0.68623674,0.6784167
6226,0.34483293,0.35197538
6227,0.089123875,0.123802826
6228,0.5799519,0.55122685
6229,0.87308174,0.9075206
6230,0.40442875,0.39175522
6231,0.83768326,0.90770394
6232,0.43125248,0.4281816
6233,0.734558,0.7343148
6234,0.41886362,0.381889
6235,0.9682287,0.9786219
6236,0.4203439,0.40621048
6237,0.90116453,0.94221926
6238,0.7927648,0.7895492
6239,0.22379246,0.24720047
6240,0.794687,0.83922976
6241,0.08031684,0.18625413
6242,0.8790122,0.9099819
6243,0.68745893,0.6602604
6244,0.26913548,0.29979676
6245,0.038651925,0.06849441
6246,0.8221033,0.8195995
6247,0.081447385,0.046839178
6248,0.21467322,0.29781687
6249,0.16774093,0.15968291
6250,0.23816937,0.18974505
6251,0.7602689,0.7720834
6252,0.9794717,1.0064552
6253,0.4238267,0.43158126
6254,0.19564672,0.19971468
6255,0.15375823,0.17718306
6256,0.1337536,0.13570583
6257,0.5485887,0.52568966
6258,0.40236628,0.40857208
6259,0.3833723,0.3691455
6260,0.42972705,0.42787045
6261,0.28051037,0.30726087
6262,0.99439293,1.0072937
6263,0.120450914,0.21816234
6264,0.33087853,0.33347195
6265,0.5336233,0.52009046
6266,0.20926733,0.17066215
6267,0.75817925,0.7689534
6268,0.09350301,0.10588436
6269,0.60734844,0.61991113
6270,0.25148436,0.2583642
6271,0.18458335,0.2220814
6272,0.7117693,0.75048
6273,0.12306375,0.14721788
6274,0.50035655,0.5092601
6275,0.4960654,0.52174115
6276,0.92321134,0.9701073
6277,0.8166498,0.8108893
6278,0.14037998,0.16080807
6279,0.13057289,0.19569151
6280,0.48045927,0.52381563
6281,0.5937326,0.61226076
6282,0.0372819,0.06210227
6283,0.84850514,0.8760084
6284,0.7756525,0.7607694
6285,0.59443545,0.5339462
6286,0.8868487,0.879766
6287,0.6387511,0.6276586
6288,0.920944,0.9409688
6289,0.21874666,0.2392737
6290,0.04586216,0.023362953
6291,0.46575934,0.40858725
6292,0.82492816,0.855453
6293,0.7957949,0.7350504
6294,0.9291002,0.9380212
6295,0.039464362,0.04500961
6296,0.3318521,0.4002867
6297,0.9921149,0.9727884
6298,0.16722563,0.18323886
6299,0.9517045,0.97642
6300,0.4284109,0.34728384
6301,0.6636263,0.6815952
6302,0.35701883,0.33670187
6303,0.45044062,0.43427724
6304,0.26696384,0.3018753
6305,0.6003407,0.55333114
6306,0.794883,0.7358527
6307,0.35355088,0.34916636
6308,0.9521317,0.95148987
6309,0.83799064,0.8579241
6310,0.9986402,1.0085689
6311,0.17863224,0.21728851
6312,0.6604481,0.6383848
6313,0.4502702,0.4145717
6314,0.39815786,0.39611956
6315,0.12000473,0.11646381
6316,0.41030765,0.3714412
6317,0.014706734,0.09031908
6318,0.7658045,0.7419343
6319,0.16890286,0.21602522
6320,0.68886995,0.6450215
6321,0.71504754,0.63289887
6322,0.66488165,0.6299523
6323,0.17710502,0.26061594
6324,0.043065526,0.06120533
6325,0.0910404,0.09693821
6326,0.97321564,0.9383261
6327,0.756125,0.72203755
6328,0.42113394,0.43505475
6329,0.5614022,0.5704429
6330,0.052990206,0.053248886
6331,0.4480489,0.4257442
6332,0.43133044,0.4482393
6333,0.32681143,0.27242032
6334,0.539013,0.49742612
6335,0.27918458,0.30124456
6336,0.34197676,0.34652817
6337,0.09215892,0.08045854
6338,0.10205158,0.11480574
6339,0.97057474,0.9563341
6340,0.95540226,0.9309593
6341,0.9066378,0.9466486
6342,0.73314184,0.6872094
6343,0.109776296,0.1283196
6344,0.693162,0.7099651
6345,0.9977022,1.0145849
6346,0.12809807,0.1126042
6347,0.8769002,0.81638956
6348,0.9825764,0.9731287
6349,0.26311982,0.26174292
6350,0.33104298,0.38592562
6351,0.6085951,0.59237367
6352,0.1414088,0.14303736
6353,0.8936434,0.90287864
6354,0.40274572,0.39344686
6355,0.9218709,0.9418216
6356,0.26619697,0.26218718
6357,0.11871243,0.07960847
6358,0.3974211,0.42234284
6359,0.88167304,0.84285504
6360,0.89585435,0.8543941
6361,0.4603772,0.43404204
6362,0.84429884,0.83875537
6363,0.7363849,0.7175379
6364,0.3715335,0.30589324
6365,0.5056903,0.44398206
6366,0.5519095,0.5547616
6367,0.11123951,0.08588104
6368,0.41332808,0.393722
6369,0.29753715,0.26183796
6370,0.2682851,0.2926905
6371,0.9501327,0.9064989
6372,0.43740544,0.3988428
6373,0.3511198,0.34409782
6374,0.1580711,0.13484204
6375,0.731312,0.69892293
6376,0.2305628,0.17343849
6377,0.37190494,0.35197848
6378,0.8494875,0.8445859
6379,0.040539335,0.078996375
6380,0.00057264784,0.023386834
6381,0.7412747,0.73976994
6382,0.25887907,0.27834928
6383,0.3923496,0.3934282
6384,0.30327153,0.2854957
6385,0.3923854,0.38113657
6386,0.15008453,0.098086424
6387,0.7669904,0.7729706
6388,0.5068435,0.5091289
6389,0.30255857,0.29641113
6390,0.38162488,0.40944558
6391,0.9218302,0.9411369
6392,0.13930526,0.14167127
6393,0.27080014,0.26710847
6394,0.38204366,0.3468
6395,0.47182667,0.47626957
6396,0.846768,0.83125603
6397,0.098857254,0.046773463
6398,0.39884767,0.35359704
6399,0.3220166,0.3123159
6400,0.6225883,0.5814116
6401,0.028279826,0.08323209
6402,0.6613875,0.6164146
6403,0.29049438,0.28792006
6404,0.20492205,0.20513164
6405,0.83948874,0.8473509
6406,0.47673145,0.4750392
6407,0.62348574,0.6415809
6408,0.87989384,0.873785
6409,0.73610544,0.73185873
6410,0.8808397,0.88538086
6411,0.682816,0.67859155
6412,0.05385849,0.0382923
6413,0.8373122,0.81992173
6414,0.07971433,0.0981258
6415,0.15251997,0.19118366
6416,0.6512095,0.5901118
6417,0.98100126,1.0226407
6418,0.15912272,0.20337977
6419,0.3159466,0.3077483
6420,0.8494955,0.8449305
6421,0.6073875,0.6151713
6422,0.033973154,0.019667696
6423,0.5606436,0.56721723
6424,0.032043718,0.0074787103
6425,0.10446328,0.103668645
6426,0.7578731,0.75793254
6427,0.20026317,0.19167821
6428,0.10796466,0.10547458
6429,0.625792,0.6145047
6430,0.2154616,0.18708168
6431,0.0782304,0.093160585
6432,0.58430684,0.551927
6433,0.094210975,0.016371768
6434,0.30453286,0.29338208
6435,0.74071956,0.76028365
6436,0.96769243,1.0154366
6437,0.12397262,0.17303899
6438,0.791654,0.8223284
6439,0.97787005,0.9998654
6440,0.97814596,0.976556
6441,0.9142066,0.9328357
6442,0.57422715,0.5426445
6443,0.1556286,0.22505282
6444,0.8187449,0.8080243
6445,0.48700115,0.49886248
6446,0.029155945,0.001487758
6447,0.8230477,0.77865875
6448,0.07697829,0.09227516
6449,0.7126397,0.7381786
6450,0.13099962,0.19266252
6451,0.23428822,0.25790766
6452,0.95320374,0.96124566
6453,0.84242475,0.82902604
6454,0.42785808,0.4491946
6455,0.18609658,0.23282558
6456,0.41745543,0.3923081
6457,0.51527894,0.53589964
6458,0.35299745,0.3637468
6459,0.07255516,0.04780623
6460,0.15066399,0.14488445
6461,0.4672857,0.38216606
6462,0.47277102,0.47978893
6463,0.5355109,0.47971836
6464,0.7799875,0.78326774
6465,0.9367967,1.0116298
6466,0.325914,0.37845287
6467,0.019612886,0.08595042
6468,0.90044826,0.9980804
6469,0.6248972,0.63417464
6470,0.9685192,0.9698976
6471,0.34573406,0.33193055
6472,0.8170323,0.84169054
6473,0.44528404,0.43480685
6474,0.71603316,0.744444
6475,0.8335497,0.88295513
6476,0.39410686,0.39897275
6477,0.8373173,0.8806145
6478,0.2870464,0.2710126
6479,0.11809849,0.1284726
6480,0.07433601,0.09314756
6481,0.93330705,0.9268452
6482,0.2985038,0.29705518
6483,0.88097453,0.8818911
6484,0.1462833,0.17164545
6485,0.24975558,0.28502536
6486,0.91075927,0.9863436
6487,0.21288505,0.20273708
6488,0.93749344,0.9515668
6489,0.42677662,0.35689557
6490,0.07072042,0.13961844
6491,0.8655666,0.88591033
6492,0.8425605,0.8884049
6493,0.13620807,0.17792693
6494,0.82023084,0.67198986
6495,0.4847821,0.4682837
6496,0.7536267,0.73475784
6497,0.39176524,0.38936973
6498,0.6503541,0.61866134
6499,0.14718813,0.16126359
6500,0.69310707,0.7023874
6501,0.5319266,0.51317585
6502,0.43029046,0.4276626
6503,0.5161544,0.5340756
6504,0.8515564,0.88069427
6505,0.10072042,0.05931993
6506,0.31396,0.33224922
6507,0.29739302,0.3402183
6508,0.25639445,0.2587512
6509,0.2587303,0.23310225
6510,0.6606282,0.67392826
6511,0.640526,0.6448058
6512,0.89320236,0.8247496
6513,0.15485951,0.15332393
6514,0.26980662,0.27830404
6515,0.74375755,0.7984107
6516,0.5543085,0.558714
6517,0.85655385,0.7742391
6518,0.43261293,0.44997883
6519,0.46697646,0.5417404
6520,0.86772674,0.8854298
6521,0.84408396,0.8142349
6522,0.8316966,0.84959865
6523,0.3924764,0.3731429
6524,0.10344795,0.06852253
6525,0.914416,0.95456094
6526,0.98252255,0.9987582
6527,0.2955295,0.29955733
6528,0.9800566,0.95996594
6529,0.9629427,0.94536805
6530,0.5176405,0.55284435
6531,0.101254106,0.16561617
6532,0.6914517,0.66830015
6533,0.37604877,0.36667293
6534,0.85999644,0.86478204
6535,0.21805531,0.21284683
6536,0.13004221,0.14034109
6537,0.5953315,0.58878106
6538,0.5724277,0.5673325
6539,0.8693114,0.8643181
6540,0.044681795,0.023179997
6541,0.5419982,0.5652533
6542,0.5999393,0.5892318
6543,0.89060324,0.9174993
6544,0.30495912,0.32497728
6545,0.1198843,0.10449356
6546,0.966287,0.96490294
6547,0.7561329,0.7866672
6548,0.10897729,0.12472649
6549,0.22795221,0.26744902
6550,0.1839559,0.15969156
6551,0.48604348,0.4904608
6552,0.72152287,0.7422847
6553,0.26588994,0.2873293
6554,0.2774596,0.27178913
6555,0.51974535,0.4929947
6556,0.11962997,0.08912784
6557,0.081350274,0.09728524
6558,0.012537789,0.12958659
6559,0.11165584,0.1161114
6560,0.98861504,0.9573332
6561,0.09146628,0.058673415
6562,0.036600675,0.023732375
6563,0.594006,0.5451618
6564,0.880428,0.9134942
6565,0.5859068,0.5666745
6566,0.3369425,0.34627423
6567,0.14544219,0.20164587
6568,0.14636298,0.11051279
6569,0.16066927,0.13731453
6570,0.93296856,0.9757077
6571,0.9011543,0.8971914
6572,0.07420963,0.09197089
6573,0.54447925,0.5258957
6574,0.49115083,0.45316154
6575,0.5543386,0.5423304
6576,0.1925929,0.14760995
6577,0.30911553,0.31399116
6578,0.39044106,0.34743676
6579,0.631262,0.59954834
6580,0.6806952,0.60618293
6581,0.05173461,0.09258391
6582,0.042562585,0.022983555
6583,0.7840727,0.758358
6584,0.4434698,0.45964652
6585,0.76068604,0.73371214
6586,0.2683143,0.2616897
6587,0.96556234,0.98082095
6588,0.36219692,0.33311644
6589,0.05226541,0.04368863
6590,0.27793708,0.2946027
6591,0.97806036,0.9755192
6592,0.5437679,0.4722411
6593,0.06878172,0.096281156
6594,0.015548175,0.008598167
6595,0.055140913,0.12349884
6596,0.34254736,0.34294948
6597,0.121521175,0.11010599
6598,0.7410481,0.7312653
6599,0.44623595,0.44829196
6600,0.5230991,0.5700029
6601,0.08446524,0.080148496
6602,0.29754895,0.29857635
6603,0.26390773,0.2791907
6604,0.8403781,0.8038732
6605,0.4847864,0.45297337
6606,0.19008635,0.18541244
6607,0.77537096,0.7213545
6608,0.0131543195,0.001057623
6609,0.816246,0.7853901
6610,0.7665052,0.7493639
6611,0.54011637,0.42593586
6612,0.74940956,0.777717
6613,0.9114933,0.89804196
6614,0.02320068,0.0437721
6615,0.4142137,0.35420057
6616,0.9362953,0.49356312
6617,0.9712121,0.9476857
6618,0.23479417,0.22087392
6619,0.48533016,0.45549595
6620,0.4881297,0.44796392
6621,0.7689406,0.7776951
6622,0.7071047,0.6762357
6623,0.29018062,0.2976726
6624,0.5651006,0.48322323
6625,0.8061164,0.7512667
6626,0.7968443,0.8000388
6627,0.6969199,0.58857185
6628,0.0894501,0.08243414
6629,0.3393693,0.37596482
6630,0.7791199,0.8028806
6631,0.8532585,0.8834082
6632,0.51143557,0.46448082
6633,0.9562094,0.97363913
6634,0.6718548,0.6279639
6635,0.83523476,0.8297891
6636,0.44160426,0.43296048
6637,0.2834184,0.2636144
6638,0.31467545,0.36380655
6639,0.89314544,0.93046695
6640,0.39543498,0.37644523
6641,0.87070924,0.87715876
6642,0.33491415,0.34568122
6643,0.025062524,-0.018496195
6644,0.2600424,0.3096866
6645,0.3551121,0.34702447
6646,0.9609316,1.0037999
6647,0.5159831,0.51887035
6648,0.17963387,0.13619235
6649,0.6728775,0.6432841
6650,0.22828358,0.24066535
6651,0.36927935,0.38986123
6652,0.82477385,0.8397877
6653,0.5126194,0.44490266
6654,0.07788414,0.0152623635
6655,0.27288577,0.32760704
6656,0.49333683,0.5037254
6657,0.5661666,0.5044702
6658,0.20414865,0.17378046
6659,0.20881003,0.22601199
6660,0.7090772,0.5390051
6661,0.33247516,0.27517718
6662,0.1847364,0.12556617
6663,0.24365872,0.26448473
6664,0.4392261,0.44244584
6665,0.0653553,0.16234292
6666,0.9646105,0.983689
6667,0.50129783,0.50130206
6668,0.02101402,0.034766298
6669,0.61692166,0.6256605
6670,0.34794632,0.3699557
6671,0.6809105,0.62178373
6672,0.77379906,0.7581281
6673,0.12343637,0.1484898
6674,0.22474335,0.31013164
6675,0.44164202,0.47770008
6676,0.37625155,0.3306007
6677,0.6334369,0.61687756
6678,0.7508094,0.7461182
6679,0.3439791,0.340017
6680,0.15909235,0.15905699
6681,0.6580525,0.6279906
6682,0.855062,0.8733635
6683,0.9778377,0.8377758
6684,0.655373,0.48087636
6685,0.16657071,0.20354925
6686,0.68226755,0.6396539
6687,0.36381552,0.37962157
6688,0.5524488,0.58051884
6689,0.52289385,0.4909955
6690,0.9479085,0.87652564
6691,0.6528358,0.62946415
6692,0.2002247,0.17167787
6693,0.8403645,0.8524007
6694,0.140432,0.1013712
6695,0.8794508,0.8563001
6696,0.041660152,0.040084254
6697,0.0745082,0.08593704
6698,0.9466571,0.99891645
6699,0.6809583,0.6333857
6700,0.3887606,0.35450113
6701,0.09562252,0.16296495
6702,0.4426669,0.45435643
6703,0.99989665,1.0465356
6704,0.12614402,0.13432275
6705,0.4227285,0.43463477
6706,0.8278458,0.8540056
6707,0.39568156,0.4231291
6708,0.7638044,0.76232576
6709,0.6711795,0.715805
6710,0.24564579,0.26312742
6711,0.90468913,0.90915644
6712,0.98756117,0.96829844
6713,0.19847257,0.17654273
6714,0.29003772,0.2943702
6715,0.1782357,0.14056647
6716,0.45335636,0.46018386
6717,0.75902355,0.70257026
6718,0.58963585,0.60133606
6719,0.2389441,0.33404386
6720,0.20621465,0.17980577
6721,0.25853193,0.33531272
6722,0.38887918,0.38561356
6723,0.32507694,0.31844455
6724,0.38517392,0.38791513
6725,0.8295291,0.8618892
6726,0.479582,0.38133365
6727,0.55091846,0.5220392
6728,0.1409655,0.34187323
6729,0.8971652,0.93456745
6730,0.05591386,0.1113662
6731,0.6430628,0.61116093
6732,0.2953657,0.30103582
6733,0.9048194,0.9047902
6734,0.49044222,0.49893272
6735,0.055562295,0.06428835
6736,0.1095866,0.08204827
6737,0.37121788,0.39282656
6738,0.6355353,0.63478136
6739,0.4727409,0.4998085
6740,0.408544,0.42167234
6741,0.59976673,0.6379301
6742,0.8691571,0.81855625
6743,0.43236655,0.44219708
6744,0.5549749,0.5198414
6745,0.3025834,0.27248347
6746,0.14046335,0.14440466
6747,0.71586096,0.7261555
6748,0.42578384,0.4212489
6749,0.21690808,0.19169956
6750,0.8946006,0.91163653
6751,0.103035055,0.0803231
6752,0.35928914,0.36985564
6753,0.89512074,0.91999817
6754,0.66969174,0.6759651
6755,0.90132254,0.9155683
6756,0.66494745,0.63298494
6757,0.36730075,0.3639239
6758,0.43611944,0.40962648
6759,0.37190494,0.3701831
6760,0.826372,0.8167607
6761,0.6467376,0.6187958
6762,0.8810265,0.8785241
6763,0.5017023,0.42659122
6764,0.20624718,0.2657935
6765,0.30195826,0.32097852
6766,0.42469898,0.47886336
6767,0.63153327,0.6118773
6768,0.8136527,0.75472385
6769,0.04827969,0.103648975
6770,0.11396947,0.15874623
6771,0.08056022,0.0898387
6772,0.8920535,0.8699859
6773,0.40615866,0.41844714
6774,0.83333266,0.85541576
6775,0.82736194,0.77673066
6776,0.30386522,0.21996687
6777,0.9995001,1.0025309
6778,0.56106293,0.5613745
6779,0.05639197,0.035081748
6780,0.2540719,0.256615
6781,0.9369468,0.91990626
6782,0.026378984,0.03595108
6783,0.7585349,0.7865186
6784,0.764301,0.80855757
6785,0.21459062,0.21646747
6786,0.8816269,0.9045252
6787,0.98328847,0.9341916
6788,0.59006417,0.5584131
6789,0.043457724,0.026342947
6790,0.91043967,0.90600073
6791,0.32342672,0.33239675
6792,0.7659482,0.74398243
6793,0.48358226,0.50716114
6794,0.4994084,0.4747866
6795,0.0388007,-0.010067556
6796,0.5092693,0.5112108
6797,0.8892099,0.9164065
6798,0.2977994,0.27916345
6799,0.4943815,0.5686838
6800,0.16859317,0.1933676
6801,0.4363231,0.4487866
6802,0.73849845,0.74810255
6803,0.4385985,0.4237708
6804,0.85328186,0.85639733
6805,0.6303459,0.6704796
6806,0.36779466,0.3419391
6807,0.29676497,0.27570993
6808,0.98085743,0.9396126
6809,0.9014248,0.919631
6810,0.12945,0.2303037
6811,0.44068888,0.4190299
6812,0.30086508,0.28362998
6813,0.30554324,0.28505808
6814,0.6507674,0.66072166
6815,0.8398342,0.8513729
6816,0.3675764,0.36144108
6817,0.18642506,0.21234354
6818,0.09925682,0.100779116
6819,0.7314256,0.7339886
6820,0.56825775,0.563123
6821,0.54823834,0.5250602
6822,0.22742628,0.21762384
6823,0.76877654,0.78072304
6824,0.86443764,0.8968754
6825,0.8890713,0.94894385
6826,0.57178605,0.46314532
6827,0.70632356,0.72674996
6828,0.3376744,0.3906298
6829,0.10878777,0.120154336
6830,0.99383616,0.9858719
6831,0.28596088,0.20061673
6832,0.8931335,0.9219458
6833,0.11495186,0.12283912
6834,0.48153174,0.48415217
6835,0.1241037,0.1529166
6836,0.7150862,0.69578487
6837,0.8571369,0.88727087
6838,0.4139383,0.38157022
6839,0.41143045,0.42822298
6840,0.015329906,0.012911994
6841,0.91141546,0.97019076
6842,0.58154875,0.524819
6843,0.21147817,0.18344535
6844,0.36934364,0.4156255
6845,0.6185987,0.5713042
6846,0.21942692,0.22024418
6847,0.1498272,0.122491986
6848,0.03936004,0.025046397
6849,0.9215118,0.9031388
6850,0.04133113,0.056592125
6851,0.5140248,0.49312934
6852,0.13081716,0.1749038
6853,0.46370804,0.48325056
6854,0.5042767,0.42370254
6855,0.1724449,0.18502451
6856,0.6384753,0.64274746
6857,0.8001834,0.77202183
6858,0.8177475,0.80979365
6859,0.25839496,0.2559871
6860,0.41755626,0.38036042
6861,0.8179142,0.80095935
6862,0.06300451,0.06525309
6863,0.013305318,0.031082084
6864,0.086587355,0.15971912
6865,0.43700957,0.41538826
6866,0.057118136,-0.007741021
6867,0.31424803,0.34766948
6868,0.0040477905,0.011636822
6869,0.76477265,0.74960697
6870,0.5137235,0.45969787
6871,0.44045848,0.46179205
6872,0.21287785,0.19863018
6873,0.2720987,0.29995674
6874,0.8299486,0.8328948
6875,0.913816,0.92751354
6876,0.23193002,0.17212561
6877,0.85813695,0.866078
6878,0.479338,0.51228833
6879,0.58271474,0.56106603
6880,0.59298676,0.54179
6881,0.53404266,0.5742036
6882,0.6704304,0.6299177
6883,0.525191,0.50547975
6884,0.29470536,0.32385796
6885,0.45398054,0.46034515
6886,0.6169633,0.5643622
6887,0.39212897,0.37124747
6888,0.22696437,0.20251822
6889,0.09743109,0.08850453
6890,0.25756925,0.22655928
6891,0.42763367,0.326016
6892,0.21915887,0.22413085
6893,0.48162362,0.3407092
6894,0.89398783,0.9247643
6895,0.67995524,0.6596358
6896,0.5473316,0.53808796
6897,0.5078628,0.46817297
6898,0.7762765,0.7115848
6899,0.79695207,0.80887043
6900,0.077634394,0.030308021
6901,0.38490054,0.3636331
6902,0.37841982,0.39189395
6903,0.0966986,0.035090446
6904,0.23017795,0.28089437
6905,0.3152586,0.32677048
6906,0.08259828,0.12402453
6907,0.765751,0.7465695
6908,0.36588374,0.3138666
6909,0.28613004,0.3321834
6910,0.8673572,0.91728914
6911,0.4009471,0.41769022
6912,0.82377917,0.763206
6913,0.60815775,0.62923104
6914,0.04043611,0.05783661
6915,0.89636594,0.8513633
6916,0.8145538,0.8042323
6917,0.6266266,0.6539384
6918,0.6316895,0.58618534
6919,0.7694219,0.8186656
6920,0.24110627,0.23050442
6921,0.99161065,0.9578499
6922,0.04208103,0.06625123
6923,0.71830726,0.6861626
6924,0.38783672,0.35424548
6925,0.16061372,0.2163896
6926,0.28991523,0.29576918
6927,0.439168,0.43420237
6928,0.2160235,0.17458092
6929,0.28534856,0.2637179
6930,0.56396544,0.551551
6931,0.9330044,0.9875494
6932,0.3203565,0.32180002
6933,0.681653,0.6511967
6934,0.5151084,0.51946
6935,0.14093544,0.18908489
6936,0.5219703,0.45880985
6937,0.1972353,0.19386078
6938,0.20802404,0.2417581
6939,0.037202816,0.090599
6940,0.78532654,0.7609873
6941,0.034493975,0.034220573
6942,0.37972963,0.3569206
6943,0.1583759,0.18409517
6944,0.1250341,0.12846422
6945,0.46766979,0.4464421
6946,0.8375256,0.85330236
6947,0.24556586,0.27342296
6948,0.34978208,0.40808186
6949,0.93960106,0.90633714
6950,0.013872631,0.14287241
6951,0.23595785,0.2574505
6952,0.96998894,0.9521501
6953,0.6168835,0.5863311
6954,0.4544132,0.565492
6955,0.08950367,0.10071044
6956,0.22575055,0.2454588
6957,0.6451647,0.6555109
6958,0.71400046,0.6963142
6959,0.7658848,0.7771429
6960,0.66631913,0.6215782
6961,0.95785934,0.97662574
6962,0.31677842,0.32810986
6963,0.2646485,0.26597047
6964,0.13091028,0.22577429
6965,0.27853236,0.28921416
6966,0.8505689,0.8711852
6967,0.10538139,0.0855982
6968,0.16070825,0.16709591
6969,0.9360875,0.9672055
6970,0.25388092,0.20346528
6971,0.26866493,0.23482744
6972,0.5574561,0.574268
6973,0.36812204,0.38337615
6974,0.0043225917,0.07985987
6975,0.26484907,0.21547289
6976,0.009618707,0.013819646
6977,0.7963745,0.78691286
6978,0.60981375,0.58448327
6979,0.0144173475,-0.0065790303
6980,0.009442979,0.12178464
6981,0.94591635,0.962783
6982,0.047919754,0.035629462
6983,0.45515206,0.37905046
6984,0.19356109,0.20240949
6985,0.6931762,0.67968816
6986,0.3293921,0.32106733
6987,0.47336283,0.4795711
6988,0.2243033,0.2638489
6989,0.36383933,0.3415239
6990,0.51676345,0.55396515
6991,0.7441028,0.75707746
6992,0.81814855,0.84465307
6993,0.2711699,0.2899406
6994,0.06659038,0.03588426
6995,0.0040420843,-0.034237325
6996,0.03293487,0.005293742
6997,0.62574524,0.52082354
6998,0.5015874,0.5571124
6999,0.36809477,0.37557304
7000,0.7802518,0.7760715
7001,0.56386524,0.5654172
7002,0.7901587,0.82472545
7003,0.8258624,0.8429843
7004,0.33074543,0.35961044
7005,0.3968996,0.37563795
7006,0.7788393,0.77831835
7007,0.38756123,0.395141
7008,0.37942454,0.410662
7009,0.33812913,0.34721988
7010,0.2159925,0.16612335
7011,0.055791207,0.056169257
7012,0.69358,0.6931501
7013,0.26262626,0.2424914
7014,0.6224745,0.6705052
7015,0.4065519,0.38831246
7016,0.6663573,0.67094785
7017,0.58285743,0.58684903
7018,0.49494416,0.38458604
7019,0.8866638,0.93963546
7020,0.90829074,0.8881069
7021,0.8720946,0.86328393
7022,0.8278556,0.86689544
7023,0.2756298,0.21713674
7024,0.9684779,0.9489204
7025,0.83002687,0.8218531
7026,0.78491175,0.79225075
7027,0.8932159,0.9119455
7028,0.074253805,0.05863659
7029,0.57520735,0.60950273
7030,0.15153173,0.19060162
7031,0.86543983,0.93136054
7032,0.5785769,0.56974155
7033,0.6045682,0.561064
7034,0.5695487,0.51840115
7035,0.079615034,0.13629179
7036,0.5371129,0.5203512
7037,0.05776961,0.06939925
7038,0.012164299,0.08523403
7039,0.9470082,0.9876107
7040,0.50992495,0.47482646
7041,0.206309,0.20776641
7042,0.5115277,0.4930423
7043,0.68166167,0.6810474
7044,0.5137163,0.5002226
7045,0.4067083,0.41980916
7046,0.2860759,0.38192177
7047,0.0948491,0.100779414
7048,0.94566536,0.9340091
7049,0.11657281,0.13642032
7050,0.8691533,0.89709044
7051,0.11926222,0.08856326
7052,0.38769898,0.38569584
7053,0.4008179,0.38040912
7054,0.5372241,0.56340283
7055,0.4974381,0.45532912
7056,0.9536604,0.9553105
7057,0.123303354,0.14048402
7058,0.7766731,0.7643467
7059,0.71880525,0.74028695
7060,0.04890822,0.03084891
7061,0.9385588,0.96608263
7062,0.17441832,0.19088374
7063,0.9802209,0.97793734
7064,0.290809,0.29418325
7065,0.6885395,0.69380414
7066,0.053389553,0.10433246
7067,0.34867343,0.33821654
7068,0.35034105,0.33189565
7069,0.08156703,0.0677467
7070,0.60410976,0.618937
7071,0.9837919,0.9471127
7072,0.8223624,0.82657695
7073,0.083681226,0.056215543
7074,0.24808751,0.20659982
7075,0.8617362,0.9031638
7076,0.8931946,0.90522397
7077,0.382299,0.34440306
7078,0.81817394,0.8367162
7079,0.5476762,0.5031232
7080,0.9957357,0.94750416
7081,0.48648173,0.53187436
7082,0.40434232,0.38265878
7083,0.12097737,0.08702509
7084,0.57096606,0.5130234
7085,0.072289445,0.03834628
7086,0.6098343,0.555981
7087,0.21516879,0.23140748
7088,0.69124985,0.59532267
7089,0.59987724,0.5868795
7090,0.5479109,0.52207464
7091,0.12047887,0.09462033
7092,0.40215415,0.41327983
7093,0.50219303,0.49859786
7094,0.51662165,0.5145684
7095,0.90497977,0.968753
7096,0.94038016,0.9258592
7097,0.46488658,0.43262035
7098,0.9710526,0.9044543
7099,0.9242379,0.85893226
7100,0.1243014,0.15079322
7101,0.18468192,0.18511729
7102,0.88448435,0.8788122
7103,0.258761,0.2743879
7104,0.4423074,0.44413993
7105,0.2696796,0.23321526
7106,0.15718332,0.16905217
7107,0.8882614,0.8883384
7108,0.22588538,0.27870572
7109,0.5834531,0.6002517
7110,0.09757196,0.14964508
7111,0.35862526,0.343392
7112,0.37380418,0.37828302
7113,0.11390009,0.10234128
7114,0.01904553,0.035238255
7115,0.30096433,0.35448486
7116,0.16491063,0.13530433
7117,0.95880926,0.9682644
7118,0.44321516,0.4839686
7119,0.8904168,0.922318
7120,0.44196576,0.41017818
7121,0.3155045,0.29603225
7122,0.47877276,0.49227804
7123,0.7902486,0.8381784
7124,0.59575206,0.57795846
7125,0.37436205,0.33397263
7126,0.6126773,0.63765913
7127,0.75758326,0.7104369
7128,0.77708256,0.83597904
7129,0.30807865,0.2654621
7130,0.77865684,0.76001966
7131,0.3977033,0.27255416
7132,0.08268021,0.059373394
7133,0.360922,0.36322364
7134,0.114073835,0.057665423
7135,0.8697004,0.898721
7136,0.49492288,0.45158035
7137,0.5969993,0.5804287
7138,0.42552537,0.36323625
7139,0.8649955,0.8316781
7140,0.33438233,0.35687378
7141,0.29000142,0.25451568
7142,0.34362152,0.35231632
7143,0.8418533,0.8474751
7144,0.83164686,0.837491
7145,0.08227204,0.030084288
7146,0.9972301,1.0203892
7147,0.40610453,0.37029168
7148,0.9940667,0.98870134
7149,0.19132568,0.21464062
7150,0.23311038,0.22968411
7151,0.7533265,0.75150883
7152,0.48284355,0.4268641
7153,0.13684176,0.13125212
7154,0.3261169,0.29101163
7155,0.46893793,0.4336202
7156,0.029703965,-0.012183698
7157,0.3361183,0.34073228
7158,0.78125364,0.8449484
7159,0.05752853,0.088489175
7160,0.5707788,0.5071531
7161,0.86503834,0.8635953
7162,0.86934835,0.8709817
7163,0.30933166,0.3009212
7164,0.5340694,0.5220023
7165,0.48636615,0.48221573
7166,0.8964963,0.88370794
7167,0.85164326,0.8343042
7168,0.08183385,0.06638797
7169,0.6076945,0.632623
7170,0.9768627,0.9753028
7171,0.9908971,0.9846362
7172,0.8606189,0.8660314
7173,0.49484202,0.49036124
7174,0.28200698,0.34214017
7175,0.05361529,0.08717312
7176,0.3639954,0.34713468
7177,0.46853793,0.4733282
7178,0.08047096,0.13133423
7179,0.893298,0.8975823
7180,0.021916054,0.076683104
7181,0.37094963,0.38097435
7182,0.37683433,0.3931617
7183,0.12629955,0.12886453
7184,0.5932577,0.58850694
7185,0.75694066,0.77830416
7186,0.11155654,0.17785782
7187,0.03379696,0.034748953
7188,0.18106413,0.17325167
7189,0.20233117,0.25235596
7190,0.67169553,0.6410606
7191,0.38995686,0.38275394
7192,0.1785831,0.1664523
7193,0.79518527,0.7896547
7194,0.24000275,0.23363155
7195,0.34981447,0.3208
7196,0.8012671,0.7955128
7197,0.96559995,0.91726065
7198,0.8202998,0.84870136
7199,0.6833051,0.62286353
7200,0.2884088,0.2632321
7201,0.6200262,0.59950525
7202,0.26143956,0.27088094
7203,0.11605446,0.123602584
7204,0.67885214,0.63415325
7205,0.5019824,0.44465056
7206,0.2428799,0.23597534
7207,0.93740916,0.9799423
7208,0.014788061,0.062326442
7209,0.16855739,0.16894305
7210,0.028694356,0.010965046
7211,0.9491329,0.9455707
7212,0.9745821,0.9602283
7213,0.4954592,0.60431355
7214,0.7664808,0.74704146
7215,0.19523376,0.20643927
7216,0.30493903,0.30071673
7217,0.98589826,0.9868961
7218,0.071230255,0.04273377
7219,0.7588512,0.7605978
7220,0.429079,0.41490063
7221,0.20952727,0.23244712
7222,0.3671811,0.36569992
7223,0.39822415,0.44135794
7224,0.17540133,0.23415174
7225,0.8147226,0.82595325
7226,0.98090494,1.025929
7227,0.46257272,0.45639458
7228,0.704667,0.72025603
7229,0.61569256,0.57972836
7230,0.76228136,0.7574226
7231,0.9035166,0.9478623
7232,0.33104298,0.32370526
7233,0.69698197,0.6608206
7234,0.52013,0.5069101
7235,0.35016283,0.43099046
7236,0.5307169,0.51993763
7237,0.6242876,0.6275569
7238,0.974098,0.96974283
7239,0.7455482,0.7721133
7240,0.6957171,0.723435
7241,0.6129401,0.6030045
7242,0.1292582,0.12571135
7243,0.46111697,0.4660967
7244,0.8975519,0.9426544
7245,0.041574303,0.03493312
7246,0.6021405,0.62315375
7247,0.4868138,0.5074122
7248,0.7202701,0.73984784
7249,0.7656531,0.65130216
7250,0.014694612,0.11365725
7251,0.25821185,0.19860004
7252,0.7065179,0.71095574
7253,0.5808139,0.55590075
7254,0.055999514,0.07123612
7255,0.3981105,0.39257634
7256,0.87784714,0.90806305
7257,0.4557193,0.43195033
7258,0.8610027,0.8681989
7259,0.7148635,0.67392695
7260,0.84136134,0.8725399
7261,0.46438244,0.49162233
7262,0.72179,0.7454135
7263,0.9782836,0.98215705
7264,0.6790691,0.7344756
7265,0.15721223,0.19099411
7266,0.43655488,0.43217987
7267,0.41304213,0.4152218
7268,0.9739997,0.86635333
7269,0.08410771,0.043130413
7270,0.8259944,0.80413467
7271,0.49612966,0.5086001
7272,0.70760036,0.64265186
7273,0.79596204,0.7744507
7274,0.08932002,0.08917154
7275,0.56679314,0.5764116
7276,0.6098206,0.5904652
7277,0.45877928,0.4864176
7278,0.3221482,0.29933694
7279,0.13236178,0.14420371
7280,0.45726228,0.4510985
7281,0.15555695,0.13561139
7282,0.059290987,0.0338634
7283,0.1118885,0.11429079
7284,0.60886157,0.62325764
7285,0.7272033,0.6864543
7286,0.9756563,0.93420744
7287,0.35750598,0.42602652
7288,0.8481985,0.82011175
7289,0.83951133,0.8088268
7290,0.6235539,0.66109765
7291,0.24677058,0.2626358
7292,0.3219529,0.37909207
7293,0.1941869,0.2304099
7294,0.80651784,0.80124605
7295,0.10684208,0.23425747
7296,0.6032765,0.68163383
7297,0.045927316,0.060342688
7298,0.39239135,0.39545453
7299,0.16904595,0.1948266
7300,0.64025223,0.6137321
7301,0.30916405,0.27321637
7302,0.9741189,0.90621644
7303,0.019911261,0.009034347
7304,0.096191846,0.1811669
7305,0.93125737,0.9231108
7306,0.670033,0.6548469
7307,0.1844718,0.1481562
7308,0.6574735,0.6707277
7309,0.6005257,0.5637636
7310,0.844518,0.8432603
7311,0.5881378,0.547276
7312,0.9355638,0.92860115
7313,0.32975152,0.35271066
7314,0.73258066,0.7654487
7315,0.21403614,0.21091901
7316,0.3049712,0.3162258
7317,0.41387913,0.41611248
7318,0.86162686,0.8717471
7319,0.6261022,0.6273339
7320,0.99857485,1.0228062
7321,0.21883026,0.22911952
7322,0.49566534,0.46210915
7323,0.42359596,0.4320237
7324,0.63196784,0.6152573
7325,0.85413814,0.84901947
7326,0.20833658,0.18418656
7327,0.659952,0.6467017
7328,0.96812576,0.9548459
7329,0.81867796,0.7781165
7330,0.80393,0.7919148
7331,0.6611574,0.6007325
7332,0.96072096,0.9277853
7333,0.5426324,0.5155543
7334,0.53583646,0.530343
7335,0.21848002,0.27287886
7336,0.44151488,0.47470677
7337,0.8203846,0.8393644
7338,0.3734807,0.35093522
7339,0.368318,0.3758481
7340,0.06813145,0.026988436
7341,0.71580803,0.7179615
7342,0.87059754,0.8861078
7343,0.87902856,0.83269167
7344,0.7644032,0.7721229
7345,0.40393603,0.33803248
7346,0.28045285,0.25534946
7347,0.42687485,0.41396976
7348,0.20967533,0.2386912
7349,0.12297957,0.076309964
7350,0.4211678,0.36787626
7351,0.23887685,0.26499745
7352,0.74073833,0.7288679
7353,0.5937094,0.5771325
7354,0.3293322,0.29239547
7355,0.96455795,0.9793756
7356,0.053195197,0.15556228
7357,0.9383608,0.94869995
7358,0.25554347,0.28404588
7359,0.45377862,0.4295097
7360,0.07651534,0.010236381
7361,0.77639294,0.7727985
7362,0.25630787,0.24511012
7363,0.22195022,0.2537068
7364,0.55279416,0.5191331
7365,0.061364975,0.055631533
7366,0.9800769,0.97066677
7367,0.3677153,0.37758404
7368,0.40158167,0.38818455
7369,0.7736733,0.7058366
7370,0.32577872,0.3278713
7371,0.40987214,0.36915082
7372,0.2401355,0.21018842
7373,0.8898561,0.9089844
7374,0.20698252,0.24249369
7375,0.15379883,0.19174981
7376,0.48401105,0.5044661
7377,0.08088993,0.062496513
7378,0.22062385,0.23462103
7379,0.65655744,0.6501244
7380,0.30564535,0.2857198
7381,0.7287934,0.7313825
7382,0.05835977,0.041070282
7383,0.09551803,0.112405
7384,0.74536717,0.6720136
7385,0.41723728,0.34947357
7386,0.1256567,0.08844206
7387,0.56501865,0.6023235
7388,0.6667596,0.59912395
7389,0.99747384,0.99632096
7390,0.6954546,0.6586593
7391,0.15797342,0.13889405
7392,0.4192447,0.40217966
7393,0.11407089,0.11610511
7394,0.7646365,0.73407274
7395,0.52555704,0.4631139
7396,0.811936,0.7188115
7397,0.6996931,0.68220973
7398,0.4156778,0.4320116
7399,0.1839971,0.18383779
7400,0.81848997,0.7887523
7401,0.46347746,0.43137953
7402,0.9881474,0.96165013
7403,0.4242209,0.42998105
7404,0.52837247,0.42519954
7405,0.8482792,0.9170461
7406,0.6930971,0.6955893
7407,0.24840952,0.2678368
7408,0.45564818,0.48223898
7409,0.7161726,0.6752757
7410,0.80125713,0.7899356
7411,0.2632119,0.24282423
7412,0.4178037,0.42094043
7413,0.15802097,0.17080557
7414,0.76082975,0.73961806
7415,0.6145116,0.4949684
7416,0.7554316,0.77505875
7417,0.09598374,0.1068792
7418,0.552018,0.5687182
7419,0.124220274,0.14825463
7420,0.640594,0.65612936
7421,0.80744535,0.7671759
7422,0.66112906,0.6479567
7423,0.05135839,0.06708023
7424,0.7643506,0.73266274
7425,0.20634967,0.28632948
7426,0.73334575,0.6818669
7427,0.7887149,0.83617175
7428,0.9839829,0.9889694
7429,0.915221,0.9873176
7430,0.839444,0.87674224
7431,0.98454034,0.9916939
7432,0.9569267,0.9577793
7433,0.32410043,0.32256868
7434,0.12752636,0.09212634
7435,0.6700547,0.6869283
7436,0.7154834,0.7253795
7437,0.95766115,0.9820653
7438,0.22587639,0.2732988
7439,0.2741302,0.26019943
7440,0.3428384,0.32694107
7441,0.6130144,0.5806322
7442,0.95672214,0.91916937
7443,0.48186997,0.454687
7444,0.7245873,0.7377354
7445,0.4810529,0.49446687
7446,0.8804085,0.86303294
7447,0.6029702,0.5626905
7448,0.1122611,0.14943998
7449,0.7019084,0.7152392
7450,0.060172357,0.05573381
7451,0.098817885,0.11509833
7452,0.23796321,0.25669613
7453,0.40698427,0.41941914
7454,0.8549966,0.84103036
7455,0.08768305,0.028558668
7456,0.26128742,0.262522
7457,0.83749336,0.8073367
7458,0.29266447,0.32489172
7459,0.18319763,0.21854033
7460,0.4607442,0.47860035
7461,0.15737079,0.15993132
7462,0.9337901,0.9249862
7463,0.3970098,0.41863593
7464,0.43720484,0.4667364
7465,0.87207,0.8731158
7466,0.76647025,0.7737914
7467,0.6833772,0.708439
7468,0.42159158,0.39387372
7469,0.2672434,0.3007549
7470,0.75223696,0.73923147
7471,0.8784023,0.9033805
7472,0.7770918,0.80134726
7473,0.03504753,0.04713491
7474,0.9767296,0.93829703
7475,0.33100381,0.4233001
7476,0.7761323,0.78441834
7477,0.71691173,0.49244142
7478,0.50906444,0.5023823
7479,0.22099784,0.24945617
7480,0.3990839,0.24512576
7481,0.4736667,0.47171566
7482,0.78209424,0.76135457
7483,0.35048246,0.34409204
7484,0.6535136,0.6383937
7485,0.72739196,0.6683358
7486,0.17077735,0.17822762
7487,0.86229444,0.82689804
7488,0.48749912,0.49461123
7489,0.11964002,0.07744096
7490,0.9781431,1.0132703
7491,0.48802492,0.50793374
7492,0.194627,0.18095683
7493,0.7586734,0.79040617
7494,0.13720566,0.10340309
7495,0.54645747,0.57155466
7496,0.9147366,0.9032721
7497,0.4749334,0.45065495
7498,0.6457954,0.69282424
7499,0.98177326,0.9710942
7500,0.9019121,0.92477334
7501,0.15907982,0.154983
7502,0.27091837,0.27634156
7503,0.9382181,0.95111215
7504,0.7851579,0.78137296
7505,0.075203106,0.10317293
7506,0.16090119,0.13777839
7507,0.5576653,0.58807766
7508,0.66149306,0.69717926
7509,0.87076473,0.9250285
7510,0.4405614,0.45440125
7511,0.7447513,0.72226655
7512,0.5502461,0.54569227
7513,0.023278229,0.10056254
7514,0.25870195,0.2821076
7515,0.11433688,0.18746358
7516,0.9004705,0.9318225
7517,0.86050385,0.89729476
7518,0.9612976,0.978989
7519,0.3624559,0.3810429
7520,0.09766715,0.06497936
7521,0.9745752,0.9968869
7522,0.8056151,0.7795509
7523,0.44933707,0.47528076
7524,0.2648522,0.2856291
7525,0.7287156,0.6468003
7526,0.499773,0.57575935
7527,0.7791985,0.7549886
7528,0.16399126,0.212155
7529,0.8718485,0.88691425
7530,0.14915895,0.14989471
7531,0.7922559,0.7971862
7532,0.009518688,0.11851032
7533,0.7007052,0.68025094
7534,0.21874666,0.27993196
7535,0.5958892,0.5729324
7536,0.988296,1.0498766
7537,0.028102504,0.10641102
7538,0.057553966,0.07810676
7539,0.6021614,0.5699257
7540,0.47810483,0.48898858
7541,0.7519939,0.7158428
7542,0.48495188,0.4636032
7543,0.20476496,0.20057067
7544,0.30298725,0.2619108
7545,0.7771035,0.6806423
7546,0.42818922,0.3483565
7547,0.43163705,0.4327063
7548,0.639823,0.63295156
7549,0.69469005,0.72181344
7550,0.35054663,0.41152555
7551,0.53580654,0.55828804
7552,0.060802206,0.009501889
7553,0.26835275,0.27689224
7554,0.27645162,0.24797325
7555,0.80183893,0.8380535
7556,0.5176031,0.49255955
7557,0.6004287,0.60143596
7558,0.4680024,0.40883952
7559,0.22569214,0.27513486
7560,0.20818128,0.20817232
7561,0.9587195,0.9396984
7562,0.5916867,0.55698955
7563,0.16274573,0.13785408
7564,0.38288322,0.39164478
7565,0.2253326,0.2681867
7566,0.103638604,0.06174322
7567,0.70297956,0.6544645
7568,0.8534024,0.85341847
7569,0.11020045,0.11762087
7570,0.5133841,0.5375372
7571,0.9589725,0.9602154
7572,0.51533717,0.53091824
7573,0.40149733,0.4885778
7574,0.7761597,0.794568
7575,0.37034056,0.42574596
7576,0.2870576,0.36043683
7577,0.1781021,0.18021835
7578,0.5093703,0.53541315
7579,0.957949,0.93787277
7580,0.18770237,0.16687647
7581,0.15482353,0.17962344
7582,0.5842506,0.58511996
7583,0.49045599,0.5181248
7584,0.08077117,0.1021131
7585,0.61596096,0.5575875
7586,0.08803494,0.0851735
7587,0.9299722,0.9478569
7588,0.28620106,0.3103994
7589,0.1460151,0.11681908
7590,0.6424539,0.61970603
7591,0.6702549,0.65798414
7592,0.9911229,1.0023279
7593,0.9176333,0.8972001
7594,0.5180712,0.47149462
7595,0.81276834,0.8231184
7596,0.67948633,0.6829893
7597,0.26282147,0.20149593
7598,0.47139966,0.44078857
7599,0.07996453,0.1045873
7600,0.15842602,0.14383493
7601,0.85907114,0.83685184
7602,0.59528655,0.5634204
7603,0.8306459,0.84264916
7604,0.61641955,0.6374181
7605,0.52345645,0.5071324
7606,0.4076534,0.42704916
7607,0.21216427,0.17658792
7608,0.70482415,0.706722
7609,0.41342622,0.39570352
7610,0.88955575,0.9003427
7611,0.11334503,0.107057005
7612,0.26828355,0.2700851
7613,0.78353906,0.79511845
7614,0.7047187,0.6229923
7615,0.33578292,0.33628255
7616,0.47924352,0.45471272
7617,0.1951002,0.27697057
7618,0.8085995,0.8112903
7619,0.45048958,0.44692495
7620,0.6060001,0.52959794
7621,0.63210326,0.3916142
7622,0.20607184,0.24865066
7623,0.30198905,0.27706915
7624,0.46702912,0.34648907
7625,0.0853338,0.05233084
7626,0.5927638,0.54419744
7627,0.7018439,0.67305946
7628,0.9353044,0.9417865
7629,0.58678764,0.5217503
7630,0.05150517,0.12407592
7631,0.051058047,0.079501845
7632,0.48615426,0.41572794
7633,0.83084506,0.8563316
7634,0.19046934,0.13434729
7635,0.28760636,0.27916446
7636,0.6111266,0.6133726
7637,0.9048704,0.92455214
7638,0.2982412,0.25648674
7639,0.5441017,0.5393963
7640,0.3177873,0.253374
7641,0.6186068,0.582631
7642,0.8278056,0.8762427
7643,0.21838778,0.23160239
7644,0.6333828,0.6309023
7645,0.24340564,0.19088869
7646,0.76132417,0.73482215
7647,0.5634736,0.5470193
7648,0.899375,0.9455216
7649,0.6743246,0.6513393
7650,0.55591697,0.5874088
7651,0.38513085,0.40649188
7652,0.8255278,0.805513
7653,0.19893159,0.17577404
7654,0.52282023,0.45309782
7655,0.6236713,0.6392238
7656,0.0137301795,0.07988864
7657,0.17329083,0.18745007
7658,0.3124796,0.30224738
7659,0.6102042,0.6101429
7660,0.081221566,0.050368518
7661,0.66093415,0.63097167
7662,0.18715237,0.17606841
7663,0.5359861,0.4467135
7664,0.5746099,0.55321586
7665,0.56038135,0.513394
7666,0.23523334,0.15091154
7667,0.13556863,0.15517099
7668,0.12638126,0.16768374
7669,0.123516314,0.13079189
7670,0.29051685,0.32269916
7671,0.8131892,0.8217558
7672,0.6416832,0.63631845
7673,0.23723516,0.16222803
7674,0.5083408,0.5198514
7675,0.19061671,0.15734388
7676,0.17730999,0.1702364
7677,0.53879654,0.49563497
7678,0.7046529,0.6969427
7679,0.16433136,0.19888987
7680,0.17666432,0.09890102
7681,0.0112913605,0.005748939
7682,0.120581485,0.14009698
7683,0.8757286,0.9142068
7684,0.5181807,0.56205636
7685,0.98447067,0.98230374
7686,0.9744978,0.9654529
7687,0.6230462,0.6112205
7688,0.7651869,0.78431416
7689,0.6832073,0.678962
7690,0.19485348,0.21743383
7691,0.7652441,0.79713655
7692,0.6366553,0.64090073
7693,0.5181583,0.50600624
7694,0.6145671,0.60880685
7695,0.15167968,0.13597395
7696,0.14457518,0.14663403
7697,0.06719321,0.038928192
7698,0.904623,0.9426642
7699,0.27813196,0.28933203
7700,0.9711952,0.97098416
7701,0.72627115,0.7129978
7702,0.74920654,0.6937952
7703,0.16332427,0.21044166
7704,0.5462252,0.5047257
7705,0.109822325,0.10042487
7706,0.42117426,0.37649658
7707,0.5670698,0.5543524
7708,0.023789296,0.018984389
7709,0.080444194,0.18799143
7710,0.9741132,0.99520576
7711,0.8654123,0.861578
7712,0.68866056,0.6867912
7713,0.9913956,0.9658914
7714,0.536022,0.5166244
7715,0.461255,0.394042
7716,0.69160384,0.67339444
7717,0.35288092,0.37088534
7718,0.9947739,1.018236
7719,0.08026332,0.004441824
7720,0.8625038,0.7471206
7721,0.022280794,0.027973633
7722,0.2091052,0.29275417
7723,0.1342271,0.19772418
7724,0.87397516,0.8893462
7725,0.90756863,0.9093034
7726,0.42047918,0.4270195
7727,0.50263745,0.48232955
7728,0.06028082,0.030577552
7729,0.7277994,0.67243624
7730,0.6332038,0.6590328
7731,0.65028423,0.6664767
7732,0.6168859,0.6105938
7733,0.75429285,0.7253659
7734,0.039437316,0.01630665
7735,0.5554116,0.51848483
7736,0.26896325,0.28451455
7737,0.5276143,0.47325262
7738,0.18121375,0.18138279
7739,0.4538868,0.45637268
7740,0.09568786,0.14117408
7741,0.29069102,0.32214028
7742,0.7017025,0.7100277
7743,0.9276558,0.9452342
7744,0.041534457,0.04850016
7745,0.21531045,0.24531786
7746,0.98799664,0.9616639
7747,0.57793534,0.5857767
7748,0.64459187,0.63761115
7749,0.34114102,0.3570436
7750,0.9886946,1.0377189
7751,0.2552398,0.21857719
7752,0.058924083,0.104202166
7753,0.47384015,0.4791928
7754,0.5670398,0.5593332
7755,0.13993765,0.16198857
7756,0.59358084,0.6062723
7757,0.22536181,0.26572385
7758,0.51147944,0.5108044
7759,0.09532465,0.1259278
7760,0.93204516,0.944821
7761,0.49723184,0.5094642
7762,0.5626609,0.60099274
7763,0.9784011,0.98474795
7764,0.8537856,0.82532865
7765,0.5650166,0.60485345
7766,0.8324369,0.8776349
7767,0.8521472,0.84198743
7768,0.5054996,0.6497335
7769,0.09270389,0.057507955
7770,0.9093734,0.8959406
7771,0.48517972,0.4910305
7772,0.963238,0.98336154
7773,0.41576618,0.4281667
7774,0.11766456,0.09818035
7775,0.75527287,0.77932364
7776,0.48626742,0.51092976
7777,0.020168588,0.08703518
7778,0.908966,0.97859305
7779,0.51460934,0.5035852
7780,0.4288886,0.4730507
7781,0.5394435,0.54071414
7782,0.39317822,0.40804535
7783,0.53053635,0.534334
7784,0.08410474,0.11103147
7785,0.18632232,0.1999212
7786,0.34895512,0.38164377
7787,0.77655834,0.78512645
7788,0.7495843,0.7187191
7789,0.3408566,0.32055485
7790,0.6159183,0.6187545
7791,0.33686975,0.37878186
7792,0.71069795,0.6900285
7793,0.5260085,0.54973644
7794,0.5492091,0.40797162
7795,0.08427255,0.08398627
7796,0.6838837,0.66058433
7797,0.8054737,0.8099318
7798,0.5075766,0.512466
7799,0.2084715,0.21620506
7800,0.28877842,0.25898096
7801,0.14413847,0.10667507
7802,0.81193125,0.83107406
7803,0.51367116,0.48926848
7804,0.41088292,0.3942256
7805,0.70103353,0.7203432
7806,0.04379668,0.07099348
7807,0.09254172,0.08535802
7808,0.05402273,0.039477497
7809,0.2435575,0.30527592
7810,0.25091875,0.27529895
7811,0.82900023,0.8260661
7812,0.117170975,0.112076655
7813,0.9475217,0.99223304
7814,0.5580079,0.54245305
7815,0.9203834,0.982502
7816,0.99518317,0.9733929
7817,0.09969231,0.10129836
7818,0.28720677,0.2981228
7819,0.822546,0.8271843
7820,0.0341658,0.075884506
7821,0.74963397,0.76071167
7822,0.042965654,0.05635109
7823,0.7959639,0.81120104
7824,0.97583896,0.94892955
7825,0.8513178,0.8521588
7826,0.4483252,0.4142549
7827,0.5363902,0.5429809
7828,0.37311625,0.3530659
7829,0.8970285,0.89697295
7830,0.94680935,0.9665218
7831,0.014480603,0.07875644
7832,0.101210415,0.11884801
7833,0.041920576,0.056891214
7834,0.9749224,0.88967913
7835,0.71549416,0.67476726
7836,0.15031305,0.110291645
7837,0.46420735,0.46523088
7838,0.6344162,0.631052
7839,0.0046848217,0.02439909
7840,0.0018504175,0.045103375
7841,0.932471,0.92168945
7842,0.05646319,0.0071290024
7843,0.14574525,0.11543712
7844,0.30470577,0.30768627
7845,0.05523801,0.0400565
7846,0.07296243,0.05425744
7847,0.5588941,0.5523416
7848,0.8441403,0.84370637
7849,0.7823547,0.7931923
7850,0.953126,0.93794143
7851,0.017733332,0.029901762
7852,0.4807827,0.5367677
7853,0.69674575,0.7169237
7854,0.26339272,0.24699529
7855,0.8165981,0.8242498
7856,0.68777597,0.6699224
7857,0.7479314,0.7528976
7858,0.48060256,0.49216598
7859,0.72101146,0.73196316
7860,0.85856986,0.8366207
7861,0.19586553,0.15688793
7862,0.17331389,0.132629
7863,0.02050823,0.032220367
7864,0.31804565,0.29678345
7865,0.8829438,0.91790414
7866,0.14324856,0.12485136
7867,0.19383451,0.27242917
7868,0.39247367,0.41446286
7869,0.6949607,0.7000061
7870,0.3999847,0.41633528
7871,0.47714978,0.4945804
7872,0.90397066,0.9011853
7873,0.1812282,0.17425671
7874,0.96702856,0.96983004
7875,0.9501286,0.9560001
7876,0.51408976,0.5053779
7877,0.52233404,0.47742712
7878,0.21918339,0.25889415
7879,0.7888387,0.72022337
7880,0.57815635,0.6005401
7881,0.048294395,-0.005515041
7882,0.37467584,0.32820198
7883,0.2888806,0.31280303
7884,0.31147224,0.318744
7885,0.533563,0.4972252
7886,0.8897098,0.9112282
7887,0.8968859,0.91428363
7888,0.9488867,0.9472132
7889,0.38807312,0.3770023
7890,0.42150342,0.41390198
7891,0.42837805,0.36573946
7892,0.49841207,0.4376453
7893,0.12440956,0.18664204
7894,0.7098841,0.5144029
7895,0.19054173,0.100880265
7896,0.8938834,0.90712744
7897,0.7442819,0.76597905
7898,0.59414816,0.55146587
7899,0.4827503,0.47065467
7900,0.24181484,0.24903592
7901,0.463112,0.4812087
7902,0.73295856,0.741812
7903,0.4865515,0.47549647
7904,0.5956602,0.58523095
7905,0.712916,0.7187921
7906,0.5916434,0.6148147
7907,0.8785462,0.88328975
7908,0.078317836,0.07563004
7909,0.42116618,0.3840906
7910,0.7355611,0.73221123
7911,0.6491662,0.6613059
7912,0.848692,0.8446388
7913,0.08922601,0.10759911
7914,0.39377546,0.40400815
7915,0.6346455,0.64743966
7916,0.87683403,0.86207986
7917,0.47240058,0.4490051
7918,0.35764024,0.3024078
7919,0.68463105,0.7041179
7920,0.3455811,0.28239384
7921,0.91391134,0.9187783
7922,0.44313613,0.385154
7923,0.9803072,0.9597579
7924,0.88409525,0.90148497
7925,0.5638341,0.54180676
7926,0.8507314,0.9076266
7927,0.45844564,0.44533068
7928,0.71879935,0.6996194
7929,0.9315537,1.034207
7930,0.23931946,0.27307346
7931,0.5244149,0.49935865
7932,0.6287999,0.6216749
7933,0.19155204,0.19697724
7934,0.005486042,-0.0322759
7935,0.15317945,0.13131687
7936,0.32572192,0.3590901
7937,0.479069,0.41543278
7938,0.6633665,0.69357306
7939,0.44127715,0.38180447
7940,0.37484956,0.39276594
7941,0.5131107,0.5141158
7942,0.93818164,0.92961043
7943,0.37034482,0.4054434
7944,0.60345,0.62299305
7945,0.3292177,0.27510697
7946,0.41094702,0.44899398
7947,0.56375414,0.56184036
7948,0.9805279,0.9606407
7949,0.83250207,0.8730329
7950,0.05167365,0.0236209
7951,0.77355564,0.81292355
7952,0.76698333,0.7489952
7953,0.36060807,0.3437722
7954,0.13843247,0.13707753
7955,0.8218898,0.8184079
7956,0.7730875,0.7789478
7957,0.5287108,0.51927733
7958,0.0609456,0.046805274
7959,0.6287506,0.58516145
7960,0.62184507,0.49179685
7961,0.86586964,0.8148259
7962,0.5725452,0.56711817
7963,0.71168363,0.7346144
7964,0.6574496,0.61780536
7965,0.6659804,0.6565883
7966,0.011593654,0.05005477
7967,0.3456061,0.38115644
7968,0.39866176,0.43089345
7969,0.57464325,0.534983
7970,0.12700352,0.13041721
7971,0.688503,0.68144035
7972,0.2787432,0.34639338
7973,0.5080624,0.45214954
7974,0.91177124,0.9686863
7975,0.8805162,0.9002732
7976,0.59557366,0.6176028
7977,0.17936888,0.1534609
7978,0.5837266,0.5757868
7979,0.6099416,0.6137483
7980,0.52334833,0.45216995
7981,0.6428524,0.6829665
7982,0.38253707,0.37679812
7983,0.35435316,0.3711762
7984,0.70191514,0.6965656
7985,0.109714106,0.10786016
7986,0.7761137,0.7889629
7987,0.6799943,0.64789695
7988,0.8220936,0.8453984
7989,0.64578754,0.6070818
7990,0.9131565,0.9327232
7991,0.33743384,0.3314712
7992,0.83693445,0.695347
7993,0.90907985,0.831604
7994,0.8675382,0.82950914
7995,0.7793952,0.7235926
7996,0.6216429,0.61668277
7997,0.39435333,0.40936813
7998,0.23918392,0.2621248
7999,0.6988071,0.6498734
8000,0.10239622,0.07664652
8001,0.89431,0.86100936
8002,0.30428582,0.3556355
8003,0.45061716,0.4999508
8004,0.9503221,0.96905935
8005,0.54776496,0.5514825
8006,0.36143288,0.3763035
8007,0.71011233,0.73516905
8008,0.16313237,0.11128181
8009,0.26917237,0.30684516
8010,0.4812961,0.47579178
8011,0.8503404,0.8864841
8012,0.5526378,0.5508412
8013,0.5087558,0.5064214
8014,0.9550061,0.9602229
8015,0.38107657,0.3776345
8016,0.32848793,0.3394628
8017,0.9190453,0.98145056
8018,0.9095319,0.93180025
8019,0.94779533,0.97011054
8020,0.67021346,0.6745164
8021,0.68148977,0.6278168
8022,0.5874351,0.62639403
8023,0.9646507,0.9572194
8024,0.06064642,0.03225888
8025,0.13344099,0.13546999
8026,0.79073036,0.8238058
8027,0.47376367,0.48633027
8028,0.27166277,0.25877255
8029,0.52106166,0.5566848
8030,0.5343146,0.5396017
8031,0.851192,0.8742659
8032,0.6807846,0.64560944
8033,0.8111807,0.8235915
8034,0.7411171,0.7523652
8035,0.6155616,0.5976027
8036,0.6119099,0.6157301
8037,0.09160509,0.057400808
8038,0.02490344,0.103170976
8039,0.6366673,0.75492877
8040,0.7596727,0.79635483
8041,0.29958636,0.34322375
8042,0.608846,0.5871008
8043,0.52218664,0.54148906
8044,0.7779851,0.76633793
8045,0.7539606,0.7371641
8046,0.63622826,0.60466284
8047,0.351992,0.34175003
8048,0.42181662,0.38475627
8049,0.39591387,0.37805623
8050,0.90497065,0.900708
8051,0.28209373,0.32785207
8052,0.11583484,0.17381014
8053,0.5137145,0.49617577
8054,0.48377737,0.47856867
8055,0.39256963,0.4045217
8056,0.82952964,0.7817866
8057,0.006758192,0.14509486
8058,0.91066504,0.96366316
8059,0.53206915,0.51457614
8060,0.28148195,0.3112926
8061,0.22122262,0.21712233
8062,0.6661652,0.69416696
8063,0.37919313,0.38802212
8064,0.3314503,0.4937032
8065,0.62228084,0.64372593
8066,0.3487638,0.36968565
8067,0.29385647,0.30807865
8068,0.01554451,0.05646509
8069,0.6788571,0.7048067
8070,0.85381687,0.83608234
8071,0.6027085,0.5141866
8072,0.30914786,0.31618613
8073,0.25897115,0.24273638
8074,0.35237056,0.38279873
8075,0.44581044,0.43023223
8076,0.5321114,0.5177569
8077,0.69365245,0.6721626
8078,0.8358015,0.805031
8079,0.2661792,0.3316118
8080,0.028756274,0.041630466
8081,0.13232186,0.116066694
8082,0.11039379,0.14642544
8083,0.5775003,0.5169869
8084,0.46087673,0.37079751
8085,0.07721691,0.092940375
8086,0.18186082,0.18887646
8087,0.070971735,0.073813275
8088,0.7472965,0.7370591
8089,0.040408842,0.11436027
8090,0.5967708,0.5829301
8091,0.55532235,0.4922042
8092,0.23713793,0.17492728
8093,0.17384058,0.19685285
8094,0.3445955,0.309552
8095,0.15233839,0.15838172
8096,0.3217576,0.29545596
8097,0.8200133,0.8210012
8098,0.07033422,0.079715684
8099,0.97349364,0.88863444
8100,0.72600967,0.73337424
8101,0.10694311,0.1149625
8102,0.18069467,0.19232066
8103,0.51445425,0.5188076
8104,0.9325145,0.93675303
8105,0.96566266,0.9693572
8106,0.905888,0.9491056
8107,0.4672006,0.46210533
8108,0.2979884,0.28643617
8109,0.064885065,0.12753534
8110,0.81064034,0.75878066
8111,0.7246685,0.7142559
8112,0.27024633,0.28268683
8113,0.34981447,0.34173882
8114,0.5433776,0.48667005
8115,0.81995666,0.8112708
8116,0.29324415,0.29958025
8117,0.49369133,0.46134466
8118,0.09823303,0.12613688
8119,0.55714554,0.6133224
8120,0.39576104,0.4187504
8121,0.7456665,0.6639469
8122,0.3970178,0.4028241
8123,0.108314976,0.12133081
8124,0.7737414,0.77123386
8125,0.17976008,0.17551509
8126,0.67485225,0.6709802
8127,0.96092,0.963622
8128,0.12715122,0.10852021
8129,0.8179976,0.79283935
8130,0.52713406,0.5300018
8131,0.49436888,0.48967883
8132,0.8259598,0.8128304
8133,0.62966645,0.62185335
8134,0.5587524,0.5145681
8135,0.108170114,0.067291245
8136,0.47429514,0.5052981
8137,0.5610267,0.54155713
8138,0.61752653,0.5742698
8139,0.52106977,0.5352704
8140,0.6547957,0.5812694
8141,0.4260143,0.4291609
8142,0.5544788,0.5170683
8143,0.96725196,0.87542784
8144,0.5900377,0.5722497
8145,0.24179864,0.16998263
8146,0.8443571,0.85891795
8147,0.49322775,0.5322581
8148,0.8336016,0.8713888
8149,0.8986349,0.9200504
8150,0.38182405,0.38069212
8151,0.9238427,0.9492712
8152,0.732355,0.7796309
8153,0.22991078,0.24848114
8154,0.7034735,0.7070108
8155,0.76776356,0.77763563
8156,0.33052227,0.322372
8157,0.31897914,0.34073332
8158,0.79381543,0.76226753
8159,0.52596384,0.47628635
8160,0.015410535,0.009471787
8161,0.42448607,0.46647632
8162,0.26068014,0.2859913
8163,0.077447586,0.005718587
8164,0.10964948,0.042695776
8165,0.82787555,0.83767754
8166,0.60550904,0.63590384
8167,0.32814407,0.26657557
8168,0.41704938,0.39004183
8169,0.23393032,0.24515608
8170,0.0013532431,0.15066767
8171,0.14076516,0.18106991
8172,0.305634,0.2974628
8173,0.85760254,0.84830225
8174,0.5788096,0.5427637
8175,0.80180407,0.6225207
8176,0.15452145,0.12143163
8177,0.91085184,0.93294406
8178,0.82764244,0.8575474
8179,0.50806767,0.4460299
8180,0.13388981,0.13804816
8181,0.6146931,0.6091571
8182,0.53132296,0.4990986
8183,0.055655766,-0.005725803
8184,0.28298324,0.2877294
8185,0.27831364,0.28293407
8186,0.8513877,0.82221544
8187,0.5268112,0.5324151
8188,0.27123278,0.2577902
8189,0.16001837,0.16122212
8190,0.6105455,0.5567882
8191,0.13705327,0.1526717
8192,0.5771639,0.5799838
8193,0.7818937,0.76168203
8194,0.9650863,0.98548096
8195,0.16240244,0.1848975
8196,0.9300018,0.99028337
8197,0.38546607,0.40636554
8198,0.110078156,0.097531185
8199,0.42222732,0.49280766
8200,0.5906229,0.5805701
8201,0.60839504,0.6047429
8202,0.107350804,0.11720878
8203,0.8177636,0.84943235
8204,0.9711717,0.95924306
8205,0.48090655,0.52847284
8206,0.41606295,0.39643142
8207,0.90068126,0.9363467
8208,0.123765774,0.08609901
8209,0.9598099,0.9285064
8210,0.1798901,0.16963452
8211,0.26507154,0.27459878
8212,0.70480853,0.6992538
8213,0.18200544,0.19179049
8214,0.2901466,0.2131683
8215,0.13349797,0.11442305
8216,0.7205456,0.70947444
8217,0.7213784,0.676048
8218,0.29560807,0.22309427
8219,0.62421364,0.63029385
8220,0.9568618,0.8945802
8221,0.71891844,0.7205301
8222,0.9135848,0.9146544
8223,0.26459524,0.27384683
8224,0.36513206,0.33878884
8225,0.44247565,0.4287617
8226,0.47221404,0.41197872
8227,0.8187241,0.8324902
8228,0.9437438,0.94106615
8229,0.08172152,0.096139625
8230,0.9259144,0.9353114
8231,0.69562215,0.69467497
8232,0.23511596,0.20150319
8233,0.5627447,0.6035298
8234,0.3880061,0.39905706
8235,0.29423267,0.294469
8236,0.06973704,0.073968485
8237,0.80100477,0.7952981
8238,0.9163002,0.8789252
8239,0.021825254,0.054656964
8240,0.8773496,0.86428523
8241,0.78494686,0.82569396
8242,0.19380966,0.1584121
8243,0.009684691,0.01478317
8244,0.9474885,0.9751601
8245,0.30454892,0.31988677
8246,0.059167705,0.1451757
8247,0.50818056,0.49660358
8248,0.47262853,0.47226015
8249,0.63793445,0.49221408
8250,0.5749905,0.55282956
8251,0.056870848,0.04747654
8252,0.8760075,0.8992888
8253,0.40296057,0.39367417
8254,0.9963522,0.9983593
8255,0.56176484,0.5301893
8256,0.70342827,0.70286185
8257,0.94163334,0.9527171
8258,0.49466112,0.47820687
8259,0.13949654,0.14277592
8260,0.102060914,0.07740913
8261,0.3381086,0.33469927
8262,0.97130674,0.97206223
8263,0.35257795,0.41627368
8264,0.43892762,0.36303774
8265,0.11236852,0.16936938
8266,0.4043976,0.4091348
8267,0.8938277,0.90318125
8268,0.2441938,0.28101778
8269,0.96764994,0.9553372
8270,0.69929796,0.67895705
8271,0.8153599,0.8203069
8272,0.2963272,0.35780168
8273,0.33956534,0.37145805
8274,0.7452625,0.769156
8275,0.26185954,0.30619514
8276,0.34626153,0.32575107
8277,0.32661107,0.35703307
8278,0.33822888,0.32185602
8279,0.25985754,0.32250428
8280,0.0063131927,0.1050524
8281,0.38928962,0.42414838
8282,0.87759656,0.90914375
8283,0.72777677,0.6256137
8284,0.36013207,0.3998201
8285,0.8859385,0.9098464
8286,0.28919432,0.32787472
8287,0.5311585,0.47731614
8288,0.30670676,0.31817168
8289,0.9060916,0.9136123
8290,0.7631273,0.7695413
8291,0.55802464,0.5620959
8292,0.60962886,0.5902279
8293,0.99699736,1.0285054
8294,0.868719,0.8747879
8295,0.15739286,0.16590883
8296,0.72152936,0.7587637
8297,0.77797025,0.7668617
8298,0.098298766,0.029048905
8299,0.41817945,0.40898174
8300,0.74413174,0.76068884
8301,0.7513805,0.722277
8302,0.6293107,0.54127985
8303,0.081543215,0.1168841
8304,0.2707624,0.31422234
8305,0.7147289,0.74932486
8306,0.0934684,0.04664226
8307,0.2713207,0.25395632
8308,0.38378513,0.39727908
8309,0.1945097,0.21569225
8310,0.6948942,0.6892579
8311,0.8979666,0.94417155
8312,0.37498114,0.31803107
8313,0.40994325,0.45970702
8314,0.48357743,0.44287598
8315,0.45168933,0.47388822
8316,0.49507824,0.4471411
8317,0.074655764,0.027212337
8318,0.26584172,0.28004724
8319,0.79663944,0.806648
8320,0.9331561,0.95343447
8321,0.5233123,0.5330741
8322,0.48591346,0.5051607
8323,0.025510898,0.02111585
8324,0.031070855,0.05095539
8325,0.7545639,0.715996
8326,0.92134356,0.9558791
8327,0.780237,0.7614274
8328,0.28239536,0.23061092
8329,0.50318754,0.40914056
8330,0.0018800676,0.021141294
8331,0.74056184,0.72274405
8332,0.97755843,0.90569365
8333,0.8428423,0.8359637
8334,0.53144705,0.5318752
8335,0.818334,0.79731137
8336,0.029284319,0.07972941
8337,0.5511197,0.5911802
8338,0.49525914,0.47315973
8339,0.79179674,0.70234025
8340,0.90654063,0.9116328
8341,0.09831921,0.07375784
8342,0.49090916,0.52239287
8343,0.2183849,0.21226645
8344,0.6503333,0.62430435
8345,0.4680779,0.4180956
8346,0.98334056,0.9703142
8347,0.7444994,0.74176085
8348,0.6372404,0.6429372
8349,0.38789254,0.40695578
8350,0.4240935,0.4038163
8351,0.66105324,0.5519645
8352,0.16227962,0.16719139
8353,0.13520879,0.1283303
8354,0.052004147,0.09595887
8355,0.52382576,0.54159164
8356,0.66886544,0.644475
8357,0.6714077,0.62587124
8358,0.44621792,0.406254
8359,0.6592106,0.6685028
8360,0.08180005,0.15032059
8361,0.91355294,0.87293005
8362,0.12203665,0.10589491
8363,0.4244455,0.3764883
8364,0.0014120691,0.059489537
8365,0.77997226,0.56999755
8366,0.61927825,0.59985876
8367,0.98367006,0.9594792
8368,0.14338124,0.19066508
8369,0.5431466,0.5200708
8370,0.6197619,0.63739806
8371,0.24260518,0.30942392
8372,0.9178435,0.99086314
8373,0.2911433,0.27216646
8374,0.31368518,0.35876745
8375,0.6063579,0.595513
8376,0.5098883,0.5234846
8377,0.6065007,0.60509896
8378,0.09212791,0.06883533
8379,0.39654908,0.3987993
8380,0.07603855,0.073062375
8381,0.64820236,0.63945186
8382,0.16082941,0.14488287
8383,0.49139246,0.50579304
8384,0.3458464,0.35669965
8385,0.06474879,0.029557493
8386,0.2944178,0.2888158
8387,0.50380385,0.50153685
8388,0.5453383,0.50648916
8389,0.20664577,0.21765047
8390,0.027818937,0.0657114
8391,0.7011316,0.70106685
8392,0.28952506,0.27175987
8393,0.054501407,0.046339273
8394,0.33482447,0.31545925
8395,0.7132518,0.70826215
8396,0.51952845,0.52053636
8397,0.7216032,0.71757144
8398,0.37865835,0.41072017
8399,0.1619745,0.15247649
8400,0.5101013,0.524324
8401,0.15061086,0.11044066
8402,0.75357014,0.76599526
8403,0.3144021,0.28492004
8404,0.88921857,0.9311576
8405,0.33584112,0.32008913
8406,0.8238322,0.8193746
8407,0.84405434,0.85526896
8408,0.82846487,0.8622546
8409,0.08563795,0.09572519
8410,0.25050363,0.27385262
8411,0.115942314,0.10757235
8412,0.7503735,0.7193922
8413,0.48885182,0.48052412
8414,0.45325276,0.39079726
8415,0.35490376,0.32560563
8416,0.14045838,0.14194714
8417,0.5448006,0.5240529
8418,0.7626277,0.7434924
8419,0.7812291,0.8000146
8420,0.8655249,0.8877056
8421,0.3765152,0.36872184
8422,0.18078147,0.14802146
8423,0.666794,0.69974005
8424,0.25951892,0.25843933
8425,0.54842573,0.5207403
8426,0.35857418,0.34411508
8427,0.05555791,0.04240936
8428,0.37519172,0.3323951
8429,0.4729683,0.40187576
8430,0.7280976,0.77749574
8431,0.39776957,0.42781428
8432,0.41606507,0.43173936
8433,0.7892885,0.77837783
8434,0.2621882,0.31184706
8435,0.7143046,0.74877596
8436,0.15857315,0.17879471
8437,0.5283793,0.49759284
8438,0.45416442,0.51893634
8439,0.5455807,0.57254165
8440,0.37278214,0.34141666
8441,0.7483376,0.7027594
8442,0.48504,0.4439099
8443,0.8942575,0.87055993
8444,0.4733519,0.4739487
8445,0.47390914,0.4643557
8446,0.78417,0.7513766
8447,0.40240812,0.35462415
8448,0.4890424,0.49980724
8449,0.66009957,0.69784194
8450,0.39737839,0.42950577
8451,0.48626983,0.49620265
8452,0.95586234,0.91662014
8453,0.69959205,0.6788275
8454,0.39116108,0.36155978
8455,0.9348933,0.9675062
8456,0.18997343,0.19910555
8457,0.35879833,0.3762288
8458,0.054453377,0.069166705
8459,0.19920379,0.19712356
8460,0.82381356,0.8071602
8461,0.80112326,0.76944727
8462,0.9443146,0.9433326
8463,0.56324166,0.5783645
8464,0.20374905,0.18179847
8465,0.12108632,0.109676614
8466,0.3189317,0.31433615
8467,0.87133646,0.9015018
8468,0.0006620886,0.05476279
8469,0.6500731,0.65198326
8470,0.14944726,0.21886764
8471,0.3363566,0.34732813
8472,0.5143009,0.5130119
8473,0.6473222,0.64706063
8474,0.40572152,0.3714156
8475,0.68496954,0.6999058
8476,0.7071652,0.69290787
8477,0.8582093,0.8597584
8478,0.984279,0.9613553
8479,0.42691293,0.4576807
8480,0.16485794,0.18792893
8481,0.09289054,0.18340576
8482,0.2312588,0.27426425
8483,0.83867663,0.8411876
8484,0.21419872,0.19537635
8485,0.4076098,0.41925535
8486,0.2362967,0.21779256
8487,0.5516956,0.5715704
8488,0.5375449,0.52597934
8489,0.38476467,0.3727838
8490,0.067340225,0.12764211
8491,0.97928256,0.9699429
8492,0.61513317,0.6032275
8493,0.201837,0.1751409
8494,0.9223837,0.9787133
8495,0.37186295,0.381964
8496,0.028359186,-0.005358357
8497,0.6719218,0.66272724
8498,0.20746727,0.19465844
8499,0.9478882,0.9587701
8500,0.554712,0.55800647
8501,0.68151927,0.69182646
8502,0.6198224,0.632765
8503,0.33208814,0.3174666
8504,0.74517953,0.7290751
8505,0.80116355,0.8005008
8506,0.7357673,0.7079908
8507,0.9297703,0.96019053
8508,0.5477531,0.56615204
8509,0.13342907,0.20794557
8510,0.5635496,0.5669968
8511,0.08283534,0.16996084
8512,0.2243033,0.21771999
8513,0.54166657,0.4641425
8514,0.3191897,0.37713623
8515,0.23065214,0.22220369
8516,0.4514223,0.42149758
8517,0.754301,0.7808419
8518,0.3797691,0.3916608
8519,0.3663621,0.40088874
8520,0.721285,0.68089604
8521,0.0623015,0.08428
8522,0.55500585,0.55109924
8523,0.29564622,0.22459714
8524,0.5947572,0.57292974
8525,0.14234708,0.15854113
8526,0.74993557,0.75908154
8527,0.5524426,0.6344503
8528,0.37325412,0.393897
8529,0.16435489,0.2172917
8530,0.88236105,0.8894005
8531,0.31742218,0.34114742
8532,0.76513946,0.7624745
8533,0.122633144,0.13235997
8534,0.4591042,0.47915518
8535,0.42148092,0.38313037
8536,0.37935856,0.39451873
8537,0.11163161,0.15969844
8538,0.20784876,0.20041697
8539,0.5790983,0.48652607
8540,0.8607438,0.9283926
8541,0.4424884,0.46191037
8542,0.24562865,0.23579153
8543,0.64000314,0.65863866
8544,0.27178165,0.32863605
8545,0.8303468,0.8490588
8546,0.80848277,0.80001026
8547,0.62184507,0.64829713
8548,0.8134702,0.8297153
8549,0.030698622,0.07688485
8550,0.018316243,0.022612587
8551,0.82569295,0.82496876
8552,0.39890963,0.38891584
8553,0.55664766,0.5613472
8554,0.48017865,0.46894753
8555,0.3945063,0.40796858
8556,0.25813404,0.30412722
8557,0.55595857,0.54139954
8558,0.31708524,0.33792937
8559,0.41550308,0.45613354
8560,0.70053685,0.69612163
8561,0.44835898,0.45364493
8562,0.7239965,0.7141648
8563,0.67488724,0.6554286
8564,0.9704892,0.94369036
8565,0.43305805,0.42663348
8566,0.16291928,0.16553454
8567,0.994932,0.94078773
8568,0.9870356,0.9655116
8569,0.33174816,0.2683582
8570,0.7812907,0.74739623
8571,0.8201083,0.861933
8572,0.23267634,0.26465097
8573,0.6918702,0.6955962
8574,0.03933244,0.092389956
8575,0.9642157,0.93688923
8576,0.9742096,0.8587579
8577,0.77748996,0.7451535
8578,0.15829703,0.19285142
8579,0.11544444,0.09620914
8580,0.15870936,0.17832105
8581,0.5904952,0.5866234
8582,0.1375048,0.24292366
8583,0.8519294,0.8682796
8584,0.9883833,0.93574214
8585,0.9889915,0.8704436
8586,0.55646944,0.5977911
8587,0.4616655,0.45999956
8588,0.97831714,0.94606066
8589,0.833794,0.8002434
8590,0.6312602,0.65267646
8591,0.74751866,0.75020665
8592,0.75914687,0.7820713
8593,0.2387648,0.18930818
8594,0.37780696,0.3339176
8595,0.3555928,0.35590792
8596,0.0893222,0.07777293
8597,0.8857624,0.835034
8598,0.83333164,0.87279975
8599,0.43087628,0.42601317
8600,0.10777399,0.05537697
8601,0.7433871,0.6699935
8602,0.3129452,0.31095642
8603,0.8832204,0.8461025
8604,0.7481143,0.6976508
8605,0.5710316,0.5732131
8606,0.27740112,0.2646743
8607,0.96941936,0.9852497
8608,0.3073063,0.34610108
8609,0.58893055,0.5997305
8610,0.51801395,0.50112826
8611,0.8112285,0.77555466
8612,0.06626819,0.10933216
8613,0.46315554,0.45980948
8614,0.14314167,0.17890613
8615,0.28107405,0.2969153
8616,0.89924943,0.9285382
8617,0.96946156,0.9554706
8618,0.08050983,0.061042923
8619,0.42610693,0.4609613
8620,0.6705557,0.6990887
8621,0.2085209,0.17530487
8622,0.5690481,0.56349206
8623,0.5235885,0.5142087
8624,0.74698186,0.7992885
8625,0.8623795,0.8949837
8626,0.23454727,0.253545
8627,0.15133272,0.16650043
8628,0.84506667,0.8236813
8629,0.96623254,0.950503
8630,0.8583013,0.8494978
8631,0.7965454,0.7681154
8632,0.0360887,0.024694696
8633,0.5919977,0.5867412
8634,0.388155,0.4065898
8635,0.07409556,0.0923257
8636,0.42229858,0.35262823
8637,0.059017733,0.01854441
8638,0.7174644,0.69709015
8639,0.95084333,0.9531966
8640,0.5560702,0.5275493
8641,0.48068586,0.52756876
8642,0.8176409,0.84043443
8643,0.49436706,0.46850008
8644,0.83017045,0.8020246
8645,0.9320981,0.88075984
8646,0.34060875,0.34649378
8647,0.08028578,0.03186043
8648,0.65954226,0.5550437
8649,0.03273336,0.04758802
8650,0.3524824,0.4083401
8651,0.44556028,0.45170945
8652,0.7461237,0.73245436
8653,0.623191,0.6212762
8654,0.38760218,0.36729684
8655,0.0610997,0.051860318
8656,0.83599824,0.8457815
8657,0.8464255,0.838253
8658,0.5746175,0.58279514
8659,0.6902559,0.6631272
8660,0.6253112,0.5610269
8661,0.35118175,0.32395068
8662,0.90858954,0.8239012
8663,0.78978056,0.7932162
8664,0.73376,0.721702
8665,0.44764054,0.4436244
8666,0.6414083,0.6138531
8667,0.6532923,0.59865975
8668,0.42939788,0.39003503
8669,0.94585615,0.99243474
8670,0.6984057,0.7297924
8671,0.8700765,0.8935462
8672,0.24863234,0.23479165
8673,0.8858106,0.9148487
8674,0.6080934,0.6150037
8675,0.48703864,0.46835718
8676,0.34295607,0.32857752
8677,0.6425551,0.6373812
8678,0.014164768,-0.0005998034
8679,0.71908695,0.75537026
8680,0.8816413,0.86273956
8681,0.7698352,0.74004865
8682,0.82155854,0.81948286
8683,0.64505315,0.6164254
8684,0.29510885,0.22979231
8685,0.89371365,0.91464883
8686,0.99593806,1.0109249
8687,0.13867976,0.18271032
8688,0.64811087,0.6207689
8689,0.7218163,0.77246904
8690,0.11009129,0.04630276
8691,0.9931543,0.9526971
8692,0.7741314,0.77514404
8693,0.5552379,0.5508247
8694,0.026444957,0.08201623
8695,0.8969446,0.95462036
8696,0.07648348,0.0868591
8697,0.068056755,0.12839985
8698,0.93360025,0.9797818
8699,0.41786098,0.41353524
8700,0.638399,0.6463509
8701,0.6627569,0.6223202
8702,0.15591867,0.12352431
8703,0.13573171,0.18693595
8704,0.9400264,0.86029625
8705,0.56911296,0.5719401
8706,0.9447243,0.92741793
8707,0.014010097,0.18764527
8708,0.9111244,0.9445447
8709,0.7263703,0.7601461
8710,0.88096637,0.9248854
8711,0.7301986,0.7427683
8712,0.5933664,0.6291984
8713,0.43852913,0.44514897
8714,0.10359752,0.21477842
8715,0.04410885,0.05339889
8716,0.32733697,0.29329935
8717,0.755806,0.69817615
8718,0.3369425,0.44098243
8719,0.36056447,0.37542114
8720,0.5628246,0.54439753
8721,0.9743264,0.9572682
8722,0.30413088,0.34716853
8723,0.6806448,0.67162114
8724,0.6855612,0.68353736
8725,0.20824501,0.32431322
8726,0.5756543,0.55771774
8727,0.59954196,0.5982578
8728,0.6563332,0.62577736
8729,0.08603372,0.033610206
8730,0.19940177,0.18546237
8731,0.8780736,0.9338837
8732,0.7686783,0.7793118
8733,0.9361881,0.91589564
8734,0.8229997,0.7950281
8735,0.865092,0.93383247
8736,0.048385188,0.11772516
8737,0.9634139,0.97947955
8738,0.014229346,0.0409926
8739,0.21418437,0.15535398
8740,0.50110537,0.48277032
8741,0.6123051,0.6154938
8742,0.8710314,0.8903477
8743,0.7715755,0.73302734
8744,0.81601316,0.79023933
8745,0.60083336,0.6168538
8746,0.56367147,0.6062963
8747,0.6712852,0.6178944
8748,0.8994469,0.9439657
8749,0.6102419,0.59903026
8750,0.75585204,0.699178
8751,0.0004073737,-0.006536741
8752,0.069262676,0.13123892
8753,0.013618355,0.0050328188
8754,0.010716287,0.092524394
8755,0.7533717,0.72813195
8756,0.99125326,0.99637073
8757,0.6174968,0.62969184
8758,0.84272534,0.83766186
8759,0.83775616,0.7973969
8760,0.9338877,0.87032264
8761,0.4790882,0.44597262
8762,0.55558014,0.562457
8763,0.2976458,0.30408946
8764,0.3664357,0.3675547
8765,0.98921394,0.94128984
8766,0.5404527,0.5547312
8767,0.16576952,0.2773515
8768,0.5680499,0.5393374
8769,0.7275016,0.70523775
8770,0.8821021,0.842076
8771,0.54411715,0.57652295
8772,0.2785245,0.26951677
8773,0.4786959,0.5018095
8774,0.9719298,0.95543987
8775,0.42747495,0.43949088
8776,0.2953208,0.44256932
8777,0.96682143,1.0011822
8778,0.6433136,0.60788035
8779,0.9823784,0.9845214
8780,0.493558,0.39843574
8781,0.2426455,0.24670234
8782,0.18357415,0.21248372
8783,0.777064,0.8114078
8784,0.117554724,0.10179816
8785,0.54569685,0.5352937
8786,0.9303924,0.9351754
8787,0.60007346,0.6316698
8788,0.35039836,0.40250868
8789,0.09593438,0.09283494
8790,0.49456745,0.5272535
8791,0.8199211,0.7805873
8792,0.11650235,0.058686875
8793,0.22406767,0.24127029
8794,0.81537217,0.84701633
8795,0.52921355,0.5371427
8796,0.24034667,0.31150395
8797,0.39632756,0.38108617
8798,0.7761411,0.7761734
8799,0.7348815,0.7139515
8800,0.50542307,0.50410235
8801,0.55685353,0.53717905
8802,0.8279866,0.8714652
8803,0.48864388,0.53973633
8804,0.12978809,0.15604255
8805,0.7778181,0.76877064
8806,0.86306787,0.8114691
8807,0.78532696,0.8315434
8808,0.007586688,0.02314116
8809,0.28514215,0.31203502
8810,0.42007202,0.47527802
8811,0.44699457,0.42936152
8812,0.09914019,0.15553294
8813,0.23350514,0.31051397
8814,0.014340428,0.025917456
8815,0.6223607,0.6732787
8816,0.08625744,0.080680385
8817,0.83731794,0.833113
8818,0.5405228,0.5508948
8819,0.22206582,0.24277188
8820,0.66275144,0.6756599
8821,0.5662919,0.5492746
8822,0.762216,0.80829674
8823,0.4318392,0.44926047
8824,0.3970058,0.4197834
8825,0.21351013,0.2237694
8826,0.5803065,0.612719
8827,0.20229685,0.1865495
8828,0.23210569,0.29629916
8829,0.3749917,0.4003713
8830,0.6240147,0.5906568
8831,0.4183765,0.454449
8832,0.7869448,0.78066236
8833,0.38220197,0.37951165
8834,0.5471834,0.5236138
8835,0.35581797,0.40253037
8836,0.42066786,0.44812268
8837,0.5591239,0.5200053
8838,0.732253,0.7884375
8839,0.82710636,0.8266355
8840,0.2024047,0.1973667
8841,0.87197477,0.9588432
8842,0.47259292,0.46062493
8843,0.6612197,0.6703195
8844,0.4136925,0.3993954
8845,0.011485891,0.016851742
8846,0.9713832,0.93395054
8847,0.5186493,0.48969626
8848,0.057517674,0.08685696
8849,0.5224684,0.51207453
8850,0.82101417,0.800611
8851,0.6464252,0.6723098
8852,0.14792238,0.21942441
8853,0.87712544,0.8866683
8854,0.026431046,0.043119032
8855,0.07728775,0.09174226
8856,0.60474664,0.60644305
8857,0.5218247,0.51398164
8858,0.37101528,0.3667817
8859,0.08642806,0.061877135
8860,0.46442753,0.24038778
8861,0.638555,0.6323652
8862,0.49254978,0.49185997
8863,0.6990065,0.6830792
8864,0.7259447,0.7673217
8865,0.9318843,0.9462223
8866,0.5341873,0.49808347
8867,0.51305115,0.52990043
8868,0.26426622,0.26502997
8869,0.6734365,0.682958
8870,0.2195051,0.21358196
8871,0.22781555,0.24677508
8872,0.123151526,0.11997084
8873,0.857149,0.9133942
8874,0.1278099,0.072359845
8875,0.35577598,0.37892485
8876,0.32975152,0.36766565
8877,0.35295317,0.40166312
8878,0.56756306,0.57267797
8879,0.7061873,0.65107673
8880,0.022393731,0.05116849
8881,0.6198907,0.64171433
8882,0.0061226888,0.06210098
8883,0.97391593,0.97392714
8884,0.6835753,0.6985346
8885,0.5446438,0.5087565
8886,0.3557836,0.37079513
8887,0.16134606,0.2018369
8888,0.5903909,0.58626735
8889,0.84281486,0.8673149
8890,0.0044405744,0.031813744
8891,0.4879661,0.46864414
8892,0.7383213,0.6958299
8893,0.6134686,0.52294964
8894,0.92105776,0.9595747
8895,0.9531691,0.9542988
8896,0.80426246,0.75871015
8897,0.9689539,0.98374116
8898,0.05797764,0.16020457
8899,0.7095737,0.6664901
8900,0.93687475,0.928403
8901,0.3410882,0.33985698
8902,0.3386831,0.2661106
8903,0.7933635,0.7635691
8904,0.5974172,0.6526621
8905,0.030113935,0.07450414
8906,0.0065573775,0.021553043
8907,0.71460223,0.70081306
8908,0.41638288,0.41086733
8909,0.05161964,-0.02505849
8910,0.3796586,0.33246842
8911,0.96174324,0.9875791
8912,0.32068217,0.3638539
8913,0.13499741,0.12390034
8914,0.24059829,0.24271011
8915,0.08892245,0.063354254
8916,0.45234737,0.44438943
8917,0.051657412,0.016097462
8918,0.7205018,0.70430905
8919,0.21796505,0.1682716
8920,0.23641881,0.26872864
8921,0.25836426,0.30161816
8922,0.49442473,0.4668852
8923,0.8551701,0.8572072
8924,0.7299004,0.7267914
8925,0.7396837,0.7177399
8926,0.7790036,0.6950232
8927,0.12734433,0.086578816
8928,0.41344443,0.43323317
8929,0.16391475,0.12527506
8930,0.48988596,0.4996155
8931,0.32273105,0.33153975
8932,0.7761766,0.7880341
8933,0.005757895,0.028082667
8934,0.3494945,0.30107749
8935,0.1646433,0.17989978
8936,0.7542923,0.7358509
8937,0.48199496,0.4699273
8938,0.81613886,0.67198735
8939,0.45817757,0.45430025
8940,0.20901485,0.20436424
8941,0.30451274,0.30731997
8942,0.25977236,0.24162573
8943,0.7836393,0.7796579
8944,0.44400483,0.36766034
8945,0.7354283,0.7441138
8946,0.3319645,0.3365333
8947,0.92255455,0.95471555
8948,0.7107311,0.6275212
8949,0.73168856,0.7288511
8950,0.12392533,0.21581988
8951,0.048713103,0.09713785
8952,0.8939697,0.95000887
8953,0.21169916,0.23598361
8954,0.44152284,0.4468012
8955,0.7704126,0.7128587
8956,0.104538694,0.047198758
8957,0.6338948,0.6593082
8958,0.40543678,0.33576304
8959,0.5033334,0.45554015
8960,0.04774217,0.15285932
8961,0.0066887992,0.03462788
8962,0.49512082,0.52979237
8963,0.072653145,0.08016199
8964,0.3244798,0.31361425
8965,0.24587126,0.29981655
8966,0.52650714,0.48535514
8967,0.75233626,0.7734246
8968,0.028301628,0.03071485
8969,0.8287473,0.73913574
8970,0.9561579,0.9424455
8971,0.061958335,0.06198434
8972,0.5950824,0.6435077
8973,0.46804154,0.46364784
8974,0.9143371,0.9558919
8975,0.59746075,0.565244
8976,0.110835604,0.04812644
8977,0.7737388,0.7052734
8978,0.027818453,0.067711994
8979,0.77991825,0.7817515
8980,0.4987935,0.4677552
8981,0.6283492,0.6615647
8982,0.120747894,0.10585077
8983,0.91033167,0.9493848
8984,0.110485174,0.109835505
8985,0.78438663,0.7852599
8986,0.2887614,0.21503662
8987,0.5980497,0.46250018
8988,0.038164843,0.04595856
8989,0.9533359,0.98309857
8990,0.34360677,0.329372
8991,0.79243594,0.82153493
8992,0.7588555,0.77761805
8993,0.9341687,0.9164318
8994,0.8414053,0.860958
8995,0.29634947,0.29790115
8996,0.87207824,0.8320812
8997,0.9858922,0.96629596
8998,0.12631577,0.114641294
8999,0.11731742,0.117107034
9000,0.113126665,0.057754118
9001,0.69265854,0.66163576
9002,0.8618146,0.8644603
9003,0.6158739,0.6219603
9004,0.1791431,0.19340122
9005,0.18290733,0.26670328
9006,0.9122789,0.88392687
9007,0.69263124,0.71294713
9008,0.87861025,0.86054754
9009,0.11340203,0.13002563
9010,0.08007393,0.081503876
9011,0.74568826,0.7572821
9012,0.9864313,0.94316375
9013,0.57433,0.54454243
9014,0.2989407,0.27700195
9015,0.13301672,0.07354416
9016,0.26548648,0.24423896
9017,0.4246103,0.43944088
9018,0.3065758,0.3351914
9019,0.6712417,0.625201
9020,0.89229345,0.8756546
9021,0.070772715,0.04581481
9022,0.6222118,0.6963257
9023,0.84407395,0.83731914
9024,0.5188282,0.5580958
9025,0.82978356,0.8303513
9026,0.16391195,0.15618898
9027,0.6570631,0.6451337
9028,0.49579385,0.5019631
9029,0.09146071,0.15928553
9030,0.8704183,0.8952199
9031,0.6231382,0.59101784
9032,0.5343347,0.56271976
9033,0.17871277,0.18558167
9034,0.81013334,0.84864265
9035,0.77846396,0.79559577
9036,0.25654787,0.29060924
9037,0.8595725,0.85422987
9038,0.18913999,0.19781086
9039,0.7324745,0.74258333
9040,0.46030205,0.46734613
9041,0.4454076,0.4630801
9042,0.9991442,1.0198263
9043,0.3315627,0.41142607
9044,0.2604054,0.22902407
9045,0.5071951,0.53289896
9046,0.120563805,0.093646966
9047,0.42517295,0.44912738
9048,0.6047904,0.5960348
9049,0.03464838,0.11425093
9050,0.14840361,0.1572348
9051,0.7937049,0.8140918
9052,0.52074903,0.49202687
9053,0.24995458,0.25882268
9054,0.63078105,0.6385723
9055,0.40174526,0.35139883
9056,0.77831906,0.7395258
9057,0.16369149,0.14540087
9058,0.17749046,0.21558265
9059,0.8214744,0.8217204
9060,0.49281862,0.48639822
9061,0.23396948,0.28702092
9062,0.18233873,0.117100716
9063,0.73443496,0.72332305
9064,0.11310647,0.16111578
9065,0.76176876,0.73669463
9066,0.15725191,0.12853955
9067,0.9060935,0.9765658
9068,0.36171052,0.35314697
9069,0.7914566,0.69969666
9070,0.2772457,0.3134302
9071,0.58635694,0.54437155
9072,0.7676306,0.7339391
9073,0.6481372,0.6527571
9074,0.37182742,0.40522414
9075,0.44667974,0.43973833
9076,0.5031287,0.5015068
9077,0.98709464,0.9920684
9078,0.31690744,0.29075024
9079,0.20745696,0.18493484
9080,0.21326943,0.21695736
9081,0.4929745,0.4450463
9082,0.8452702,0.8757735
9083,0.054129507,0.10633628
9084,0.8361608,0.84662485
9085,0.3478986,0.34028757
9086,0.5589745,0.4668742
9087,0.840177,0.8492317
9088,0.6886506,0.58241296
9089,0.8483958,0.8039607
9090,0.2942372,0.13868402
9091,0.78874576,0.80625296
9092,0.3629211,0.34544027
9093,0.017854946,-0.016301949
9094,0.3906526,0.3981113
9095,0.33551255,0.34965134
9096,0.87118876,0.9109876
9097,0.9732864,0.95395803
9098,0.51480275,0.4881019
9099,0.90186524,0.916642
9100,0.29827666,0.30181545
9101,0.52882075,0.42045826
9102,0.11173523,0.08420421
9103,0.8910179,0.90224206
9104,0.08113793,0.01562639
9105,0.023253439,0.05438455
9106,0.41831005,0.38073364
9107,0.68515426,0.65294456
9108,0.09826784,0.16510136
9109,0.017405132,0.3076405
9110,0.6181337,0.6104878
9111,0.214178,0.2677698
9112,0.5431405,0.51694596
9113,0.080192804,0.094356135
9114,0.38646528,0.34291553
9115,0.34574968,0.30904582
9116,0.7756444,0.77493227
9117,0.9673047,0.94272983
9118,0.26083082,0.23139352
9119,0.29729852,0.3217473
9120,0.39128312,0.38585764
9121,0.15616608,0.15852444
9122,0.6894192,0.52643543
9123,0.03797462,0.044316936
9124,0.8721642,0.8936049
9125,0.3013465,0.291377
9126,0.8841858,0.86846983
9127,0.39242706,0.3477405
9128,0.40651512,0.4269396
9129,0.8955141,0.88336366
9130,0.608351,0.50434715
9131,0.9297894,0.9300097
9132,0.48811132,0.51390153
9133,0.19555427,0.21344917
9134,0.62183535,0.61899805
9135,0.9428481,0.9631294
9136,0.14573796,0.20399524
9137,0.93667185,0.95661104
9138,0.99059093,0.99788845
9139,0.42161408,0.37810814
9140,0.699154,0.6668904
9141,0.010354338,0.093715414
9142,0.1973146,0.15363988
9143,0.52560425,0.5182089
9144,0.48786497,0.49993986
9145,0.32367563,0.33020526
9146,0.044518467,0.032415528
9147,0.97434044,0.93658763
9148,0.5670805,0.6003165
9149,0.093097605,0.14257355
9150,0.15940444,0.1481017
9151,0.2434418,0.29852644
9152,0.4900732,0.50242066
9153,0.07165487,0.0938693
9154,0.9017223,0.9020515
9155,0.006943786,0.09404519
9156,0.13589539,0.17380388
9157,0.85758305,0.8617884
9158,0.25223958,0.21948381
9159,0.9708659,0.9167557
9160,0.601774,0.58282053
9161,0.21423627,0.21886833
9162,0.636591,0.61282325
9163,0.22987095,0.24416195
9164,0.6283372,0.6123981
9165,0.3483333,0.32956392
9166,0.8958816,0.91977745
9167,0.5398168,0.6205991
9168,0.2926478,0.21638256
9169,0.61047477,0.5835093
9170,0.36047727,0.37442857
9171,0.4290285,0.47541386
9172,0.13456728,0.11615273
9173,0.73940575,0.7163879
9174,0.111102656,0.0381559
9175,0.35915864,0.32647586
9176,0.24323024,0.23277804
9177,0.01268521,0.11733416
9178,0.9008801,0.92556703
9179,0.30154273,0.31476435
9180,0.27710176,0.2504777
9181,0.11715809,0.12850766
9182,0.34087893,0.29093754
9183,0.5845964,0.5680927
9184,0.30295566,0.27074692
9185,0.72440696,0.70162237
9186,0.91114676,0.91783166
9187,0.8008311,0.8551468
9188,0.13407087,0.17792687
9189,0.5430727,0.5368321
9190,0.0067390436,0.07456994
9191,0.80900264,0.7793291
9192,0.7992137,0.8447075
9193,0.6449655,0.61581004
9194,0.7592276,0.7024344
9195,0.47004536,0.42945993
9196,0.6147359,0.60459954
9197,0.43657628,0.43840832
9198,0.8380218,0.8883184
9199,0.31665987,0.31947243
9200,0.30644143,0.29280674
9201,0.81623626,0.810889
9202,0.26508096,0.2578034
9203,0.76556647,0.6730845
9204,0.65314627,0.66527057
9205,0.22152182,0.2200943
9206,0.27094856,0.27524695
9207,0.43196812,0.38025215
9208,0.29731268,0.2697417
9209,0.49540812,0.3875545
9210,0.4661154,0.44610485
9211,0.43928578,0.43320844
9212,0.7976997,0.82292885
9213,0.17736444,0.16043621
9214,0.41698676,0.38457835
9215,0.3995823,0.38670492
9216,0.401528,0.40965602
9217,0.6940919,0.70398474
9218,0.35663772,0.38270882
9219,0.5877673,0.5670645
9220,0.5342302,0.5707308
9221,0.51589864,0.51997316
9222,0.116602086,0.15141279
9223,0.11861573,0.12982266
9224,0.8788458,0.87364507
9225,0.14755203,0.1566379
9226,0.20510969,0.19840544
9227,0.6654756,0.61322886
9228,0.2842795,0.322715
9229,0.9259424,0.93560624
9230,0.23538484,0.20498155
9231,0.96198577,0.98850715
9232,0.2272213,0.22916491
9233,0.83517826,0.8169373
9234,0.10940062,0.18702494
9235,0.26645818,0.30421224
9236,0.9798782,0.96017563
9237,0.9494632,0.94800645
9238,0.9626289,0.96737844
9239,0.44697192,0.40005943
9240,0.64531755,0.6212518
9241,0.41463748,0.41532424
9242,0.81123316,0.799755
9243,0.34597751,0.3498315
9244,0.13921645,0.24527486
9245,0.5626287,0.55747217
9246,0.14169678,0.12919775
9247,0.7491795,0.7450541
9248,0.9231254,0.9413088
9249,0.35328642,0.33282933
9250,0.81237805,0.6697711
9251,0.6898528,0.68679565
9252,0.9511895,0.9500138
9253,0.36164597,0.36458257
9254,0.96421856,0.92613596
9255,0.5552034,0.5029872
9256,0.640737,0.6192933
9257,0.49897048,0.549629
9258,0.3554325,0.35946324
9259,0.23691179,0.2629929
9260,0.021925135,0.013545629
9261,0.678788,0.65320283
9262,0.34045637,0.29115352
9263,0.8025064,0.80571824
9264,0.8473295,0.8775964
9265,0.58958995,0.5758946
9266,0.56912595,0.56503046
9267,0.5165567,0.5668446
9268,0.989716,0.9726832
9269,0.60868406,0.66404283
9270,0.8472561,0.870711
9271,0.89353883,0.90567803
9272,0.8594792,0.89244175
9273,0.95610005,1.0048378
9274,0.44981736,0.39080575
9275,0.63622665,0.64373636
9276,0.4220248,0.41643056
9277,0.610654,0.5268666
9278,0.8595172,0.8419987
9279,0.31414232,0.3444447
9280,0.29585046,0.32770792
9281,0.8126109,0.8119042
9282,0.75338405,0.7532199
9283,0.5590473,0.5625163
9284,0.8361232,0.8510788
9285,0.8967222,0.9116352
9286,0.59894943,0.60371786
9287,0.3222416,0.3559289
9288,0.54020745,0.5083516
9289,0.13767295,0.09814675
9290,0.69558316,0.65495247
9291,0.83342904,0.8760109
9292,0.6048329,0.57697624
9293,0.34211627,0.38215894
9294,0.62303257,0.6108412
9295,0.9968062,1.0551189
9296,0.62933147,0.66040033
9297,0.8673164,0.921602
9298,0.3121585,0.33163863
9299,0.75602025,0.73987925
9300,0.7801826,0.75548875
9301,0.8366449,0.8430037
9302,0.23571254,0.2525398
9303,0.58003706,0.54082084
9304,0.30325347,0.3038259
9305,0.4022768,0.40727878
9306,0.4412208,0.28299093
9307,0.44902375,0.45055193
9308,0.92336977,0.95047504
9309,0.65309185,0.64843035
9310,0.24599685,0.33509922
9311,0.07152273,0.093613245
9312,0.16896981,0.18469347
9313,0.3566667,0.32701612
9314,0.2852656,0.30445528
9315,0.065760165,0.038121
9316,0.50485635,0.62886924
9317,0.6707586,0.67498165
9318,0.9271592,0.93983054
9319,0.97879297,0.96333617
9320,0.4979467,0.5139825
9321,0.6088638,0.6073825
9322,0.83893526,0.8511635
9323,0.63495374,0.6461513
9324,0.6759193,0.6781347
9325,0.84150195,0.8682702
9326,0.36657032,0.46727568
9327,0.03743372,0.09131993
9328,0.47546458,0.49439836
9329,0.36173418,0.35235918
9330,0.18197423,0.0966346
9331,0.3011297,0.3354835
9332,0.37895074,0.3691771
9333,0.33676252,0.3927306
9334,0.90097684,0.89167756
9335,0.3519213,0.33422625
9336,0.34047264,0.38605225
9337,0.9592945,0.92809874
9338,0.17493415,0.31911045
9339,0.36435255,0.34201497
9340,0.33954486,0.3852827
9341,0.20468642,0.21832477
9342,0.63981414,0.6082254
9343,0.38509935,0.40894103
9344,0.17986146,0.21025841
9345,0.71447027,0.76778305
9346,0.66909075,0.6596829
9347,0.17399631,0.14548552
9348,0.23591569,0.24021776
9349,0.29006493,0.3508525
9350,0.4035574,0.37866956
9351,0.89621615,0.82460606
9352,0.45072496,0.42387807
9353,0.9288604,0.95493007
9354,0.4952336,0.39394075
9355,0.04741949,0.06282298
9356,0.5814708,0.596094
9357,0.44499764,0.40050304
9358,0.43666723,0.41989166
9359,0.06649975,0.07551479
9360,0.36836758,0.3822049
9361,0.53379476,0.55927527
9362,0.58344597,0.57269824
9363,0.85445493,0.86395705
9364,0.77608544,0.7653763
9365,0.12579916,0.11117543
9366,0.9191424,0.9440313
9367,0.09163136,0.10229072
9368,0.9018916,0.906909
9369,0.40688613,0.38611847
9370,0.8615431,0.8279165
9371,0.157645,0.15175353
9372,0.5007736,0.45554546
9373,0.8173337,0.79319704
9374,0.5308845,0.55330396
9375,0.7220604,0.7129506
9376,0.0665151,0.11162402
9377,0.9525759,0.90690446
9378,0.066958345,0.07290213
9379,0.63490576,0.62744576
9380,0.3238328,0.35515726
9381,0.49721766,0.51092374
9382,0.14250517,0.18523915
9383,0.4787263,0.45778787
9384,0.9794151,0.9374389
9385,0.6132215,0.50039345
9386,0.8551416,0.8476219
9387,0.7584584,0.7367403
9388,0.16001612,0.1384598
9389,0.32853502,0.29962528
9390,0.23677385,0.26737362
9391,0.7470192,0.7289927
9392,0.6526382,0.6189427
9393,0.6985695,0.6478685
9394,0.73291004,0.5947203
9395,0.22511373,0.23548333
9396,0.7446495,0.768643
9397,0.9099088,0.9384101
9398,0.5252028,0.33724156
9399,0.105345994,0.113745436
9400,0.5465118,0.4905544
9401,0.32245252,0.36999977
9402,0.95555997,0.92645043
9403,0.56735504,0.53962666
9404,0.7783997,0.7635026
9405,0.23201655,0.22940905
9406,0.41691762,0.43700966
9407,0.94608855,0.92220753
9408,0.37547144,0.36371663
9409,0.48742834,0.45625207
9410,0.2819111,0.2489448
9411,0.86776406,0.82724863
9412,0.04420529,0.048778202
9413,0.69333935,0.6570715
9414,0.2775619,0.24381514
9415,0.36206132,0.34037644
9416,0.7997109,0.7770308
9417,0.6854294,0.6895995
9418,0.37441266,0.3704297
9419,0.23699093,0.22553599
9420,0.5222333,0.49377605
9421,0.626602,0.6099709
9422,0.42649794,0.43815893
9423,0.39740592,0.38803685
9424,0.55069697,0.5499491
9425,0.051935066,0.04110022
9426,0.11300223,0.22450525
9427,0.8372843,0.81765735
9428,0.56237304,0.54132444
9429,0.5728227,0.5103204
9430,0.5044995,0.4967131
9431,0.3339887,0.29335475
9432,0.7409766,0.6695516
9433,0.7865119,0.73234296
9434,0.7822431,0.70710504
9435,0.7558933,0.7275831
9436,0.39617878,0.37889367
9437,0.6878531,0.7442515
9438,0.22610559,0.26329377
9439,0.59300655,0.6206728
9440,0.059375204,0.057819307
9441,0.16402733,0.12984121
9442,0.60731965,0.6100091
9443,0.076435216,0.06308885
9444,0.009817355,0.01538658
9445,0.88199615,0.873894
9446,0.44736287,0.43389094
9447,0.0,-0.028782176
9448,0.96543044,0.97948974
9449,0.12344264,0.14456366
9450,0.45490974,0.47598362
9451,0.2954869,0.14553393
9452,0.5628041,0.5559326
9453,0.3211771,0.32037187
9454,0.4665565,0.4873968
9455,0.12154209,0.0911954
9456,0.6645971,0.69891554
9457,0.409964,0.4055488
9458,0.79667944,0.73772013
9459,0.46088502,0.46744612
9460,0.46419346,0.46962774
9461,0.9448052,0.98404956
9462,0.16755357,0.14790738
9463,0.056902006,0.026502473
9464,0.5216046,0.45859998
9465,0.7633288,0.78924596
9466,0.5009037,0.49621677
9467,0.5918356,0.57025474
9468,0.68040705,0.6756424
9469,0.75514823,0.812809
9470,0.52979904,0.47220808
9471,0.43164584,0.42098927
9472,0.24186017,0.08837935
9473,0.2989908,0.3233346
9474,0.8024358,0.7733489
9475,0.39435607,0.3583037
9476,0.09519302,0.13672912
9477,0.26597112,0.30673775
9478,0.76887625,0.7816848
9479,0.7058113,0.7337352
9480,0.090909265,0.12052195
9481,0.8925508,0.9107361
9482,0.8600382,0.8570001
9483,0.9437892,1.0009345
9484,0.09516578,0.061482277
9485,0.5814332,0.4896154
9486,0.05143112,0.08840345
9487,0.027129395,0.023487877
9488,0.15589407,0.15670946
9489,0.3712293,0.32053235
9490,0.2655829,0.27172592
9491,0.9603803,0.9795458
9492,0.93614787,0.95591176
9493,0.10453845,0.01009373
9494,0.9408337,0.9267656
9495,0.9788396,1.0420854
9496,0.33384857,0.34622103
9497,0.5059747,0.4795007
9498,0.09425243,0.14873254
9499,0.37619522,0.38922453
9500,0.785678,0.7660397
9501,0.13323103,0.10717557
9502,0.99049795,0.9474102
9503,0.9527356,1.011268
9504,0.49955714,0.4986834
9505,0.9445567,0.939708
9506,0.36382344,0.34957212
9507,0.33993107,0.3739935
9508,0.82964927,0.8254814
9509,0.5759948,0.5745076
9510,0.74953526,0.785926
9511,0.48989972,0.47587034
9512,0.5073435,0.5142151
9513,0.31520393,0.30298573
9514,0.6707642,0.61883545
9515,0.018909894,0.12239359
9516,0.16805014,0.2326534
9517,0.6070216,0.59761345
9518,0.5975434,0.5851996
9519,0.51945823,0.4771798
9520,0.35956654,0.3587251
9521,0.09265374,0.09888686
9522,0.70805186,0.711657
9523,0.0051740794,0.07130934
9524,0.42872342,0.33775106
9525,0.9262632,0.9628815
9526,0.8969075,0.8972107
9527,0.49016958,0.41172338
9528,0.8215001,0.83160305
9529,0.99271476,0.9636931
9530,0.3009919,0.27539685
9531,0.24511884,0.21095817
9532,0.00048249832,0.060639787
9533,0.31581017,0.32265761
9534,0.48685378,0.51758575
9535,0.4225739,0.4148103
9536,0.5040457,0.50695336
9537,0.35945272,0.3786431
9538,0.49806234,0.48086256
9539,0.48511308,0.4750595
9540,0.7840167,0.7852969
9541,0.08270226,0.0889138
9542,0.37902385,0.3406278
9543,0.6232183,0.5792711
9544,0.2395248,0.25192994
9545,0.9819726,0.9979014
9546,0.4872185,0.36747754
9547,0.79609424,0.7808005
9548,0.84627855,0.82684785
9549,0.12599912,0.10725154
9550,0.5690222,0.58574885
9551,0.09555188,0.12446074
9552,0.5796686,0.5780491
9553,0.0064997682,0.09071131
9554,0.5906858,0.55849683
9555,0.67440724,0.7066468
9556,0.26729518,0.26852947
9557,0.77307874,0.81086946
9558,0.029612776,0.089085504
9559,0.72128826,0.7284288
9560,0.41682693,0.4057355
9561,0.81430227,0.86071795
9562,0.5227278,0.4777097
9563,0.948836,0.9550535
9564,0.18582901,0.18363677
9565,0.8344612,0.81309766
9566,0.13237545,0.104767814
9567,0.64576703,0.6669234
9568,0.61783046,0.591265
9569,0.08922413,0.05961594
9570,0.05636007,0.022056416
9571,0.13782904,0.11711457
9572,0.12623858,0.1280268
9573,0.6460969,0.6414146
9574,0.77331924,0.82163185
9575,0.6903001,0.69588906
9576,0.43284926,0.44826448
9577,0.468022,0.4573751
9578,0.51357013,0.4743628
9579,0.30907673,0.33917242
9580,0.3329308,0.35141093
9581,0.1714187,0.20853211
9582,0.57060456,0.57718897
9583,0.24655946,0.26831955
9584,0.9552152,0.98521465
9585,0.91144806,0.91979873
9586,0.6742118,0.6590943
9587,0.96688956,0.99395967
9588,0.48095608,0.4002206
9589,0.50065994,0.5005386
9590,0.6347706,0.6338803
9591,0.114082485,0.096661106
9592,0.9589446,0.9556609
9593,0.6925253,0.70115167
9594,0.1649152,0.21655203
9595,0.50204945,0.4962698
9596,0.9995588,1.0270528
9597,0.94506,0.9223362
9598,0.9077989,0.9217419
9599,0.18553637,0.16586198
9600,0.9541183,0.9605655
9601,0.9555758,1.0338641
9602,0.16240561,0.17861773
9603,0.038910665,0.058593538
9604,0.14761211,0.2226714
9605,0.2580332,0.30096877
9606,0.09528304,0.07804082
9607,0.38891566,0.37200308
9608,0.6723779,0.65516424
9609,0.92326117,0.9433071
9610,0.44011468,0.39578235
9611,0.6075437,0.381038
9612,0.9881307,0.93530345
9613,0.7872451,0.7965835
9614,0.82512915,0.84492135
9615,0.030816803,0.037574906
9616,0.8383548,0.8260433
9617,0.4333138,0.38807225
9618,0.37959024,0.36469913
9619,0.42190474,0.43769112
9620,0.5872411,0.5657112
9621,0.9012521,0.9298281
9622,0.83154917,0.88707626
9623,0.7162986,0.69321233
9624,0.25818014,0.27057302
9625,0.16422,0.12463543
9626,0.6107641,0.60310143
9627,0.7721415,0.7706433
9628,0.47827497,0.4902421
9629,0.29695788,0.2814713
9630,0.9485794,0.88661647
9631,0.061294716,0.027965177
9632,0.9802827,0.9741057
9633,0.877014,0.9043552
9634,0.82429546,0.81325567
9635,0.15864508,0.12782587
9636,0.03624825,0.062018234
9637,0.9657992,0.9784251
9638,0.6086153,0.6067102
9639,0.3491624,0.3750194
9640,0.3014119,0.32098436
9641,0.8186154,0.61793923
9642,0.35175833,0.3405885
9643,0.23930176,0.18125628
9644,0.3947135,0.40352085
9645,0.5093731,0.5298838
9646,0.84082675,0.85304654
9647,0.95814335,0.91627765
9648,0.23930529,0.19491422
9649,0.4788528,0.44786212
9650,0.49364808,0.45869383
9651,0.50242525,0.4530174
9652,0.057924822,0.08893414
9653,0.4774706,0.513329
9654,0.073669076,0.068513796
9655,0.3326233,0.3541416
9656,0.22622469,0.24047114
9657,0.45576257,0.44632813
9658,0.43409535,0.4242607
9659,0.71562755,0.68354356
9660,0.62141705,0.5693388
9661,0.94557637,0.9436898
9662,0.61949563,0.61934257
9663,0.17911506,0.17226933
9664,0.3401417,0.38482243
9665,0.8226795,0.8678565
9666,0.8961195,0.86533916
9667,0.6212973,0.5927875
9668,0.9949967,1.0510856
9669,0.42688087,0.38261786
9670,0.27918458,0.29335183
9671,0.63956106,0.6118667
9672,0.7522355,0.74506235
9673,0.15404911,0.17090014
9674,0.8285943,0.7271206
9675,0.47879037,0.440268
9676,0.4976393,0.50083715
9677,0.63734025,0.61406547
9678,0.44097567,0.4162224
9679,0.5167398,0.51452315
9680,0.6002956,0.5940377
9681,0.24046062,0.28488353
9682,0.34255975,0.3144746
9683,0.47035646,0.4139458
9684,0.6203039,0.55019695
9685,0.33494508,0.32744002
9686,0.12841253,0.18383464
9687,0.7904563,0.7773555
9688,0.7866435,0.76688814
9689,0.8771425,0.85414666
9690,0.24972098,0.2923438
9691,0.24998054,0.2338507
9692,0.255133,0.29675227
9693,0.92159474,0.92613256
9694,0.4382479,0.38248512
9695,0.28995377,0.24587438
9696,0.703944,0.6384288
9697,0.60840636,0.587749
9698,0.022491008,0.010464368
9699,0.82207865,0.83834004
9700,0.76578844,0.5863963
9701,0.4837292,0.46769437
9702,0.51342607,0.50516427
9703,0.6331827,0.7018812
9704,0.5585553,0.5571616
9705,0.57911676,0.5963237
9706,0.77704924,0.74538267
9707,0.27015188,0.28168952
9708,0.30495107,0.29916543
9709,0.14038976,0.18069214
9710,0.19769126,0.15615833
9711,0.21816422,0.1669144
9712,0.099436246,0.12354974
9713,0.23419885,0.26682812
9714,0.5170307,0.5096512
9715,0.8621391,0.89008456
9716,0.5488999,0.59407437
9717,0.081999846,0.13458943
9718,0.3940466,0.3369261
9719,0.5208988,0.53825647
9720,0.29512447,0.30799827
9721,0.25804472,0.24021924
9722,0.0257856,0.0016549062
9723,0.57435226,0.56695056
9724,0.40580174,0.40940446
9725,0.50110537,0.4623027
9726,0.12783244,0.0945197
9727,0.35630265,0.369974
9728,0.50241566,0.48491535
9729,0.62507004,0.612044
9730,0.98220474,0.94067144
9731,0.8847857,0.8507539
9732,0.32256103,0.32786673
9733,0.58700067,0.5988867
9734,0.46871108,0.50340474
9735,0.046611074,-0.0007560216
9736,0.7048104,0.74523056
9737,0.72970676,0.69984716
9738,0.53331965,0.49370807
9739,0.4006841,0.3693215
9740,0.41590932,0.42627224
9741,0.49734363,0.45858112
9742,0.23888133,0.2758709
9743,0.25758657,0.25122958
9744,0.3400715,0.34762245
9745,0.07628252,0.058514636
9746,0.8161578,0.8489618
9747,0.92177486,0.97166026
9748,0.3991575,0.32860607
9749,0.014222072,0.061133306
9750,0.63923377,0.6340073
9751,0.63165444,0.612419
9752,0.7787599,0.7635122
9753,0.94359446,0.99476105
9754,0.22544496,0.3003864
9755,0.8443891,0.8513429
9756,0.98320735,0.97233427
9757,0.09647086,0.0799409
9758,0.25688928,0.2849116
9759,0.33160204,0.28996256
9760,0.7625185,0.77818274
9761,0.50920194,0.542799
9762,0.81544036,0.80373436
9763,0.21109739,0.16925545
9764,0.54383105,0.5613958
9765,0.79867655,0.8236639
9766,0.8555387,0.84700584
9767,0.42873716,0.35758975
9768,0.14169581,0.14361317
9769,0.34146348,0.41510966
9770,0.27961284,0.2497773
9771,0.97923434,0.958385
9772,0.168586,0.11657564
9773,0.8058827,0.7995174
9774,0.9142904,0.96542954
9775,0.3852319,0.40297577
9776,0.33038524,0.39572996
9777,0.3508852,0.38820922
9778,0.8187306,0.7795283
9779,0.2772049,0.27727073
9780,0.6942734,0.7433932
9781,0.17783602,0.21825556
9782,0.29285103,0.31015062
9783,0.693013,0.6806266
9784,0.87702346,0.8650833
9785,0.43896472,0.44368
9786,0.044590022,0.05244
9787,0.39123026,0.3993105
9788,0.9462848,0.9820154
9789,0.68219167,0.6651045
9790,0.058276568,0.036331844
9791,0.91923034,0.96530056
9792,0.84096545,0.7966758
9793,0.10052082,0.048770275
9794,0.710917,0.711097
9795,0.41239068,0.43676832
9796,0.12271491,0.11400272
9797,0.81018364,0.76901066
9798,0.5514113,0.554566
9799,0.0037555024,0.04103173
9800,0.33647534,0.3365322
9801,0.32405737,0.30172855
9802,0.46990085,0.4506418
9803,0.7686833,0.7704509
9804,0.31728747,0.3464979
9805,0.83628345,0.8069688
9806,0.2958684,0.34003675
9807,0.15443248,0.15907459
9808,0.6398592,0.6755701
9809,0.51362246,0.4985596
9810,0.29078934,0.33875418
9811,0.44188434,0.4628362
9812,0.8526764,0.8293722
9813,0.4861663,0.4412458
9814,0.7453363,0.797355
9815,0.9498785,0.9660689
9816,0.59030473,0.54365623
9817,0.51662314,0.5118164
9818,0.355547,0.30282182
9819,0.21826094,0.24082041
9820,0.27000207,0.25591403
9821,0.67136604,0.6880416
9822,0.02449586,0.057132944
9823,0.7955177,0.763282
9824,0.3870349,0.37302965
9825,0.26866493,0.28707218
9826,0.4090193,0.37911844
9827,0.871105,0.8738784
9828,0.95610005,0.9980508
9829,0.40529844,0.32025486
9830,0.86296046,0.8849965
9831,0.78708416,0.6788715
9832,0.9854612,0.9783046
9833,0.8355712,0.8098597
9834,0.56656057,0.582411
9835,0.2874871,0.2503872
9836,0.6875957,0.7311073
9837,0.3888655,0.43181014
9838,0.59693617,0.5724032
9839,0.44705424,0.50099146
9840,0.82408816,0.80399
9841,0.20766059,0.17367314
9842,0.6941267,0.71639466
9843,0.21248184,0.2653409
9844,0.65996116,0.6712397
9845,0.15020551,0.1540613
9846,0.27661476,0.3216099
9847,0.1870174,0.20189042
9848,0.6285549,0.49519914
9849,0.8485826,0.893824
9850,0.6184703,0.59816223
9851,0.47406018,0.5525876
9852,0.71796286,0.7491489
9853,0.5210453,0.55519027
9854,0.34169248,0.3136946
9855,0.6292044,0.62040764
9856,0.7990708,0.6330137
9857,0.35832167,0.3674369
9858,0.085801825,0.023010954
9859,0.8557976,0.8730212
9860,0.64351904,0.6208313
9861,0.6476096,0.65996665
9862,0.53863865,0.5254969
9863,0.22238183,0.26916164
9864,0.15849811,0.1023729
9865,0.9606215,0.9145373
9866,0.40533358,0.4304955
9867,0.78821373,0.80771863
9868,0.79442644,0.81233644
9869,0.2979317,0.30082285
9870,0.90857846,0.81953216
9871,0.42134517,0.44320062
9872,0.9554013,0.9487016
9873,0.46194744,0.5209471
9874,0.864406,0.8678617
9875,0.8378629,0.8383235
9876,0.88059175,0.90504026
9877,0.5086239,0.5067416
9878,0.6289192,0.6475314
9879,0.11570258,0.12552775
9880,0.60154164,0.65531564
9881,0.8598842,0.8683196
9882,0.448692,0.3969043
9883,0.78041553,0.7701011
9884,0.4553726,0.46490398
9885,0.19353038,0.20507509
9886,0.30285865,0.29431832
9887,0.33507493,0.34871584
9888,0.28624505,0.29107875
9889,0.028462673,0.09323378
9890,0.019650366,0.014856268
9891,0.47863823,0.46074954
9892,0.8369177,0.879972
9893,0.8060302,0.8424808
9894,0.17381652,0.06575549
9895,0.34602433,0.33164042
9896,0.15068515,0.13257386
9897,0.8275428,0.8078081
9898,0.2863005,0.26469862
9899,0.60598886,0.648355
9900,0.16916707,0.13693325
9901,0.041716017,0.07682936
9902,0.99633056,0.9503679
9903,0.91599345,0.9012852
9904,0.46729377,0.54254186
9905,0.25196752,0.22686161
9906,0.576128,0.5669509
9907,0.2452833,0.26014757
9908,0.7788512,0.7019826
9909,0.86174554,0.8979804
9910,0.010657387,0.019480426
9911,0.16260432,0.13990548
9912,0.19758472,0.21474534
9913,0.8138949,0.87607026
9914,0.13532925,0.19101454
9915,0.04402089,-0.00010415539
9916,0.6417316,0.6297266
9917,0.079467684,0.10103549
9918,0.9915748,0.98555285
9919,0.8574567,0.88646996
9920,0.9213293,0.8898867
9921,0.16274214,0.12087861
9922,0.763539,0.8177744
9923,0.47079325,0.46468344
9924,0.43535632,0.46333754
9925,0.33256182,0.33752936
9926,0.2617865,0.28084052
9927,0.21866307,0.22175689
9928,0.61746824,0.6125108
9929,0.9994634,0.9307114
9930,0.20541663,0.23479353
9931,0.56298244,0.60975695
9932,0.5332352,0.44971037
9933,0.4665673,0.41084903
9934,0.14050947,0.10494662
9935,0.29435763,0.31591353
9936,0.9986402,1.0181111
9937,0.7918416,0.7942263
9938,0.8810743,0.9007565
9939,0.90127844,0.9088336
9940,0.1847831,0.19797748
9941,0.8386658,0.9494251
9942,0.6224394,0.69245714
9943,0.64327693,0.61614126
9944,0.08630681,0.05651269
9945,0.24988537,0.2183305
9946,0.24038228,0.23552594
9947,0.8731673,0.84618866
9948,0.29725468,0.2397445
9949,0.70228064,0.6649231
9950,0.32143492,0.33621562
9951,0.26124442,0.34891564
9952,0.13621664,0.15660727
9953,0.6219685,0.61379135
9954,0.7873934,0.7880057
9955,0.095106214,0.1177616
9956,0.501417,0.50980896
9957,0.46999118,0.3584603
9958,0.8248559,0.8536061
9959,0.2078436,0.19849217
9960,0.3508299,0.35127187
9961,0.7731954,0.7686502
9962,0.20182407,0.25021166
9963,0.21171202,0.22878405
9964,0.42432186,0.42621624
9965,0.8849347,0.92424214
9966,0.47886083,0.51736474
9967,0.58478063,0.63676894
9968,0.74944794,0.7608808
9969,0.80907804,0.78940713
9970,0.12060574,0.07183096
9971,0.8290796,0.8555418
9972,0.81492263,0.89250416
9973,0.60905904,0.61732626
9974,0.3345833,0.3466075
9975,0.08937874,0.11324054
9976,0.21418597,0.17234801
9977,0.43869045,0.360155
9978,0.732136,0.6830903
9979,0.6196891,0.50155413
9980,0.67651564,0.64342755
9981,0.23628539,0.2699778
9982,0.92704886,0.9546602
9983,0.7455942,0.755525
9984,0.5616933,0.4975016
9985,0.5668425,0.5455636
9986,0.24158493,0.23738576
9987,0.01646203,0.086835414
9988,0.33891526,0.343404
9989,0.0056459843,0.00087359175
9990,0.4668171,0.40685156
9991,0.48468968,0.46721816
9992,0.08363987,0.01888379
9993,0.45009515,0.4677295
9994,0.10915897,0.09814942
9995,0.34585267,0.3330799
9996,0.9250378,0.979941
9997,0.9491702,0.9054971
9998,0.61877203,0.6228187
9999,0.029570723,0.0713381
10000,0.20829079,0.22881894
10001,0.61923915,0.60817814
10002,0.2871583,0.26072836
10003,0.11599998,0.14977278
10004,0.9358331,0.9499062
10005,0.18789832,0.19367234
10006,0.39808398,0.37379402
10007,0.5295502,0.4638574
10008,0.59200335,0.5652811
10009,0.21419075,0.20060425
10010,0.9449464,1.00969
10011,0.14662959,0.16704904
10012,0.9787262,0.97416484
10013,0.96141243,0.96789205
10014,0.53061694,0.537751
10015,0.7015457,0.6983845
10016,0.10609152,0.10686934
10017,0.6199097,0.6557046
10018,0.91683805,0.95634407
10019,0.900944,1.0017811
10020,0.08767637,0.13315439
10021,0.77823424,0.7898711
10022,0.61059576,0.658257
10023,0.57093793,0.5223016
10024,0.022537086,0.08448008
10025,0.8482037,0.9074381
10026,0.4028654,0.41665927
10027,0.061256412,0.060097937
10028,0.5155035,0.48090544
10029,0.9786218,0.9763799
10030,0.768468,0.7721707
10031,0.43706575,0.4374321
10032,0.48920873,0.48441523
10033,0.43522307,0.4574472
10034,0.960689,0.9950899
10035,0.39064854,0.39527813
10036,0.62392664,0.635519
10037,0.9342709,0.9066042
10038,0.41796637,0.42671022
10039,0.089512564,0.06292942
10040,0.71278733,0.6761473
10041,0.3456373,0.34935874
10042,0.02108942,0.03888252
10043,0.4802168,0.4568232
10044,0.4293956,0.38061836
10045,0.04732645,0.078958616
10046,0.24114189,0.24503957
10047,0.9128483,0.9629618
10048,0.99414074,1.0083625
10049,0.9355717,0.92048
10050,0.5006306,0.43990615
10051,0.70517385,0.7134014
10052,0.20930682,0.24597122
10053,0.57331675,0.5018622
10054,0.67066514,0.64109564
10055,0.07068242,0.088054314
10056,0.9665702,0.97598326
10057,0.64786905,0.54179746
10058,0.014919861,0.02822651
10059,0.15887402,0.31878048
10060,0.7973791,0.77165306
10061,0.22568989,0.24586073
10062,0.12330095,0.20434187
10063,0.3902507,0.3551088
10064,0.60224724,0.5854073
10065,0.7331868,0.6875177
10066,0.08004438,0.061072677
10067,0.8971677,0.86271363
10068,0.95553976,0.99274945
10069,0.2265392,0.24053195
10070,0.15850003,0.15482365
10071,0.7694231,0.69691736
10072,0.3630374,0.37158197
10073,0.34112275,0.35223508
10074,0.30068314,0.31828833
10075,0.22245486,0.24398485
10076,0.15662055,0.12156823
10077,0.07769714,0.08200264
10078,0.9929334,1.0193917
10079,0.5078707,0.53520805
10080,0.8802403,0.9281698
10081,0.6608665,0.6347648
10082,0.5939829,0.5762447
10083,0.32123864,0.28005153
10084,0.053156476,0.01676175
10085,0.83088195,0.82062685
10086,0.69102865,0.7072243
10087,0.74162155,0.73036253
10088,0.5481535,0.45801163
10089,0.24367137,0.1949371
10090,0.8230543,0.85317856
10091,0.49737513,0.46489888
10092,0.590886,0.6360478
10093,0.78972584,0.84464365
10094,0.35861108,0.37438
10095,0.625728,0.6216518
10096,0.7656373,0.7658815
10097,0.33681613,0.35124046
10098,0.99121416,1.0217403
10099,0.017388074,0.04720436
10100,0.8820585,0.8958893
10101,0.6048616,0.60669667
10102,0.98737454,0.96819276
10103,0.22553484,0.22810726
10104,0.420534,0.4127732
10105,0.74975866,0.8285715
10106,0.97792417,1.0106317
10107,0.51865906,0.50914156
10108,0.78395253,0.836045
10109,0.1456344,0.2725982
10110,0.09989753,0.057347134
10111,0.740172,0.6902485
10112,0.20375252,0.2779037
10113,0.39115295,0.42327884
10114,0.5337238,0.51675504
10115,0.9674375,0.9835296
10116,0.95847005,0.9603134
10117,0.14650728,0.2300161
10118,0.81760573,0.6712167
10119,0.9899879,0.96913266
10120,0.24811508,0.31925943
10121,0.48760575,0.54535323
10122,0.9753568,0.93371904
10123,0.6496112,0.60481685
10124,0.4276802,0.50448585
10125,0.05060424,0.06814827
10126,0.87481934,0.8688151
10127,0.6931587,0.49041212
10128,0.73994976,0.7129687
10129,0.53618664,0.5588281
10130,0.9283591,0.91962606
10131,0.5657675,0.51761913
10132,0.7414843,0.7714636
10133,0.842667,0.83465433
10134,0.35991865,0.36463428
10135,0.08357688,0.11319086
10136,0.9329945,0.9793492
10137,0.08449903,0.07136074
10138,0.587692,0.59828293
10139,0.975658,0.97011125
10140,0.49493778,0.47978258
10141,0.9212919,0.99646145
10142,0.66314507,0.6426654
10143,0.16348234,0.15156339
10144,0.65136945,0.60628104
10145,0.10508522,0.107625574
10146,0.007873429,0.060337935
10147,0.6786722,0.65340525
10148,0.9548693,0.9514886
10149,0.9816576,0.9702966
10150,0.95410913,0.9905407
10151,0.6992774,0.63756025
10152,0.6882618,0.72476137
10153,0.6351209,0.5861908
10154,0.84558856,0.8695272
10155,0.35813034,0.3298284
10156,0.13080755,0.13240886
10157,0.55838215,0.61618745
10158,0.9779108,1.0012566
10159,0.9015835,0.9095475
10160,0.14919807,0.1846984
10161,0.80495363,0.8132063
10162,0.4814087,0.46062016
10163,0.52857727,0.51625144
10164,0.9627053,0.9495533
10165,0.7223636,0.6897001
10166,0.20927392,0.22048712
10167,0.5627934,0.52341676
10168,0.9526415,0.9251046
10169,0.4634302,0.39720148
10170,0.6043432,0.59616685
10171,0.6670522,0.6432082
10172,0.6562579,0.66738194
10173,0.6554761,0.6366262
10174,0.7748731,0.80532223
10175,0.2295944,0.3315109
10176,0.31382787,0.30912268
10177,0.64742506,0.69461906
10178,0.1689813,0.16453786
10179,0.45985317,0.45673662
10180,0.70237005,0.6647314
10181,0.31381994,0.33991593
10182,0.071343176,-0.016539734
10183,0.028257152,0.013297234
10184,0.8930033,0.92456317
10185,0.084646344,0.071059
10186,0.09169677,0.14452472
10187,0.06678008,0.04324472
10188,0.75952435,0.6833817
10189,0.16840433,0.17340216
10190,0.61831063,0.5733739
10191,0.5245456,0.49203098
10192,0.7579266,0.78175724
10193,0.6653456,0.69637966
10194,0.5443942,0.5540801
10195,0.845362,0.85472924
10196,0.874826,0.8814048
10197,0.20197715,0.19008973
10198,0.6215271,0.638023
10199,0.21489969,0.19073632
10200,0.27884567,0.29748213
10201,0.66302884,0.6093892
10202,0.23776136,0.2493213
10203,0.7390922,0.7240975
10204,0.4903541,0.4805693
10205,0.6302949,0.5958725
10206,0.10234372,0.11151279
10207,0.05507968,0.03938347
10208,0.5018651,0.48876813
10209,0.6143673,0.6096709
10210,0.31824887,0.3581563
10211,0.5984585,0.527749
10212,0.91449374,0.9670883
10213,0.17386799,0.15773492
10214,0.10602009,0.13528955
10215,0.67605954,0.67517126
10216,0.6342973,0.60174567
10217,0.6430155,0.6012523
10218,0.892236,0.89145947
10219,0.08156447,0.056456223
10220,0.44483197,0.45545417
10221,0.6749176,0.68152434
10222,0.48567507,0.4849118
10223,0.14181662,0.118690096
10224,0.57814777,0.55484533
10225,0.28409243,0.26949927
10226,0.8612664,0.83960974
10227,0.20693535,0.18185101
10228,0.81790316,0.7995037
10229,0.3113654,0.30752856
10230,0.6925526,0.6626797
10231,0.8468808,0.81990737
10232,0.83546686,0.81583035
10233,0.22610335,0.20489913
10234,0.15306802,0.18038237
10235,0.88421696,0.8961116
10236,0.49895847,0.5379204
10237,0.59030473,0.578023
10238,0.9010934,0.89688337
10239,0.48296434,0.4484856
10240,0.374131,0.38473395
10241,0.23182514,0.236058
10242,0.53524965,0.5562815
10243,0.09700529,0.114344
10244,0.7049918,0.72038066
10245,0.18923183,0.21012904
10246,0.17464104,0.24290092
10247,0.35581416,0.45556295
10248,0.7796583,0.75570875
10249,0.81317806,0.84810555
10250,0.8426374,0.85091025
10251,0.96172935,0.9313543
10252,0.006601894,0.04637533
10253,0.35984752,0.3222699
10254,0.07617984,0.101142436
10255,0.95211715,1.0039665
10256,0.75079995,0.52316105
10257,0.81652856,0.7923966
10258,0.8412274,0.83317
10259,0.31504294,0.33141437
10260,0.39587107,0.38872963
10261,0.64203423,0.63792056
10262,0.8750544,0.8954409
10263,0.98131335,0.96449685
10264,0.06764015,0.05489808
10265,0.27164817,0.23086257
10266,0.021109758,0.054695223
10267,0.7026687,0.7004404
10268,0.5121348,0.5116483
10269,0.97320735,0.97966796
10270,0.2396912,0.2544999
10271,0.38270012,0.38781473
10272,0.12374905,0.13343863
10273,0.59570926,0.53562665
10274,0.5112032,0.5459113
10275,0.9155444,0.9137335
10276,0.3648835,0.39105132
10277,0.6066372,0.48584768
10278,0.043202102,0.066131055
10279,0.055175822,0.06330031
10280,0.13883172,0.16785543
10281,0.55750835,0.58908933
10282,0.6598119,0.60567814
10283,0.70344865,0.7032717
10284,0.32024103,0.36456248
10285,0.26522508,0.23480637
10286,0.09966988,0.07213682
10287,0.34207678,0.34737152
10288,0.72404075,0.7225553
10289,0.90474343,0.908529
10290,0.763281,0.73768526
10291,0.61108214,0.58748007
10292,0.6456163,0.58888566
10293,0.26469865,0.28291988
10294,0.17633428,0.2505284
10295,0.60161984,0.6301567
10296,0.23796538,0.18778063
10297,0.9354465,0.98453414
10298,0.75226516,0.73061633
10299,0.37860832,0.3729758
10300,0.89848286,0.8969362
10301,0.2851849,0.2636273
10302,0.85711086,0.890384
10303,0.91689295,0.90866804
10304,0.92707396,0.94442904
10305,0.35400042,0.38550612
10306,0.7943102,0.80627465
10307,0.98474467,0.9640956
10308,0.00039319927,0.013464939
10309,0.48483154,0.46626654
10310,0.2839766,0.305046
10311,0.608212,0.6187761
10312,0.038118917,0.082883805
10313,0.16091017,0.22238952
10314,0.8909023,0.90120095
10315,0.39367688,0.41379994
10316,0.08553727,0.09840789
10317,0.8221969,0.78678095
10318,0.5985181,0.5516978
10319,0.71616,0.704402
10320,0.036999233,0.0076021105
10321,0.33888623,0.3246274
10322,0.33223706,0.3441186
10323,0.4930368,0.4683301
10324,0.21874811,0.20309341
10325,0.9129894,0.969996
10326,0.36667252,0.34335208
10327,0.019059125,-0.011205897
10328,0.51728326,0.54940856
10329,0.6311211,0.61834455
10330,0.75628686,0.7644385
10331,0.7129672,0.70318127
10332,0.09247747,0.0687771
10333,0.5371165,0.55057573
10334,0.4972035,0.5119671
10335,0.47017983,0.5001678
10336,0.022386804,0.039242953
10337,0.46933794,0.48561215
10338,0.23463024,0.25230306
10339,0.7072355,0.67755574
10340,0.13497171,0.13935372
10341,0.06539767,0.04983291
10342,0.84833974,0.84945095
10343,0.6547381,0.6140103
10344,0.9981764,1.0324882
10345,0.6735713,0.7144298
10346,0.6796412,0.6092464
10347,0.627898,0.64980847
10348,0.43601337,0.37474883
10349,0.7958619,0.7231963
10350,0.6561874,0.67882717
10351,0.22614154,0.2193677
10352,0.87631714,0.8637722
10353,0.7570212,0.75158304
10354,0.91485065,0.95908487
10355,0.3317313,0.28330463
10356,0.64801186,0.64951736
10357,0.6935059,0.710098
10358,0.59078926,0.6397311
10359,0.51569843,0.5182756
10360,0.1070471,0.108024076
10361,0.5479681,0.6241185
10362,0.6422393,0.6523269
10363,0.46546263,0.47276723
10364,0.7661702,0.7642967
10365,0.21222024,0.20373185
10366,0.6859517,0.6814404
10367,0.89300174,0.90678865
10368,0.013879397,0.046790097
10369,0.84712374,0.8089145
10370,0.62464595,0.5902451
10371,0.63171583,0.6665844
10372,0.7098396,0.7230847
10373,0.3163356,0.32112217
10374,0.28082862,0.27379745
10375,0.7876885,0.75140613
10376,0.9678472,0.90068716
10377,0.38759103,0.37150404
10378,0.06805296,0.024589691
10379,0.82050997,0.86792755
10380,0.7504054,0.698021
10381,0.17293966,0.24718441
10382,0.534946,0.5015708
10383,0.92709285,0.9177508
10384,0.22086498,0.17652163
10385,0.69728714,0.6341421
10386,0.4953464,0.452219
10387,0.39472592,0.4175955
10388,0.47737566,0.49219835
10389,0.38741606,0.39176774
10390,0.55182886,0.5672295
10391,0.9873177,0.9437542
10392,0.5944339,0.38708544
10393,0.89500105,0.9713235
10394,0.71523213,0.7145133
10395,0.46258947,0.49460125
10396,0.9997362,0.87681127
10397,0.04238617,0.035012435
10398,0.13970368,0.17735548
10399,0.11786203,0.13675869
10400,0.416855,0.4073082
10401,0.8182545,0.85062027
10402,0.9112496,0.8583674
10403,0.29887113,0.3145752
10404,0.47967467,0.43447542
10405,0.97150004,0.9448351
10406,0.48263162,0.42085174
10407,0.93258923,0.95470154
10408,0.21885188,0.22985059
10409,0.23875806,0.17290998
10410,0.11396632,0.10009493
10411,0.1688814,0.16510628
10412,0.10035677,0.077879846
10413,0.44797826,0.45114613
10414,0.96894014,0.96520996
10415,0.2602439,0.2791133
10416,0.4511693,0.45730275
10417,0.93919605,0.9613973
10418,0.6339634,0.6299051
10419,0.5410923,0.5247513
10420,0.36775744,0.3275908
10421,0.06933618,0.093783036
10422,0.043622077,0.03696278
10423,0.7799339,0.8049233
10424,0.14521497,0.14248002
10425,0.79498327,0.79249406
10426,0.9824845,0.9763777
10427,0.44330698,0.4473397
10428,0.83731896,0.848935
10429,0.6736573,0.6717745
10430,0.23410934,0.26085228
10431,0.9025716,0.89663255
10432,0.8379341,0.851615
10433,0.47797817,0.41795886
10434,0.43240172,0.43177772
10435,0.6034988,0.5736423
10436,0.80795014,0.82697874
10437,0.7655612,0.7718808
10438,0.25676557,0.24377757
10439,0.23655449,0.2514087
10440,0.54365325,0.46117514
10441,0.7053092,0.70023465
10442,0.32261166,0.28221196
10443,0.3511972,0.3339253
10444,0.46731132,0.4324013
10445,0.43056244,0.41551763
10446,0.83804077,0.8379593
10447,0.6086641,0.5531343
10448,0.7570442,0.779248
10449,0.72423524,0.7027058
10450,0.8158469,0.76612127
10451,0.9847435,0.9763663
10452,0.5385393,0.53244823
10453,0.61913216,0.59849167
10454,0.4297834,0.4436773
10455,0.530546,0.5143306
10456,0.28712472,0.27818435
10457,0.763023,0.7085776
10458,0.1496191,0.24678913
10459,0.120344,0.113371015
10460,0.5043039,0.46992353
10461,0.68338084,0.6779036
10462,0.03797631,0.06608604
10463,0.024403062,0.010772584
10464,0.8736076,0.874877
10465,0.22303106,0.18831868
10466,0.2201618,0.21286434
10467,0.9505661,0.9729154
10468,0.83977675,0.81272817
10469,0.5091486,0.47945166
10470,0.2897814,0.25818014
10471,0.6713206,0.66743153
10472,0.081244916,0.06570904
10473,0.23029184,0.25599885
10474,0.6811572,0.69620764
10475,0.28452733,0.30543226
10476,0.5267739,0.48727518
10477,0.6709016,0.689479
10478,0.3141529,0.31802458
10479,0.80043954,0.78958845
10480,0.23526219,0.19771743
10481,0.417515,0.37264466
10482,0.50886244,0.55708134
10483,0.29148132,0.35320097
10484,0.9842404,0.9450922
10485,0.72688496,0.60078526
10486,0.37432575,0.3953853
10487,0.3080585,0.28911433
10488,0.3699487,0.38062754
10489,0.50176215,0.5036233
10490,0.5440888,0.45292
10491,0.0039165914,0.0039656293
10492,0.9077614,0.9259709
10493,0.25232968,0.4859109
10494,0.20139933,0.22355022
10495,0.25378183,0.23446241
10496,0.94723696,0.94430643
10497,0.8309398,0.9218873
10498,0.022996968,0.051683705
10499,0.23713793,0.26649177
10500,0.54915416,0.47014388
10501,0.84977394,0.88196826
10502,0.03420502,0.033690047
10503,0.17249663,0.26361808
10504,0.16361114,0.20189454
10505,0.8643527,0.8708235
10506,0.7043115,0.70643675
10507,0.6607799,0.6829277
10508,0.96890855,0.9276235
10509,0.15579611,0.1574841
10510,0.9765682,0.9489833
10511,0.84692705,0.820361
10512,0.8212031,0.84801316
10513,0.121222034,0.15743245
10514,0.9591735,0.8794725
10515,0.9895296,0.9603285
10516,0.9800325,1.020441
10517,0.5017454,0.53751165
10518,0.6151468,0.63043374
10519,0.91752416,1.0020783
10520,0.60257083,0.5530709
10521,0.5142431,0.45354614
10522,0.2974639,0.30732366
10523,0.7862828,0.8003951
10524,0.80124867,0.7893826
10525,0.24350868,0.25861573
10526,0.5266423,0.55419844
10527,0.49736568,0.50635004
10528,0.59423465,0.5945523
10529,0.88893044,0.94901335
10530,0.42742416,0.43526798
10531,0.2638523,0.27838072
10532,0.55843425,0.47925743
10533,0.73004997,0.74916667
10534,0.93577194,0.9770817
10535,0.13079028,0.099873915
10536,0.60520035,0.58296895
10537,0.5784764,0.5697349
10538,0.96375513,0.9361917
10539,0.07049167,0.02027626
10540,0.6357201,0.66635334
10541,0.9872693,0.9928197
10542,0.6469629,0.6932357
10543,0.72283214,0.75601846
10544,0.08699419,0.1652521
10545,0.4635624,0.4572632
10546,0.03913759,0.09131862
10547,0.9233844,0.98699653
10548,0.09087422,0.0026958995
10549,0.5382384,0.5121145
10550,0.08411902,0.07566178
10551,0.3932221,0.3926909
10552,0.79567915,0.81437486
10553,0.95386183,0.9842919
10554,0.037623182,0.054963823
10555,0.20846549,0.2801964
10556,0.97009087,1.0266492
10557,0.23071764,0.22104356
10558,0.12053346,0.06548132
10559,0.5787189,0.55510193
10560,0.7854406,0.77997106
10561,0.2647519,0.26369935
10562,0.46725327,0.41919947
10563,0.6816365,0.6606921
10564,0.90482754,0.9763883
10565,0.45012316,0.4594366
10566,0.12388013,0.14613749
10567,0.32336497,0.28698754
10568,0.88708293,0.90571845
10569,0.86491513,0.8645771
10570,0.89646465,0.8304679
10571,0.09045171,0.07549338
10572,0.046061255,0.078018814
10573,0.3360396,0.35671967
10574,0.4075662,0.41900468
10575,0.12698087,0.19639577
10576,0.8203048,0.777341
10577,0.7952214,0.864068
10578,0.91293854,0.96114856
10579,0.7952709,0.78998977
10580,0.06563556,0.022212937
10581,0.29519358,0.29586792
10582,0.17622687,0.20579572
10583,0.4089348,0.47725368
10584,0.45744,0.47336233
10585,0.14876923,0.24530089
10586,0.1623274,0.19274633
10587,0.81597227,0.84526235
10588,0.8684754,0.9172904
10589,0.71537566,0.71180654
10590,0.832325,0.8916964
10591,0.7786393,0.7441736
10592,0.4704508,0.45771766
10593,0.11731285,0.1348883
10594,0.9941252,1.0251518
10595,0.9322499,0.9146909
10596,0.7554665,0.7771346
10597,0.19864154,0.1998538
10598,0.67465085,0.66595817
10599,0.81654155,0.8468881
10600,0.071119905,0.042212278
10601,0.6799848,0.6617964
10602,0.58252126,0.6177159
10603,0.8637412,0.9152443
10604,0.28743988,0.30518055
10605,0.67009807,0.70541555
10606,0.17590368,0.22042288
10607,0.30761188,0.34152317
10608,0.9082723,0.9386783
10609,0.83164525,0.85926574
10610,0.09602564,0.07276167
10611,0.24093062,0.26926166
10612,0.5355274,0.5455052
10613,0.69623315,0.7457094
10614,0.7079839,0.6578918
10615,0.32279253,0.33276772
10616,0.54846317,0.5703824
10617,0.66426694,0.67095244
10618,0.10926672,0.16177525
10619,0.21906519,0.21242535
10620,0.9788533,0.93448716
10621,0.59772205,0.57897323
10622,0.3101893,0.30634654
10623,0.28066373,0.29044402
10624,0.4618935,0.47027332
10625,0.14723605,0.17011431
10626,0.27147713,0.25117394
10627,0.34046653,0.38268638
10628,0.73647124,0.7331211
10629,0.9047051,0.9490875
10630,0.1558597,0.19659255
10631,0.3795008,0.38479057
10632,0.22177343,0.2003166
10633,0.45495945,0.4901315
10634,0.5718222,0.562753
10635,0.1954649,0.18630703
10636,0.69742846,0.6627587
10637,0.024365624,0.033618707
10638,0.7424113,0.7305409
10639,0.41778308,0.3821037
10640,0.67631006,0.5923487
10641,0.82965153,0.8548185
10642,0.7373231,0.7390125
10643,0.048950695,0.060976077
10644,0.5252855,0.50166917
10645,0.54266316,0.5698472
10646,0.8834278,0.8747302
10647,0.7287934,0.74324346
10648,0.31986585,0.34209293
10649,0.7924587,0.78472376
10650,0.25068325,0.2654492
10651,0.88287574,0.901192
10652,0.62862074,0.65714675
10653,0.80799097,0.82562816
10654,0.49775776,0.51215434
10655,0.29082024,0.269167
10656,0.71956396,0.7061981
10657,0.43879533,0.44687432
10658,0.752891,0.7327509
10659,0.6510116,0.61864007
10660,0.89328796,0.8646333
10661,0.37641013,0.3463351
10662,0.9553676,0.95088726
10663,0.7923256,0.76503265
10664,0.24244891,0.26218987
10665,0.43908897,0.45344093
10666,0.32401434,0.38912433
10667,0.61080074,0.6132104
10668,0.83658624,0.80967045
10669,0.07478359,-0.026254248
10670,0.31508243,0.3320561
10671,0.98524845,0.9767326
10672,0.09901931,0.06876914
10673,0.22246568,0.21709435
10674,0.8458616,0.832271
10675,0.7379762,0.78555006
10676,0.15869108,0.17960949
10677,0.13112845,0.14140055
10678,0.611886,0.5186446
10679,0.5237737,0.49363896
10680,0.4443289,0.42356446
10681,0.941689,0.9582492
10682,0.6808801,0.69052106
10683,0.6357326,0.5970135
10684,0.9907003,0.94199604
10685,0.64086795,0.63273144
10686,0.35146314,0.35658136
10687,0.6201617,0.6144984
10688,0.06137701,0.07494265
10689,0.69450384,0.7206656
10690,0.9015212,0.8882104
10691,0.7252203,0.7262554
10692,0.9420457,0.89829975
10693,0.7008975,0.7082486
10694,0.51972973,0.53099906
10695,0.5828842,0.5551632
10696,0.07168263,0.09008251
10697,0.19235966,0.24265182
10698,0.9835264,1.0140259
10699,0.18488945,0.15157847
10700,0.00051609176,-0.047727652
10701,0.009545776,0.051026285
10702,0.44066194,0.46961048
10703,0.33270156,0.5240854
10704,0.35323048,0.33011043
10705,0.42216167,0.421288
10706,0.5654344,0.5330831
10707,0.087481126,0.0842143
10708,0.39667127,0.34311092
10709,0.5525279,0.5829565
10710,0.21491036,0.19678766
10711,0.31814554,0.30973133
10712,0.8153666,0.8225414
10713,0.16120237,0.17868021
10714,0.02488525,0.10105775
10715,0.12722157,0.061849333
10716,0.26035812,0.26136845
10717,0.2582349,0.36996654
10718,0.53795123,0.54495806
10719,0.83478427,0.79520947
10720,0.56756306,0.5322526
10721,0.6169657,0.5741941
10722,0.21003725,0.2309236
10723,0.029560098,-0.01810293
10724,0.8043672,0.757671
10725,0.35306737,0.35139057
10726,0.7994326,0.80877906
10727,0.02977125,-0.0053037573
10728,0.81704843,0.816543
10729,0.4904725,0.5008242
10730,0.027858645,-0.020716721
10731,0.610952,0.57243025
10732,0.084955245,0.033483915
10733,0.79242885,0.7468905
10734,0.7006558,0.6990154
10735,0.081266984,0.06748417
10736,0.43219665,0.4019917
10737,0.91144127,0.90178096
10738,0.82487273,0.8392522
10739,0.15338382,0.13540623
10740,0.58579427,0.5254309
10741,0.00059348426,0.014471447
10742,0.7142344,0.68532324
10743,0.76264995,0.7612519
10744,0.61845213,0.60285026
10745,0.38715088,0.38698488
10746,0.47685978,0.44366696
10747,0.38244176,0.33069992
10748,0.6761712,0.6162185
10749,0.72823846,0.70662427
10750,0.2676416,0.24537914
10751,0.3161704,0.28668088
10752,0.881239,0.9146074
10753,0.029066086,0.027469289
10754,0.65291804,0.62926704
10755,0.26823455,0.35174206
10756,0.96556,1.0134616
10757,0.21855497,0.20550515
10758,0.32082063,0.31553373
10759,0.28330854,0.29392698
10760,0.6008061,0.55950236
10761,0.5210063,0.5041656
10762,0.117741175,0.1371906
10763,0.12080332,0.09924163
10764,0.9008142,0.92159575
10765,0.53332716,0.55161756
10766,0.047665376,0.0041417293
10767,0.6409229,0.63945943
10768,0.64099616,0.63087314
10769,0.44657686,0.44377008
10770,0.52341413,0.5642354
10771,0.70737344,0.65923727
10772,0.79987067,0.78154594
10773,0.35316756,0.32814333
10774,0.08063249,0.07404946
10775,0.43917122,0.4170848
10776,0.9848393,0.91704094
10777,0.07359228,0.1191266
10778,0.06579913,0.08185436
10779,0.9541085,0.933815
10780,0.8950909,0.9441404
10781,0.66130495,0.6624629
10782,0.78748506,0.7537873
10783,0.82408327,0.8513366
10784,0.66914064,0.6674117
10785,0.14030987,0.17812955
10786,0.51375234,0.56471515
10787,0.9358971,0.9592077
10788,0.18172653,0.1829057
10789,0.89287555,0.88985467
10790,0.6710048,0.66276705
10791,0.43875822,0.45060775
10792,0.014405666,0.031242963
10793,0.25404048,0.27404976
10794,0.953758,0.9506077
10795,0.83693445,0.87417805
10796,0.22260635,0.25538185
10797,0.40511397,0.35403576
10798,0.563975,0.5507857
10799,0.9649939,0.9752587
10800,0.9884386,0.9714373
10801,0.97140366,1.0026383
10802,0.92121184,0.9835902
10803,0.6320556,0.61852306
10804,0.25826037,0.27360192
10805,0.90445274,0.9282359
10806,0.27575454,0.2972904
10807,0.9799934,0.9336795
10808,0.8726439,0.90930617
10809,0.9394812,0.99276465
10810,0.29429966,0.29035434
10811,0.22775757,0.23381567
10812,0.63458544,0.51630867
10813,0.6587923,0.38432688
10814,0.76429224,0.7493626
10815,0.75968254,0.74303335
10816,0.92790335,0.95685685
10817,0.59674525,0.60454905
10818,0.7314405,0.6883306
10819,0.46851406,0.5246089
10820,0.0026247273,0.06419629
10821,0.4805395,0.47186428
10822,0.41551152,0.4137563
10823,0.7894802,0.80066323
10824,0.2536223,0.25813222
10825,0.007002705,0.030248508
10826,0.628469,0.6533802
10827,0.14993861,0.18748213
10828,0.77885234,0.76280266
10829,0.74897397,0.74719405
10830,0.5008964,0.45474797
10831,0.4175173,0.43307424
10832,0.43451884,0.43490702
10833,0.7331649,0.7830376
10834,0.79574597,0.7791092
10835,0.60227364,0.6314301
10836,0.98393303,0.9228546
10837,0.38479283,0.4038145
10838,0.9939109,1.0063776
10839,0.5235034,0.58202374
10840,0.8997922,0.9225983
10841,0.87003094,0.85703427
10842,0.45948908,0.46082819
10843,0.6308815,0.6540825
10844,0.82994825,0.8745567
10845,0.36485428,0.4225312
10846,0.2290935,0.27981365
10847,0.5241651,0.49064875
10848,0.565033,0.57046175
10849,0.55985034,0.5631566
10850,0.5599071,0.57782656
10851,0.58494073,0.53920496
10852,0.36049905,0.31819016
10853,0.23861685,0.3362177
10854,0.7891999,0.72230655
10855,0.5549154,0.59596866
10856,0.4498757,0.52127224
10857,0.93020254,0.9749187
10858,0.5314358,0.5492681
10859,0.5435408,0.55568796
10860,0.1577904,0.16626449
10861,0.68971145,0.6862055
10862,0.41376308,0.38539463
10863,0.9209462,0.9436684
10864,0.46597,0.4642083
10865,0.1935991,0.17259355
10866,0.3483068,0.28093034
10867,0.4635104,0.4775858
10868,0.4750888,0.41555327
10869,0.3846934,0.3972693
10870,0.9782603,1.0279795
10871,0.7997117,0.8381838
10872,0.7843711,0.7770249
10873,0.30197752,0.310156
10874,0.49146935,0.4889022
10875,0.019388735,0.06459288
10876,0.5725866,0.60504246
10877,0.5132758,0.49303854
10878,0.29529613,0.22284342
10879,0.47386625,0.47295892
10880,0.16278209,0.1801627
10881,0.7522659,0.71646833
10882,0.7460244,0.7199921
10883,0.32479858,0.3056544
10884,0.28804862,0.31704605
10885,0.344274,0.39051735
10886,0.5424221,0.55401385
10887,0.8222682,0.8281174
10888,0.35853446,0.35262206
10889,0.9910295,0.9345019
10890,0.21136254,0.17087997
10891,0.061048985,0.054771874
10892,0.7159467,0.56413686
10893,0.2955026,0.31140694
10894,0.01590938,0.046961296
10895,0.17429174,0.1900251
10896,0.1536679,0.16190061
10897,0.11366246,0.1087296
10898,0.14775793,0.12789917
10899,0.51514584,0.4765063
10900,0.111390285,0.19519074
10901,0.45010448,0.47815853
10902,0.29568887,0.30595192
10903,0.8757649,0.8584899
10904,0.92961746,0.97335213
10905,0.015225657,0.07639046
10906,0.42156345,0.41102034
10907,0.46986273,0.34301704
10908,0.05060291,0.042871285
10909,0.5288852,0.52800775
10910,0.9498659,0.94264567
10911,0.15399408,0.16165361
10912,0.6515168,0.6368836
10913,0.7032735,0.6988106
10914,0.19222783,0.14042902
10915,0.92536724,0.92240536
10916,0.1373556,0.15178142
10917,0.0065935473,0.022581775
10918,0.90571964,0.90754735
10919,0.19008024,0.2015105
10920,0.6107085,0.59814316
10921,0.66012293,0.6982882
10922,0.3383081,0.30260235
10923,0.74411166,0.7597907
10924,0.060571875,0.0701939
10925,0.5790594,0.5928523
10926,0.38520208,0.40805393
10927,0.92902535,0.9459674
10928,0.9688979,0.9274464
10929,0.9122762,0.9428752
10930,0.61057633,0.57228637
10931,0.31365347,0.33885196
10932,0.7401496,0.6968751
10933,0.8308881,0.8154399
10934,0.8148779,0.7754516
10935,0.0569276,0.034253825
10936,0.2927544,0.28478208
10937,0.12599872,0.12050016
10938,0.40382823,0.36069697
10939,0.5481259,0.5872869
10940,0.074025124,0.06619932
10941,0.7616982,0.79708606
10942,0.8371512,0.5101128
10943,0.5852186,0.5705141
10944,0.74056095,0.7188311
10945,0.7583911,0.78849375
10946,0.5183749,0.4820829
10947,0.38859186,0.37786978
10948,0.45861766,0.46954668
10949,0.36174497,0.36360174
10950,0.417641,0.40495506
10951,0.5128143,0.48905963
10952,0.8147845,0.77697533
10953,0.5260032,0.55098736
10954,0.5235034,0.46661678
10955,0.5288632,0.49922648
10956,0.59531075,0.55553335
10957,0.7523481,0.55370486
10958,0.51678556,0.53011644
10959,0.5666366,0.54878145
10960,0.55285674,0.49863917
10961,0.63044775,0.58061236
10962,0.023964101,0.022769874
10963,0.3053466,0.2865693
10964,0.44294995,0.44892228
10965,0.48469615,0.43113562
10966,0.056856383,0.013958825
10967,0.3525104,0.31680584
10968,0.51232886,0.52431244
10969,0.13920888,0.023926077
10970,0.07737441,0.0765385
10971,0.39153865,0.39459258
10972,0.913892,0.91676474
10973,0.34213468,0.32106552
10974,0.060713038,0.052932993
10975,0.13207227,0.14054331
10976,0.25040382,0.24273877
10977,0.2230554,0.23170239
10978,0.60030687,0.62151766
10979,0.8698536,0.88869953
10980,0.10464892,0.027512757
10981,0.4032951,0.3427627
10982,0.23675576,0.19612575
10983,0.70196384,0.7141364
10984,0.15769255,0.19228238
10985,0.4305449,0.4234973
10986,0.5961535,0.5687932
10987,0.48961884,0.5037528
10988,0.41760895,0.41101396
10989,0.27884763,0.26152304
10990,0.8300956,0.8236949
10991,0.8324162,0.84261215
10992,0.8928918,0.9086987
10993,0.6653263,0.60609776
10994,0.57945174,0.5378645
10995,0.77606773,0.6690488
10996,0.8309893,0.8268713
10997,0.29006946,0.27094436
10998,0.51761305,0.48385596
10999,0.81100136,0.816141
11000,0.8238538,0.79998636
11001,0.078408316,0.026631905
11002,0.3659125,0.34161258
11003,0.56399935,0.59331113
11004,0.5706945,0.5822966
11005,0.99383295,1.0278693
11006,0.17956638,0.18821555
11007,0.59672123,0.5598012
11008,0.40070257,0.38355583
11009,0.7679209,0.76050955
11010,0.9184652,0.9192223
11011,0.95543396,0.9692086
11012,0.6375278,0.6490933
11013,0.5356419,0.53906614
11014,0.032493733,0.092922375
11015,0.115476824,0.09333588
11016,0.98048836,0.9378376
11017,0.6328443,0.6305912
11018,0.84883124,0.86342764
11019,0.67874855,0.69699
11020,0.0412728,0.05505226
11021,0.45081294,0.43030152
11022,0.559597,0.58302647
11023,0.353785,0.3602228
11024,0.91124374,0.9339063
11025,0.95978504,0.95108175
11026,0.38477957,0.4036423
11027,0.57399744,0.5959213
11028,0.9258326,0.9445508
11029,0.013942788,0.057219826
11030,0.84888905,0.90983087
11031,0.7781593,0.7707773
11032,0.8692219,0.86726284
11033,0.6018796,0.6034756
11034,0.9689463,0.89333373
11035,0.24548595,0.225758
11036,0.82014364,0.7603586
11037,0.052668925,0.07492457
11038,0.7481099,0.76831806
11039,0.8309398,0.8507205
11040,0.5547869,0.5488979
11041,0.64892733,0.6325944
11042,0.79534405,0.8462524
11043,0.6907756,0.59139687
11044,0.90770286,0.9509693
11045,0.9185433,0.8768606
11046,0.39883217,0.42073298
11047,0.57409346,0.54866946
11048,0.7208621,0.6970263
11049,0.14084578,0.15202917
11050,0.81317186,0.8841762
11051,0.4905714,0.3513925
11052,0.11432152,0.10539831
11053,0.35439208,0.35099962
11054,0.5180737,0.5339103
11055,0.8511858,0.8796754
11056,0.86383396,0.91292256
11057,0.9478507,0.91015464
11058,0.2359291,0.19111417
11059,0.4406031,0.44807383
11060,0.4027273,0.2760957
11061,0.2721404,0.26770073
11062,0.9481786,0.9960909
11063,0.39671534,0.4179075
11064,0.9858071,0.9566476
11065,0.10892711,0.09477018
11066,0.594522,0.5303546
11067,0.1700838,0.19823657
11068,0.04253801,0.0014006607
11069,0.0040696934,0.08279094
11070,0.27856782,0.2906197
11071,0.9873691,1.0185813
11072,0.80187213,0.7850466
11073,0.82113284,0.83435977
11074,0.8654434,0.8837233
11075,0.9512367,0.9458097
11076,0.822868,0.8193957
11077,0.8643666,0.8508707
11078,0.16898923,0.16643314
11079,0.9554681,1.0451597
11080,0.6335016,0.65103847
11081,0.7004955,0.69702524
11082,0.50715244,0.53322345
11083,0.6714636,0.66656256
11084,0.43305966,0.4462307
11085,0.22749667,0.34556228
11086,0.09544588,0.04552017
11087,0.2891797,0.30794877
11088,0.5619974,0.5802242
11089,0.88175565,0.8693879
11090,0.7133922,0.73268527
11091,0.75398916,0.7193777
11092,0.8821819,0.8734408
11093,0.94670784,0.98464185
11094,0.7810925,0.78978676
11095,0.82052624,0.8268619
11096,0.42222357,0.41302693
11097,0.13327083,0.10322507
11098,0.33106253,0.3240165
11099,0.0025504625,0.16934463
11100,0.77250975,0.7572681
11101,0.6936574,0.725802
11102,0.51803386,0.5744924
11103,0.86529136,0.8826768
11104,0.4622882,0.47339523
11105,0.21204093,0.23293574
11106,0.25301006,0.2715066
11107,0.6826508,0.66834
11108,0.6567285,0.64706916
11109,0.5060707,0.5710932
11110,0.30227762,0.28347087
11111,0.22037782,0.27460784
11112,0.8203968,0.8206464
11113,0.19376579,0.17937873
11114,0.083722584,0.064560115
11115,0.98045367,0.97728455
11116,0.69364494,0.6953288
11117,0.42067108,0.43632978
11118,0.6500717,0.6728784
11119,0.42198727,0.48101413
11120,0.3206642,0.295667
11121,0.629041,0.58011246
11122,0.652094,0.67439324
11123,0.8087613,0.77180594
11124,0.45862624,0.40345812
11125,0.45220545,0.41621983
11126,0.5877079,0.6262152
11127,0.61967343,0.58933693
11128,0.6102156,0.5642681
11129,0.7288016,0.70432216
11130,0.5609124,0.46364594
11131,0.5910253,0.6534502
11132,0.21053812,0.22143634
11133,0.53788817,0.582361
11134,0.5453759,0.57288575
11135,0.05442736,0.04765813
11136,0.6362876,0.6307836
11137,0.22312845,0.23654759
11138,0.18812649,0.21856563
11139,0.77332133,0.777878
11140,0.29690966,0.26397666
11141,0.8927001,0.8579404
11142,0.129223,0.10791157
11143,0.56602335,0.52920747
11144,0.02845686,0.0668488
11145,0.7922245,0.83052385
11146,0.12995496,0.13332303
11147,0.09456062,0.0830379
11148,0.3140974,0.37000078
11149,0.17130576,0.22106232
11150,0.19954383,0.19783534
11151,0.5607942,0.55945766
11152,0.42998996,0.46303594
11153,0.32430065,0.37206894
11154,0.4742914,0.44120806
11155,0.6151858,0.6006031
11156,0.67650884,0.64130586
11157,0.5992377,0.6087707
11158,0.050876677,0.12954535
11159,0.3258626,0.34592378
11160,0.22542024,0.23454677
11161,0.8422303,0.8443168
11162,0.45392284,0.476161
11163,0.7099417,0.7185077
11164,0.027386522,0.052208748
11165,0.26453882,0.29003406
11166,0.10014021,0.08667818
11167,0.5888374,0.627665
11168,0.17695807,0.22230549
11169,0.23974606,0.35090417
11170,0.9283971,0.8372835
11171,0.95305336,0.921065
11172,0.9858503,0.9654719
11173,0.9672262,0.9323976
11174,0.15196961,0.12712984
11175,0.486265,0.44758517
11176,0.88255703,0.8962582
11177,0.5658903,0.5240249
11178,0.52092,0.4395246
11179,0.31275705,0.29702574
11180,0.9467653,0.9768728
11181,0.8190666,0.7786876
11182,0.06466386,0.07484685
11183,0.6000047,0.53708154
11184,0.4479537,0.49460036
11185,0.3241472,0.34458935
11186,0.23720802,0.25612777
11187,0.11336704,0.15217821
11188,0.4128773,0.334907
11189,0.6650855,0.6795893
11190,0.68586534,0.66428196
11191,0.8186561,0.80463827
11192,0.9400848,0.9445687
11193,0.122319624,0.14269513
11194,0.2780053,0.3370922
11195,0.3853098,0.3709198
11196,0.3249699,0.40117317
11197,0.023240726,0.018191237
11198,0.93493265,0.93853086
11199,0.9800115,0.9826172
11200,0.043506667,0.017319132
11201,0.034524262,0.049466077
11202,0.52403396,0.52613634
11203,0.8838478,0.86343414
11204,0.70583135,0.64980966
11205,0.031235483,0.012816161
11206,0.7164212,0.70735884
11207,0.7777463,0.72794825
11208,0.733069,0.7559491
11209,0.52326053,0.54241806
11210,0.06280188,0.11609696
11211,0.42153344,0.42131802
11212,0.27839836,0.25993162
11213,0.6484079,0.65273356
11214,0.19607817,0.11249481
11215,0.6828466,0.6826497
11216,0.23985405,0.23838113
11217,0.8966016,0.90640545
11218,0.025526762,0.07070736
11219,0.78815657,0.8040666
11220,0.27501604,0.277415
11221,0.25405255,0.24885345
11222,0.68693304,0.6433629
11223,0.53113276,0.48330778
11224,0.58350307,0.57682663
11225,0.9007691,0.96025926
11226,0.8510011,0.8230316
11227,0.53234375,0.4686409
11228,0.6503942,0.6124551
11229,0.03569952,0.030870376
11230,0.28691587,0.25305858
11231,0.7600569,0.7386852
11232,0.2901602,0.29602483
11233,0.83971345,0.8457451
11234,0.8232716,0.7987766
11235,0.544478,0.5393188
11236,0.3077395,0.2885757
11237,0.541794,0.5450988
11238,0.5961749,0.5839114
11239,0.49424633,0.45572937
11240,0.28150022,0.28531417
11241,0.31512192,0.2903478
11242,0.2306551,0.24734837
11243,0.62232804,0.57648414
11244,0.3988825,0.3364889
11245,0.07571296,0.015529035
11246,0.5486131,0.46542957
11247,0.63708377,0.63177955
11248,0.5460135,0.5039896
11249,0.60302436,0.63150454
11250,0.6333933,0.5932802
11251,0.60953826,0.59529555
11252,0.39314532,0.3720453
11253,0.77748007,0.79974145
11254,0.26125622,0.25128672
11255,0.78525263,0.793092
11256,0.0038880229,0.053266637
11257,0.7018903,0.5987988
11258,0.5621003,0.58651817
11259,0.13938601,0.09367713
11260,0.7956738,0.80536795
11261,0.9979415,1.0119227
11262,0.1580078,0.13346638
11263,0.77270246,0.7310227
11264,0.11537941,0.15201576
11265,0.510493,0.49021927
11266,0.97352016,0.9529214
11267,0.6469319,0.6306612
11268,0.8967241,0.89668185
11269,0.56271446,0.48087528
11270,0.42628357,0.402949
11271,0.70410967,0.74033624
11272,0.6792664,0.66443
11273,0.11046252,0.10084358
11274,0.09023372,0.21014155
11275,0.3042637,0.20214412
11276,0.6552002,0.67112297
11277,0.6722946,0.6580326
11278,0.32257187,0.25679606
11279,0.9864169,0.9878322
11280,0.719907,0.68920696
11281,0.99187356,0.93817496
11282,0.35454985,0.3979173
11283,0.98271114,0.9478897
11284,0.050026596,0.31550223
11285,0.27223638,0.27998975
11286,0.95626444,0.97804004
11287,0.59364915,0.59425366
11288,0.6190319,0.62598497
11289,0.92767346,0.9911044
11290,0.77705914,0.82654047
11291,0.8560478,0.8295684
11292,0.18029033,0.13977791
11293,0.3740914,0.31024203
11294,0.4407036,0.41409853
11295,0.9343779,0.99303293
11296,0.2917359,0.33172855
11297,0.6855767,0.6779693
11298,0.5132176,0.5129672
11299,0.02496777,0.012726765
11300,0.8993509,0.91654
11301,0.10362636,0.108251184
11302,0.6214478,0.61389476
11303,0.21066548,0.19145563
11304,0.62710696,0.55878896
11305,0.77414703,0.7175622
11306,0.52547044,0.51696557
11307,0.24636091,0.33135906
11308,0.982829,0.94862664
11309,0.655089,0.6373527
11310,0.6831718,0.63275933
11311,0.10442581,0.11409742
11312,0.38431403,0.36945596
11313,0.37370187,0.36644235
11314,0.501597,0.4300871
11315,0.50067276,0.35627285
11316,0.5997588,0.46111754
11317,0.72392744,0.68724287
11318,0.011530326,0.04796956
11319,0.27437264,0.29000768
11320,0.46834344,0.45459613
11321,0.7484452,0.72604233
11322,0.14128478,0.16966258
11323,0.85764676,0.8227516
11324,0.8496372,0.85002327
11325,0.1596131,0.18557127
11326,0.8254796,0.8236369
11327,0.11544983,0.16219513
11328,0.77977455,0.775865
11329,0.1870174,0.17503485
11330,0.42616725,0.4617608
11331,0.6948712,0.66552424
11332,0.36748463,0.30827752
11333,0.160008,0.16972071
11334,0.7090653,0.7008531
11335,0.02884668,0.060922932
11336,0.9621722,0.8986686
11337,0.0884412,0.19629739
11338,0.9550835,0.99185264
11339,0.70824057,0.6929462
11340,0.54127854,0.53642267
11341,0.9598542,0.95791113
11342,0.8127979,0.8124393
11343,0.83748865,0.8526837
11344,0.5858437,0.5144834
11345,0.079988845,0.13701388
11346,0.12459207,0.123810664
11347,0.053834192,0.073431864
11348,0.5709417,0.5293892
11349,0.109212555,0.10348643
11350,0.31206807,0.2648061
11351,0.35189667,0.32666862
11352,0.17917748,0.28679627
11353,0.99673563,1.0696311
11354,0.43895504,0.43669868
11355,0.676212,0.4016369
11356,0.5980876,0.60107535
11357,0.46943942,0.47411686
11358,0.00024833638,0.11197497
11359,0.8267231,0.8559086
11360,0.7839877,0.7617473
11361,0.8051649,0.8034399
11362,0.4548942,0.4317804
11363,0.7407621,0.7426639
11364,0.31967542,0.29866976
11365,0.82133436,0.8218494
11366,0.8201222,0.8600316
11367,0.11057504,0.13790363
11368,0.8571584,0.92534274
11369,0.7047092,0.6355022
11370,0.4987725,0.50316304
11371,0.23036331,0.30000365
11372,0.6024762,0.6212726
11373,0.20540676,0.24227901
11374,0.20079216,0.19628061
11375,0.15762344,0.18338485
11376,0.8269192,0.8085049
11377,0.33063582,0.29111552
11378,0.1299505,0.08374829
11379,0.7643951,0.7886968
11380,0.35817397,0.3317235
11381,0.37669423,0.42336106
11382,0.08555143,0.09702991
11383,0.59418523,0.5892443
11384,0.4846811,0.49530417
11385,0.51846457,0.5259819
11386,0.79532224,0.815663
11387,0.14071387,0.16582392
11388,0.07178815,0.14163293
11389,0.09830975,0.15306959
11390,0.3089118,0.28993076
11391,0.5340909,0.52216625
11392,0.0516541,0.099097475
11393,0.88343495,0.88635164
11394,0.798815,0.8016006
11395,0.4771036,0.48762828
11396,0.78652066,0.82206225
11397,0.16035093,0.17375006
11398,0.69652236,0.6771456
11399,0.99608475,0.9762326
11400,0.46436512,0.44690353
11401,0.6356544,0.63489765
11402,0.8708266,0.8957763
11403,0.63038266,0.61591804
11404,0.033887684,-0.00047723576
11405,0.74599224,0.71809924
11406,0.15918094,0.1361274
11407,0.98242694,0.9107358
11408,0.23831429,0.2365528
11409,0.7081707,0.72772825
11410,0.025333887,0.061296802
11411,0.267575,0.24988092
11412,0.3148425,0.3307834
11413,0.2885571,0.2589426
11414,0.20173568,0.26754007
11415,0.40375087,0.44019687
11416,0.36190853,0.26745558
11417,0.07291131,0.16007426
11418,0.9441343,0.9283666
11419,0.9453152,0.92928827
11420,0.4825278,0.46159592
11421,0.6122812,0.60065347
11422,0.03880911,0.06323673
11423,0.46347052,0.47035292
11424,0.19665828,0.16674529
11425,0.16236249,0.13442194
11426,0.13717395,0.12022628
11427,0.91653526,0.9428266
11428,0.06288983,0.09042199
11429,0.009096732,0.067691594
11430,0.2413777,0.29158166
11431,0.43841645,0.44898084
11432,0.5027321,0.48626417
11433,0.7114716,0.69578385
11434,0.19298841,0.20897035
11435,0.07152615,0.06398171
11436,0.03514853,0.058183122
11437,0.9471318,0.9258094
11438,0.759568,0.7378683
11439,0.76357645,0.67847437
11440,0.7519191,0.70960027
11441,0.15239877,0.2246902
11442,0.2821394,0.2563499
11443,0.18569106,0.19584505
11444,0.8653197,0.853528
11445,0.8290422,0.82285553
11446,0.12604731,0.08722037
11447,0.13260758,0.18164247
11448,0.44919884,0.42609608
11449,0.6932619,0.6692884
11450,0.9022353,0.96679795
11451,0.5315595,0.4863341
11452,0.38136798,0.3900687
11453,0.97380924,0.91160727
11454,0.9463579,0.9436094
11455,0.73887205,0.76788104
11456,0.55541635,0.56566536
11457,0.7160508,0.7034642
11458,0.6439405,0.64211786
11459,0.05108074,0.14122991
11460,0.10940818,0.15542066
11461,0.09791579,0.095350206
11462,0.021062544,0.019809257
11463,0.8357988,0.8339681
11464,0.7274549,0.7361694
11465,0.19953452,0.19328822
11466,0.6855366,0.747316
11467,0.83120114,0.8713509
11468,0.20854138,0.18284681
11469,0.6568666,0.610945
11470,0.79370826,0.7847339
11471,0.27754486,0.25811315
11472,0.3413076,0.34126648
11473,0.56115824,0.3988452
11474,0.27631006,0.3183908
11475,0.3918815,0.35619956
11476,0.07152757,0.10618812
11477,0.47692907,0.4187222
11478,0.0057989946,0.021766422
11479,0.52150285,0.5865318
11480,0.3757615,0.3772248
11481,0.43959737,0.44168103
11482,0.6878589,0.6900264
11483,0.27797607,0.27378884
11484,0.9080473,0.93550926
11485,0.3909943,0.35146236
11486,0.72790223,0.76868206
11487,0.21037476,0.19021487
11488,0.6541776,0.68810844
11489,0.8603932,0.9036972
11490,0.4868088,0.5093749
11491,0.8740134,0.90575695
11492,0.85996497,0.8766719
11493,0.35882387,0.3549236
11494,0.6238685,0.67864025
11495,0.8516373,0.8529582
11496,0.7907618,0.8628376
11497,0.3012069,0.23983493
11498,0.065342374,0.04213059
11499,0.7865694,0.74750865
11500,0.7838275,0.7550441
11501,0.33235493,0.3214654
11502,0.38825366,0.42729425
11503,0.63411665,0.6333955
11504,0.7163397,0.6787421
11505,0.9019582,0.8990089
11506,0.6758267,0.6672495
11507,0.15958649,0.1757195
11508,0.14757197,0.17318511
11509,0.611677,0.6143402
11510,0.080013715,0.02522516
11511,0.6331512,0.6336578
11512,0.055887155,0.012595845
11513,0.76412356,0.7323131
11514,0.61666083,0.5825768
11515,0.042941447,0.050004154
11516,1.0,0.9859086
11517,0.5403774,0.5518703
11518,0.7310799,0.7061098
11519,0.5218807,0.509409
11520,0.805692,0.83643705
11521,0.25910103,0.29220453
11522,0.035108294,0.041471582
11523,0.463526,0.49117297
11524,0.88110733,0.9381594
11525,0.044852383,0.0070186667
11526,0.034007996,0.07478924
11527,0.39436156,0.39145568
11528,0.6473957,0.63550514
11529,0.40116397,0.39253014
11530,0.10623043,0.0936528
11531,0.5222986,0.48675624
11532,0.76868975,0.7758736
11533,0.16166617,0.16403596
11534,0.6099325,0.5799281
11535,0.6734911,0.566139
11536,0.17046018,0.16891524
11537,0.5435285,0.45810482
11538,0.76070195,0.7574127
11539,0.6576823,0.63308746
11540,0.9296335,0.9704882
11541,0.19331837,0.17400095
11542,0.9924262,1.0138584
11543,0.34064937,0.41910794
11544,0.90967596,0.95188737
11545,0.05138407,0.038728725
11546,0.9527429,1.0132388
11547,0.115708224,0.14861013
11548,0.38811406,0.36473387
11549,0.39616248,0.37636852
11550,0.67008823,0.6300478
11551,0.26143348,0.25420022
11552,0.017417137,0.123207405
11553,0.32851148,0.3468934
11554,0.64919907,0.62326694
11555,0.68616027,0.6009758
11556,0.5506314,0.5287875
11557,0.4260143,0.43485853
11558,0.62081516,0.58671826
11559,0.9931758,0.9647826
11560,0.271863,0.2567983
11561,0.10738201,0.12686844
11562,0.42515776,0.4531409
11563,0.072637774,0.13284521
11564,0.95275354,1.0211354
11565,0.8756952,0.9117555
11566,0.77545434,0.7383791
11567,0.7147956,0.6967384
11568,0.41734526,0.41921598
11569,0.4109357,0.39648753
11570,0.5189998,0.4690279
11571,0.33301747,0.34382418
11572,0.54247046,0.4908971
11573,0.21303146,0.30168375
11574,0.85704756,0.83381885
11575,0.33451527,0.32813257
11576,0.849823,0.8576934
11577,0.37450212,0.41418716
11578,0.91230357,0.8902409
11579,0.1907589,0.19372179
11580,0.21980609,0.20267935
11581,0.11094934,0.054888587
11582,0.5045475,0.5020397
11583,0.8716661,0.8502914
11584,0.56617683,0.56125265
11585,0.7522807,0.74885327
11586,0.6239055,0.6199014
11587,0.9522191,0.95229256
11588,0.06561582,0.05608588
11589,0.9736103,0.9542497
11590,0.29692823,0.35256702
11591,0.6636625,0.6605617
11592,0.59758854,0.62997574
11593,0.94085157,0.9489351
11594,0.34042996,0.35412604
11595,0.27352315,0.2069565
11596,0.68003803,0.6832219
11597,0.81793433,0.8191646
11598,0.6274221,0.5882377
11599,0.78721976,0.7666419
11600,0.87865067,0.8631938
11601,0.677616,0.68145627
11602,0.6822097,0.71019036
11603,0.31069696,0.32939106
11604,0.34810007,0.40923327
11605,0.015895126,0.053146586
11606,0.6005606,0.6026621
11607,0.21749203,0.2776454
11608,0.5994699,0.59582114
11609,0.85581803,0.8908707
11610,0.60240793,0.6176154
11611,0.050028585,0.06800609
11612,0.7857325,0.827116
11613,0.56174845,0.6020685
11614,0.73405564,0.7359934
11615,0.17359228,0.21380873
11616,0.7887364,0.81717795
11617,0.5815192,0.54626954
11618,0.8732465,0.7973392
11619,0.88763034,0.89973253
11620,0.64700866,0.6500724
11621,0.85685706,0.8717442
11622,0.64929754,0.6935561
11623,0.22184142,0.27553374
11624,0.26842502,0.28288817
11625,0.006082919,0.06298641
11626,0.78948087,0.74492866
11627,0.12169894,0.09629899
11628,0.26866952,0.25059754
11629,0.51462805,0.5016006
11630,0.5176604,0.49368763
11631,0.6583797,0.63235426
11632,0.79438204,0.85476476
11633,0.6932478,0.69200236
11634,0.54024774,0.4692006
11635,0.017318266,0.04470128
11636,0.60169363,0.6242606
11637,0.13075574,0.23011325
11638,0.7043436,0.6959948
11639,0.034884706,0.08676972
11640,0.45886695,0.49453568
11641,0.6432991,0.66556686
11642,0.49700195,0.5214386
11643,0.6639699,0.55313224
11644,0.18749404,0.18887118
11645,0.5615394,0.5285158
11646,0.86371017,0.8639537
11647,0.64025044,0.57901514
11648,0.35215804,0.37424085
11649,0.81498015,0.72960377
11650,0.60210747,0.6086582
11651,0.96578944,0.8581047
11652,0.34806824,0.34746957
11653,0.9530437,0.9334681
11654,0.30507976,0.24183713
11655,0.9639284,0.9675308
11656,0.38607585,0.37097028
11657,0.5548429,0.57128465
11658,0.9457035,0.96898663
11659,0.06798282,0.060126316
11660,0.16034317,0.116585374
11661,0.9743701,0.9462039
11662,0.31731537,0.32345924
11663,0.5230255,0.58800566
11664,0.75164944,0.65433085
11665,0.30532768,0.2857629
11666,0.21008003,0.34284696
11667,0.83642757,0.8226661
11668,0.5041544,0.5295762
11669,0.7800676,0.72402644
11670,0.8368804,0.91510534
11671,0.58335143,0.62046015
11672,0.22975844,0.24157326
11673,0.049621206,0.098727986
11674,0.6407342,0.6450567
11675,0.2295358,0.20233096
11676,0.84473765,0.71104753
11677,0.08500247,0.1467226
11678,0.81436205,0.8249696
11679,0.41300848,0.41208383
11680,0.2421872,0.24529393
11681,0.17940015,0.16528013
11682,0.22665237,0.2413077
11683,0.36935008,0.38056308
11684,0.89704233,0.92207754
11685,0.2604054,0.18213324
11686,0.6745531,0.62703633
11687,0.7762006,0.7569319
11688,0.4803394,0.49123335
11689,0.7794273,0.7909015
11690,0.8446025,0.8694697
11691,0.2762628,0.25161335
11692,0.19731708,0.18413265
11693,0.26578337,0.32185686
11694,0.71506715,0.69502014
11695,1.0,0.97828597
11696,0.71648586,0.6796446
11697,0.95086235,0.9353608
11698,0.2456201,0.24862258
11699,0.066726185,0.07068351
11700,0.0656142,0.0706895
11701,0.92083174,0.95964086
11702,0.34017977,0.347045
11703,0.43200913,0.42360988
11704,0.8562864,0.8604808
11705,0.6332775,0.63029844
11706,0.3086919,0.32670444
11707,0.21269065,0.19530642
11708,0.7864914,0.8446959
11709,0.038115036,0.059997085
11710,0.31817654,0.29035732
11711,0.61588454,0.599045
11712,0.024079053,0.0017878097
11713,0.48738587,0.49520326
11714,0.5986992,0.60552824
11715,0.77527946,0.77633274
11716,0.4738364,0.36887664
11717,0.043607198,-0.018381434
11718,0.14894956,0.14572194
11719,0.11206935,0.11037501
11720,0.26611322,0.2767906
11721,0.022188637,0.064999044
11722,0.9808007,0.9361794
11723,0.5040484,0.45506817
11724,0.09623485,0.13368408
11725,0.23097074,0.28135347
11726,0.25002378,0.25143397
11727,0.14752898,0.13405558
11728,0.21118876,0.2494953
11729,0.22216782,0.18415451
11730,0.48322707,0.4745742
11731,0.6340961,0.68134403
11732,0.7452357,0.7172141
11733,0.5406931,0.5762157
11734,0.73320013,0.7111523
11735,0.9933174,0.9948498
11736,0.033017356,0.036391832
11737,0.27862105,0.23687468
11738,0.9109874,0.9210425
11739,0.24583702,0.22256678
11740,0.14776517,0.13555169
11741,0.20936276,0.27815342
11742,0.53967667,0.5129696
11743,0.44076976,0.4373893
11744,0.83456326,0.8315327
11745,0.07785914,0.070618615
11746,0.2867667,0.29977685
11747,0.79994476,0.7976014
11748,0.876704,0.8846866
11749,0.17849685,0.1817429
11750,0.80029553,0.8019507
11751,0.5676246,0.5423616
11752,0.31666684,0.3591861
11753,0.45647117,0.4309854
11754,0.5328487,0.53480345
11755,0.47925952,0.45581818
11756,0.3254243,0.3192784
11757,0.70161307,0.62622124
11758,0.7639825,0.7641907
11759,0.3583284,0.35847086
11760,0.5623641,0.49151307
11761,0.49936342,0.4454073
11762,0.0680062,0.027262343
11763,0.41963217,0.40748107
11764,0.07244132,0.035471283
11765,0.772572,0.7783544
11766,0.33862507,0.36575326
11767,0.26960146,0.24889335
11768,0.41542733,0.42125705
11769,0.22408657,0.23023221
11770,0.0792057,0.23107812
11771,0.007864891,0.049669623
11772,0.7967879,0.7981988
11773,0.75987625,0.7614492
11774,0.9853562,0.953303
11775,0.48907357,0.45365804
11776,0.21513149,0.23487996
11777,0.42824942,0.45082906
11778,0.4952549,0.5274708
11779,0.29548463,0.33367908
11780,0.861128,0.8695791
11781,0.8591515,0.8777586
11782,0.14120747,0.18470241
11783,0.9357327,0.9365108
11784,0.88512886,0.88307947
11785,0.61061394,0.5858306
11786,0.8364699,0.839586
11787,0.8596435,0.88122976
11788,0.93965185,0.9438901
11789,0.8180483,0.75640625
11790,0.53444725,0.50836635
11791,0.38891566,0.3614926
11792,0.9758454,0.9860405
11793,0.8256235,0.80593264
11794,0.72374433,0.72523886
11795,0.9761157,1.0036776
11796,0.23821232,0.29630214
11797,0.69396967,0.6805576
11798,0.5663559,0.44035962
11799,0.20640174,0.19982724
11800,0.38660726,0.38355765
11801,0.1890133,0.17816007
11802,0.36653042,0.3679882
11803,0.67670494,0.6789696
11804,0.90964866,0.9154919
11805,0.5097761,0.50858545
11806,0.08370761,0.13340506
11807,0.5699594,0.55219775
11808,0.09172216,0.091656804
11809,0.16100241,0.19140181
11810,0.26789477,0.27334407
11811,0.3243442,0.23582192
11812,0.026163578,0.053319972
11813,0.9838358,0.9745985
11814,0.47484988,0.38844538
11815,0.8261065,0.91047376
11816,0.65078425,0.6024262
11817,0.0966383,0.080339864
11818,0.8184765,0.8702502
11819,0.046702307,0.052839275
11820,0.7637799,0.7460546
11821,0.63830364,0.64833033
11822,0.96258456,0.96556073
11823,0.17670389,0.1698247
11824,0.11025044,0.089810565
11825,0.9157071,0.9726448
11826,0.055006053,0.022503208
11827,0.071989916,0.09562938
11828,0.97469807,0.96041834
11829,0.7701375,0.7629967
11830,0.4397116,0.41603112
11831,0.9676431,0.9200749
11832,0.9078346,0.95220613
11833,0.93737644,0.945632
11834,0.8398721,0.84155214
11835,0.5998784,0.5736447
11836,0.8551576,0.86720216
11837,0.5913754,0.6378226
11838,0.0732319,0.044740956
11839,0.28192025,0.2921199
11840,0.13623713,0.2492687
11841,0.690092,0.6795287
11842,0.59035754,0.547064
11843,0.7510703,0.7095089
11844,0.7162776,0.6887837
11845,0.6509653,0.64425474
11846,0.6461663,0.65603137
11847,0.06830223,0.15551595
11848,0.23958853,0.2981493
11849,0.3952231,0.4237646
11850,0.62808967,0.6670423
11851,0.6706405,0.6637318
11852,0.19020046,0.19194023
11853,0.5094376,0.5494626
11854,0.33260652,0.35257375
11855,0.7048091,0.7048652
11856,0.44739166,0.43475485
11857,0.66066486,0.67612725
11858,0.2651624,0.27971405
11859,0.44073302,0.3514741
11860,0.25138584,0.25683942
11861,0.6569184,0.6202449
11862,0.08168969,0.13622804
11863,0.7031107,0.7159814
11864,0.64496386,0.6569095
11865,0.66329414,0.7413938
11866,0.562962,0.5724012
11867,0.7207107,0.75627965
11868,0.074309394,0.10030724
11869,0.3727079,0.39808995
11870,0.6101928,0.6431321
11871,0.7547493,0.7535613
11872,0.81042826,0.8149773
11873,0.39652103,0.4716363
11874,0.15490031,0.15373114
11875,0.5781736,0.60013264
11876,0.19766401,0.1753887
11877,0.20904376,0.17309321
11878,0.81894445,0.7863289
11879,0.75171757,0.822107
11880,0.9258005,1.000989
11881,0.8600995,0.89651364
11882,0.45938274,0.4395134
11883,0.8191654,0.8157574
11884,0.42195165,0.4329316
11885,0.00967983,0.059509322
11886,0.7317582,0.71702176
11887,0.9419432,0.9646702
11888,0.537308,0.48021734
11889,0.780112,0.7608375
11890,0.1619313,0.18961386
11891,0.020063335,0.003317222
11892,0.29313755,0.24320605
11893,0.7709177,0.7419171
11894,0.6262967,0.6525756
11895,0.020278566,0.030372337
11896,0.40400237,0.4112227
11897,0.39130348,0.3651089
11898,0.7781239,0.65466595
11899,0.5750906,0.55443627
11900,0.6047629,0.6195706
11901,0.46745852,0.48332122
11902,0.1309352,0.13355266
11903,0.06980509,0.11778431
11904,0.63906896,0.5392561
11905,0.15967695,0.15614861
11906,0.74878037,0.69479465
11907,0.17849565,0.2513363
11908,0.8894005,0.88242257
11909,0.74528676,0.7257657
11910,0.25644147,0.28748834
11911,0.3543251,0.30180007
11912,0.96579736,1.0371476
11913,0.024488743,0.05479837
11914,0.5718331,0.53010947
11915,0.3799348,0.31824288
11916,0.9470826,0.92658675
11917,0.14242949,0.18050282
11918,0.64784646,0.55312663
11919,0.6505012,0.63302994
11920,0.67950016,0.731667
11921,0.49128813,0.44738543
11922,0.13699117,0.14617747
11923,0.31333372,0.29748395
11924,0.24320754,0.21432115
11925,0.69614637,0.7145221
11926,0.3513123,0.35546535
11927,0.756152,0.8037787
11928,0.026628172,0.048036683
11929,0.074752994,0.043990288
11930,0.7821841,0.75422716
11931,0.9254886,0.8995013
11932,0.21864434,0.2601615
11933,0.515823,0.54288584
11934,0.20355794,0.1640607
11935,0.23878272,0.25745922
11936,0.15613592,0.15036164
11937,0.72701746,0.7421009
11938,0.92936516,0.9854231
11939,0.7685281,0.76150346
11940,0.9072374,0.9503526
11941,0.38313404,0.33641702
11942,0.6209268,0.70659894
11943,0.7885538,0.82283485
11944,0.5024085,0.44199592
11945,0.4690245,0.4551459
11946,0.85411954,0.853799
11947,0.8186537,0.8032884
11948,0.13987373,0.13654979
11949,0.8351828,0.85698664
11950,0.15660901,0.20125331
11951,0.12366477,0.14742802
11952,0.7686032,0.78016907
11953,0.9236295,0.9439199
11954,0.1151023,0.16045341
11955,0.4877418,0.49343833
11956,0.19015959,0.19122516
11957,0.65010136,0.60410523
11958,0.9872978,0.9490776
11959,0.6108886,0.58468926
11960,0.5843304,0.55776304
11961,0.2547592,0.2623121
11962,0.39821658,0.3837785
11963,0.28286892,0.32372585
11964,0.6696222,0.7153904
11965,0.09631443,0.11859514
11966,0.135788,0.16151264
11967,0.077983566,0.08708227
11968,0.3240162,0.3274916
11969,0.08836542,0.28226233
11970,0.07344278,0.055411533
11971,0.15146843,0.117157266
11972,0.20386198,0.17632288
11973,0.28986984,0.2865349
11974,0.0026806495,0.020267768
11975,0.5615566,0.5479223
11976,0.57781476,0.58323824
11977,0.86451715,0.8732146
11978,0.33495435,0.33523592
11979,0.43422133,0.3577962
11980,0.6829016,0.619582
11981,0.60003287,0.6046752
11982,0.5187007,0.5119951
11983,0.58053035,0.55999243
11984,0.8728745,0.8544642
11985,0.7727349,0.75604
11986,0.6538844,0.6265178
11987,0.89108604,0.89992815
11988,0.2876958,0.26502562
11989,0.5218826,0.54646486
11990,0.7670971,0.78991246
11991,0.59398437,0.5826475
11992,0.08547908,0.14174324
11993,0.91418976,0.92024505
11994,0.4400893,0.42181247
11995,0.41305894,0.41137132
11996,0.024739197,0.06620618
11997,0.34358835,0.35894537
11998,0.34334,0.35871932
11999,0.111963786,0.10989112
12000,0.8971233,0.89550436
12001,0.493481,0.49610677
12002,0.21120538,0.26701608
12003,0.6789577,0.69381976
12004,0.62218034,0.6250487
12005,0.6865353,0.6987221
12006,0.052144162,0.03802058
12007,0.23978502,0.25316754
12008,0.44218624,0.46166706
12009,0.09818859,0.096719444
12010,0.24294543,0.25825644
12011,0.6206501,0.6051259
12012,0.43045524,0.3747869
12013,0.5302199,0.4849201
12014,0.012598492,-0.0057574604
12015,0.13617758,0.10398275
12016,0.0010168913,0.07201159
12017,0.20588088,0.19168782
12018,0.14813659,0.18591592
12019,0.52149796,0.53872246
12020,0.3713634,0.3794136
12021,0.07362887,0.07969003
12022,0.27412105,0.25277102
12023,0.4084806,0.39075845
12024,0.20083064,0.22460945
12025,0.60525906,0.5986775
12026,0.23247036,0.265379
12027,0.28083247,0.2653385
12028,0.6185603,0.55619335
12029,0.37964284,0.39605567
12030,0.18494911,0.19482335
12031,0.33908674,0.31902242
12032,0.9911859,0.9310094
12033,0.3461554,0.4847416
12034,0.861535,0.898139
12035,0.55854225,0.5721786
12036,0.7516444,0.7149429
12037,0.91690695,0.91237634
12038,0.23301108,0.27037683
12039,0.78327364,0.7642116
12040,0.81821746,0.8213058
12041,0.5450389,0.511502
12042,0.38647395,0.4124554
12043,0.7896442,0.7890605
12044,0.72448605,0.7216333
12045,0.34428874,0.40758768
12046,0.343463,0.31521574
12047,0.54951626,0.60599566
12048,0.14701153,0.2120049
12049,0.28730324,0.31319138
12050,0.3169876,0.32377043
12051,0.28461754,0.27011645
12052,0.21062118,0.21560048
12053,0.39412877,0.37324926
12054,0.6756865,0.6630101
12055,0.017922545,0.13000207
12056,0.6432345,0.6836755
12057,0.45865548,0.5028533
12058,0.60009265,0.5975227
12059,0.91471934,0.9536373
12060,0.51581186,0.48196754
12061,0.26615128,0.28485554
12062,0.751166,0.7334922
12063,0.07001729,0.06650324
12064,0.038965,0.017562453
12065,0.4731957,0.42435873
12066,0.454013,0.47225305
12067,0.50411636,0.4969499
12068,0.112545334,0.14591953
12069,0.5737352,0.6128217
12070,0.60597426,0.61800486
12071,0.79762876,0.7690084
12072,0.38023987,0.3592668
12073,0.41570938,0.41362634
12074,0.58889186,0.54378563
12075,0.9630007,1.0043623
12076,0.6697509,0.6706855
12077,0.057058193,0.086319506
12078,0.4007902,0.38028017
12079,0.93820316,0.93075085
12080,0.88996106,0.8623173
12081,0.36619306,0.35300174
12082,0.85797113,0.8970977
12083,0.3084752,0.33847955
12084,0.0013703216,0.009585749
12085,0.24477156,0.26394874
12086,0.744539,0.74504423
12087,0.3757587,0.3795392
12088,0.53900284,0.54611474
12089,0.38534293,0.43526027
12090,0.9407207,0.94571084
12091,0.63054967,0.6283784
12092,0.92411417,0.94742584
12093,0.6056818,0.60231245
12094,0.0050126514,0.07790643
12095,0.0661363,0.10258938
12096,0.79416186,0.7973459
12097,0.27584696,0.30242586
12098,0.16767468,0.16420087
12099,0.5435008,0.5234981
12100,0.96707064,0.98966
12101,0.8303772,0.82729167
12102,0.671371,0.74659836
12103,0.5230459,0.5093319
12104,0.95517486,0.92811865
12105,0.5632826,0.5415026
12106,0.30641386,0.2850473
12107,0.97776806,0.9562795
12108,0.35435683,0.35034406
12109,0.26236844,0.22022237
12110,0.63756055,0.6902172
12111,0.7847679,0.8083415
12112,0.7561361,0.7113331
12113,0.67962736,0.6432469
12114,0.8823041,0.95933414
12115,0.42169285,0.44798166
12116,0.7269812,0.75061345
12117,0.51805377,0.4722259
12118,0.07283625,0.08441274
12119,0.7751253,0.8111996
12120,0.4896739,0.51113915
12121,0.6119921,0.6473417
12122,0.8715208,0.9400627
12123,0.49927643,0.4581908
12124,0.34777668,0.39821452
12125,0.7345597,0.77294797
12126,0.3329811,0.3869806
12127,0.7694027,0.76329046
12128,0.8096576,0.7589911
12129,0.541212,0.5133989
12130,0.59736156,0.5706803
12131,0.18689047,0.1643581
12132,0.7363953,0.7889446
12133,0.013437442,0.16293924
12134,0.12262226,0.16455114
12135,0.9882216,1.0274507
12136,0.50283444,0.5238517
12137,0.5555175,0.55838925
12138,0.28334713,0.35097975
12139,0.9355159,0.9552389
12140,0.83206844,0.83976907
12141,0.5235947,0.53414375
12142,0.4594429,0.46027428
12143,0.73949796,0.7346431
12144,0.74400526,0.7202999
12145,0.17333362,0.13585721
12146,0.1096546,0.13489215
12147,0.59011006,0.5940245
12148,0.715571,0.7519593
12149,0.65407807,0.6645099
12150,0.6456644,0.65139323
12151,0.13688067,0.16265637
12152,0.57892805,0.53853375
12153,0.5232872,0.5269295
12154,0.8392364,0.8745679
12155,0.20455989,0.20084348
12156,0.4388647,0.4394766
12157,0.1876255,0.17958075
12158,0.49687442,0.51306343
12159,0.3993821,0.40065408
12160,0.7822689,0.8036623
12161,0.11773372,0.09676753
12162,0.5948731,0.61786467
12163,0.094168894,0.100841984
12164,0.046105046,-0.024198513
12165,0.5712526,0.5758238
12166,0.40397748,0.3850566
12167,0.56465214,0.5740074
12168,0.30115175,0.3331073
12169,0.31204343,0.36659497
12170,0.24732737,0.21989706
12171,0.80868393,0.80432516
12172,0.21951683,0.19387403
12173,0.669336,0.5206647
12174,0.8285955,0.85110116
12175,0.72850585,0.71954226
12176,0.8192199,0.8137449
12177,0.61139464,0.5098933
12178,0.5699737,0.5576887
12179,0.06059097,0.11791013
12180,0.550767,0.56037843
12181,0.5105785,0.4962073
12182,0.09527529,0.12799568
12183,0.6219624,0.63873374
12184,0.8384178,0.8527273
12185,0.18649356,0.18907586
12186,0.4061787,0.39666054
12187,0.77411515,0.7819104
12188,0.79412776,0.7867867
12189,0.036633354,0.030860584
12190,0.32584906,0.31229353
12191,0.99001986,0.9613779
12192,0.5343414,0.52532595
12193,0.5914489,0.5702176
12194,0.09613204,0.08501463
12195,0.33977306,0.35369986
12196,0.70025486,0.6631893
12197,0.5076317,0.48376712
12198,0.89303386,0.9437363
12199,0.8798808,0.8852513
12200,0.92078376,0.8899916
12201,0.4622637,0.4656178
12202,0.20056374,0.15584238
12203,0.5773875,0.59297943
12204,0.510493,0.55154955
12205,0.37805736,0.38725048
12206,0.62238973,0.5812402
12207,0.42218792,0.46202913
12208,0.4794469,0.4884747
12209,0.04127732,0.046858687
12210,0.48441818,0.5148913
12211,0.5690481,0.58449113
12212,0.98551387,0.94299984
12213,0.17263544,0.18815035
12214,0.30036616,0.3545251
12215,0.034021802,0.021850739
12216,0.99404025,0.9933814
12217,0.3282721,0.3070986
12218,0.6222445,0.62675625
12219,0.1537758,0.19063725
12220,0.5229221,0.5251005
12221,0.02256901,0.04781275
12222,0.4253656,0.42057312
12223,0.9239689,0.9460893
12224,0.8358139,0.8423248
12225,0.11637438,0.19213179
12226,0.5899056,0.5701215
12227,0.52490765,0.52772564
12228,0.5707713,0.4885372
12229,0.77884305,0.78609145
12230,0.5052106,0.4931465
12231,0.19421041,0.28572732
12232,0.49022743,0.4218811
12233,0.9519894,0.94772816
12234,0.59386235,0.57810706
12235,0.7562948,0.73284996
12236,0.8492646,0.89424115
12237,0.3262224,0.33141947
12238,0.45095813,0.44578966
12239,0.020562826,0.11395566
12240,0.9242761,0.92568415
12241,0.8297314,0.8029492
12242,0.18185627,0.14437659
12243,0.31870928,0.31802666
12244,0.25132957,0.22040577
12245,0.39189047,0.36973706
12246,0.7987792,0.6231215
12247,0.768576,0.74111444
12248,0.16339171,0.16183129
12249,0.6974785,0.70925987
12250,0.379322,0.37411657
12251,0.77042264,0.8278153
12252,0.7220906,0.74563843
12253,0.753584,0.7733591
12254,0.32783237,0.33340058
12255,0.4409487,0.41671517
12256,0.21852615,0.17679974
12257,0.5143009,0.52139086
12258,0.028575754,0.007377742
12259,0.8993395,0.87594175
12260,0.30421057,0.29135847
12261,0.25645384,0.22565675
12262,0.7553205,0.65695786
12263,0.16670406,0.15373945
12264,0.7666132,0.78150725
12265,0.46194008,0.47693792
12266,0.23126404,0.2735249
12267,0.21193044,0.20587417
12268,0.33996034,0.31273
12269,0.21467055,0.19593567
12270,0.7471196,0.7436378
12271,0.70835185,0.750322
12272,0.3064242,0.27110377
12273,0.27353537,0.32898352
12274,0.13837521,0.10403894
12275,0.08237047,0.07956776
12276,0.71157455,0.7417529
12277,0.61793756,0.63223517
12278,0.8981805,0.95583457
12279,0.1291038,0.100768864
12280,0.25272804,0.3252438
12281,0.12646411,0.14701769
12282,0.12015991,0.05950433
12283,0.19222783,0.13049501
12284,0.8826841,0.92820096
12285,0.84185874,0.8906673
12286,0.68783486,0.6702131
12287,0.16745952,0.20065945
12288,0.35924658,0.35617396
12289,0.882712,0.83728296
12290,0.4838858,0.47000542
12291,0.7305195,0.6726387
12292,0.042551216,0.04721291
12293,0.24397507,0.24032773
12294,0.0016670607,0.06418224
12295,0.10622996,0.054018687
12296,0.6102327,0.61055565
12297,0.051828876,0.04950912
12298,0.7472085,0.6914054
12299,0.32479146,0.32993782
12300,0.1816441,0.1325696
12301,0.6953003,0.7101027
12302,0.21517944,0.24668823
12303,0.6904032,0.65014946
12304,0.7027287,0.6845523
12305,0.12208533,0.15399934
12306,0.44609413,0.47446728
12307,0.16622534,0.27065054
12308,0.5015539,0.5228241
12309,0.18603805,0.2630474
12310,0.092387706,0.04538497
12311,0.44233522,0.42708862
12312,0.15483344,0.17253157
12313,0.38450783,0.3752698
12314,0.12261137,0.111027226
12315,0.6657677,0.6544614
12316,0.93905205,0.96581376
12317,0.25504756,0.22063294
12318,0.35376316,0.3620821
12319,0.17959327,0.20692652
12320,0.958693,0.929431
12321,0.38285813,0.33780172
12322,0.869538,0.8227955
12323,0.80015975,0.8329679
12324,0.1644248,0.1933621
12325,0.6120815,0.59216297
12326,0.8934376,0.8743769
12327,0.15499327,0.119200185
12328,0.32506743,0.35376906
12329,0.76324916,0.7717022
12330,0.040138766,0.016383138
12331,0.9606824,0.9648611
12332,0.37489167,0.35972896
12333,0.083477765,0.12805824
12334,0.4722236,0.47599307
12335,0.6698742,0.636965
12336,0.7264799,0.73174405
12337,0.7732243,0.74269027
12338,0.14611937,0.19168007
12339,0.43796265,0.4223836
12340,0.25239235,0.24868529
12341,0.5659875,0.4607826
12342,0.9572419,0.97705734
12343,0.1870335,0.2999854
12344,0.95052385,0.9605544
12345,0.33886513,0.34485167
12346,0.53020686,0.52220523
12347,0.3329252,0.36233824
12348,0.9935394,0.9805835
12349,0.7466005,0.7314095
12350,0.58960944,0.6474234
12351,0.019727165,0.05845751
12352,0.7631257,0.74960977
12353,0.8963925,0.9434988
12354,0.45303673,0.43653756
12355,0.8965089,0.90316534
12356,0.07185308,0.078404725
12357,0.8341401,0.8332486
12358,0.7214157,0.7768267
12359,0.1503448,0.2746626
12360,0.8570018,0.875516
12361,0.5252618,0.53237695
12362,0.6112734,0.63436496
12363,0.21203835,0.19317657
12364,0.69777113,0.6469664
12365,0.409884,0.3782131
12366,0.36203766,0.35150582
12367,0.518637,0.4997005
12368,0.7192345,0.64933383
12369,0.3670664,0.3843956
12370,0.08331614,0.092858955
12371,0.23663591,0.28047627
12372,0.60028094,0.60568774
12373,0.3846934,0.42254925
12374,0.8677145,0.8916307
12375,0.040961977,0.1561624
12376,0.20955688,0.16392897
12377,0.7761812,0.7794433
12378,0.924587,0.940479
12379,0.43606853,0.4522906
12380,0.4994504,0.46971887
12381,0.43852592,0.4146102
12382,0.51403743,0.5247154
12383,0.89599127,0.9217333
12384,0.5711252,0.5228933
12385,0.90725523,0.9295904
12386,0.2494816,0.25572744
12387,0.38736558,0.34123003
12388,0.8260651,0.8328393
12389,0.6570273,0.58197
12390,0.47302583,0.4929334
12391,0.49592444,0.47882062
12392,0.6034568,0.6033515
12393,0.5742906,0.6040887
12394,0.14574134,0.176627
12395,0.36392662,0.35337746
12396,0.6569476,0.63147825
12397,0.8540598,0.8003992
12398,0.7226025,0.6432777
12399,0.30103323,0.30167574
12400,0.612564,0.6150077
12401,0.49505484,0.51122147
12402,0.007931062,0.05697453
12403,0.6310788,0.6254571
12404,0.39738238,0.40224135
12405,0.37208903,0.38261193
12406,0.68971145,0.7324448
12407,0.8574836,0.8703053
12408,0.39548185,0.35027707
12409,0.63581073,0.5888146
12410,0.02151908,0.0928082
12411,0.8524168,0.84332967
12412,0.47823876,0.45848906
12413,0.19102003,0.18805717
12414,0.5756218,0.5267326
12415,0.69387656,0.68845505
12416,0.71411276,0.69223046
12417,0.17714268,0.22555642
12418,0.3864826,0.39894018
12419,0.9486683,0.99033874
12420,0.35123926,0.32630146
12421,0.91085887,0.925531
12422,0.20399924,0.41822663
12423,0.88925415,0.9128351
12424,0.86339355,0.90327734
12425,0.68912315,0.5537713
12426,0.43858236,0.43131918
12427,0.56004286,0.6121063
12428,0.14889738,0.2178168
12429,0.7411098,0.7569263
12430,0.34955117,0.3253953
12431,0.6135743,0.5744608
12432,0.94124097,0.9395948
12433,0.86062723,0.86592203
12434,0.25284442,0.29260692
12435,0.7023712,0.7320099
12436,0.4903348,0.48960167
12437,0.38712147,0.39720827
12438,0.44729495,0.44411206
12439,0.4644206,0.47563916
12440,0.7359916,0.62607217
12441,0.7267219,0.72538275
12442,0.10898511,0.10345122
12443,0.9981464,0.97763115
12444,0.04879549,0.060114425
12445,0.18192445,0.11326155
12446,0.35753953,0.3940065
12447,0.122122705,0.19308005
12448,0.8525265,0.8588607
12449,0.8253676,0.75920373
12450,0.97776806,0.9621388
12451,0.37081552,0.3613952
12452,0.8993701,0.93134594
12453,0.004264061,0.031306032
12454,0.020679101,0.056961317
12455,0.011350489,0.029978048
12456,0.24369487,0.28869724
12457,0.84478873,0.8448461
12458,0.85202605,0.8236943
12459,0.35061303,0.35235304
12460,0.96887696,0.9540003
12461,0.8835918,0.9051134
12462,0.7937767,0.7832857
12463,0.9297901,0.9396135
12464,0.0031385145,0.062395204
12465,0.2007056,0.19182183
12466,0.9904612,0.9821471
12467,0.10859779,0.1122572
12468,0.6836939,0.6934088
12469,0.7305413,0.74712884
12470,0.5389672,0.5285053
12471,0.100996,0.11979158
12472,0.27387092,0.28445238
12473,0.39247915,0.33232242
12474,0.021976708,0.057381827
12475,0.70460975,0.69438446
12476,0.12377141,0.16574487
12477,0.62578464,0.63912404
12478,0.34142923,0.39614892
12479,0.87441635,0.86986136
12480,0.43058,0.46574742
12481,0.6049254,0.55883
12482,0.852367,0.9003014
12483,0.47171187,0.5308581
12484,0.85780007,0.8144093
12485,0.08460082,-0.004171135
12486,0.5904938,0.58890355
12487,0.09359193,0.11643426
12488,0.4524506,0.39714763
12489,0.8889225,0.8934722
12490,0.51661277,0.53465873
12491,0.8857385,0.8915722
12492,0.51434416,0.51287204
12493,0.43805343,0.46167973
12494,0.7866455,0.7732615
12495,0.6609693,0.6665822
12496,0.6168895,0.6209341
12497,0.2655144,0.26430556
12498,0.5410424,0.4790126
12499,0.51368743,0.5209453
12500,0.41035208,0.37757468
12501,0.085764736,-0.0034115482
12502,0.6330895,0.5730948
12503,0.2634112,0.25719833
12504,0.89423305,0.8849784
12505,0.9237053,1.0016475
12506,0.78453296,0.7192632
12507,0.95384765,0.98980606
12508,0.36956105,0.34859377
12509,0.09340912,0.10563489
12510,0.5610534,0.541371
12511,0.49028525,0.51088846
12512,0.6409806,0.5845878
12513,0.73775184,0.73908484
12514,0.48154277,0.45898658
12515,0.16153067,0.18923175
12516,0.60051215,0.58553594
12517,0.44091195,0.42669022
12518,0.19547106,0.22292474
12519,0.8638527,0.85922116
12520,0.00075833313,0.11558141
12521,0.10574354,0.06555308
12522,0.8279393,0.82593334
12523,0.2705134,0.26276708
12524,0.27892646,0.29272813
12525,0.52106816,0.5216468
12526,0.44282246,0.4357555
12527,0.4214378,0.4415141
12528,0.98712885,0.92217225
12529,0.7932141,0.8075634
12530,0.672824,0.7192325
12531,0.86238146,0.8209681
12532,0.5559434,0.52131534
12533,0.109565906,0.099646874
12534,0.6598136,0.60852677
12535,0.41298157,0.39815623
12536,0.04326791,0.058409125
12537,0.89934325,0.90085304
12538,0.080607876,0.08990879
12539,0.9917399,0.9999405
12540,0.5778449,0.5178715
12541,0.3826675,0.35197288
12542,0.43164584,0.39259142
12543,0.50686795,0.55537283
12544,0.13781035,0.15508054
12545,0.21608938,0.29908112
12546,0.18012556,0.17719091
12547,0.480517,0.49133676
12548,0.011268968,0.051700335
12549,0.11495885,0.14371209
12550,0.81440836,0.68531257
12551,0.6646338,0.68515563
12552,0.59032416,0.5783779
12553,0.0756293,0.0728869
12554,0.24352495,0.2723607
12555,0.54583734,0.5310626
12556,0.048475277,0.007947486
12557,0.633689,0.6509998
12558,0.38398302,0.35888034
12559,0.8018937,0.841016
12560,0.697082,0.6953281
12561,0.8913453,0.88183624
12562,0.78702974,0.80689996
12563,0.35435683,0.37019873
12564,0.52347994,0.5411024
12565,0.31881902,0.33216122
12566,0.765571,0.76232177
12567,0.68174654,0.6578965
12568,0.97349477,0.9654368
12569,0.25917187,0.2516416
12570,0.2589145,0.25216845
12571,0.80791223,0.819093
12572,0.78156984,0.7449686
12573,0.9792401,0.9734001
12574,0.27948648,0.24125601
12575,0.14726272,0.16716908
12576,0.03823535,0.04738948
12577,0.86814153,0.8631742
12578,0.42240736,0.3787292
12579,0.46467057,0.4711335
12580,0.9708225,0.97735685
12581,0.45098892,0.4463744
12582,0.3178493,0.31780556
12583,0.27375805,0.3004096
12584,0.30360845,0.3757623
12585,0.033153985,0.08324702
12586,0.8285435,0.8008038
12587,0.06738846,0.04980726
12588,0.38041627,0.3449231
12589,0.5121136,0.51658136
12590,0.39586294,0.34716767
12591,0.11009513,0.16661115
12592,0.6174777,0.5638503
12593,0.8190286,0.8092666
12594,0.7853852,0.8192226
12595,0.104761556,0.12112032
12596,0.8024002,0.7784602
12597,0.31188726,0.31845823
12598,0.15004958,0.18268944
12599,0.038186837,0.015400555
12600,0.556624,0.5227075
12601,0.34147137,0.32317114
12602,0.664673,0.6551096
12603,0.06893843,0.12521659
12604,0.3675888,0.36492875
12605,0.54373825,0.48733166
12606,0.7840821,0.79243
12607,0.1114713,0.09530257
12608,0.013079888,0.10310437
12609,0.97874504,0.9916698
12610,0.6936324,0.6598975
12611,0.47465038,0.47570157
12612,0.7960686,0.815705
12613,0.65923727,0.6611797
12614,0.4823773,0.45202756
12615,0.5980253,0.59103495
12616,0.22640154,0.24539335
12617,0.08232992,0.1284688
12618,0.7528134,0.6140073
12619,0.419254,0.44656056
12620,0.04152049,0.004443258
12621,0.55481553,0.56445605
12622,0.07426883,0.068678156
12623,0.004172399,-0.0007291585
12624,0.35708508,0.37311947
12625,0.6380055,0.62075406
12626,0.99256897,0.90781766
12627,0.18474938,0.14024948
12628,0.24021517,0.28856927
12629,0.28058705,0.3123778
12630,0.9196993,0.9435249
12631,0.49394903,0.4619515
12632,0.01961509,0.062117323
12633,0.65307796,0.652839
12634,0.3255055,0.30394632
12635,0.07975547,0.12275629
12636,0.37917772,0.37336093
12637,0.31104782,0.33062524
12638,0.67094636,0.6677952
12639,0.8396958,0.84984523
12640,0.06219861,0.074885234
12641,0.06365403,0.06685124
12642,0.8674706,0.916058
12643,0.8461692,0.84665805
12644,0.63728344,0.6654318
12645,0.59070224,0.4918673
12646,0.4136652,0.36001378
12647,0.14271255,0.1732102
12648,0.47684953,0.45113093
12649,0.6690409,0.67526287
12650,0.79649323,0.7276661
12651,0.5013822,0.4313739
12652,0.9362542,0.9271585
12653,0.6062735,0.57966524
12654,0.23748651,0.27358967
12655,0.30881476,0.3083945
12656,0.19006498,0.22779159
12657,0.39226612,0.34028435
12658,0.3986269,0.41394168
12659,0.31443855,0.27690637
12660,0.026522059,0.09635092
12661,0.28280362,0.33908033
12662,0.94090223,1.0017345
12663,0.8648712,0.8623888
12664,0.41825965,0.38668668
12665,0.9348136,1.0403632
12666,0.35702297,0.37620938
12667,0.93244314,0.92578644
12668,0.055717003,0.03871162
12669,0.69017696,0.7102773
12670,0.921258,0.93361217
12671,0.2615978,0.24718085
12672,0.7421293,0.6478413
12673,0.25907743,0.24091487
12674,0.13714519,0.1223325
12675,0.40516227,0.38193646
12676,0.70798016,0.75311685
12677,0.19997938,0.24715059
12678,0.6461016,0.5688772
12679,0.38244176,0.2984805
12680,0.38501653,0.38845974
12681,0.50921035,0.5109309
12682,0.41542313,0.34194297
12683,0.6264666,0.61051524
12684,0.20241694,0.33646104
12685,0.932428,0.96846867
12686,0.70408356,0.6504458
12687,0.58124644,0.58463556
12688,0.674738,0.6389983
12689,0.22607863,0.17891467
12690,0.4935526,0.4618347
12691,0.76162755,0.7685083
12692,0.81483215,0.86794126
12693,0.9843474,0.9706649
12694,0.97096723,0.98575777
12695,0.6369995,0.64771414
12696,0.63150686,0.6158827
12697,0.316225,0.2754342
12698,0.26923236,0.3025605
12699,0.9886088,0.95895875
12700,0.7033164,0.71851486
12701,0.59064615,0.57628983
12702,0.9432195,0.88454837
12703,0.60235953,0.5988015
12704,0.90663344,0.896323
12705,0.6677484,0.5850245
12706,0.8775138,0.9039372
12707,0.71493196,0.7337043
12708,0.0028309682,0.036952768
12709,0.5027679,0.44102854
12710,0.73231655,0.70694965
12711,0.9675285,0.9477855
12712,0.96522796,0.97369826
12713,0.4158083,0.4112147
12714,0.79569376,0.83861965
12715,0.4406129,0.36961105
12716,0.8930565,0.93361723
12717,0.59268904,0.45235184
12718,0.32332942,0.33425897
12719,0.56039554,0.5202941
12720,0.5757224,0.5478594
12721,0.05025387,0.010630976
12722,0.5797181,0.5569039
12723,0.35514733,0.342614
12724,0.08119752,0.14526078
12725,0.72035265,0.65019554
12726,0.10095107,0.07313822
12727,0.7199474,0.7254565
12728,0.1069858,0.07524429
12729,0.61413795,0.5955254
12730,0.5095402,0.49730024
12731,0.038950123,0.028858352
12732,0.17269811,0.18122482
12733,0.35540196,0.3941825
12734,0.97426456,0.9556872
12735,0.04146134,0.12283751
12736,0.39812565,0.4113837
12737,0.8122814,0.79116535
12738,0.68713003,0.65778357
12739,0.002534357,0.09833366
12740,0.45342737,0.44600195
12741,0.5931801,0.5971482
12742,0.011735354,0.037208285
12743,0.8422284,0.88557124
12744,0.40633312,0.309515
12745,0.49587262,0.4893583
12746,0.8330576,0.8825917
12747,0.74887776,0.7046102
12748,0.7900565,0.78211164
12749,0.44306472,0.43033904
12750,0.42400938,0.40257478
12751,0.60955155,0.6095717
12752,0.41413406,0.36232096
12753,0.8262622,0.8205328
12754,0.91525704,0.9597503
12755,0.62567383,0.6153823
12756,0.58253115,0.5283273
12757,0.5695617,0.51059455
12758,0.28487155,0.31582883
12759,0.7147563,0.7178443
12760,0.47591507,0.48801702
12761,0.1107699,0.1346895
12762,0.7834915,0.71778363
12763,0.5763234,0.5346275
12764,0.39677143,0.3763805
12765,0.26256365,0.24989662
12766,0.26189604,0.23476359
12767,0.59504956,0.5225996
12768,0.38518056,0.37902272
12769,0.48718852,0.46046466
12770,0.74462414,0.7199638
12771,0.88035095,0.88063294
12772,0.7025884,0.6917312
12773,0.8714292,0.8309078
12774,0.9367795,0.97735375
12775,0.84334046,0.8391447
12776,0.294614,0.30493423
12777,0.14491828,0.12863818
12778,0.65807635,0.59404206
12779,0.77809995,0.7302543
12780,0.582943,0.5651225
12781,0.39812943,0.38246298
12782,0.6483001,0.6269339
12783,0.4598243,0.42089328
12784,0.68561673,0.6129924
12785,0.52298164,0.543714
12786,0.27163148,0.22985947
12787,0.42975712,0.3771088
12788,0.92086536,0.93584335
12789,0.5778707,0.56788313
12790,0.55376744,0.48727703
12791,0.8122355,0.8180119
12792,0.72455114,0.735427
12793,0.6599528,0.6774048
12794,0.8246826,0.8447066
12795,0.24884625,0.37904575
12796,0.84379464,0.8115555
12797,0.17700508,0.18360586
12798,0.79080045,0.75974286
12799,0.14283176,0.12712122
12800,0.44539917,0.4546518
12801,0.8652663,0.8451809
12802,0.30719602,0.29733676
12803,0.9381217,0.97647774
12804,0.35917848,0.30372998
12805,0.28118908,0.2935105
12806,0.68224955,0.5749707
12807,0.6654772,0.69423056
12808,0.1216326,0.156136
12809,0.51127553,0.51696557
12810,0.96561944,0.98242164
12811,0.771413,0.78296417
12812,0.03541951,0.054276224
12813,0.44855836,0.4603462
12814,0.042769805,0.060392182
12815,0.75189835,0.6983513
12816,0.06577489,0.12102936
12817,0.838137,0.9343236
12818,0.38696045,0.36795828
12819,0.9251804,0.95405406
12820,0.33229604,0.2956557
12821,0.4253732,0.35375288
12822,0.8893404,0.9062928
12823,0.9556744,0.9379253
12824,0.33702675,0.3560094
12825,0.624861,0.5637257
12826,0.20954372,0.17362496
12827,0.68142724,0.6957898
12828,0.22001326,0.18155335
12829,0.7534103,0.75531614
12830,0.7123053,0.6890308
12831,0.12095121,0.11496472
12832,0.03373779,0.08566289
12833,0.40755063,0.40642935
12834,0.08611151,0.117806956
12835,0.86278987,0.88834095
12836,0.29891288,0.30082774
12837,0.8894084,0.90586376
12838,0.9661745,0.9692869
12839,0.8899708,0.9294845
12840,0.5063825,0.51403266
12841,0.8010361,0.79487056
12842,0.059507903,0.08772953
12843,0.99396425,1.0105985
12844,0.3401505,0.3229064
12845,0.4512375,0.46741116
12846,0.22391388,0.26974788
12847,0.9031639,0.93578255
12848,0.23126142,0.22399323
12849,0.051319294,0.040015873
12850,0.14053144,0.18659775
12851,0.8427783,0.83118296
12852,0.39320016,0.40530416
12853,0.026292743,0.054974537
12854,0.70271623,0.59778
12855,0.046244934,0.09778871
12856,0.8735829,0.8764896
12857,0.363924,0.25138012
12858,0.8447324,0.7926949
12859,0.77796453,0.73480844
12860,0.19108208,0.2553488
12861,0.53859025,0.52007574
12862,0.30258566,0.30094406
12863,0.33924764,0.34748474
12864,0.9831612,0.95712215
12865,0.17702171,0.22455142
12866,0.4154252,0.41686112
12867,0.15649228,0.124261335
12868,0.51815337,0.48136327
12869,0.71800923,0.71565
12870,0.62323874,0.62811005
12871,0.69532156,0.680507
12872,0.19335346,0.2599864
12873,0.49559072,0.505618
12874,0.88404036,0.897585
12875,0.2745593,0.32383865
12876,0.4287693,0.42316967
12877,0.17238915,0.16538626
12878,0.9850681,0.9661115
12879,0.75271565,0.8063574
12880,0.35443345,0.31691545
12881,0.25341925,0.26323336
12882,0.66066754,0.6456893
12883,0.16241322,0.097620755
12884,0.13779855,0.14896138
12885,0.74533784,0.76670283
12886,0.35705194,0.36700243
12887,0.30813235,0.30148637
12888,0.7380938,0.72197276
12889,0.17022459,0.1812102
12890,0.3461554,0.37629306
12891,0.73385566,0.72955745
12892,0.92127854,0.92335165
12893,0.43642494,0.43212926
12894,0.56160086,0.5760748
12895,0.8468424,0.89475346
12896,0.7259561,0.799926
12897,0.29569334,0.3306448
12898,0.8879539,0.8802579
12899,0.054169863,0.11483391
12900,0.4074261,0.4306987
12901,0.23876703,0.27688378
12902,0.27205908,0.24299107
12903,0.93220574,0.9823877
12904,0.29042414,0.36119497
12905,0.8272292,0.8520887
12906,0.6927757,0.70164007
12907,0.67476827,0.6423464
12908,0.54147816,0.56037796
12909,0.62392133,0.61017185
12910,0.38015833,0.3968467
12911,0.5088989,0.55505246
12912,0.89684296,0.9179457
12913,0.25988868,0.27432764
12914,0.87169594,0.911151
12915,0.46443447,0.4572404
12916,0.031329554,0.029313017
12917,0.11614932,0.106699675
12918,0.07165074,0.13646792
12919,0.17649405,0.17865056
12920,0.9539486,1.0046391
12921,0.55161655,0.5051897
12922,0.6396949,0.62575877
12923,0.20784876,0.18367006
12924,0.21903782,0.2167142
12925,0.9625057,0.9806708
12926,0.54273397,0.473203
12927,0.7485161,0.75038457
12928,0.119225785,0.14001957
12929,0.8940262,0.82563496
12930,0.9629647,0.9266369
12931,0.7110614,0.78126854
12932,0.68974006,0.69269586
12933,0.2787235,0.28671312
12934,0.1435952,0.12797114
12935,0.4204808,0.42541447
12936,0.09603443,0.10674894
12937,0.4898006,0.52120435
12938,0.13416192,0.12773298
12939,0.033753566,0.038052637
12940,0.024605006,0.10329653
12941,0.29210755,0.27165574
12942,0.6470805,0.5991399
12943,0.1639083,0.18217199
12944,0.38237563,0.3789922
12945,0.23583136,0.26125503
12946,0.6531428,0.6738268
12947,0.19403191,0.14462052
12948,0.13797873,0.15304683
12949,0.49112886,0.4865467
12950,0.02498675,0.017338265
12951,0.086918086,0.07096301
12952,0.5834567,0.52327263
12953,0.4062148,0.42626524
12954,0.029810205,0.035690498
12955,0.3972041,0.39646465
12956,0.49519318,0.39703378
12957,0.614445,0.65469587
12958,0.07809011,0.09260528
12959,0.6973147,0.68253404
12960,0.9290773,0.920438
12961,0.42764735,0.40211645
12962,0.6943214,0.6105584
12963,0.010444368,0.003998611
12964,0.19286165,0.17325298
12965,0.46503958,0.41672546
12966,0.5998412,0.57383424
12967,0.9533563,0.93612593
12968,0.5641416,0.49428678
12969,0.053072713,0.041489128
12970,0.40895945,0.44307524
12971,0.18784623,0.1561613
12972,0.21776277,0.2790113
12973,0.060970988,0.10559817
12974,0.41385865,0.3965549
12975,0.9558417,0.94454545
12976,0.90741634,0.92266536
12977,0.37067285,0.38900325
12978,0.8756455,0.8969922
12979,0.19225825,0.33199304
12980,0.28169197,0.3307867
12981,0.09979866,0.10556288
12982,0.26856342,0.2736432
12983,0.54925185,0.5199381
12984,0.8824342,0.9455375
12985,0.783144,0.7813579
12986,0.17882586,0.19953403
12987,0.41187298,0.39544335
12988,0.034170266,0.03632462
12989,0.28491664,0.29736057
12990,0.62532127,0.5899315
12991,0.5596355,0.5190013
12992,0.76598495,0.7490314
12993,0.551553,0.5062213
12994,0.3304244,0.29228932
12995,0.351195,0.3194876
12996,0.64903677,0.64048964
12997,0.37871414,0.34130335
12998,0.19976278,0.2067113
12999,0.82988536,0.83380264
13000,0.3590253,0.33797142
13001,0.1346834,0.14862114
13002,0.8814285,0.8740385
13003,0.12733853,0.108695805
13004,0.29091296,0.2627114
13005,0.8597642,0.9506477
13006,0.5767535,0.50752753
13007,0.36875856,0.3006965
13008,0.9719507,0.96528375
13009,0.13722187,0.15417574
13010,0.658919,0.65883636
13011,0.45727375,0.39976627
13012,0.8674784,0.80243003
13013,0.7748256,0.7806153
13014,0.1456097,0.13044077
13015,0.3046374,0.2918678
13016,0.7322196,0.7009454
13017,0.31876266,0.31829107
13018,0.4898942,0.49360725
13019,0.08939029,0.10506272
13020,0.76388836,0.7113919
13021,0.5174339,0.5093171
13022,0.40619275,0.4350441
13023,0.29532978,0.29754382
13024,0.5949267,0.5731723
13025,0.08264909,0.10560168
13026,0.4927485,0.48611188
13027,0.39737037,0.32957885
13028,0.7610208,0.7780433
13029,0.8591165,0.8651304
13030,0.16320871,0.16383232
13031,0.022240438,0.03600152
13032,0.20488933,0.19936797
13033,0.5303867,0.5293933
13034,0.54235846,0.49988234
13035,0.7759724,0.78073204
13036,0.7627929,0.7463005
13037,0.16812852,0.23012966
13038,0.19806793,0.20246291
13039,0.78116345,0.78039277
13040,0.31468457,0.3054056
13041,0.47514448,0.4768525
13042,0.12156626,0.11910447
13043,0.77710474,0.73313653
13044,0.4204969,0.39132327
13045,0.3553867,0.30171245
13046,0.8180041,0.7374177
13047,0.35115296,0.38568223
13048,0.85471857,0.90660584
13049,0.76323324,0.72612965
13050,0.4987635,0.47851557
13051,0.11297956,0.1082161
13052,0.20853896,0.28889352
13053,0.446653,0.39823866
13054,0.29075003,0.25553185
13055,0.12773466,0.12724832
13056,0.18732539,0.24101588
13057,0.6637002,0.647516
13058,0.05173892,0.012242164
13059,0.16545448,0.10361615
13060,0.46145934,0.45476112
13061,0.9986895,0.97965485
13062,0.23233059,0.18140341
13063,0.52541137,0.5392851
13064,0.4367127,0.4611575
13065,0.28138608,0.30185598
13066,0.30084303,0.27184936
13067,0.927017,0.9064224
13068,0.77353185,0.713683
13069,0.22987796,0.19107102
13070,0.7129858,0.71994203
13071,0.55549604,0.538347
13072,0.3504537,0.31399837
13073,0.32919887,0.30592647
13074,0.15095553,0.14646702
13075,0.04129868,0.07216205
13076,0.7936189,0.7664763
13077,0.02514936,0.058680635
13078,0.9601915,0.9537495
13079,0.38125017,0.3884087
13080,0.8570913,0.87827504
13081,0.5002633,0.48722965
13082,0.36805508,0.36633554
13083,0.012782097,0.09433623
13084,0.30455697,0.24943899
13085,0.7451573,0.7619301
13086,0.33727184,0.37243447
13087,0.878425,0.9428167
13088,0.071548074,0.13055392
13089,0.7932358,0.76866907
13090,0.01280572,0.044174504
13091,0.8590648,0.8769368
13092,0.5214459,0.5252014
13093,0.2563994,0.25304493
13094,0.5870766,0.5561031
13095,0.48608682,0.50181067
13096,0.90382046,0.8618262
13097,0.14800268,0.22945876
13098,0.9847628,0.94036627
13099,0.51678115,0.4733716
13100,0.69453955,0.7007979
13101,0.052835684,0.03759565
13102,0.29495504,0.26300246
13103,0.5051936,0.5015943
13104,0.9484544,0.9671891
13105,0.6847822,0.64878
13106,0.14949824,0.18814898
13107,0.09161292,0.10158497
13108,0.061977815,0.10754268
13109,0.425786,0.44483417
13110,0.94400954,0.9444079
13111,0.03218885,0.06295326
13112,0.7473098,0.73665833
13113,0.25934443,0.2435063
13114,0.9103095,0.88639516
13115,0.24595119,0.28039715
13116,0.30600083,0.39599743
13117,0.17816621,0.13782462
13118,0.45643348,0.4353261
13119,0.2144814,0.21255483
13120,0.80134773,0.72285026
13121,0.21589562,0.2465923
13122,0.093141966,0.08318481
13123,0.40360436,0.342282
13124,0.45072275,0.41945398
13125,0.44177508,0.42529243
13126,0.25157818,0.24469645
13127,0.71323633,0.70997125
13128,0.4988355,0.51458585
13129,0.2812159,0.2858163
13130,0.88130975,0.92046875
13131,0.734934,0.7236014
13132,0.02489817,0.03722824
13133,0.9347056,0.9481656
13134,0.4525839,0.43842834
13135,0.2994553,0.41097748
13136,0.24576852,0.25782084
13137,0.64244336,0.6752658
13138,0.6125484,0.59947985
13139,0.24454801,0.23252313
13140,0.44490215,0.4384308
13141,0.8998205,0.935116
13142,0.25319356,0.28680122
13143,0.10981198,0.1340943
13144,0.41463187,0.36284053
13145,0.89523137,0.8663894
13146,0.3972822,0.33045554
13147,0.8718334,0.8952509
13148,0.5311795,0.5072969
13149,0.41938412,0.33104265
13150,0.4769034,0.45670515
13151,0.011686371,0.08307499
13152,0.3912343,0.38420153
13153,0.17401336,0.21504207
13154,0.7850466,0.80254424
13155,0.5474113,0.4871412
13156,0.15497427,0.17574953
13157,0.72258407,0.7531161
13158,0.25934443,0.23374844
13159,0.5934369,0.572382
13160,0.5714773,0.5883114
13161,0.74716675,0.7465758
13162,0.23692535,0.22623193
13163,0.40832904,0.39750266
13164,0.1512229,0.109093115
13165,0.21426292,0.27270478
13166,0.16646253,0.17362757
13167,0.38090917,0.43152893
13168,0.4329674,0.43301332
13169,0.5786949,0.56714004
13170,0.27815634,0.28000516
13171,0.6328759,0.52569413
13172,0.43290105,0.3951472
13173,0.44316927,0.43400902
13174,0.97002995,0.9768207
13175,0.5571978,0.5254073
13176,0.46231517,0.44172573
13177,0.333174,0.3025245
13178,0.5945467,0.58075273
13179,0.3320544,0.2993841
13180,0.9903994,0.99193215
13181,0.59465516,0.5304332
13182,0.15007398,0.11073889
13183,0.18645126,0.17129825
13184,0.43079636,0.42831916
13185,0.12927952,0.14325051
13186,0.52849424,0.5147472
13187,0.7502297,0.7122889
13188,0.25706497,0.25040975
13189,0.38784045,0.28472656
13190,0.07008441,0.078966424
13191,0.18455482,0.23609014
13192,0.38846415,0.38281882
13193,0.45896494,0.48669475
13194,0.30922872,0.31356332
13195,0.6974216,0.7119417
13196,0.13614742,0.1562492
13197,0.093584254,0.124074936
13198,0.03737494,0.07069416
13199,0.6795958,0.7011198
13200,0.34169248,0.2916538
13201,0.26148218,0.28252786
13202,0.839103,0.83413565
13203,0.7418852,0.7545319
13204,0.57534236,0.59290516
13205,0.78152406,0.77387166
13206,0.83601356,0.8032492
13207,0.8924544,0.8903324
13208,0.95381075,0.91898507
13209,0.6714425,0.6759124
13210,0.70385665,0.6856511
13211,0.93008846,0.93850195
13212,0.60790014,0.65040654
13213,0.6255283,0.657123
13214,0.36231312,0.35848057
13215,0.5165729,0.51721627
13216,0.44745633,0.47330406
13217,0.20680845,0.24946846
13218,0.899102,0.9121789
13219,0.4573712,0.4550623
13220,0.37965074,0.3691798
13221,0.9763761,0.9465848
13222,0.003534155,0.022119392
13223,0.45605937,0.4736292
13224,0.72404546,0.709672
13225,0.01952984,0.15404667
13226,0.097846314,0.093205824
13227,0.9132458,0.96741647
13228,0.2642634,0.2620989
13229,0.4829495,0.4072891
13230,0.7274844,0.7108256
13231,0.14382428,0.20700915
13232,0.2692262,0.31200907
13233,0.6573872,0.6238455
13234,0.5541749,0.5281489
13235,0.70798016,0.63105047
13236,0.022219658,0.03743318
13237,0.95840454,0.9238608
13238,0.8809771,0.8138219
13239,0.13012782,0.13358846
13240,0.12412075,0.108134165
13241,0.28451547,0.28723425
13242,0.1886746,0.22219579
13243,0.6545262,0.6303177
13244,0.48143345,0.50239193
13245,0.71841395,0.7582218
13246,0.32455832,0.2923937
13247,0.117262505,0.09386195
13248,0.7398082,0.7259095
13249,0.2868823,0.3067652
13250,0.24534324,0.23184296
13251,0.20766832,0.15343577
13252,0.41430473,0.38822097
13253,0.48508516,0.45812872
13254,0.15966126,0.2050418
13255,0.07614514,0.1331867
13256,0.870798,0.8985008
13257,0.05792774,-0.009801457
13258,0.027451407,0.16696534
13259,0.81733084,0.6974063
13260,0.7948845,0.7953033
13261,0.8938043,0.91262996
13262,0.17355084,0.14756963
13263,0.7634633,0.7477492
13264,0.0989698,0.11436281
13265,0.34493625,0.33372015
13266,0.4899493,0.47515172
13267,0.622835,0.6845256
13268,0.7327935,0.7522134
13269,0.110889524,0.09872463
13270,0.2960053,0.30352992
13271,0.20445298,0.20631434
13272,0.16062377,0.13974057
13273,0.020510593,-0.0018559713
13274,0.7711012,0.79712707
13275,0.8616125,0.86940444
13276,0.59088504,0.551899
13277,0.4416837,0.3779834
13278,0.43913412,0.4663223
13279,0.94755983,0.9214923
13280,0.2948837,0.27890024
13281,0.16095003,0.16164108
13282,0.7633917,0.7131634
13283,0.5452881,0.53580153
13284,0.46487758,0.46071655
13285,0.70432454,0.7148989
13286,0.6836908,0.6475189
13287,0.5112781,0.43434554
13288,0.563681,0.5551307
13289,0.39747223,0.44522488
13290,0.42901248,0.41729406
13291,0.8399789,0.78315926
13292,0.669341,0.59074575
13293,0.42674053,0.38200542
13294,0.5972639,0.6330799
13295,0.63153327,0.6306348
13296,0.096961424,-0.007317217
13297,0.24274127,0.2592594
13298,0.3325059,0.32559988
13299,0.87280023,0.88388616
13300,0.5495545,0.4785726
13301,0.74675614,0.7794004
13302,0.9379277,0.9718462
13303,0.6459043,0.5918182
13304,0.4464036,0.4444092
13305,0.57073945,0.500851
13306,0.8329588,0.82155484
13307,0.6447818,0.6215106
13308,0.60257417,0.54134554
13309,0.83695465,0.7990689
13310,0.39674136,0.39527708
13311,0.17954418,0.22240674
13312,0.5300101,0.49561518
13313,0.8278513,0.805546
13314,0.54818904,0.5634122
13315,0.96585447,0.9673356
13316,0.8871083,0.86094975
13317,0.23940797,0.23541795
13318,0.67095447,0.6048641
13319,0.4210775,0.38615832
13320,0.9276592,0.90675426
13321,0.8913311,0.9110917
13322,0.008931482,0.03236149
13323,0.014690204,0.0475587
13324,0.18727331,0.29587492
13325,0.9330997,0.9508834
13326,0.49736252,0.54285985
13327,0.80619013,0.7837556
13328,0.5192523,0.46826443
13329,0.8915839,0.8585723
13330,0.2956597,0.33605433
13331,0.611807,0.61620784
13332,0.8905248,0.9360366
13333,0.59683096,0.53639007
13334,0.8862674,0.88527113
13335,0.02831442,-0.0017809756
13336,0.35279003,0.3748737
13337,0.11957918,0.13192347
13338,0.6280098,0.6538765
13339,0.5920486,0.5880063
13340,0.20263751,0.2290235
13341,0.047999132,0.07980035
13342,0.6005967,0.5906966
13343,0.96910214,0.9817066
13344,0.75931156,0.73774666
13345,0.9745608,0.9303372
13346,0.7342487,0.732008
13347,0.111231826,0.15113154
13348,0.8288699,0.8524325
13349,0.064142026,0.014744621
13350,0.159554,0.17833538
13351,0.6898831,0.6691562
13352,0.76299435,0.7988898
13353,0.82211864,0.780394
13354,0.26425415,0.30936965
13355,0.6164569,0.59143174
13356,0.289981,0.30504048
13357,0.2924246,0.30019477
13358,0.96197915,0.9640511
13359,0.8976602,0.8481823
13360,0.23455739,0.2724724
13361,0.21329015,0.23640834
13362,0.9628359,0.9446489
13363,0.9771581,0.9976269
13364,0.11976261,0.1277197
13365,0.58928055,0.5202919
13366,0.8043481,0.76963496
13367,0.3456248,0.33465058
13368,0.7552419,0.71764773
13369,0.96072906,0.98479855
13370,0.9165772,0.9628161
13371,0.9112083,0.9456214
13372,0.7418474,0.740492
13373,0.6527396,0.62053514
13374,0.920003,0.87238044
13375,0.41792512,0.45592257
13376,0.31222013,0.2994729
13377,0.09441513,0.10084887
13378,0.7603991,0.7712276
13379,0.5136531,0.51614034
13380,0.9212201,0.913208
13381,0.04399708,0.05769823
13382,0.6704127,0.72023964
13383,0.29886556,0.3479026
13384,0.440934,0.48153394
13385,0.575356,0.52796435
13386,0.85436726,0.9092575
13387,0.8065602,0.80583644
13388,0.16611043,0.18013425
13389,0.79640335,0.81585455
13390,0.023287764,0.028910443
13391,0.29568213,0.29789168
13392,0.07543964,0.051455006
13393,0.94302535,1.0357134
13394,0.7154596,0.7582384
13395,0.006165732,0.10208446
13396,0.18506067,0.21420258
13397,0.76641405,0.78899145
13398,0.8860899,0.9022576
13399,0.32808843,0.34015477
13400,0.64303577,0.721204
13401,0.4219779,0.4317001
13402,0.81320065,0.7856017
13403,0.36423084,0.3244924
13404,0.2280806,0.25212812
13405,0.12289248,0.13595843
13406,0.7538901,0.7728277
13407,0.69550604,0.6624359
13408,0.37515485,0.3568055
13409,0.6133015,0.60029095
13410,0.30626932,0.3072874
13411,0.008529513,0.05508779
13412,0.56507397,0.58184606
13413,0.4702521,0.48866022
13414,0.0012325075,0.04520434
13415,0.8368558,0.87533087
13416,0.014601823,0.08757265
13417,0.38532472,0.40883666
13418,0.44427362,0.23740438
13419,0.08508996,0.036100626
13420,0.6613848,0.6575654
13421,0.43811175,0.42132425
13422,0.5452426,0.51071405
13423,0.11565031,0.11081861
13424,0.3113202,0.36343193
13425,0.49468878,0.50535035
13426,0.27174622,0.24285088
13427,0.8417923,0.82868105
13428,0.6146736,0.6574754
13429,0.8125671,0.830285
13430,0.12729745,0.20559154
13431,0.36870068,0.33593428
13432,0.11108438,0.13894074
13433,0.76062226,0.6576987
13434,0.026543917,0.07364227
13435,0.7036272,0.69244325
13436,0.75645983,0.7893484
13437,0.8193936,0.8099738
13438,0.6174777,0.3374225
13439,0.21161951,0.22728597
13440,0.4311706,0.49335867
13441,0.74563056,0.7818889
13442,0.08138954,0.15289082
13443,0.17202197,0.31389284
13444,0.43079636,0.4531198
13445,0.9883121,0.9844997
13446,0.65741503,0.69034153
13447,0.5542651,0.51574296
13448,0.4880911,0.5108852
13449,0.25837135,0.2598107
13450,0.4608657,0.47062063
13451,0.54742044,0.5800194
13452,0.6444776,0.63307565
13453,0.20343806,0.20781696
13454,0.15082811,0.18269856
13455,0.19384913,0.1489171
13456,0.31497917,0.28713787
13457,0.41697595,0.4276045
13458,0.9520247,0.89521605
13459,0.02825977,0.046023224
13460,0.62331706,0.59754837
13461,0.07189252,0.13959302
13462,0.57213855,0.584054
13463,0.8765559,0.9054256
13464,0.9530488,0.9408676
13465,0.6571973,0.6665523
13466,0.33999544,0.32957104
13467,0.4391664,0.38480625
13468,0.029470239,0.030428667
13469,0.9205862,0.93262506
13470,0.9282397,0.91726553
13471,0.41743022,0.4065566
13472,0.113089606,0.10308941
13473,0.6590373,0.669797
13474,0.89757544,0.9007646
13475,0.42863166,0.39440554
13476,0.8015642,0.74403256
13477,0.71468276,0.78267825
13478,0.15140022,0.16671579
13479,0.91265076,0.95670223
13480,0.707816,0.7285116
13481,0.21259224,0.17655881
13482,0.5515379,0.5464123
13483,0.44748396,0.42667323
13484,0.82693464,0.7844999
13485,0.018906886,0.024525184
13486,0.19024958,0.16955931
13487,0.9777991,0.9465207
13488,0.949757,0.9632064
13489,0.027104216,0.049423646
13490,0.6773965,0.70168144
13491,0.22595729,0.17952137
13492,0.26039654,0.26834977
13493,0.9428152,0.9516462
13494,0.8091288,0.8000016
13495,0.14918049,0.25886786
13496,0.5893403,0.57686955
13497,0.024974886,0.06044239
13498,0.5339689,0.4388608
13499,0.7122503,0.6846362
13500,0.23544808,0.2807627
13501,0.67524177,0.52834064
13502,0.54187524,0.4969245
13503,0.6606591,0.675907
13504,0.76624334,0.79407316
13505,0.4768444,0.46459842
13506,0.14992675,0.11438148
13507,0.8305758,0.8397122
13508,0.23780861,0.22493874
13509,0.897738,0.8724811
13510,0.97890854,0.90692854
13511,0.6812388,0.7007264
13512,0.6683927,0.6473022
13513,0.005408794,0.038739935
13514,0.24717522,0.2523458
13515,0.6530096,0.62910855
13516,0.24109678,0.22649401
13517,0.5618275,0.5509002
13518,0.99078774,0.9767079
13519,0.14380646,0.1546066
13520,0.79545265,0.8123529
13521,0.2835817,0.25625867
13522,0.8619922,0.8227802
13523,0.3711779,0.3529645
13524,0.90990895,0.955594
13525,0.6049529,0.64012635
13526,0.71939796,0.7238943
13527,0.804189,0.78158367
13528,0.75494576,0.7424247
13529,0.6861738,0.7285108
13530,0.83319736,0.7759032
13531,0.07701599,-0.011103647
13532,0.74826235,0.7006719
13533,0.060139656,0.038974926
13534,0.67276937,0.6752532
13535,0.8426366,0.8735496
13536,0.521117,0.45973164
13537,0.9103471,0.9184568
13538,0.5850344,0.54915535
13539,0.49603638,0.5037187
13540,0.77656424,0.77551395
13541,0.18472862,0.14359926
13542,0.089405596,0.069325976
13543,0.7611023,0.74606735
13544,0.8477139,0.83938074
13545,0.8618365,0.87824416
13546,0.4272317,0.38265592
13547,0.19524609,0.13991483
13548,0.017840732,0.025013966
13549,0.5161544,0.4895261
13550,0.86716455,0.86843765
13551,0.68986666,0.62123406
13552,0.63779575,0.5414739
13553,0.3649079,0.3607619
13554,0.34532452,0.31693247
13555,0.13881095,0.16865858
13556,0.39143726,0.38572264
13557,0.9051593,0.8926305
13558,0.6041518,0.595034
13559,0.35794234,0.36849034
13560,0.5750527,0.5448487
13561,0.26540273,0.2848834
13562,0.84459245,0.85728747
13563,0.10418868,0.14813772
13564,0.43932772,0.444402
13565,0.18361123,0.20929126
13566,0.59572816,0.60144967
13567,0.82951885,0.8076758
13568,0.48933345,0.4986428
13569,0.15616208,0.10695028
13570,0.739589,0.65543526
13571,0.9126428,0.9308976
13572,0.4314084,0.43918917
13573,0.99982995,0.9629935
13574,0.43606853,0.4508503
13575,0.6492137,0.54565245
13576,0.5505884,0.53333884
13577,0.31683072,0.34416234
13578,0.11995286,0.095805615
13579,0.32507455,0.35572273
13580,0.2801928,0.33164027
13581,0.24275388,0.2546741
13582,0.7746727,0.77622837
13583,0.009312051,0.049505007
13584,0.18224835,0.13206555
13585,0.2458513,0.2748937
13586,0.36179015,0.37203047
13587,0.08298306,0.103868395
13588,0.7286724,0.7207202
13589,0.014332934,0.0036157481
13590,0.06575424,0.07680376
13591,0.50407284,0.50826204
13592,0.1399091,0.14662635
13593,0.09041262,0.08501153
13594,0.30894735,0.3392077
13595,0.41311276,0.34994593
13596,0.65448004,0.63162553
13597,0.05523019,0.03988863
13598,0.17165032,0.17329785
13599,0.7555316,0.78750396
13600,0.2350856,0.217409
13601,0.38489226,0.4167082
13602,0.30592898,0.34216222
13603,0.55649406,0.51710373
13604,0.324121,0.36094847
13605,0.46200627,0.44056293
13606,0.6195925,0.60446835
13607,0.4625359,0.35181612
13608,0.37213424,0.3709217
13609,0.7533573,0.7229569
13610,0.18929592,0.18752272
13611,0.25392443,0.25935194
13612,0.71702486,0.6713022
13613,0.8457944,0.89321786
13614,0.91920793,0.94072765
13615,0.5417742,0.5384189
13616,0.29785845,0.3221208
13617,0.70147705,0.71616185
13618,0.90395564,0.95478475
13619,0.5061084,0.5088855
13620,0.5015563,0.4759353
13621,0.8284039,0.831783
13622,0.78498656,0.79488003
13623,0.94568485,0.9404303
13624,0.86497074,0.837912
13625,0.44175324,0.43144402
13626,0.39931628,0.5010103
13627,0.6832256,0.6804967
13628,0.9689707,0.9810201
13629,0.49126065,0.4684728
13630,0.33860397,0.31109476
13631,0.99087334,1.0037727
13632,0.8967784,0.90559936
13633,0.27213624,0.30972442
13634,0.6654869,0.6566979
13635,0.43750563,0.39423168
13636,0.31152156,0.28187507
13637,0.50079376,0.51223624
13638,0.5537975,0.53027827
13639,0.50777876,0.5039671
13640,0.39258882,0.4166783
13641,0.35021546,0.32132095
13642,0.98718625,0.95791095
13643,0.2969208,0.2857266
13644,0.44694105,0.28601414
13645,0.4266062,0.41053087
13646,0.8777363,0.8603974
13647,0.15607311,0.19223802
13648,0.32034108,0.32980257
13649,0.81301814,0.7584494
13650,0.6800712,0.66062075
13651,0.10992461,0.122061834
13652,0.32779896,0.32004106
13653,0.2770418,0.338094
13654,0.46389702,0.37675744
13655,0.48649904,0.46592367
13656,0.032852385,0.29591388
13657,0.59203917,0.6479439
13658,0.464164,0.45954055
13659,0.19832614,0.27606082
13660,0.17495728,0.18614708
13661,0.011276665,0.007457763
13662,0.6823404,0.6499806
13663,0.09823556,0.1745057
13664,0.30839434,0.33688462
13665,0.3645034,0.34436148
13666,0.39072582,0.3694687
13667,0.2525132,0.27811837
13668,0.7671526,0.7719351
13669,0.21157068,0.20099168
13670,0.15390591,0.16258289
13671,0.8362388,0.86371595
13672,0.4672911,0.4666689
13673,0.11383346,0.13481593
13674,0.3027842,0.27358598
13675,0.16676095,0.40163207
13676,0.59315467,0.46546757
13677,0.52215683,0.51728386
13678,0.41095456,0.41116834
13679,0.614993,0.67776865
13680,0.622714,0.6514655
13681,0.5068923,0.5190034
13682,0.41663256,0.36151874
13683,0.46975434,0.4798925
13684,0.053403977,0.06663135
13685,0.6377767,0.54106086
13686,0.45177642,0.4439323
13687,0.5374192,0.4957375
13688,0.8510126,0.83412755
13689,0.051767085,0.070300646
13690,0.15431431,0.21770512
13691,0.8421741,0.83496463
13692,0.59125644,0.56993145
13693,0.019377712,0.04187568
13694,0.07096929,0.09543903
13695,0.671172,0.62771326
13696,0.3607476,0.41979766
13697,0.35990798,0.34841424
13698,0.95587105,0.9290708
13699,0.6491206,0.678317
13700,0.40586188,0.32381558
13701,0.9201981,0.8591569
13702,0.95642734,0.9650409
13703,0.73030275,0.6679828
13704,0.780261,0.8215008
13705,0.8910257,0.91074836
13706,0.94302595,0.92710286
13707,0.22718765,0.23222439
13708,0.8981388,0.9242827
13709,0.37129205,0.38184512
13710,0.97332066,0.90585524
13711,0.42205292,0.39009804
13712,0.8527884,0.8236914
13713,0.036275163,0.022389133
13714,0.25519708,0.24653403
13715,0.2960861,0.28901172
13716,0.96362185,1.0391853
13717,0.5571506,0.6183889
13718,0.30657238,0.31598756
13719,0.41024545,0.3650924
13720,0.92714244,0.97628754
13721,0.7312363,0.7210563
13722,0.48776385,0.48442242
13723,0.16294064,0.17753562
13724,0.35256165,0.35861775
13725,0.6952746,0.6933513
13726,0.9047191,0.85119694
13727,0.9064663,0.9002234
13728,0.3358206,0.34260392
13729,0.39563674,0.39815027
13730,0.04018746,0.114852354
13731,0.09787257,0.103907675
13732,0.218849,0.23718557
13733,0.31398642,0.31594867
13734,0.5214279,0.5245166
13735,0.20774566,0.22025003
13736,0.88475704,0.9155213
13737,0.27281746,0.25293744
13738,0.06902286,0.07270868
13739,0.30675843,0.34211498
13740,0.7820167,0.73480815
13741,0.9236677,0.84730554
13742,0.64762914,0.5613206
13743,0.36175573,0.36976025
13744,0.680271,0.6600581
13745,0.223725,0.30617964
13746,0.6285409,0.5728683
13747,0.9902804,0.9967203
13748,0.41631553,0.44902688
13749,0.26430696,0.3220483
13750,0.5523698,0.53594506
13751,0.04155089,0.07530327
13752,0.045668304,0.025309134
13753,0.6104416,0.57755667
13754,0.70145136,0.70665324
13755,0.12410515,0.16434766
13756,0.1208959,0.04577877
13757,0.94129604,0.93677676
13758,0.097414955,0.1166008
13759,0.23045859,0.20616193
13760,0.9379445,0.9390576
13761,0.021712665,0.07355076
13762,0.0017806801,0.055037368
13763,0.4778008,0.4873882
13764,0.79604536,0.79622114
13765,0.5634268,0.6080868
13766,0.09412118,0.03353091
13767,0.13102701,0.1520874
13768,0.15591483,0.15100706
13769,0.9857167,0.88510185
13770,0.7816567,0.7784858
13771,0.24857886,0.24568857
13772,0.4875984,0.49899995
13773,0.79545146,0.84726906
13774,0.24098521,0.20890875
13775,0.044363435,0.048236717
13776,0.9726759,0.98367506
13777,0.4522635,0.40583533
13778,0.51947296,0.49820533
13779,0.637342,0.58683014
13780,0.4412649,0.3772883
13781,0.5298877,0.51661247
13782,0.25210825,0.26307076
13783,0.7132743,0.67929024
13784,0.83121574,0.8632039
13785,0.22583595,0.2493118
13786,0.55646944,0.5635432
13787,0.88157403,0.89245975
13788,0.5154204,0.4994197
13789,0.22645049,0.230892
13790,0.20009583,0.16826119
13791,0.35719693,0.33101988
13792,0.7758311,0.77413166
13793,0.1707616,0.2361584
13794,0.054403346,0.045953326
13795,0.18549038,0.2075754
13796,0.43861946,0.46140277
13797,0.02393359,-0.02827357
13798,0.69200885,0.664206
13799,0.33762747,0.30174604
13800,0.37211165,0.3922213
13801,0.9530324,0.95991135
13802,0.3342011,0.33912235
13803,0.5736529,0.6326258
13804,0.10403584,0.074167885
13805,0.22952174,0.2109633
13806,0.1937073,0.16865857
13807,0.54527867,0.5439527
13808,0.751677,0.73366606
13809,0.35483328,0.35380468
13810,0.11422628,0.18097861
13811,0.011609049,0.04005585
13812,0.89764017,0.9153968
13813,0.5835173,0.51172495
13814,0.69274825,0.63160205
13815,0.33554336,0.29563415
13816,0.8532281,0.8613891
13817,0.49724287,0.45449153
13818,0.5198907,0.5355868
13819,0.7701576,0.73094755
13820,0.36432078,0.36578074
13821,0.5795424,0.6140067
13822,0.7258919,0.62883437
13823,0.8732051,0.8636322
13824,0.5353226,0.44127676
13825,0.67635906,0.68887067
13826,0.45281476,0.4622614
13827,0.0043816753,0.06461112
13828,0.21477447,0.20416214
13829,0.7240817,0.7356156
13830,0.8376204,0.8798557
13831,0.45249513,0.5089529
13832,0.9781715,0.96325094
13833,0.73253053,0.74598414
13834,0.16187501,0.20382763
13835,0.55879265,0.5370687
13836,0.1888168,0.1438822
13837,0.49658313,0.49812126
13838,0.509418,0.4886161
13839,0.102821425,0.060419124
13840,0.24022049,0.29041764
13841,0.64853317,0.60277545
13842,0.25035593,0.22030726
13843,0.9658071,0.99038553
13844,0.3080182,0.2880417
13845,0.41221255,0.40143943
13846,0.70502114,0.7509263
13847,0.77591336,0.76453185
13848,0.086978234,0.102373004
13849,0.76638216,0.5858666
13850,0.75197834,0.67755747
13851,0.18212134,0.16597338
13852,0.78209215,0.70959204
13853,0.65028715,0.5990818
13854,0.7453752,0.7438591
13855,0.09772787,0.118289456
13856,0.30215836,0.28958955
13857,0.40721115,0.4120545
13858,0.2976293,0.31353393
13859,0.6261884,0.611338
13860,0.2788161,0.26712534
13861,0.58525336,0.5292882
13862,0.7880161,0.79680043
13863,0.35937092,0.30896497
13864,0.20709153,0.16367723
13865,0.15162511,0.20111562
13866,0.283941,0.25531226
13867,0.65818864,0.62518173
13868,0.9145183,0.95605505
13869,0.57925004,0.5510636
13870,0.28313836,0.332975
13871,0.13417242,0.12695919
13872,0.9957374,0.9853216
13873,0.10315736,0.1813533
13874,0.84867585,0.8650246
13875,0.6499483,0.63345283
13876,0.68066967,0.67704976
13877,0.7510863,0.72318727
13878,0.9688566,0.9693114
13879,0.08397406,0.15334342
13880,0.6075293,0.6099813
13881,0.18713424,0.18419604
13882,0.60143495,0.56452364
13883,0.7779337,0.7379255
13884,0.11793136,0.14506926
13885,0.7603151,0.72004956
13886,0.035651896,0.06202083
13887,0.1585752,0.1655018
13888,0.13651294,0.07889749
13889,0.22940925,0.23832761
13890,0.32091552,0.30513152
13891,0.7647394,0.79216784
13892,0.97455233,1.0031753
13893,0.09522489,0.029986214
13894,0.029660141,0.068232104
13895,0.31627956,0.35835338
13896,0.8972273,0.92583
13897,0.95307094,0.9279379
13898,0.95593446,1.0100827
13899,0.14088285,0.10494752
13900,0.7564773,0.78908205
13901,0.49672797,0.48394546
13902,0.099235885,0.18019484
13903,0.67903167,0.69499123
13904,0.40029925,0.4066838
13905,0.05788286,0.018793195
13906,0.59586406,0.60890704
13907,0.47789854,0.49923468
13908,0.4453037,0.4435202
13909,0.8917055,0.92156297
13910,0.71301687,0.7349198
13911,0.49814132,0.44801903
13912,0.928642,0.93201417
13913,0.014945868,-0.018753722
13914,0.22680224,0.2529324
13915,0.8624058,0.9062795
13916,0.08354218,0.12876938
13917,0.58079237,0.5829465
13918,0.9422954,0.9421534
13919,0.6863478,0.6874976
13920,0.07557071,0.08282606
13921,0.35265487,0.3711453
13922,0.3134262,0.34047025
13923,0.5176778,0.506415
13924,0.37537068,0.39090735
13925,0.06722628,0.09583123
13926,0.057450272,0.05484231
13927,0.101490766,0.056593418
13928,0.68077767,0.5059588
13929,0.4932589,0.48355013
13930,0.1110084,0.12149878
13931,0.010200525,0.04220017
13932,0.72057337,0.6978057
13933,0.10937935,0.14975493
13934,0.9113135,0.9670184
13935,0.4582476,0.43484396
13936,0.4454441,0.44079763
13937,0.8621464,0.88739395
13938,0.29192933,0.24206518
13939,0.14219664,0.11987868
13940,0.15187658,0.19172356
13941,0.6939085,0.66932935
13942,0.73234075,0.7764265
13943,0.33728713,0.31312907
13944,0.10397766,0.024510577
13945,0.6724331,0.6636254
13946,0.31626865,0.3457989
13947,0.0007906509,0.018944368
13948,0.3131474,0.29779285
13949,0.7482086,0.7638195
13950,0.84253633,0.8889989
13951,0.08069538,0.20903315
13952,0.26434767,0.2787701
13953,0.55598694,0.5421799
13954,0.3012427,0.28522772
13955,0.9640102,0.96358526
13956,0.35230872,0.38272965
13957,0.9708852,0.9118821
13958,0.18901847,0.23631199
13959,0.72261167,0.721713
13960,0.01017489,0.08813469
13961,0.6406536,0.5927884
13962,0.7735035,0.75593996
13963,0.54724497,0.5588246
13964,0.17418204,0.15165214
13965,0.89852315,0.8883169
13966,0.06328428,0.09209184
13967,0.80515647,0.8019412
13968,0.77443326,0.7902732
13969,0.8198818,0.8360437
13970,0.38713706,0.3788687
13971,0.91916835,0.9083555
13972,0.51136845,0.4654982
13973,0.7069365,0.67069554
13974,0.966652,0.9344763
13975,0.94384843,0.92919636
13976,0.857193,0.86872905
13977,0.8302942,0.73483205
13978,0.38472325,0.33464277
13979,0.94998235,0.95240885
13980,0.4162061,0.41598284
13981,0.3044162,0.33167613
13982,0.24829811,0.20122726
13983,0.88602376,0.88911057
13984,0.35255465,0.35358536
13985,0.8524333,0.8824644
13986,0.7607147,0.76368505
13987,0.35573402,0.3557346
13988,0.9846027,0.98827827
13989,0.4605813,0.47031942
13990,0.5896706,0.58244413
13991,0.1811997,0.21755752
13992,0.89671224,0.89080477
13993,0.22636484,0.23576942
13994,0.42662627,0.39461428
13995,0.90599054,0.9203783
13996,0.93087786,0.9479159
13997,0.5759045,0.55166924
13998,0.9274067,0.9604383
13999,0.19770119,0.21490125
14000,0.86216456,0.7913544
14001,0.39609727,0.4230716
14002,0.7659501,0.7800366
14003,0.6066065,0.59877753
14004,0.40930092,0.38954526
14005,0.13103507,0.10403958
14006,0.99521923,0.9161922
14007,0.5944664,0.4531372
14008,0.95167226,1.0119365
14009,0.8644745,0.8793783
14010,0.6116916,0.5332876
14011,0.3994046,0.41422695
14012,0.4034496,0.38222006
14013,0.14443776,0.09783186
14014,0.06661477,0.123685405
14015,0.32563806,0.30588472
14016,0.61220217,0.634892
14017,0.08294823,0.093838505
14018,0.6982792,0.6376941
14019,0.80392724,0.78197557
14020,0.36607796,0.34208548
14021,0.8816561,0.84686434
14022,0.5618677,0.39301845
14023,0.41519645,0.41298726
14024,0.087527946,0.052784104
14025,0.5404475,0.45534435
14026,0.9707452,0.95518947
14027,0.80287725,0.749235
14028,0.82004946,0.784027
14029,0.60841537,0.57459414
14030,0.53933907,0.5106258
14031,0.6152267,0.5748727
14032,0.37349722,0.37531227
14033,0.9933023,0.95593697
14034,0.48692623,0.5342457
14035,0.90321636,0.7135968
14036,0.2607156,0.26611355
14037,0.20942856,0.24819075
14038,0.32684934,0.3774309
14039,0.409308,0.43120933
14040,0.33043224,0.3640455
14041,0.3157392,0.3147472
14042,0.68241626,0.6821064
14043,0.2438883,0.25694692
14044,0.53002053,0.49913454
14045,0.1438518,0.13610467
14046,0.29170024,0.3343516
14047,0.544027,0.49585313
14048,0.121098265,0.2657888
14049,0.004309708,0.023829503
14050,0.07876938,0.03305012
14051,0.50034857,0.45033705
14052,0.50672567,0.47152254
14053,0.2517236,0.2130557
14054,0.47843423,0.47439498
14055,0.3927067,0.3757116
14056,0.6657854,0.67005014
14057,0.47251073,0.47078437
14058,0.32319042,0.31779703
14059,0.794991,0.7878412
14060,0.41176164,0.42060074
14061,0.071254894,0.18555793
14062,0.6034297,0.59457946
14063,0.042220764,0.10009527
14064,0.34679908,0.33266422
14065,0.11523095,0.10568307
14066,0.20519914,0.25980914
14067,0.24284965,0.19257587
14068,0.98336786,0.9395183
14069,0.35199508,0.42765558
14070,0.28715456,0.2947411
14071,0.09182376,0.13816364
14072,0.87183505,0.86474574
14073,0.5582853,0.55904627
14074,0.59139186,0.5935911
14075,0.12842214,0.15618166
14076,0.42611554,0.37665012
14077,0.5660489,0.51917607
14078,0.7995229,0.7896904
14079,0.7588174,0.7782301
14080,0.3132979,0.37010202
14081,0.16832511,0.17491543
14082,0.8188857,0.7810348
14083,0.47154927,0.49835792
14084,0.9586496,0.9310154
14085,0.97137606,0.97795635
14086,0.045387756,0.042954665
14087,0.42470914,0.3854677
14088,0.6312021,0.6031836
14089,0.6722955,0.69042087
14090,0.7369818,0.7176139
14091,0.39722815,0.42475447
14092,0.84727633,0.8504673
14093,0.46095958,0.5027697
14094,0.965508,0.97444063
14095,0.4654146,0.46480125
14096,0.31550178,0.3240252
14097,0.5862636,0.62385446
14098,0.9579903,0.914664
14099,0.46446654,0.4804571
14100,0.4337174,0.43132675
14101,0.1728442,0.1734028
14102,0.34558424,0.35336405
14103,0.06813827,0.07521035
14104,0.20741056,0.24853487
14105,0.8427474,0.84969366
14106,0.13668457,0.1215993
14107,0.14784132,0.21480066
14108,0.8166483,0.8462132
14109,0.49692795,0.5034576
14110,0.6938681,0.6889664
14111,0.28796414,0.3193905
14112,0.88133746,0.9142347
14113,0.95187163,0.9424442
14114,0.5967994,0.40630752
14115,0.83893573,0.8440039
14116,0.74137056,0.72568727
14117,0.34413025,0.27900335
14118,0.9513424,0.96105623
14119,0.9528729,0.9434444
14120,0.80239016,0.80795157
14121,0.37200183,0.30385482
14122,0.4687618,0.44616646
14123,0.7873338,0.8118274
14124,0.97160184,0.9692549
14125,0.9405103,0.94939756
14126,0.948415,0.9661738
14127,0.87991184,0.9146149
14128,0.38793722,0.29312512
14129,0.8937534,0.8764286
14130,0.7047762,0.74106133
14131,0.51487136,0.5163023
14132,0.1835206,0.22286303
14133,0.24684346,0.2630217
14134,0.31387013,0.38798985
14135,0.98037595,0.96177834
14136,0.86350214,0.8939352
14137,0.30609158,0.33529535
14138,0.15458974,0.14070685
14139,0.4731957,0.4513987
14140,0.8458245,0.85894465
14141,0.98932785,1.031453
14142,0.13956778,0.16535181
14143,0.20932986,0.20344046
14144,0.12657245,0.10001075
14145,0.8643252,0.89865214
14146,0.7049547,0.6896895
14147,0.15042277,0.22537406
14148,0.6377767,0.5780437
14149,0.6455356,0.5906958
14150,0.5447269,0.4969399
14151,0.31442946,0.3540389
14152,0.59115684,0.58991206
14153,0.40185258,0.41924417
14154,0.39389324,0.40522015
14155,0.39408767,0.40249044
14156,0.82338804,0.8885247
14157,0.782549,0.8036559
14158,0.7843183,0.72097296
14159,0.85450804,0.87250835
14160,0.4514311,0.43252105
14161,0.84294957,0.9240836
14162,0.01630378,0.077502266
14163,0.89380485,0.8212836
14164,0.85175836,0.83553976
14165,0.8956594,0.90042084
14166,0.63718706,0.6393621
14167,0.017437669,-0.0049361438
14168,0.55988073,0.56374425
14169,0.6539674,0.6707207
14170,0.5301821,0.4901737
14171,0.10978885,0.07903337
14172,0.67870915,0.72202176
14173,0.51777244,0.50466645
14174,0.4134217,0.40554
14175,0.7773494,0.8428673
14176,0.87958884,0.93011284
14177,0.31353983,0.35162604
14178,0.32506505,0.3314227
14179,0.83022237,0.8247207
14180,0.8164274,0.81449556
14181,0.33660552,0.48488587
14182,0.33333334,0.3363601
14183,0.6382465,0.64845365
14184,0.13631572,0.16906877
14185,0.028734762,-0.004629433
14186,0.4697202,0.49811918
14187,0.8983344,0.9521453
14188,0.60731757,0.6348925
14189,0.72179526,0.61118484
14190,0.30051777,0.29535508
14191,0.98018026,0.98372936
14192,0.6317409,0.63685
14193,0.099268965,0.079741776
14194,0.08529825,0.16525947
14195,0.746384,0.7865405
14196,0.3673207,0.34648532
14197,0.73622507,0.80952334
14198,0.07251839,0.09581289
14199,0.41650945,0.43431717
14200,0.3930494,0.39077434
14201,0.69262797,0.6765418
14202,0.93337876,0.93452096
14203,0.5613831,0.5780183
14204,0.5275594,0.53246707
14205,0.5552022,0.5454216
14206,0.81127274,0.79719794
14207,0.5426447,0.408406
14208,0.8240919,0.82830834
14209,0.06585856,0.1490032
14210,0.8649079,0.8731904
14211,0.09951475,0.24258564
14212,0.9877061,1.0305959
14213,0.76909983,0.8020624
14214,0.49692953,0.46676093
14215,0.055944767,0.059860487
14216,0.012202276,0.07092525
14217,0.28017983,0.27444762
14218,0.50761336,0.5353372
14219,0.75407135,0.74952793
14220,0.49757162,0.50860584
14221,0.08038774,0.052461166
14222,0.6847228,0.68097293
14223,0.6178719,0.64440227
14224,0.15256646,0.23676644
14225,0.28938442,0.31994995
14226,0.07052309,0.009925682
14227,0.010100424,0.057949353
14228,0.68976784,0.7228252
14229,0.558582,0.5737676
14230,0.2947366,0.2710445
14231,0.48420858,0.4599297
14232,0.53395826,0.46340886
14233,0.7493687,0.7440778
14234,0.40615064,0.41791105
14235,0.024913723,0.0626248
14236,0.016009556,0.04691351
14237,0.81708586,0.8141578
14238,0.46400276,0.48180193
14239,0.7746021,0.74592054
14240,0.9869981,0.97586113
14241,0.9212057,0.9320184
14242,0.80094653,0.8003919
14243,0.71021986,0.71511495
14244,0.5571286,0.54420495
14245,0.135139,0.14423592
14246,0.9316267,0.9254459
14247,0.9375411,0.9670147
14248,0.95355886,0.9120715
14249,0.8984905,0.9215797
14250,0.109325066,0.22993608
14251,0.82553786,0.85666883
14252,0.92791635,0.96175647
14253,0.118208975,0.13779718
14254,0.97418994,0.9295686
14255,0.3741838,0.3949328
14256,0.08144169,0.1057692
14257,0.20874739,0.20817487
14258,0.053363487,0.066793576
14259,0.18643716,0.15649223
14260,0.32348663,0.3532679
14261,0.7237343,0.73612463
14262,0.19972551,0.23364392
14263,0.7911243,0.8184502
14264,0.6057999,0.5626385
14265,0.7101558,0.69481266
14266,0.20575576,0.16815867
14267,0.3077462,0.3229691
14268,0.5174044,0.42484912
14269,0.9069432,0.90263903
14270,0.14372548,0.16424866
14271,0.26418948,0.20085907
14272,0.042113304,0.041205768
14273,0.10166708,0.11728674
14274,0.7070228,0.6899841
14275,0.44434395,0.34920812
14276,0.51747966,0.5338332
14277,0.48200598,0.43280342
14278,0.46910807,0.38136038
14279,0.4653606,0.47715554
14280,0.48262528,0.48372316
14281,0.5602922,0.5352517
14282,0.8014468,0.80339265
14283,0.4172848,0.41025764
14284,0.18859962,0.16183859
14285,0.6018719,0.5745275
14286,0.41166702,0.36222827
14287,0.6822057,0.6470901
14288,0.93462276,1.0207571
14289,0.80715984,0.8677428
14290,0.6634498,0.6169877
14291,0.39575085,0.3722908
14292,0.8292094,0.68185663
14293,0.6573088,0.63399696
14294,0.3833748,0.39109755
14295,0.28512317,0.3240394
14296,0.26377147,0.260462
14297,0.4652706,0.48744953
14298,0.83583045,0.8610076
14299,0.6832843,0.6681207
14300,0.778588,0.7940074
14301,0.53166515,0.53648156
14302,0.16487691,0.20744386
14303,0.09242762,0.014192918
14304,0.22102736,0.19602826
14305,0.7311606,0.6544224
14306,0.6122188,0.6203511
14307,0.60279256,0.52982086
14308,0.49702558,0.4679575
14309,0.5405767,0.4704358
14310,0.55244416,0.50765175
14311,0.2984843,0.33226725
14312,0.4344465,0.44064063
14313,0.7065781,0.722549
14314,0.8752293,0.80141985
14315,0.3835188,0.3518999
14316,0.30357745,0.2996837
14317,0.48189935,0.45891637
14318,0.463112,0.46803346
14319,0.094541535,0.06332598
14320,0.0859972,0.015613949
14321,0.05519108,0.07949564
14322,0.8687371,0.83910996
14323,0.7415623,0.6953687
14324,0.51333535,0.5087293
14325,0.44308767,0.3629044
14326,0.16226356,0.18392754
14327,0.7072666,0.7464465
14328,0.06583055,0.06520049
14329,0.48143345,0.4168135
14330,0.04067567,0.028711734
14331,0.14165555,0.0927021
14332,0.68634903,0.6992108
14333,0.6628743,0.55154663
14334,0.2906545,0.21549368
14335,0.8496157,0.9019862
14336,0.1705764,0.17088626
14337,0.9397876,0.96170044
14338,0.6833283,0.602962
14339,0.52134,0.49841124
14340,0.59332263,0.50840086
14341,0.11485837,0.15494943
14342,0.8981095,0.97303164
14343,0.5842506,0.53768694
14344,0.10456673,0.08527051
14345,0.92775863,0.9587223
14346,0.048543893,0.10165419
14347,0.56162626,0.56167394
14348,0.16175783,0.20160143
14349,0.91579306,0.9256097
14350,0.8057863,0.8556925
14351,0.8083532,0.7949689
14352,0.9321628,0.9731283
14353,0.46459556,0.4811669
14354,0.9148052,0.9549989
14355,0.38523358,0.3966742
14356,0.9916085,0.93236923
14357,0.81806105,0.7973151
14358,0.33528212,0.32065877
14359,0.22668295,0.28316897
14360,0.13606393,0.13055156
14361,0.0045213765,0.05256058
14362,0.4754298,0.44972095
14363,0.9746912,0.9346017
14364,0.74959373,0.76375335
14365,0.73045397,0.69946855
14366,0.18378288,0.21984395
14367,0.17632607,0.08302666
14368,0.45211512,0.48731005
14369,0.12009609,0.18653744
14370,0.6685868,0.6128865
14371,0.39770138,0.39555234
14372,0.340367,0.3513169
14373,0.6188332,0.6225032
14374,0.9506925,0.95740056
14375,0.9795838,0.9268144
14376,0.6025081,0.60323167
14377,0.53046614,0.5445484
14378,0.5429311,0.525455
14379,0.33792377,0.3864171
14380,0.067651734,0.02450892
14381,0.8817349,0.9011029
14382,0.7438793,0.73450494
14383,0.17136998,0.20389137
14384,0.18848327,0.21741928
14385,0.39837945,0.32879427
14386,0.6898103,0.6537545
14387,0.28194764,0.29375136
14388,0.1880372,0.24946031
14389,0.9378603,0.9351851
14390,0.053417392,0.05021475
14391,0.7532797,0.7606887
14392,0.65844893,0.7008669
14393,0.85020834,0.8332794
14394,0.76699686,0.8014644
14395,0.5914973,0.5997012
14396,0.8592625,0.871843
14397,0.6575877,0.66060174
14398,0.8948051,0.89945817
14399,0.7127392,0.4273713
14400,0.15479547,0.3208733
14401,0.96345526,0.9089876
14402,0.0899478,0.0900742
14403,0.2344137,0.2677636
14404,0.384763,0.35906023
14405,0.714795,0.75826335
14406,0.2959088,0.26138583
14407,0.048440967,0.09614654
14408,0.29284438,0.2642967
14409,0.5076002,0.46657792
14410,0.2770058,0.27093777
14411,0.90132415,0.96277475
14412,0.4579895,0.4498497
14413,0.2592498,0.29196486
14414,0.64914256,0.6275462
14415,0.2899016,0.29697832
14416,0.682018,0.66852915
14417,0.4192509,0.44531268
14418,0.7719858,0.7653144
14419,0.12864321,0.15078272
14420,0.56876796,0.55233985
14421,0.32439652,0.31960577
14422,0.90419996,0.9291453
14423,0.24320503,0.21436928
14424,0.8148768,0.8213324
14425,0.44138008,0.4110062
14426,0.17814426,0.18687369
14427,0.22279301,0.21470915
14428,0.18438879,0.20833321
14429,0.249447,0.26980835
14430,0.060343176,0.11225617
14431,0.89848554,0.9478434
14432,0.19902171,0.19001412
14433,0.48113623,0.5009441
14434,0.79302204,0.7845433
14435,0.59783036,0.62088823
14436,0.51254493,0.54814833
14437,0.40201616,0.37785047
14438,0.34100288,0.33426386
14439,0.1868119,0.28051794
14440,0.09579954,0.14920051
14441,0.1058083,0.08416102
14442,0.38628572,0.3728357
14443,0.7232033,0.7492326
14444,0.137831,0.10411376
14445,0.5693568,0.54650766
14446,0.64564544,0.690773
14447,0.3997457,0.4419089
14448,0.40950775,0.40227568
14449,0.30678254,0.28331852
14450,0.08937561,0.16289298
14451,0.07351789,0.19448908
14452,0.9092384,0.9352825
14453,0.59010863,0.58777094
14454,0.06259466,0.07497562
14455,0.10612628,0.13195936
14456,0.47653127,0.4292472
14457,0.66153234,0.60903233
14458,0.7228577,0.70166373
14459,0.47880638,0.4198901
14460,0.18492319,0.22133794
14461,0.28725898,0.26757115
14462,0.063028075,0.07212144
14463,0.37508643,0.40028185
14464,0.44297546,0.46102953
14465,0.08767997,0.10463408
14466,0.64053303,0.6429094
14467,0.6837398,0.7027017
14468,0.00015209186,0.060489103
14469,0.48149496,0.51630485
14470,0.2883577,0.31733733
14471,0.4682009,0.49171573
14472,0.59673476,0.5439662
14473,0.8970425,0.9236414
14474,0.3332271,0.36774802
14475,0.4673073,0.4657324
14476,0.07522383,0.05166583
14477,0.67193264,0.6433979
14478,0.43184215,0.4272579
14479,0.47345325,0.45662042
14480,0.8869351,0.91313416
14481,0.2307504,0.23373093
14482,0.021010345,0.03884195
14483,0.18162695,0.2376452
14484,0.022216344,0.027544755
14485,0.286707,0.27265918
14486,0.9693952,0.9513902
14487,0.17982115,0.1619018
14488,0.5152186,0.5312149
14489,0.31389657,0.25467318
14490,0.7667516,0.77914053
14491,0.9562475,0.97558546
14492,0.26330727,0.2755183
14493,0.401307,0.3614826
14494,0.452507,0.4617596
14495,0.40122396,0.40225708
14496,0.7060817,0.7025521
14497,0.36511743,0.42333674
14498,0.31181332,0.2516774
14499,0.04649876,0.036986295
14500,0.18682599,0.16051726
14501,0.58734655,0.60490113
14502,0.87719655,0.8762918
14503,0.039829224,0.08696915
14504,0.2094483,0.22176637
14505,0.2910506,0.16055243
14506,0.9653236,0.99211246
14507,0.53147125,0.41353968
14508,0.58486223,0.57631147
14509,0.100624956,0.06227501
14510,0.34657648,0.34728503
14511,0.75183904,0.7198505
14512,0.51123166,0.51055706
14513,0.4490514,0.42351398
14514,0.60300946,0.5609157
14515,0.91319156,0.8978249
14516,0.27069953,0.21622978
14517,0.66984266,0.65545046
14518,0.015394246,0.018116865
14519,0.96498597,0.9115192
14520,0.9662106,0.94137764
14521,0.1930949,0.18547879
14522,0.24226241,0.23202743
14523,0.5565852,0.51419616
14524,0.88659674,0.95029855
14525,0.43572912,0.47665152
14526,0.9359885,0.973873
14527,0.9566636,0.9488642
14528,0.9242552,0.98348147
14529,0.9734793,0.9572079
14530,0.62900734,0.61826575
14531,0.7200637,0.698032
14532,0.6099462,0.60890085
14533,0.6281855,0.5981181
14534,0.026276845,0.03467754
14535,0.35027623,0.35218215
14536,0.32897758,0.29984877
14537,0.89428574,0.85300946
14538,0.79273134,0.7402431
14539,0.22913593,0.22164756
14540,0.5629201,0.562245
14541,0.46993297,0.45251974
14542,0.59911156,0.5571279
14543,0.758139,0.7923748
14544,0.48606515,0.42107674
14545,0.83491,0.80502504
14546,0.11927819,0.04864856
14547,0.19713303,0.2473486
14548,0.705208,0.6933473
14549,0.57534844,0.5736422
14550,0.0643442,0.07898227
14551,0.2249143,0.16620763
14552,0.5081858,0.5087205
14553,0.45347938,0.43645316
14554,0.27034485,0.41324872
14555,0.07443921,0.047078267
14556,0.7734163,0.7404794
14557,0.39535984,0.40382108
14558,0.43514314,0.42481714
14559,0.04347294,0.13517256
14560,0.8642186,0.846759
14561,0.53911495,0.46704495
14562,0.48664644,0.45254576
14563,0.08584306,0.14528319
14564,0.5399955,0.5277359
14565,0.08949867,0.056029826
14566,0.25378183,0.23016074
14567,0.2634574,0.289536
14568,0.88373214,0.879334
14569,0.7644885,0.6973225
14570,0.35945985,0.30598027
14571,0.70517987,0.66412616
14572,0.7404982,0.75603724
14573,0.45029354,0.41117167
14574,0.07325789,0.07949042
14575,0.9077734,0.86124724
14576,0.8837077,0.93052113
14577,0.5013253,0.44298348
14578,0.12639636,0.18291248
14579,0.24028021,0.16474682
14580,0.06873631,0.08807323
14581,0.9181343,0.9591893
14582,0.61216784,0.6068816
14583,0.19080026,0.24580112
14584,0.57143235,0.55651915
14585,0.34050107,0.29681954
14586,0.9953637,0.97576284
14587,0.07001557,0.046095796
14588,0.78279734,0.7345915
14589,0.5422267,0.47956163
14590,0.4749937,0.4872478
14591,0.8857604,0.85866237
14592,0.23774849,0.26207536
14593,0.6151975,0.5852622
14594,0.58842903,0.46988088
14595,0.77843505,0.68594015
14596,0.38679942,0.3999836
14597,0.12036335,0.18092786
14598,0.27773002,0.2802417
14599,0.900045,0.9461037
14600,0.34991574,0.35860583
14601,0.47378978,0.48258737
14602,0.42823574,0.4080556
14603,0.653818,0.63513255
14604,0.966918,0.9196907
14605,0.38694835,0.36197588
14606,0.41085652,0.2988367
14607,0.74854326,0.7159934
14608,0.04263007,0.05659723
14609,0.33986086,0.32917035
14610,0.4831932,0.5055801
14611,0.20834741,0.32554314
14612,0.3675268,0.3324327
14613,0.9550071,0.9591213
14614,0.3989716,0.41071588
14615,0.20313746,0.26060706
14616,0.3256678,0.34293333
14617,0.7336917,0.7298502
14618,0.68924975,0.45793495
14619,0.20405136,0.18923186
14620,0.17644244,0.26382133
14621,0.977657,0.9773646
14622,0.27414238,0.27745834
14623,0.64614266,0.59496456
14624,0.8224253,0.81483436
14625,0.045707077,0.057925355
14626,0.03317042,0.04021809
14627,0.89332324,0.9087677
14628,0.5401199,0.59125686
14629,0.07874828,0.096575156
14630,0.8417104,0.8424976
14631,0.5886615,0.5555363
14632,0.49626023,0.47265488
14633,0.99206936,1.0264868
14634,0.46607682,0.43759272
14635,0.24386843,0.22537673
14636,0.17259245,0.1342728
14637,0.9516767,0.97628546
14638,0.9310996,0.99302715
14639,0.27897966,0.2899303
14640,0.17236474,0.19717765
14641,0.0067069656,0.07683706
14642,0.39505738,0.36316523
14643,0.70446914,0.65239185
14644,0.30837494,0.29390314
14645,0.882691,0.888765
14646,0.057976343,0.01985119
14647,0.6205302,0.58712053
14648,0.7817574,0.7902055
14649,0.39180398,0.34851876
14650,0.7023033,0.68433136
14651,0.8190891,0.83990556
14652,0.7865616,0.78674
14653,0.6776957,0.64025927
14654,0.39835483,0.4086986
14655,0.33409715,0.33588523
14656,0.82442015,0.84479165
14657,0.26392388,0.22702916
14658,0.990038,1.0452541
14659,0.03214082,-0.030783135
14660,0.089146204,0.10929756
14661,0.8181347,0.78852963
14662,0.27462286,0.3537872
14663,0.9393566,0.88495636
14664,0.62301046,0.6243837
14665,0.2610199,0.29515675
14666,0.3457247,0.23108678
14667,0.7748387,0.75950724
14668,0.9776234,0.98748803
14669,0.63690996,0.6777596
14670,0.28274646,0.2794689
14671,0.6345923,0.5871667
14672,0.7586919,0.798977
14673,0.41438666,0.41962034
14674,0.08363345,0.10102817
14675,0.31610218,0.33352554
14676,0.19333592,0.3168792
14677,0.913938,1.0157896
14678,0.6570432,0.60319215
14679,0.23965757,0.2405672
14680,0.11369115,0.16372573
14681,0.32634574,0.28624386
14682,0.78322697,0.7556395
14683,0.6280397,0.65738505
14684,0.8413462,0.7998701
14685,0.6750132,0.67782384
14686,0.6125609,0.60297483
14687,0.26742843,0.26509398
14688,0.39404935,0.35028553
14689,0.07359204,0.084591255
14690,0.91299623,0.9441134
14691,0.96226585,0.9537576
14692,0.5218378,0.544397
14693,0.27333403,0.22792864
14694,0.36277378,0.36216903
14695,0.36943752,0.3875478
14696,0.33888888,0.39139724
14697,0.5455863,0.53697515
14698,0.50445604,0.51098514
14699,0.83507466,0.79634714
14700,0.6182085,0.5322439
14701,0.32506981,0.3198865
14702,0.71367985,0.69831264
14703,0.5945853,0.633473
14704,0.16073911,0.17892794
14705,0.2412036,0.26469588
14706,0.8615512,0.9071153
14707,0.68778926,0.67230105
14708,0.8564302,0.8975353
14709,0.6528856,0.67847675
14710,0.3571058,0.3812406
14711,0.18134308,0.1911349
14712,0.6726593,0.72987974
14713,0.7927975,0.8096058
14714,0.19720557,0.16066384
14715,0.9743288,0.99642724
14716,0.09540285,0.19752584
14717,0.31328377,0.36220568
14718,0.18261941,0.19648589
14719,0.5210453,0.48990965
14720,0.074927896,0.06459235
14721,0.58995986,0.6071801
14722,0.6361125,0.60688007
14723,0.3530091,0.36769605
14724,0.18877026,0.16937295
14725,0.79037166,0.77021194
14726,0.3576906,0.34525067
14727,0.32812738,0.32915014
14728,0.3863995,0.36948204
14729,0.2256382,0.26538947
14730,0.35783157,0.40720934
14731,0.30734995,0.30632645
14732,0.2730167,0.23290889
14733,0.47530454,0.4763462
14734,0.41201216,0.40599492
14735,0.12559693,0.24633642
14736,0.071878135,0.06896664
14737,0.49329787,0.49072796
14738,0.8503404,0.87017053
14739,0.8461323,0.8657877
14740,0.56433934,0.50218815
14741,0.1453903,0.17347623
14742,0.14407516,0.1610775
14743,0.21225864,0.19049631
14744,0.59054804,0.56542915
14745,0.6993999,0.6287098
14746,0.72078574,0.69923663
14747,0.024461588,0.108875036
14748,0.4422478,0.45086852
14749,0.90018785,0.9557662
14750,0.25987414,0.34304243
14751,0.6410841,0.63100004
14752,0.053720314,0.052476082
14753,0.87096137,0.84906095
14754,0.77343637,0.7863873
14755,0.8275355,0.81245005
14756,0.0853231,0.092497036
14757,0.2439787,0.2632403
14758,0.18820402,0.19464277
14759,0.47761258,0.35902458
14760,0.02459156,0.024850827
14761,0.5132907,0.47710127
14762,0.21322161,0.23540823
14763,0.48711607,0.42900988
14764,0.82349026,0.848088
14765,0.3565176,0.34914887
14766,0.4185848,0.43194503
14767,0.8019842,0.788931
14768,0.428845,0.43608513
14769,0.9300424,0.9738979
14770,0.253499,0.309446
14771,0.075376,0.058438
14772,0.0005703799,0.027444515
14773,0.4713965,0.4175936
14774,0.7876326,0.76888746
14775,0.8819639,0.8665086
14776,0.92185754,0.88470465
14777,0.9676628,0.95569307
14778,0.19330083,0.24493878
14779,0.32649195,0.33865535
14780,0.93972325,0.91341805
14781,0.072218664,0.00029924884
14782,0.28418744,0.23888253
14783,0.29620054,0.37325317
14784,0.09203615,0.11324255
14785,0.36337107,0.40466356
14786,0.23564547,0.20021917
14787,0.051154297,0.040044203
14788,0.23884772,0.26491693
14789,0.22708671,0.22821864
14790,0.40664697,0.3827352
14791,0.2202087,0.24486887
14792,0.3976105,0.3849204
14793,0.545916,0.42223647
14794,0.69989276,0.68607974
14795,0.46920958,0.45931536
14796,0.18359585,0.11232735
14797,0.5748116,0.54727566
14798,0.19442476,0.17199859
14799,0.81146497,0.78747016
14800,0.8416174,0.8659551
14801,0.28508994,0.28136587
14802,0.4601518,0.41671458
14803,0.88226914,0.87041533
14804,0.783584,0.7672515
14805,0.81618756,0.77913034
14806,0.6845208,0.70736355
14807,0.6602722,0.62512535
14808,0.44509873,0.45030212
14809,0.57468873,0.56279975
14810,0.19423467,0.19817987
14811,0.672672,0.6955008
14812,0.24923395,0.20402437
14813,0.26008394,0.2698365
14814,0.44651514,0.3580403
14815,0.28620782,0.2773054
14816,0.99282104,0.97747546
14817,0.45403823,0.43346193
14818,0.4039858,0.33802384
14819,0.58489394,0.59298307
14820,0.61978203,0.60690844
14821,0.4615503,0.41917267
14822,0.12811379,0.15320116
14823,0.27685946,0.26965752
14824,0.81267166,0.8266503
14825,0.7352018,0.7043791
14826,0.35766038,0.3363932
14827,0.66025466,0.6048809
14828,0.7825955,0.6995964
14829,0.5932605,0.5263964
14830,0.27348045,0.2628261
14831,0.6281555,0.6131935
14832,0.32004207,0.30829126
14833,0.271863,0.29133105
14834,0.34580272,0.3633694
14835,0.110567495,0.07311499
14836,0.14832488,0.19507319
14837,0.8805599,0.8871583
14838,0.33775654,0.29373407
14839,0.7601541,0.7683935
14840,0.7446844,0.72382116
14841,0.6238139,0.62942314
14842,0.5289967,0.4906391
14843,0.7153673,0.7212261
14844,0.28048736,0.3018747
14845,0.63064015,0.6596578
14846,0.40380338,0.42576197
14847,0.3387517,0.32265788
14848,0.27191934,0.27481946
14849,0.06623657,0.020151239
14850,0.14193033,0.16682464
14851,0.047161046,0.08581714
14852,0.054500073,0.046025183
14853,0.5186076,0.5313933
14854,0.5336501,0.5361394
14855,0.64149624,0.6467984
14856,0.21907817,0.27195957
14857,0.012233077,0.060377326
14858,0.48917407,0.55624163
14859,0.21601188,0.21008785
14860,0.7120747,0.696127
14861,0.08956363,0.09593646
14862,0.05085936,0.096472815
14863,0.61314154,0.61269253
14864,0.1740264,0.1493944
14865,0.96147335,0.9262109
14866,0.9795089,0.980471
14867,0.7877138,0.7924859
14868,0.13988812,0.15343812
14869,0.9737717,0.9722475
14870,0.98181295,0.9937343
14871,0.5398431,0.55270255
14872,0.5511106,0.55646163
14873,0.1083386,0.06350574
14874,0.5066159,0.5350828
14875,0.554988,0.5694539
14876,0.86948496,0.84738904
14877,0.18497247,0.25898677
14878,0.72132236,0.6450069
14879,0.8823421,0.9095833
14880,0.71327585,0.71570385
14881,0.64535874,0.6156906
14882,0.05606295,-0.020850036
14883,0.04159895,-0.011275489
14884,0.701134,0.68010783
14885,0.436391,0.44582757
14886,0.02013814,0.050914984
14887,0.029813305,0.0058163516
14888,0.9699307,0.97996145
14889,0.6051841,0.60198927
14890,0.2648992,0.27687958
14891,0.3972061,0.44258475
14892,0.86143225,0.8889908
14893,0.7021245,0.69682133
14894,0.40751326,0.48885298
14895,0.8846899,0.9156381
14896,0.20922457,0.22285567
14897,0.21905942,0.36674094
14898,0.60638034,0.6052155
14899,0.7300953,0.6843288
14900,0.80608183,0.80327255
14901,0.09713486,0.14628302
14902,0.07544811,0.05571614
14903,0.03507791,0.07577805
14904,0.6503541,0.62538743
14905,0.5794184,0.5308911
14906,0.1535953,0.17082182
14907,0.05362997,0.0012267344
14908,0.9043317,0.9436004
14909,0.095488146,0.10863294
14910,0.8500361,0.81726134
14911,0.41606086,0.4265189
14912,0.9417094,1.009473
14913,0.3670664,0.35038358
14914,0.24226744,0.24041064
14915,0.15888625,0.09218317
14916,0.7638514,0.69552594
14917,0.720871,0.4446279
14918,0.8490578,0.85129374
14919,0.48932308,0.5082547
14920,0.52052927,0.48521948
14921,0.083302595,0.07752867
14922,0.39970893,0.41718167
14923,0.33809394,0.3263318
14924,0.76958907,0.75255114
14925,0.0010913727,0.06454784
14926,0.7532247,0.7629453
14927,0.5128129,0.5182589
14928,0.41364473,0.4325105
14929,0.3517706,0.3456968
14930,0.5006618,0.503408
14931,0.64494324,0.64599663
14932,0.53949445,0.53710353
14933,0.08585241,0.020858467
14934,0.111951776,0.09912191
14935,0.6370442,0.6308047
14936,0.69344926,0.76570374
14937,0.8147495,0.8184789
14938,0.046464294,0.09001969
14939,0.64094305,0.7113975
14940,0.7306891,0.744473
14941,0.49329007,0.48002005
14942,0.46308187,0.49705756
14943,0.21024463,0.25386178
14944,0.9262929,0.9456806
14945,0.13975297,0.23379882
14946,0.48106417,0.49758726
14947,0.07199732,0.025784388
14948,0.30185053,0.37014675
14949,0.82188183,0.84487206
14950,0.38834673,0.24568714
14951,0.08279529,0.03432341
14952,0.69849396,0.7629592
14953,0.06949153,0.0037174523
14954,0.4782279,0.5422523
14955,0.026250616,0.078315124
14956,0.039918642,0.02268365
14957,0.3463271,0.39892638
14958,0.6182722,0.632291
14959,0.44158638,0.45509
14960,0.76568997,0.8209339
14961,0.49852955,0.51691586
14962,0.09398966,0.14682539
14963,0.38138482,0.392294
14964,0.53048444,0.54743505
14965,0.3220251,0.3128283
14966,0.8557402,0.8646158
14967,0.2100175,0.23826891
14968,0.70313555,0.716636
14969,0.6403891,0.6268612
14970,0.37851408,0.4001792
14971,0.8183535,0.81072414
14972,0.3071409,0.39693838
14973,0.84210396,0.8393949
14974,0.81633633,0.781747
14975,0.9145767,0.90745836
14976,0.43321666,0.5227416
14977,0.69509286,0.7071841
14978,0.6348491,0.64930177
14979,0.68820953,0.70754576
14980,0.06729115,0.007781729
14981,0.69837826,0.6814539
14982,0.1428887,0.10259719
14983,0.86011976,0.8783471
14984,0.6903824,0.6597059
14985,0.7692757,0.80560756
14986,0.6266886,0.60629004
14987,0.7988759,0.7720828
14988,0.95301026,0.89125997
14989,0.28510416,0.3212164
14990,0.34137923,0.30850512
14991,0.25164384,0.23805927
14992,0.25981805,0.2431348
14993,0.051557686,0.034191255
14994,0.17329417,0.17707214
14995,0.59624535,0.59652615
14996,0.7941359,0.7652751
14997,0.5840221,0.5192218
14998,0.033946857,0.0093278475
14999,0.3374133,0.35327435
15000,0.3504205,0.36615038
15001,0.5130498,0.5079037
15002,0.043308914,0.059594978
15003,0.4692663,0.49478897
15004,0.6101597,0.60671854
15005,0.9211897,0.958439
15006,0.16482282,0.17292567
15007,0.93177956,0.8518795
15008,0.6225883,0.6147148
15009,0.06599878,-0.0027193315
15010,0.4619033,0.46274027
15011,0.19551729,0.20317803
15012,0.2989073,0.27131984
15013,0.21882594,0.26754043
15014,0.914806,0.94681776
15015,0.2584493,0.23998885
15016,0.762634,0.78242874
15017,0.15885486,0.21838532
15018,0.6024894,0.5958326
15019,0.05875889,0.00096674636
15020,0.9745078,0.94550705
15021,0.16900916,0.16426916
15022,0.142682,0.16530028
15023,0.095764264,0.21408646
15024,0.9313363,0.9014249
15025,0.7033198,0.7048171
15026,0.523201,0.504876
15027,0.54453856,0.58400077
15028,0.8733923,0.90585756
15029,0.6238421,0.61013186
15030,0.16037844,0.15563892
15031,0.446795,0.46751487
15032,0.38644972,0.3715716
15033,0.2265392,0.21893585
15034,0.35498035,0.36093768
15035,0.79578537,0.7803861
15036,0.3413424,0.31289455
15037,0.0842857,0.09815253
15038,0.7701762,0.7506349
15039,0.16420455,0.19838999
15040,0.33710715,0.29476544
15041,0.9926768,0.9749773
15042,0.37344438,0.34321168
15043,0.7308079,0.6855472
15044,0.89585555,0.9166831
15045,0.81205064,0.7158702
15046,0.0043987925,0.08135733
15047,0.4811655,0.4603348
15048,0.110817775,0.086609885
15049,0.40730315,0.27137256
15050,0.90797937,0.9558867
15051,0.47418138,0.41099766
15052,0.7760049,0.72364306
15053,0.9470703,0.9488074
15054,0.38710588,0.36962017
15055,0.991564,0.94537264
15056,0.43917447,0.3970566
15057,0.4772268,0.51182747
15058,0.8449993,0.8418448
15059,0.35305804,0.3912925
15060,0.49212155,0.5349325
15061,0.29549137,0.33020425
15062,0.71910036,0.69440734
15063,0.5336822,0.541564
15064,0.67088044,0.64298165
15065,0.49904546,0.5011331
15066,0.8640118,0.7694682
15067,0.4862,0.4372289
15068,0.2926345,0.30967146
15069,0.47058162,0.41260698
15070,0.08968575,0.011106459
15071,0.93802136,0.94143283
15072,0.8369153,0.8382174
15073,0.15074389,0.14127588
15074,0.5658903,0.57772845
15075,0.7030677,0.60127413
15076,0.3070134,0.2922543
15077,0.6638873,0.67499375
15078,0.6851956,0.6728815
15079,0.15164855,0.16659585
15080,0.25949606,0.2508541
15081,0.80664366,0.8796967
15082,0.65698344,0.7268299
15083,0.4746852,0.4551933
15084,0.5947693,0.5982822
15085,0.21024463,0.19554117
15086,0.09661704,0.09014507
15087,0.2834867,0.2809984
15088,0.84103924,0.8085026
15089,0.13412946,0.10865137
15090,0.22876954,0.23398787
15091,0.26673773,0.23409282
15092,0.21107247,0.24458012
15093,0.8352687,0.8575264
15094,0.89827454,0.898824
15095,0.6120493,0.55946636
15096,0.7765866,0.7780061
15097,0.92533934,0.91213727
15098,0.36554566,0.33033958
15099,0.90209293,0.93030417
15100,0.24639358,0.23806687
15101,0.37184036,0.3129976
15102,0.116879955,0.148127
15103,0.6776233,0.66044784
15104,0.7549029,0.71379316
15105,0.19858521,0.18847722
15106,0.4284109,0.43948257
15107,0.16181935,0.1552577
15108,0.95390606,0.9549789
15109,0.23096776,0.2556419
15110,0.97087055,0.9528946
15111,0.6201662,0.6369992
15112,0.7265343,0.7432155
15113,0.8145611,0.8298243
15114,0.47726017,0.51804245
15115,0.99724764,0.8703675
15116,0.77375793,0.7637507
15117,0.8370578,0.8088144
15118,0.57528776,0.60650814
15119,0.11299698,0.064734444
15120,0.8637558,0.90128493
15121,0.07143516,0.12516119
15122,0.80979544,0.8247232
15123,0.2287194,0.21720554
15124,0.4436657,0.4627324
15125,0.8414462,0.89649457
15126,0.8333713,0.84733164
15127,0.5206627,0.5261197
15128,0.6867686,0.685134
15129,0.61782134,0.56337774
15130,0.34497815,0.35371244
15131,0.0411697,0.07726212
15132,0.31009254,0.30582574
15133,0.60755396,0.55118144
15134,0.54829156,0.500434
15135,0.97384024,1.0075313
15136,0.9194642,0.9125964
15137,0.22757122,0.2352339
15138,0.6010604,0.59393233
15139,0.88347554,0.9390867
15140,0.64718497,0.62136275
15141,0.76372373,0.7707496
15142,0.30081546,0.33467433
15143,0.6426933,0.67207
15144,0.78695226,0.8047763
15145,0.21971618,0.26543614
15146,0.13000835,0.17461237
15147,0.7782825,0.77070695
15148,0.55178547,0.47231975
15149,0.37564042,0.3968008
15150,0.280449,0.25477487
15151,0.42167222,0.4139427
15152,0.058709048,0.046710175
15153,0.55064946,0.5533026
15154,0.7464794,0.7146642
15155,0.5202127,0.49020547
15156,0.19785482,0.1557191
15157,0.6282973,0.62816083
15158,0.748901,0.66390085
15159,0.22514223,0.21252234
15160,0.058407597,0.007928681
15161,0.0410243,0.09165673
15162,0.48760575,0.5100921
15163,0.67411107,0.6131858
15164,0.66460997,0.595394
15165,0.33634514,0.38583854
15166,0.036933232,0.08201505
15167,0.10006743,0.08330476
15168,0.4396291,0.4705372
15169,0.9140033,0.95983
15170,0.35997912,0.3219189
15171,0.3528273,0.3295464
15172,0.5676007,0.58103675
15173,0.15771513,0.16324465
15174,0.9229908,0.92750853
15175,0.39159527,0.4198261
15176,0.854356,0.86342484
15177,0.34939727,0.3677587
15178,0.5309039,0.6117585
15179,0.751822,0.74909455
15180,0.250332,0.26222602
15181,0.6982262,0.66774493
15182,0.55140674,0.5493419
15183,0.2112135,0.19745271
15184,0.38126567,0.39686698
15185,0.111139014,0.16446614
15186,0.21208204,0.24124977
15187,0.28611988,0.31040025
15188,0.5416995,0.4876014
15189,0.19798863,0.17762397
15190,0.3713785,0.3689347
15191,0.24411789,0.26353103
15192,0.6196969,0.56717336
15193,0.29737648,0.3269561
15194,0.46669286,0.4230103
15195,0.46167532,0.4922588
15196,0.7647772,0.75241333
15197,0.69005126,0.6206566
15198,0.36316535,0.37579465
15199,0.42214856,0.44586587
15200,0.27481747,0.29357797
15201,0.6982282,0.67230254
15202,0.090841286,0.16270418
15203,0.51253957,0.5193589
15204,0.20338245,0.19138648
15205,0.73660004,0.7597132
15206,0.81283075,0.83050305
15207,0.34442234,0.27557638
15208,0.17859305,0.16761644
15209,0.47057214,0.5228855
15210,0.473456,0.48400462
15211,0.07313055,0.08610053
15212,0.7505594,0.739381
15213,0.823911,0.84013623
15214,0.23863703,0.32767308
15215,0.87349105,0.8938611
15216,0.49968505,0.45772612
15217,0.5262027,0.52943885
15218,0.5140465,0.48295975
15219,0.0804774,0.07125266
15220,0.9950068,1.0051861
15221,0.48412186,0.45222592
15222,0.90891945,0.9209772
15223,0.24552305,0.22935449
15224,0.26433516,0.23608296
15225,0.74751693,0.7298899
15226,0.8665156,0.9013633
15227,0.25719362,0.2633384
15228,0.59646434,0.5516732
15229,0.587591,0.521521
15230,0.3704845,0.37526643
15231,0.14871302,0.19268037
15232,0.95110255,0.9703685
15233,0.12834199,0.12939157
15234,0.14077881,0.12367687
15235,0.07670541,0.12707971
15236,0.7402724,0.6565014
15237,0.31404984,0.29077485
15238,0.11208893,0.1215481
15239,0.114665166,0.117722705
15240,0.6282494,0.49858537
15241,0.38485414,0.32161883
15242,0.9670376,1.0184534
15243,0.0023160367,0.025038887
15244,0.8819661,0.9276823
15245,0.2640486,0.25641823
15246,0.5506201,0.5278282
15247,0.5732623,0.58875644
15248,0.9123349,0.9041956
15249,0.0089608785,0.045874674
15250,0.38719591,0.35873905
15251,0.869283,0.8766039
15252,0.8373294,0.86117613
15253,0.53510845,0.5189503
15254,0.083793655,0.06553261
15255,0.5222072,0.44718492
15256,0.28864712,0.317996
15257,0.66223687,0.6724623
15258,0.84197754,0.8848965
15259,0.13208771,0.12192239
15260,0.64095956,0.6302701
15261,0.26925388,0.2641511
15262,0.38000843,0.4048862
15263,0.16050419,0.16183484
15264,0.32590318,0.441192
15265,0.5343561,0.46329582
15266,0.93087786,0.9480779
15267,0.60030913,0.5742699
15268,0.32700637,0.38568845
15269,0.375877,0.41896296
15270,0.85042423,0.8059992
15271,0.11438333,0.10891786
15272,0.22051314,0.24330263
15273,0.4875322,0.4742972
15274,0.6119422,0.52570605
15275,0.22928737,0.27964282
15276,0.25686702,0.2657479
15277,0.7616295,0.7713553
15278,0.5436829,0.53002363
15279,0.5706589,0.5532731
15280,0.22503144,0.23918656
15281,0.41804197,0.42682317
15282,0.46649706,0.4741765
15283,0.022387708,0.050520692
15284,0.8513532,0.83273023
15285,0.75120586,0.7315134
15286,0.11463037,0.099727154
15287,0.8089594,0.801927
15288,0.18528552,0.14995793
15289,0.7511848,0.66055906
15290,0.08551685,0.006168332
15291,0.8594622,0.8960268
15292,0.87912583,0.8787096
15293,0.7264831,0.6934036
15294,0.55221015,0.49291897
15295,0.53072655,0.52607477
15296,0.48956928,0.46922213
15297,0.12303254,0.10410333
15298,0.9332518,0.9406699
15299,0.6421425,0.643881
15300,0.6203991,0.56091064
15301,0.11888569,0.17900367
15302,0.7772274,0.81770325
15303,0.52102584,0.45610124
15304,0.6343613,0.55922073
15305,0.2970284,0.2737907
15306,0.33453074,0.33121264
15307,0.20476715,0.23584388
15308,0.6821687,0.67359805
15309,0.8807327,0.8655852
15310,0.57885957,0.5942069
15311,0.8097049,0.7781716
15312,0.12830207,0.12996657
15313,0.6011784,0.54873455
15314,0.9514803,0.97485304
15315,0.79385984,0.7642951
15316,0.5940508,0.4942788
15317,0.4665646,0.44692037
15318,0.5334885,0.52667284
15319,0.74314135,0.6850453
15320,0.40954328,0.437902
15321,0.41198432,0.405133
15322,0.5843413,0.53475153
15323,0.25315776,0.21100995
15324,0.46273685,0.47505164
15325,0.33478737,0.32620847
15326,0.4071529,0.4003617
15327,0.2317727,0.32234293
15328,0.057139523,0.04286717
15329,0.91131556,0.89603984
15330,0.70552003,0.7040208
15331,0.426038,0.42155862
15332,0.08104893,0.04248759
15333,0.0050294874,0.022586228
15334,0.71834326,0.72684336
15335,0.057752598,-0.002189735
15336,0.6082956,0.5761173
15337,0.8727012,0.8479024
15338,0.043337684,0.017046494
15339,0.7267887,0.7322867
15340,0.16722032,0.17219609
15341,0.3115421,0.33195293
15342,0.39834347,0.44250774
15343,0.9011312,0.93458337
15344,0.38972473,0.42402166
15345,0.61973834,0.596785
15346,0.27087057,0.23236422
15347,0.060244665,0.03330724
15348,0.6784207,0.60431343
15349,0.3878088,0.32451358
15350,0.5444097,0.4719974
15351,0.94205564,1.0156529
15352,0.87143534,0.77651596
15353,0.7320424,0.6656711
15354,0.6877934,0.6735631
15355,0.18256031,0.1795097
15356,0.83057654,0.8572929
15357,0.15908748,0.21743904
15358,0.05394782,0.04354249
15359,0.6742374,0.6705245
15360,0.40614262,0.3782712
15361,0.5346683,0.5684154
15362,0.56291324,0.5781801
15363,0.9620925,0.95047885
15364,0.56339663,0.5879276
15365,0.4512265,0.456769
15366,0.84085953,0.8389033
15367,0.259153,0.34021068
15368,0.82281965,0.8254967
15369,0.91503763,0.9015708
15370,0.23031865,0.21771681
15371,0.17619917,0.15905878
15372,0.035911378,0.010482047
15373,0.97146094,0.98803645
15374,0.9839212,0.98856556
15375,0.9996927,0.9695656
15376,0.9584973,0.96643615
15377,0.97180045,0.9514595
15378,0.4537678,0.45545784
15379,0.75267345,0.7702893
15380,0.96630657,0.96567416
15381,0.57980525,0.5624508
15382,0.42294377,0.36455986
15383,0.20080419,0.12655438
15384,0.57176983,0.5981916
15385,0.21023633,0.2531597
15386,0.6937402,0.69489443
15387,0.147602,0.14463031
15388,0.8347988,0.8850012
15389,0.17784919,0.1628671
15390,0.28331745,0.3603326
15391,0.7869649,0.76618624
15392,0.83025825,0.82983655
15393,0.03421098,0.04761387
15394,0.6736856,0.68078005
15395,0.78177464,0.7576923
15396,0.12403502,0.119286984
15397,0.28734547,0.28576365
15398,0.82662857,0.8497031
15399,0.23993549,0.282169
15400,0.38770086,0.43189633
15401,0.5296049,0.5547599
15402,0.24480349,0.27401522
15403,0.5743694,0.55945086
15404,0.97295445,0.9779476
15405,0.4895748,0.49030426
15406,0.14381441,0.11629668
15407,0.97305477,0.94112104
15408,0.1294315,0.10769223
15409,0.6741321,0.53623575
15410,0.9956803,0.96587044
15411,0.914678,0.92226326
15412,0.9856584,1.0343186
15413,0.6483264,0.6324258
15414,0.20312029,0.31515992
15415,0.9234758,0.94872373
15416,0.6017453,0.5818962
15417,0.70261556,0.6956027
15418,0.979698,0.96513253
15419,0.15800951,0.24595271
15420,0.36943752,0.35402632
15421,0.88236946,0.89941776
15422,0.25990736,0.19898875
15423,0.28332636,0.31065688
15424,0.6331512,0.54871655
15425,0.21249384,0.21674393
15426,0.40512276,0.3519309
15427,0.79742795,0.7562531
15428,0.75821555,0.7292147
15429,0.24103981,0.3248589
15430,0.113198996,0.18507412
15431,0.3200989,0.34217215
15432,0.7307721,0.76307243
15433,0.4734341,0.48373848
15434,0.7960705,0.84077513
15435,0.20135836,0.20572518
15436,0.763445,0.7902217
15437,0.32327724,0.30760282
15438,0.6708643,0.6753604
15439,0.3299412,0.33448237
15440,0.29341683,0.36381078
15441,0.048576336,0.046232417
15442,0.76974577,0.812354
15443,0.8048619,0.81583685
15444,0.15304798,0.1962634
15445,0.09975399,0.08732702
15446,0.14436185,0.108366504
15447,0.07851011,0.042296633
15448,0.57723385,0.58659893
15449,0.15860675,0.17756607
15450,0.656495,0.6608637
15451,0.28551093,0.28230488
15452,0.12935036,0.12002273
15453,0.64039177,0.66872144
15454,0.8627421,0.84175044
15455,0.39581198,0.39510036
15456,0.29425988,0.34868276
15457,0.1556334,0.13530995
15458,0.688576,0.7023996
15459,0.7952712,0.82620686
15460,0.4733464,0.471995
15461,0.43030548,0.41891652
15462,0.79294944,0.85983425
15463,0.4640617,0.46207964
15464,0.7920993,0.82720274
15465,0.6229014,0.64802873
15466,0.8743683,0.88241315
15467,0.4416301,0.43603116
15468,0.6744418,0.6332579
15469,0.29492384,0.32927537
15470,0.90250516,0.8997607
15471,0.8851512,0.879286
15472,0.35796586,0.33678985
15473,0.5928767,0.55673414
15474,0.57178426,0.56997675
15475,0.606197,0.49998713
15476,0.09573259,0.21800463
15477,0.6606474,0.66047096
15478,0.91338617,0.93853265
15479,0.175654,0.13650958
15480,0.86051816,0.8623677
15481,0.27788106,0.3017695
15482,0.67348534,0.66832304
15483,0.44649664,0.45847207
15484,0.67784196,0.61049914
15485,0.23246668,0.27376425
15486,0.15065794,0.17988917
15487,0.5063757,0.56810254
15488,0.76771873,0.7800134
15489,0.5494817,0.5327113
15490,0.07864518,0.103910476
15491,0.20447698,0.2206393
15492,0.6208184,0.6383678
15493,0.6861368,0.71369904
15494,0.08593516,0.061383374
15495,0.08946853,0.15456636
15496,0.56311303,0.5689427
15497,0.48015958,0.41265208
15498,0.98202753,0.99916375
15499,0.7196453,0.7244955
15500,0.061909966,-0.022839662
15501,0.50360006,0.5040786
15502,0.68597764,0.6008542
15503,0.16514565,0.18108647
15504,0.3412365,0.29248083
15505,0.3140366,0.27617365
15506,0.51038307,0.52044666
15507,0.15109158,0.14078175
15508,0.03503018,0.03805532
15509,0.73124623,0.71262896
15510,0.4848337,0.44571632
15511,0.8200777,0.8055229
15512,0.36691934,0.36075515
15513,0.60470414,0.56302613
15514,0.82065684,0.8139648
15515,0.4512045,0.43531734
15516,0.38734135,0.36926827
15517,0.89615935,0.92551064
15518,0.5960226,0.60437286
15519,0.51547235,0.4987973
15520,0.9932466,0.98782647
15521,0.7068359,0.6787747
15522,0.72469264,0.73462385
15523,0.99863595,0.9889085
15524,0.561662,0.5283113
15525,0.6726822,0.67311025
15526,0.1621883,0.15865692
15527,0.6938286,0.6623323
15528,0.29815143,0.27048004
15529,0.06767953,0.12241104
15530,0.5802114,0.53750205
15531,0.00031920863,0.07409875
15532,0.55108124,0.54704255
15533,0.4102158,0.4032644
15534,0.0056544025,-0.007944267
15535,0.8757379,0.881346
15536,0.15384144,0.22856846
15537,0.51985717,0.50713503
15538,0.1192904,0.11281189
15539,0.9950303,1.0310663
15540,0.13233791,0.12472157
15541,0.4622637,0.44267648
15542,0.40634114,0.35970497
15543,0.9562566,0.9621449
15544,0.05201094,0.061989952
15545,0.20042428,0.29210606
15546,0.86775225,0.8993051
15547,0.6271948,0.61655897
15548,0.30889887,0.32923892
15549,0.7769531,0.8110888
15550,0.76125056,0.76368773
15551,0.7000738,0.69125247
15552,0.9073061,0.90568537
15553,0.12929668,0.094171464
15554,0.4421485,0.4507513
15555,0.30427697,0.3090937
15556,0.58006674,0.5638912
15557,0.12811895,0.122708544
15558,0.6724249,0.620702
15559,0.6058775,0.5834944
15560,0.6522135,0.6311066
15561,0.095162384,0.10867071
15562,0.7494108,0.757134
15563,0.3750338,0.30316237
15564,0.519267,0.49838534
15565,0.7661852,0.806463
15566,0.81255126,0.84146357
15567,0.41209844,0.39898103
15568,0.75467354,0.74295866
15569,0.32441318,0.27853402
15570,0.42549953,0.4413322
15571,0.36794844,0.40765682
15572,0.70540446,0.6607185
15573,0.69553614,0.69811636
15574,0.2612592,0.28905904
15575,0.7075861,0.6866579
15576,0.5393569,0.5235603
15577,0.80739725,0.751247
15578,0.044930678,0.0007127356
15579,0.16564491,0.13671471
15580,0.88005906,0.8679236
15581,0.40959662,0.4095269
15582,0.018389322,0.10565707
15583,0.5790372,0.5844408
15584,0.043226574,0.020078642
15585,0.976575,0.9703772
15586,0.11127823,0.043338954
15587,0.595264,0.6158686
15588,0.3802346,0.32982054
15589,0.40037075,0.37475264
15590,0.2953051,0.36703753
15591,0.86742944,0.8823395
15592,0.30787045,0.33751276
15593,0.52758515,0.4238062
15594,0.12994228,0.11765711
15595,0.68569386,0.60734975
15596,0.9828164,0.95466095
15597,0.28421715,0.27759823
15598,0.28656158,0.24035648
15599,0.6603606,0.70147645
15600,0.29945046,0.23787336
15601,0.24934606,0.22250529
15602,0.13313279,0.14842747
15603,0.67461026,0.63140965
15604,0.50539196,0.46818152
15605,0.47939405,0.4382311
15606,0.627373,0.6545135
15607,0.10103715,0.008984966
15608,0.14385895,0.13070825
15609,0.8092269,0.80741274
15610,0.39241335,0.3677369
15611,0.21722439,0.1878247
15612,0.5595413,0.56239045
15613,0.7475782,0.677405
15614,0.67410356,0.5150358
15615,0.27298254,0.28924912
15616,0.695451,0.7455677
15617,0.676983,0.6541253
15618,0.37924314,0.38290074
15619,0.6953597,0.6641722
15620,0.52803284,0.58075947
15621,0.63965786,0.6164059
15622,0.087414764,0.07021992
15623,0.5717734,0.51853573
15624,0.4238051,0.3888274
15625,0.107729085,0.10208957
15626,0.84548694,0.8768233
15627,0.68026394,0.6881325
15628,0.045241825,0.0711066
15629,0.3242576,0.33351377
15630,0.97232896,0.9596499
15631,0.8162738,0.8353965
15632,0.84093994,0.86817396
15633,0.1262133,0.17223485
15634,0.5054401,0.51690084
15635,0.062696405,0.12261957
15636,0.018351063,0.060501944
15637,0.5895531,0.57639337
15638,0.69297135,0.62687427
15639,0.1337142,0.091677114
15640,0.52980816,0.48130202
15641,0.04707096,0.10782938
15642,0.8376046,0.8470986
15643,0.045838468,-0.00050481036
15644,0.29292434,0.30998293
15645,0.26154304,0.13141485
15646,0.122270755,0.1472554
15647,0.5846024,0.6045222
15648,0.26809463,0.25670725
15649,0.8968456,0.9018545
15650,0.08605443,0.108932376
15651,0.6384735,0.65185684
15652,0.35506,0.3642587
15653,0.38510102,0.39133286
15654,0.34928998,0.36028996
15655,0.26632252,0.37286106
15656,0.5169111,0.46283165
15657,0.60673994,0.562446
15658,0.6988286,0.6560066
15659,0.72108126,0.7220851
15660,0.4476559,0.42027974
15661,0.75159216,0.73978734
15662,0.6388641,0.617032
15663,0.5433191,0.531108
15664,0.7350065,0.6762366
15665,0.88031673,0.85023904
15666,0.15815817,0.18633366
15667,0.9469213,0.89012647
15668,0.5089999,0.5085395
15669,0.49740505,0.5062833
15670,0.8260255,0.83244336
15671,0.51394004,0.48668417
15672,0.027518716,-0.023313422
15673,0.5104266,0.47972006
15674,0.59124196,0.5663688
15675,0.7664354,0.67555916
15676,0.78003496,0.76372576
15677,0.21969664,0.18253662
15678,0.1935494,0.22561105
15679,0.10435088,0.1269231
15680,0.6514916,0.64263946
15681,0.6594673,0.7011527
15682,0.052084498,0.07180227
15683,0.28852308,0.2788642
15684,0.49728224,0.45832717
15685,0.6966791,0.67916614
15686,0.8523344,0.82156557
15687,0.46618065,0.46882784
15688,0.009885771,0.05123061
15689,0.25071117,0.27014953
15690,0.5795757,0.6026065
15691,0.10434218,0.13231836
15692,0.84955907,0.880521
15693,0.8651862,0.93632966
15694,0.5611258,0.545131
15695,0.46408772,0.47657436
15696,0.22773688,0.23240516
15697,0.11409271,0.10026553
15698,0.29466525,0.32250005
15699,0.18661848,0.22936268
15700,0.71237093,0.64664954
15701,0.7933435,0.83783895
15702,0.20831007,0.22440974
15703,0.29868746,0.31469715
15704,0.3209745,0.29735398
15705,0.17017078,0.18039913
15706,0.7456604,0.7741154
15707,0.59601635,0.5302949
15708,0.036494307,0.080191374
15709,0.45748538,0.45888615
15710,0.85061556,0.8185092
15711,0.2073255,0.282754
15712,0.17404544,0.22269727
15713,0.5545585,0.5704253
15714,0.2067743,0.18337016
15715,0.42267394,0.421443
15716,0.51287115,0.49173623
15717,0.6095915,0.63326824
15718,0.41790453,0.41396654
15719,0.23516251,0.13741998
15720,0.994276,0.99251163
15721,0.6985548,0.67390436
15722,0.8652502,0.90718323
15723,0.68611956,0.6580637
15724,0.45850247,0.4960578
15725,0.47887203,0.47282517
15726,0.27161062,0.28995025
15727,0.8884707,0.92104715
15728,0.6466575,0.61303705
15729,0.44528684,0.4553411
15730,0.017615825,0.049655482
15731,0.3423084,0.34590465
15732,0.5641456,0.5481277
15733,0.66055983,0.66179436
15734,0.53553444,0.54078984
15735,0.9365606,0.9268569
15736,0.4327845,0.3717615
15737,0.85504466,0.8461547
15738,0.14607692,0.15248694
15739,0.6872864,0.6691375
15740,0.5411222,0.5766773
15741,0.8235914,0.83583295
15742,0.5990355,0.64154106
15743,0.030769806,0.047922973
15744,0.6072374,0.6006815
15745,0.35993645,0.32621375
15746,0.47817725,0.37583715
15747,0.19947396,0.2068641
15748,0.77525926,0.64637405
15749,0.823823,0.83935523
15750,0.8900191,0.89811194
15751,0.9803309,0.9803016
15752,0.7964104,0.7992563
15753,0.9057002,0.92090416
15754,0.088122375,0.06950642
15755,0.20206986,0.18402177
15756,0.38925314,0.36223504
15757,0.79677445,0.8070116
15758,0.51767033,0.47398984
15759,0.7265026,0.57219124
15760,0.58967894,0.5809495
15761,0.26411328,0.28002384
15762,0.9173425,0.9097278
15763,0.32458922,0.35797834
15764,0.6396843,0.5299343
15765,0.21018203,0.23021416
15766,0.6551801,0.64746356
15767,0.07472493,0.13013677
15768,0.22339581,0.27362415
15769,0.28595072,0.29302323
15770,0.37935278,0.37013683
15771,0.9434572,0.85849714
15772,0.4600882,0.4826667
15773,0.69085026,0.6906287
15774,0.94679666,0.97409403
15775,0.14958614,0.106267765
15776,0.23485287,0.2799818
15777,0.04806847,0.061900724
15778,0.18097472,0.23239635
15779,0.082729675,0.078073174
15780,0.18469231,0.18453193
15781,0.985994,0.9593259
15782,0.9833205,1.0013217
15783,0.76561314,0.78399277
15784,0.051978968,0.05716254
15785,0.59142375,0.588199
15786,0.5367956,0.5006044
15787,0.78047997,0.82490534
15788,0.15058343,0.1566348
15789,0.33562893,0.26551008
15790,0.48825473,0.52577597
15791,0.7874836,0.7763493
15792,0.22508524,0.23737915
15793,0.21479845,0.23658496
15794,0.68874335,0.6658772
15795,0.20926076,0.27240062
15796,0.74679255,0.7038361
15797,0.23504311,0.25281736
15798,0.9718431,1.0372998
15799,0.87157995,0.8713563
15800,0.29458055,0.2683059
15801,0.28227636,0.34453872
15802,0.32823315,0.34820226
15803,0.3088374,0.33700985
15804,0.8242377,0.85910654
15805,0.21415728,0.23836963
15806,0.9819918,0.93390083
15807,0.6414413,0.5949729
15808,0.8124034,0.8399756
15809,0.49137598,0.47784695
15810,0.57278275,0.5727313
15811,0.2795707,0.26310527
15812,0.22657284,0.27994487
15813,0.30826667,0.3031584
15814,0.2943955,0.28575897
15815,0.08766762,0.021251468
15816,0.8123363,0.8333862
15817,0.19752276,0.25241736
15818,0.4219779,0.41384214
15819,0.9533762,0.90971965
15820,0.37356323,0.36617026
15821,0.49660203,0.46403125
15822,0.8423247,0.83920026
15823,0.65328187,0.6881663
15824,0.74932724,0.7664355
15825,0.57414144,0.5700089
15826,0.28614017,0.30246422
15827,0.14395918,0.18175727
15828,0.5686539,0.5637512
15829,0.62167555,0.60459036
15830,0.72571933,0.7477356
15831,0.06272313,0.05471822
15832,0.49096408,0.4790783
15833,0.71351314,0.6990806
15834,0.12293239,0.075817406
15835,0.067593604,0.15171573
15836,0.60254884,0.58471125
15837,0.3887378,0.38077804
15838,0.10188366,0.044660985
15839,0.60810465,0.583811
15840,0.6935367,0.628307
15841,0.3943643,0.40483755
15842,0.58365583,0.56562304
15843,0.12553386,0.15426473
15844,0.8164605,0.811653
15845,0.19898228,0.2072379
15846,0.29000595,0.3070928
15847,0.085472435,0.09814507
15848,0.1320912,0.1227578
15849,0.61086196,0.5834478
15850,0.83066165,0.75696474
15851,0.41791597,0.41367006
15852,0.24362077,0.25851128
15853,0.81120986,0.84337234
15854,0.62288094,0.6121594
15855,0.43239585,0.42459887
15856,0.3617385,0.34321278
15857,0.3900362,0.37965834
15858,0.34948233,0.2801075
15859,0.08170735,0.06616227
15860,0.74695075,0.68985224
15861,0.19083129,0.15825456
15862,0.812311,0.8115598
15863,0.8866973,0.8994087
15864,0.7612525,0.70792234
15865,0.83324623,0.839714
15866,0.27041277,0.2851236
15867,0.8414816,0.8438464
15868,0.64386046,0.60344374
15869,0.21312025,0.21138173
15870,0.9217801,0.9441615
15871,0.044946752,0.07852429
15872,0.8871655,0.9021221
15873,0.89679956,0.838622
15874,0.031392872,0.08188881
15875,0.742468,0.74587953
15876,0.73741955,0.7294354
15877,0.96706384,0.9172534
15878,0.09663335,0.087424666
15879,0.8946168,0.7630116
15880,0.1807298,0.19542746
15881,0.39614823,0.43689516
15882,0.3108592,0.2951638
15883,0.10869262,0.1621443
15884,0.9780636,0.9629754
15885,0.7834206,0.8086193
15886,0.8335271,0.8192309
15887,0.25991985,0.23344944
15888,0.15842278,0.12992156
15889,0.36337638,0.33509916
15890,0.37970334,0.29044202
15891,0.32071036,0.34406093
15892,0.25104645,0.31195793
15893,0.47929156,0.4944614
15894,0.31761506,0.32789895
15895,0.2933307,0.30216613
15896,0.017895063,0.061515342
15897,0.4863782,0.41198504
15898,0.37574744,0.46268538
15899,0.3784256,0.36564934
15900,0.5955391,0.54032654
15901,0.40826988,0.4252623
15902,0.87500435,0.91509295
15903,0.56839865,0.58174485
15904,0.686655,0.682257
15905,0.62312627,0.68405086
15906,0.7853136,0.7637934
15907,0.15331039,0.14719294
15908,0.049981687,0.08891797
15909,0.42583123,0.30005053
15910,0.10615224,0.09781234
15911,0.8995725,0.9309285
15912,0.25073513,0.23615457
15913,0.8447586,0.8459635
15914,0.95925236,0.99382097
15915,0.061414875,0.06451389
15916,0.15391403,0.13315459
15917,0.010550573,0.060855117
15918,0.08368574,0.060440224
15919,0.11379985,0.1448979
15920,0.13385262,0.1612094
15921,0.99678916,0.91683567
15922,0.20206556,0.15328033
15923,0.07530767,0.025015961
15924,0.15405624,0.18372868
15925,0.79930097,0.76980686
15926,0.038659688,0.07097487
15927,0.4381766,0.4627591
15928,0.74641234,0.7571355
15929,0.33189705,0.33784387
15930,0.6091589,0.62988806
15931,0.5708649,0.58829606
15932,0.38197726,0.40453646
15933,0.9681767,0.9446999
15934,0.5021763,0.5106978
15935,0.110063046,0.11362164
15936,0.6457954,0.63544625
15937,0.8365454,0.82220525
15938,0.46626374,0.38970727
15939,0.76834,0.7938581
15940,0.26069197,0.26216674
15941,0.7957299,0.7978868
15942,0.9384103,1.0087124
15943,0.5642269,0.5882526
15944,0.52744204,0.53603816
15945,0.17027298,0.06836267
15946,0.57613987,0.56086695
15947,0.87330616,0.8485179
15948,0.37644517,0.40712422
15949,0.44214255,0.44992155
15950,0.08614233,0.11878544
15951,0.7643982,0.6745407
15952,0.61756825,0.60905087
15953,0.7069338,0.6348513
15954,0.01282097,0.09348713
15955,0.1943641,0.22952013
15956,0.7137243,0.716679
15957,0.4335662,0.48815256
15958,0.18717656,0.22660974
15959,0.21946992,0.19589041
15960,0.74976045,0.6645931
15961,0.72391737,0.7471245
15962,0.45099333,0.4757582
15963,0.43274567,0.43450856
15964,0.3658046,0.3354293
15965,0.18817113,0.19591904
15966,0.50139683,0.49932504
15967,0.53051305,0.5541122
15968,0.5514361,0.6113894
15969,0.2013519,0.19835012
15970,0.7533681,0.80034184
15971,0.563639,0.5867681
15972,0.72901523,0.74502546
15973,0.21472917,0.18717133
15974,0.3485565,0.38313365
15975,0.38719246,0.36988944
15976,0.5693827,0.54585725
15977,0.77870286,0.79467577
15978,0.35827804,0.33198053
15979,0.9523799,0.9371262
15980,0.59105045,0.58284897
15981,0.49416524,0.47739512
15982,0.3447156,0.3184744
15983,0.42144528,0.42470658
15984,0.26694328,0.24642067
15985,0.90424633,0.89315444
15986,0.0061796433,0.06803993
15987,0.8806918,0.8901164
15988,0.7790241,0.7583131
15989,0.77921563,0.7507009
15990,0.48863348,0.4914664
15991,0.85325605,0.86904246
15992,0.27020073,0.28093114
15993,0.9122615,0.9255014
15994,0.5959207,0.6246343
15995,0.23577578,0.2754112
15996,0.5391582,0.44101405
15997,0.051055063,0.055140153
15998,0.786507,0.78257704
15999,0.2709737,0.29045182
16000,0.831761,0.8389791
16001,0.21017215,0.2974909
16002,0.9583876,0.90297794
16003,0.9824939,0.8872937
16004,0.78284574,0.7715186
16005,0.052002657,0.05287655
16006,0.807472,0.7685278
16007,0.6188892,0.6428752
16008,0.06829775,0.023451954
16009,0.8064874,0.78021014
16010,0.7455684,0.7519586
16011,0.18120177,0.201204
16012,0.04319152,0.043564234
16013,0.8304333,0.84175014
16014,0.28734794,0.260601
16015,0.72630936,0.7310399
16016,0.4820942,0.53706014
16017,0.7856757,0.7758091
16018,0.85323054,0.8514072
16019,0.54409784,0.52749956
16020,0.59820944,0.5962017
16021,0.26443544,0.25118595
16022,0.30472186,0.3088985
16023,0.30589116,0.29078197
16024,0.42671648,0.4577863
16025,0.61938524,0.6339736
16026,0.024233542,0.027320866
16027,0.8504516,0.80042744
16028,0.2575779,0.24840586
16029,0.29221955,0.30984628
16030,0.93605995,0.93502444
16031,0.15061194,0.13154235
16032,0.5634249,0.49983045
16033,0.64347565,0.5651008
16034,0.69718194,0.70723057
16035,0.2092052,0.18006957
16036,0.17303292,0.14869882
16037,0.47839803,0.49928197
16038,0.15573964,0.19651265
16039,0.88077104,0.8752138
16040,0.55976117,0.5240747
16041,0.07068995,0.07989831
16042,0.8619008,0.85612273
16043,0.62442845,0.6112238
16044,0.55548775,0.51664525
16045,0.94204634,0.8853457
16046,0.78676444,0.7929793
16047,0.9721694,0.93183196
16048,0.18100095,0.14440568
16049,0.038432643,0.12548144
16050,0.09482438,0.07016823
16051,0.7025816,0.70627946
16052,0.50103754,0.4780259
16053,0.8492827,0.8742299
16054,0.07753209,0.052759577
16055,0.08047154,0.050954897
16056,0.26234266,0.29358453
16057,0.5562689,0.5683304
16058,0.122116365,0.09766568
16059,0.106961094,0.09426814
16060,0.56281877,0.5228742
16061,0.3673531,0.32998207
16062,0.37166595,0.39814547
16063,0.036842242,0.026530925
16064,0.70451635,0.69751906
16065,0.5879813,0.53356785
16066,0.20342241,0.17987539
16067,0.064891584,0.046861473
16068,0.516428,0.49481001
16069,0.46863943,0.4937022
16070,0.014697918,0.09592351
16071,0.94347346,0.9214185
16072,0.08949914,0.12829596
16073,0.35085866,0.34148234
16074,0.03712035,0.03938471
16075,0.34618038,0.31721026
16076,0.10042986,0.1606968
16077,0.47287515,0.47445327
16078,0.30356416,0.30532387
16079,0.23629218,0.24710557
16080,0.1025903,0.120390445
16081,0.27444014,0.22022119
16082,0.06827472,0.067244306
16083,0.57236445,0.43844658
16084,0.407725,0.3087029
16085,0.50261694,0.41663077
16086,0.885758,0.97570336
16087,0.5162545,0.4961703
16088,0.37081552,0.33476064
16089,0.3431914,0.32142517
16090,0.81460184,0.7968081
16091,0.9133087,0.94427145
16092,0.26114398,0.24454768
16093,0.72138083,0.6181088
16094,0.2136998,0.18449558
16095,0.587587,0.57255405
16096,0.35130566,0.33443037
16097,0.89638186,0.946561
16098,0.83139455,0.82287884
16099,0.117544554,0.100408524
16100,0.36931792,0.33108237
16101,0.49154773,0.48212355
16102,0.8590905,0.85779893
16103,0.4930563,0.45292294
16104,0.6915375,0.6690927
16105,0.73508906,0.7042029
16106,0.4285353,0.29634118
16107,0.38976,0.37341025
16108,0.6124611,0.59962195
16109,0.40949884,0.38517034
16110,0.4092974,0.44361427
16111,0.18652983,0.23855382
16112,0.52440035,0.51857877
16113,0.12577808,0.14199051
16114,0.26497754,0.24700615
16115,0.87442255,0.8966642
16116,0.79617107,0.7935243
16117,0.009293297,0.0282685
16118,0.10398789,0.12633987
16119,0.6049079,0.6015839
16120,0.665466,0.6553741
16121,0.71176624,0.6449901
16122,0.8147503,0.7631303
16123,0.91262966,0.96188354
16124,0.5060981,0.4532485
16125,0.65161574,0.62401116
16126,0.8608637,0.79426146
16127,0.6115403,0.5881497
16128,0.24333334,0.19551556
16129,0.59054667,0.55295086
16130,0.6482124,0.6054698
16131,0.89808756,0.8938657
16132,0.94207925,1.0050714
16133,0.678184,0.66385984
16134,0.1422191,0.15628918
16135,0.2904073,0.27830765
16136,0.3695355,0.38595346
16137,0.56249976,0.48623338
16138,0.29901862,0.25887308
16139,0.09153169,0.059781026
16140,0.9045702,0.90021944
16141,0.84751344,0.8519875
16142,0.93272865,0.9479264
16143,0.23940973,0.21141753
16144,0.73967135,0.7053788
16145,0.34574342,0.33204854
16146,0.096354336,0.15083663
16147,0.668165,0.52958536
16148,0.14767376,0.15520965
16149,0.03783252,0.06069356
16150,0.98706406,0.95119256
16151,0.7963331,0.7705101
16152,0.44213858,0.44972095
16153,0.33483067,0.35200596
16154,0.7604576,0.7631177
16155,0.9960984,0.87751174
16156,0.0077709705,0.05224405
16157,0.064425364,0.018216413
16158,0.7622424,0.74464244
16159,0.54615587,0.46041164
16160,0.08733991,0.08236696
16161,0.9304582,0.9475679
16162,0.3141661,0.3059454
16163,0.8069122,0.7601106
16164,0.041766953,0.108516484
16165,0.67089164,0.6287453
16166,0.66913766,0.6199577
16167,0.65074635,0.6686999
16168,0.43843877,0.44681135
16169,0.67544,0.704415
16170,0.48300034,0.45235506
16171,0.6983979,0.69266075
16172,0.55461204,0.5668088
16173,0.086732335,0.07212727
16174,0.27922004,0.35510823
16175,0.94160634,0.8326367
16176,0.7060891,0.7351627
16177,0.21887927,0.23185025
16178,0.6694517,0.70955086
16179,0.90265477,0.956844
16180,0.4822707,0.50168437
16181,0.6053303,0.60949326
16182,0.62279063,0.67024493
16183,0.42095977,0.3984444
16184,0.8669913,0.88303214
16185,0.57359296,0.5711593
16186,0.7765697,0.79807556
16187,0.323597,0.34399807
16188,0.69088346,0.7319603
16189,0.83541,0.8368785
16190,0.17856711,0.21606657
16191,0.66751343,0.6494294
16192,0.76449794,0.8088606
16193,0.59155434,0.55762583
16194,0.8062256,0.8302992
16195,0.56099623,0.42080265
16196,0.14244059,0.17665447
16197,0.33241645,0.3534131
16198,0.78881097,0.8076031
16199,0.7430573,0.70759857
16200,0.92513525,0.933238
16201,0.23817152,0.21272337
16202,0.5748101,0.55066085
16203,0.076438524,0.08585732
16204,0.052604668,0.085678115
16205,0.81795603,0.8333734
16206,0.9309541,0.972148
16207,0.27206326,0.28251076
16208,0.057265412,0.08069645
16209,0.5798687,0.6161523
16210,0.025116796,0.036530048
16211,0.20090038,0.18720742
16212,0.61156255,0.61874926
16213,0.8207189,0.83761936
16214,0.21323915,0.18310003
16215,0.3365098,0.3885486
16216,0.8161894,0.9172748
16217,0.3575899,0.37107897
16218,0.16405888,0.19911788
16219,0.55458945,0.3332842
16220,0.5820164,0.5461319
16221,0.21136768,0.25412297
16222,0.7215667,0.7650413
16223,0.091475844,0.096484765
16224,0.4217641,0.40264064
16225,0.57623607,0.6342211
16226,0.34296846,0.3751222
16227,0.9875934,1.0120968
16228,0.28986305,0.26711357
16229,0.75513554,0.77948964
16230,0.23861238,0.263188
16231,0.34745333,0.366162
16232,0.90851486,0.9520704
16233,0.61895716,0.5945923
16234,0.7850092,0.7272706
16235,0.38560072,0.3776731
16236,0.36701655,0.40677732
16237,0.75959635,0.65868115
16238,0.631336,0.5309016
16239,0.33953023,0.3456331
16240,0.21038583,0.18272808
16241,0.8313719,0.78126955
16242,0.9794633,0.9316334
16243,0.9730227,0.9426667
16244,0.64630836,0.5667894
16245,0.89399725,0.8806541
16246,0.83854145,0.8264307
16247,0.2366472,0.26859418
16248,0.80099183,0.7834452
16249,0.7255459,0.690652
16250,0.6831828,0.6945702
16251,0.7829097,0.8191165
16252,0.9503809,0.96817577
16253,0.5129713,0.5152964
16254,0.13614583,0.12927638
16255,0.049037285,0.08637218
16256,0.23139252,0.21646407
16257,0.105172105,0.08103134
16258,0.6412004,0.6538611
16259,0.55076927,0.51883006
16260,0.95095485,0.92974544
16261,0.6635364,0.6536814
16262,0.40748215,0.42278627
16263,0.95419115,0.97597754
16264,0.9615024,0.99039567
16265,0.16946438,0.18810403
16266,0.91315717,0.902568
16267,0.93208784,0.98144174
16268,0.123991914,0.120612234
16269,0.066145934,0.04293834
16270,0.016766457,0.059633154
16271,0.12925671,0.123310834
16272,0.1329319,0.22572342
16273,0.41101867,0.4087578
16274,0.36576504,0.3918118
16275,0.9621057,0.9993986
16276,0.50195366,0.46497905
16277,0.8359832,0.8709835
16278,0.15613939,0.14272092
16279,0.70345545,0.7123592
16280,0.23942213,0.22595935
16281,0.91826814,0.9420595
16282,0.6823753,0.6891016
16283,0.34066564,0.31833687
16284,0.9822921,0.95984155
16285,0.5416424,0.5403916
16286,0.5194141,0.5246136
16287,0.026219219,0.059124757
16288,0.48900428,0.47086823
16289,0.66833323,0.62714314
16290,0.305634,0.35285187
16291,0.39771655,0.3776944
16292,0.2861943,0.3813912
16293,0.97337204,0.92717487
16294,0.5935696,0.56153846
16295,0.49353817,0.5186876
16296,0.1423406,0.1264372
16297,0.6706405,0.6868778
16298,0.44361046,0.4584434
16299,0.9787843,0.9641077
16300,0.16878328,0.26607245
16301,0.26925543,0.27894983
16302,0.9214521,0.9168981
16303,0.79159576,0.48975515
16304,0.14747329,0.16222854
16305,0.8762192,0.8719212
16306,0.7160004,0.75526834
16307,0.8716429,0.87398255
16308,0.50216675,0.48517027
16309,0.49651858,0.47276378
16310,0.53085226,0.48405513
16311,0.14383446,0.17215288
16312,0.27874714,0.28410628
16313,0.96582896,0.93394315
16314,0.7624142,0.78524035
16315,0.80414146,0.7486432
16316,0.20763738,0.23744866
16317,0.020807976,-0.0111314
16318,0.6104074,0.56989914
16319,0.081079595,0.09595342
16320,0.8201664,0.8021499
16321,0.20125055,0.22739863
16322,0.7837327,0.74320483
16323,0.26540527,0.23554406
16324,0.3141106,0.2989015
16325,0.4392035,0.49809948
16326,0.20324346,0.2249133
16327,0.35443956,0.2833532
16328,0.191261,0.15079959
16329,0.6198806,0.6099015
16330,0.8122106,0.76634455
16331,0.34872657,0.3701317
16332,0.47458777,0.4730354
16333,0.6883621,0.6991683
16334,0.5764892,0.58865416
16335,0.46665913,0.46231055
16336,0.25713176,0.22229289
16337,0.16273369,0.19436467
16338,0.116597675,0.15480326
16339,0.30496716,0.28833738
16340,0.7798508,0.7642632
16341,0.41441667,0.4344383
16342,0.9053194,0.94626206
16343,0.48080522,0.4838046
16344,0.095203325,0.05674751
16345,0.46346533,0.38774997
16346,0.4451268,0.41568446
16347,0.27918065,0.26325414
16348,0.55801904,0.531004
16349,0.585926,0.5194164
16350,0.87093204,0.9231583
16351,0.71581393,0.6348189
16352,0.8822153,0.9212816
16353,0.81499016,0.8435358
16354,0.20706062,0.17050391
16355,0.39721212,0.38594705
16356,0.4558213,0.46788186
16357,0.16519056,0.2010824
16358,0.092275985,0.10950142
16359,0.20031367,0.16585633
16360,0.77957445,0.80390084
16361,0.5238528,0.35612732
16362,0.4473999,0.4245367
16363,0.117948815,0.14517657
16364,0.90734947,0.92787933
16365,0.34555304,0.36112133
16366,0.7745601,0.7175533
16367,0.3077395,0.33349884
16368,0.101254225,0.085098125
16369,0.64225596,0.6274181
16370,0.7663154,0.74531823
16371,0.8364365,0.8898665
16372,0.5141872,0.5175479
16373,0.26696384,0.2990954
16374,0.25427327,0.27469188
16375,0.7548005,0.7655889
16376,0.72881943,0.70146096
16377,0.6906217,0.74367654
16378,0.7320315,0.75009114
16379,0.3004268,0.27665344
16380,0.8820313,0.9090663
16381,0.270287,0.37224197
16382,0.44092909,0.46748734
16383,0.40342197,0.36693382
16384,0.6109598,0.57718456
16385,0.77439255,0.79916924
16386,0.79832643,0.78413004
16387,0.7355711,0.74693596
16388,0.33950976,0.3766667
16389,0.15720093,0.1560236
16390,0.41163084,0.43005493
16391,0.1675824,0.18228418
16392,0.42810163,0.47299922
16393,0.15738346,0.13158809
16394,0.91081357,0.91544765
16395,0.9659023,0.76727337
16396,0.4999968,0.50400525
16397,0.84894216,0.83574355
16398,0.049422882,0.08036797
16399,0.1630493,0.09312476
16400,0.65103686,0.5751364
16401,0.9504949,0.973044
16402,0.79496926,0.7629039
16403,0.8182645,0.7287933
16404,0.9743019,0.96969634
16405,0.1261814,0.14185193
16406,0.5150897,0.51351434
16407,0.16287215,0.17146401
16408,0.17855114,0.17320853
16409,0.35645133,0.35268942
16410,0.2974379,0.31021255
16411,0.6786894,0.61875397
16412,0.078998186,0.17323233
16413,0.98822564,0.96817887
16414,0.3276431,0.29657942
16415,0.49852055,0.46346745
16416,0.084712505,0.122883916
16417,0.9134342,0.9379829
16418,0.83371264,0.8216896
16419,0.28876385,0.33743224
16420,0.106150985,0.12316926
16421,0.5014555,0.52955234
16422,0.44444445,0.3991964
16423,0.38106418,0.37148312
16424,0.561744,0.5412246
16425,0.44903758,0.41676885
16426,0.25976196,0.23234336
16427,0.09995005,0.10317136
16428,0.176465,0.146753
16429,0.46557245,0.45339337
16430,0.010033283,0.015314173
16431,0.8244623,0.80857456
16432,0.46966404,0.23390315
16433,0.68894005,0.6853615
16434,0.47916025,0.50265086
16435,0.3347008,0.31112984
16436,0.49050277,0.4635783
16437,0.95741814,0.90396464
16438,0.29759148,0.29557592
16439,0.048549496,0.021584045
16440,0.65438414,0.6479808
16441,0.8277258,0.7743679
16442,0.04263777,0.05279946
16443,0.19445308,0.17490515
16444,0.84526646,0.84959614
16445,0.6960779,0.6583995
16446,0.89039636,0.9294753
16447,0.45008814,0.4636185
16448,0.19115964,0.18701701
16449,0.950644,0.9363859
16450,0.89689666,0.8560591
16451,0.21439613,0.26571018
16452,0.28081712,0.31821647
16453,0.84918654,0.8313517
16454,0.025203215,0.04283574
16455,0.74404186,0.7554827
16456,0.7665948,0.77811676
16457,0.2547325,0.29369444
16458,0.8463167,0.8331886
16459,0.560697,0.6053041
16460,0.6444616,0.5960227
16461,0.46055922,0.48591328
16462,0.58718836,0.59691185
16463,0.20640498,0.2755344
16464,0.39692366,0.44714528
16465,0.5168978,0.51894075
16466,0.203756,0.1927341
16467,0.72211814,0.7115293
16468,0.6697963,0.6671348
16469,0.09174617,0.065366685
16470,0.35488844,0.33108586
16471,0.19534162,0.25062692
16472,0.70582926,0.7091537
16473,0.43229333,0.46110708
16474,0.095285125,0.050137088
16475,0.7048493,0.6905078
16476,0.5941281,0.56380624
16477,0.8954723,0.9176389
16478,0.4231196,0.45382422
16479,0.38582245,0.3987097
16480,0.22314738,0.3322423
16481,0.56755877,0.5955712
16482,0.7072622,0.64450765
16483,0.2165309,0.26329917
16484,0.6109086,0.60501844
16485,0.3544028,0.37081146
16486,0.669959,0.6507416
16487,0.06901539,0.0035980195
16488,0.9839648,0.9761516
16489,0.45457113,0.5030503
16490,0.808573,0.7987425
16491,0.1889073,0.1799656
16492,0.61000556,0.61164457
16493,0.4266523,0.4388407
16494,0.18534406,0.18124564
16495,0.36688942,0.39667338
16496,0.21078177,0.19749823
16497,0.78072953,0.80935794
16498,0.57832575,0.63643736
16499,0.73765934,0.71845716
16500,0.8834985,0.875956
16501,0.8288319,0.85509974
16502,0.13483363,0.16304481
16503,0.7674577,0.7832725
16504,0.8362875,0.80634886
16505,0.08303774,0.048077006
16506,0.20849319,0.15695629
16507,0.64954007,0.65234804
16508,0.90931094,0.97421813
16509,0.93271077,0.8308922
16510,0.25228044,0.25987574
16511,0.18382956,0.17219056
16512,1.0,1.0256138
16513,0.7514153,0.7565376
16514,0.7888698,0.7551267
16515,0.10613018,0.11831115
16516,0.41560835,0.4201797
16517,0.060912494,0.033051837
16518,0.61124337,0.5834687
16519,0.94896585,0.5877798
16520,0.95759743,0.95514154
16521,0.96366984,0.9399327
16522,0.34677434,0.3766019
16523,0.85939085,0.87253565
16524,0.4915697,0.49040878
16525,0.6755473,0.66619825
16526,0.9263298,0.9569486
16527,0.9274696,0.92257124
16528,0.15366177,0.08352403
16529,0.98258895,0.9186994
16530,0.1301437,0.20970945
16531,0.23237841,0.27456886
16532,0.53996575,0.5482304
16533,0.00083969446,0.2343813
16534,0.11393468,0.13752072
16535,0.14530788,0.16155647
16536,0.70923924,0.66346014
16537,0.61134684,0.6037216
16538,0.8233985,0.8345738
16539,0.93693745,0.96726394
16540,0.037436683,0.04886541
16541,0.56229556,0.5387213
16542,0.51052177,0.48486412
16543,0.9389735,0.9695279
16544,0.27776167,0.2705013
16545,0.8768446,0.8556229
16546,0.6500464,0.6653923
16547,0.030380016,0.050544087
16548,0.04335521,0.07334034
16549,0.10409151,0.1094356
16550,0.35205042,0.34229308
16551,0.45584604,0.42093116
16552,0.42975712,0.3922087
16553,0.2921177,0.29902726
16554,0.48873746,0.39983368
16555,0.9271778,0.97655416
16556,0.24040839,0.19716483
16557,0.43152866,0.4305989
16558,0.58465075,0.5953471
16559,0.8994521,0.820739
16560,0.8419472,0.840282
16561,0.3637335,0.3143363
16562,0.9909569,0.9750105
16563,0.668134,0.61918306
16564,0.4301402,0.3885309
16565,0.5319371,0.52953184
16566,0.79888195,0.7146053
16567,0.57572687,0.51473856
16568,0.66660506,0.6606166
16569,0.9670016,0.94945
16570,0.27502,0.30483133
16571,0.2583572,0.22164351
16572,0.37578967,0.38381517
16573,0.8089368,0.75413406
16574,0.9121896,0.9593523
16575,0.5106973,0.47939888
16576,0.24013375,0.29778638
16577,0.748735,0.7568057
16578,0.37206644,0.359383
16579,0.86473167,0.8768383
16580,0.9075271,0.9303288
16581,0.6801918,0.6088386
16582,0.59438294,0.54376185
16583,0.3118585,0.32783496
16584,0.21526395,0.31498995
16585,0.24200587,0.20667268
16586,0.21564373,0.18039978
16587,0.5724205,0.56446916
16588,0.7070228,0.70725304
16589,0.87432337,0.82009315
16590,0.81653786,0.82132673
16591,0.84486836,0.82992125
16592,0.71049476,0.70806634
16593,0.88343525,0.8987746
16594,0.46466157,0.4622146
16595,0.20241939,0.24285972
16596,0.61793756,0.64822435
16597,0.6838409,0.68135315
16598,0.8056158,0.7917659
16599,0.5487677,0.5291919
16600,0.3315374,0.28038207
16601,0.40615866,0.34278265
16602,0.64094305,0.64138126
16603,0.3029286,0.31553245
16604,0.80169463,0.78522146
16605,0.16875057,0.159953
16606,0.4166131,0.41295874
16607,0.8446999,0.8345108
16608,0.14552496,0.19060178
16609,0.24943258,0.23933893
16610,0.52160275,0.5179228
16611,0.35618815,0.28765687
16612,0.808253,0.81806326
16613,0.2070232,0.26531902
16614,0.20246595,0.1479672
16615,0.64527804,0.6773745
16616,0.13344058,0.1157682
16617,0.7414729,0.6706413
16618,0.6359937,0.6196648
16619,0.43178648,0.46795475
16620,0.5680929,0.44384855
16621,0.12139946,0.13939835
16622,0.13585277,0.094457
16623,0.11275643,0.1492366
16624,0.0057702744,0.0053914096
16625,0.7374246,0.61529946
16626,0.92326635,0.96042764
16627,0.79092824,0.84007597
16628,0.53784615,0.5316434
16629,0.90906084,0.88970727
16630,0.4292006,0.3999949
16631,0.77578384,0.7915635
16632,0.7995003,0.6914046
16633,0.7017138,0.746454
16634,0.46284404,0.4807024
16635,0.29979503,0.3192013
16636,0.10072277,0.17043912
16637,0.9851857,0.9537949
16638,0.41431612,0.4095559
16639,0.3832143,0.34443346
16640,0.2262333,0.21075477
16641,0.3072925,0.29793996
16642,0.956984,0.91428584
16643,0.42802227,0.42690998
16644,0.94309187,0.9770774
16645,0.59334093,0.61232543
16646,0.35205966,0.31858322
16647,0.024144698,0.024970155
16648,0.16538806,0.16799603
16649,0.09559462,0.19827642
16650,0.76801604,0.78761244
16651,0.75594884,0.7333641
16652,0.16380791,0.19503066
16653,0.1340357,0.06540722
16654,0.42886105,0.4412828
16655,0.11256856,0.1310307
16656,0.49027148,0.5304903
16657,0.9607423,0.9807361
16658,0.001663977,-0.009324629
16659,0.8428291,0.9112276
16660,0.6364221,0.63486975
16661,0.14947143,0.20434038
16662,0.17183387,0.16566268
16663,0.70657915,0.6975987
16664,0.30903792,0.3224872
16665,0.7742664,0.7385955
16666,0.74596256,0.75112
16667,0.60031366,0.56923
16668,0.7950584,0.79411423
16669,0.7016437,0.71528274
16670,0.3824518,0.34708482
16671,0.3738075,0.3734318
16672,0.7696628,0.75386417
16673,0.8811985,0.8524282
16674,0.6125484,0.5769131
16675,0.4461199,0.44024926
16676,0.38253707,0.37710515
16677,0.96742874,0.9420835
16678,0.4649346,0.47415167
16679,0.7548402,0.76355314
16680,0.28388458,0.29746208
16681,0.8798844,0.8931163
16682,0.19408454,0.17804916
16683,0.40427598,0.40221223
16684,0.034553554,0.06742416
16685,0.3318268,0.32300115
16686,0.60025954,0.63588417
16687,0.91404307,0.8630961
16688,0.7982711,0.76915133
16689,0.9083741,0.9083197
16690,0.43232262,0.497376
16691,0.059184328,0.11438054
16692,0.03211942,0.042821508
16693,0.55678093,0.5503713
16694,0.7125481,0.7258275
16695,0.70303047,0.69000065
16696,0.7541151,0.77627194
16697,0.43312764,0.42579064
16698,0.341524,0.32447654
16699,0.6331271,0.67481524
16700,0.77396256,0.7788231
16701,0.28374502,0.28734976
16702,0.93797904,0.93559706
16703,0.24278161,0.2670567
16704,0.4311823,0.43091556
16705,0.13845795,0.15232717
16706,0.86868227,0.84833366
16707,0.23629443,0.2697407
16708,0.4939436,0.4942715
16709,0.71304476,0.7086489
16710,0.5276503,0.45331588
16711,0.89457583,0.8772235
16712,0.89648277,0.9050799
16713,0.5606856,0.51607424
16714,0.87177753,0.8458822
16715,0.43301433,0.402432
16716,0.97481126,0.9051774
16717,0.014114296,0.03085202
16718,0.5038093,0.48551
16719,0.20716636,0.21993567
16720,0.16100277,0.147602
16721,0.018915912,0.12981524
16722,0.2229932,0.17762955
16723,0.57522255,0.59624916
16724,0.76840436,0.7920998
16725,0.21221304,0.25056505
16726,0.50138766,0.5096193
16727,0.8510091,0.89835995
16728,0.048183534,0.13846186
16729,0.43521166,0.4140954
16730,0.745445,0.7532675
16731,0.8709495,0.85755914
16732,0.4635312,0.50646025
16733,0.22103721,0.22317709
16734,0.048476677,0.10455634
16735,0.72920287,0.7552607
16736,0.001118888,0.0738695
16737,0.75564355,0.7441522
16738,0.46008244,0.50013983
16739,0.27901316,0.2832377
16740,0.52304745,0.59583294
16741,0.43157262,0.42034817
16742,0.68069947,0.66486
16743,0.7913714,0.7835113
16744,0.43913737,0.41254568
16745,0.86112607,0.8675577
16746,0.6450583,0.6286866
16747,0.21736754,0.22857378
16748,0.11825382,0.16333942
16749,0.8008639,0.8095657
16750,0.09411852,0.11210103
16751,0.5095356,0.5172427
16752,0.021289177,0.061334863
16753,0.14563155,0.1615486
16754,0.1783527,0.15638126
16755,0.78492284,0.8202496
16756,0.56221503,0.486184
16757,0.74171746,0.70041347
16758,0.44849387,0.3891588
16759,0.42247385,0.47857803
16760,0.17624523,0.17167242
16761,0.8873299,0.8815933
16762,0.011955077,0.10929349
16763,0.45105273,0.4953857
16764,0.46103412,0.46056223
16765,0.33771548,0.31594217
16766,0.3234885,0.33642393
16767,0.39329612,0.37316442
16768,0.34427768,0.3160472
16769,0.5209965,0.47250885
16770,0.57779896,0.60993916
16771,0.3723474,0.3722976
16772,0.08140812,0.11223115
16773,0.39005384,0.36974302
16774,0.2384667,0.24635784
16775,0.873665,0.8745519
16776,0.5201121,0.5184883
16777,0.82808906,0.8373637
16778,0.34914115,0.36268282
16779,0.22617525,0.22156735
16780,0.14110127,0.26649198
16781,0.9900373,0.92427826
16782,0.6314558,0.6476225
16783,0.60534656,0.5635768
16784,0.2971434,0.30638096
16785,0.77593315,0.7809873
16786,0.5112936,0.47827637
16787,0.47341216,0.47613135
16788,0.94668174,0.9493229
16789,0.20343457,0.21655516
16790,0.8460891,0.8465786
16791,0.09247302,0.08745806
16792,0.54403985,0.54934627
16793,0.388528,0.37045515
16794,0.74905753,0.748891
16795,0.30329636,0.37912843
16796,0.6851181,0.69971895
16797,0.9801557,0.9682007
16798,0.26928553,0.27823493
16799,0.2787156,0.21542986
16800,0.01578762,0.13065906
16801,0.39664122,0.37754944
16802,0.5804353,0.61587524
16803,0.93143576,0.8851745
16804,0.9237875,0.9293058
16805,0.80044574,0.77992356
16806,0.20342416,0.20519425
16807,0.27191934,0.29693317
16808,0.09639623,0.04100727
16809,0.20017968,0.24103291
16810,0.7049116,0.67920566
16811,0.975731,0.88876843
16812,0.6058258,0.5965981
16813,0.21192016,0.18429972
16814,0.41583985,0.45003843
16815,0.6524573,0.6603814
16816,0.6878423,0.6583444
16817,0.26898015,0.2436031
16818,0.6601171,0.625986
16819,0.54862326,0.43312058
16820,0.022573829,0.023921888
16821,0.94132525,0.86690784
16822,0.9841346,0.99814063
16823,0.39838704,0.37234274
16824,0.83417976,0.807235
16825,0.8326894,0.8720165
16826,0.9665684,0.9367511
16827,0.85521364,0.89130425
16828,0.6510937,0.64020884
16829,0.5172183,0.5255657
16830,0.102460764,0.057606686
16831,0.53032285,0.5418156
16832,0.3328078,0.37627503
16833,0.95229363,0.9583168
16834,0.15983967,0.17950498
16835,0.9254412,0.93189347
16836,0.8760231,0.9124
16837,0.4780795,0.45483786
16838,0.8574343,0.85017073
16839,0.49712318,0.5047239
16840,0.55763924,0.5316528
16841,0.4402004,0.38343376
16842,0.41600192,0.41446066
16843,0.65118843,0.568121
16844,0.27187136,0.3143029
16845,0.3112478,0.342533
16846,0.3456217,0.22871825
16847,0.101132,0.061637983
16848,0.00087215396,0.23683359
16849,0.32686016,0.3266412
16850,0.8278376,0.83351535
16851,0.3800926,0.3001631
16852,0.34050107,0.3148517
16853,0.91354495,0.91767484
16854,0.27638444,0.25652522
16855,0.9133848,0.9067223
16856,0.9947173,0.94183916
16857,0.4003728,0.37903896
16858,0.5575871,0.49656162
16859,0.38503143,0.42867076
16860,0.43107316,0.40468866
16861,0.33063188,0.30566657
16862,0.15363774,0.15614906
16863,0.5524643,0.49311614
16864,0.79165685,0.86420333
16865,0.123246096,0.09509145
16866,0.81873775,0.8104758
16867,0.28499973,0.384051
16868,0.53146154,0.52963793
16869,0.16942564,0.13759968
16870,0.41542313,0.42886582
16871,0.057813678,0.060676694
16872,0.48782083,0.46737778
16873,0.51761305,0.4521289
16874,0.59314907,0.582681
16875,0.24846746,0.31175753
16876,0.6818234,0.67127615
16877,0.5545597,0.59135896
16878,0.38482597,0.4172377
16879,0.5005133,0.4544822
16880,0.76978356,0.784393
16881,0.7011548,0.73105764
16882,0.34257212,0.3365197
16883,0.5447019,0.46387312
16884,0.02109741,0.0494422
16885,0.32238016,0.33149266
16886,0.0990869,0.11877044
16887,0.7085915,0.7183494
16888,0.056389745,0.14057967
16889,0.4862578,0.48111904
16890,0.09591576,0.16419546
16891,0.073207825,0.08281799
16892,0.28982902,0.33504346
16893,0.78659576,0.8031832
16894,0.2517236,0.214237
16895,0.71009386,0.6699345
16896,0.4548414,0.42897788
16897,0.3317369,0.35043588
16898,0.10851462,0.21942286
16899,0.90157515,0.87126184
16900,0.9374429,0.91297734
16901,0.9625024,0.96504605
16902,0.17024004,0.16534843
16903,0.71932924,0.708459
16904,0.2302859,0.2053373
16905,0.3323101,0.30612004
16906,0.31943667,0.3319858
16907,0.12652603,0.08030994
16908,0.27980724,0.25240678
16909,0.11759134,0.09017061
16910,0.76385957,0.7838458
16911,0.18140589,0.16070114
16912,0.7625081,0.753695
16913,0.049592193,0.046216365
16914,0.25975782,0.28757203
16915,0.29687256,0.3172837
16916,0.55200094,0.52327603
16917,0.26578337,0.27761203
16918,0.6262795,0.6419652
16919,0.39742866,0.41686687
16920,0.02590208,0.049784746
16921,0.51378304,0.5192266
16922,0.006825785,0.050991904
16923,0.3119859,0.32573554
16924,0.967928,0.9361818
16925,0.6602805,0.57013726
16926,0.4150595,0.44926032
16927,0.22672272,0.2576181
16928,0.31833267,0.33462524
16929,0.648359,0.6286838
16930,0.34819546,0.34315917
16931,0.6787604,0.6152401
16932,0.42675456,0.3816983
16933,0.20419383,0.22717804
16934,0.68859506,0.6839178
16935,0.40686467,0.39666802
16936,0.07129434,0.11338498
16937,0.067853086,0.032098632
16938,0.52033573,0.39639133
16939,0.0750588,0.10772224
16940,0.8934837,0.8494965
16941,0.3797533,0.37931883
16942,0.16352905,0.25233257
16943,0.5787467,0.587086
16944,0.89968854,0.9559009
16945,0.20916061,0.2517772
16946,0.20116006,0.28641582
16947,0.73051023,0.675512
16948,0.082064666,0.07664548
16949,0.9307994,0.89585584
16950,0.47888803,0.4832957
16951,0.7146116,0.66892076
16952,0.3817781,0.35938928
16953,0.106467836,0.20458241
16954,0.76127344,0.73921967
16955,0.950516,0.9386441
16956,0.97967863,0.9464206
16957,0.36673486,0.3244921
16958,0.290382,0.29742247
16959,0.48845878,0.50821346
16960,0.7935964,0.7779223
16961,0.75855863,0.76476175
16962,0.6574363,0.66843367
16963,0.24597973,0.24534337
16964,0.54634696,0.534337
16965,0.14434233,0.10786685
16966,0.91433954,0.9487095
16967,0.5599294,0.493181
16968,0.77184415,0.7813502
16969,0.23256232,0.1647614
16970,0.16776444,0.2106608
16971,0.5772397,0.5355417
16972,0.840563,0.8553526
16973,0.74539953,0.72894925
16974,0.1436687,0.148127
16975,0.62550217,0.5797278
16976,0.5385928,0.5376554
16977,0.21635817,0.18650474
16978,0.3096835,0.40401745
16979,0.26332113,0.3220722
16980,0.8068293,0.7814954
16981,0.7735876,0.7383298
16982,0.60646695,0.5979766
16983,0.97936636,0.97820747
16984,0.8276411,0.8071994
16985,0.38999507,0.4215194
16986,0.72991306,0.75053996
16987,0.2615613,0.25643086
16988,0.4935598,0.4789601
16989,0.594752,0.6564464
16990,0.00033068995,0.061228663
16991,0.6430994,0.508455
16992,0.059579376,0.06963237
16993,0.28541622,0.36202425
16994,0.81785464,0.8774684
16995,0.76725644,0.8026542
16996,0.3977677,0.4511283
16997,0.90507936,0.92564756
16998,0.14688534,0.16261739
16999,0.36781946,0.5077544
17000,0.49266666,0.48527318
17001,0.8939803,0.8752312
17002,0.47339845,0.49508023
17003,0.6594456,0.6158329
17004,0.48356298,0.5048209
17005,0.6813326,0.7060166
17006,0.3516261,0.34135568
17007,0.3462678,0.38031834
17008,0.4412943,0.44307446
17009,0.16028091,0.15818971
17010,0.45881367,0.43282002
17011,0.013429606,-0.00834538
17012,0.31778386,0.30913252
17013,0.22406228,0.22449751
17014,0.4077437,0.3620276
17015,0.70808583,0.69526255
17016,0.38054958,0.36879882
17017,0.32794368,0.37110838
17018,0.87220514,0.8112838
17019,0.65014595,0.66968805
17020,0.94992626,0.9462605
17021,0.17707063,0.15956791
17022,0.75013226,0.7490885
17023,0.5312875,0.5062829
17024,0.84762937,0.83232075
17025,0.61168015,0.56394035
17026,0.9351752,0.9484111
17027,0.43660572,0.3624848
17028,0.6234466,0.5895926
17029,0.24473962,0.20224307
17030,0.6047804,0.56177276
17031,0.6525881,0.6714941
17032,0.9658619,0.90267944
17033,0.9443923,0.93620765
17034,0.6429306,0.59258497
17035,0.3161813,0.3185801
17036,0.61209923,0.6140926
17037,0.7280626,0.7157085
17038,0.529047,0.5262372
17039,0.54374474,0.5707309
17040,0.9477437,0.99480253
17041,0.6236414,0.6493436
17042,0.3136878,0.33766055
17043,0.9075718,0.86339915
17044,0.05182076,0.03704718
17045,0.25705755,0.2808309
17046,0.6808263,0.7191944
17047,0.31339186,0.37327757
17048,0.8866894,0.8867625
17049,0.31270534,0.30961663
17050,0.069752835,0.06236868
17051,0.309468,0.27551952
17052,0.11628553,0.14045289
17053,0.8768452,0.85507214
17054,0.87833095,0.9077821
17055,0.52356553,0.49847206
17056,0.7804229,0.83218515
17057,0.9520146,0.90250576
17058,0.251414,0.2443686
17059,0.21866451,0.19473037
17060,0.9493081,0.92218244
17061,0.8281735,0.83746415
17062,0.47584203,0.45710987
17063,0.7953166,0.75344676
17064,0.9366497,0.94530785
17065,0.016868446,0.09078567
17066,0.83702725,0.8208133
17067,0.058583245,0.046702076
17068,0.9838504,0.9409746
17069,0.91275954,0.895162
17070,0.2812581,0.26124266
17071,0.9047837,0.90852576
17072,0.7125557,0.69537467
17073,0.17976213,0.1542479
17074,0.44468313,0.4270702
17075,0.5259061,0.49799845
17076,0.020842886,0.12106453
17077,0.102323495,0.087497875
17078,0.5245065,0.51860857
17079,0.11413201,0.10947727
17080,0.22821312,0.23941599
17081,0.6137514,0.63205504
17082,0.6207375,0.5819568
17083,0.59870726,0.6121434
17084,0.9119609,0.99131215
17085,0.8682397,0.8604779
17086,0.6736901,0.6320626
17087,0.9166556,0.9367719
17088,0.959798,0.9708425
17089,0.33081198,0.28513667
17090,0.7171547,0.673092
17091,0.781772,0.7990538
17092,0.9762954,0.9797382
17093,0.7857884,0.6634053
17094,0.101893455,0.081703275
17095,0.27740356,0.29013115
17096,0.90189403,0.93734854
17097,0.3240948,0.3165325
17098,0.9715152,0.9561146
17099,0.07262166,0.06161173
17100,0.6175337,0.6209707
17101,0.86987835,0.9199473
17102,0.41250387,0.39488506
17103,0.5913909,0.56869286
17104,0.44185254,0.40433383
17105,0.9272428,0.94639003
17106,0.2104329,0.24070832
17107,0.40319076,0.38367438
17108,0.04216758,0.138373
17109,0.4076316,0.39444065
17110,0.102780975,0.1651624
17111,0.6972681,0.6215376
17112,0.34853524,0.42089438
17113,0.48095384,0.47309715
17114,0.5107489,0.50695366
17115,0.49560732,0.48793548
17116,0.42426896,0.39366648
17117,0.9678662,1.0118303
17118,0.39692968,0.41548872
17119,0.63264275,0.6734932
17120,0.29813725,0.23311397
17121,0.49732158,0.50699586
17122,0.3185373,0.37629375
17123,0.86781144,0.8616533
17124,0.4161619,0.38694966
17125,0.46368724,0.46291834
17126,0.85520476,0.9183893
17127,0.60774195,0.5844737
17128,0.3052366,0.31997588
17129,0.07450059,0.11718409
17130,0.7779714,0.71291053
17131,0.08019496,0.13445318
17132,0.08041861,0.08043952
17133,0.6481071,0.5923876
17134,0.42760357,0.38799793
17135,0.5094545,0.5044145
17136,0.83264786,0.9605813
17137,0.6398592,0.6468247
17138,0.44312593,0.4381229
17139,0.19791678,0.17530498
17140,0.913101,0.9237764
17141,0.17123637,0.17631325
17142,0.57713854,0.6015005
17143,0.5896887,0.548124
17144,0.8226924,0.8274326
17145,0.6523782,0.6143719
17146,0.6726493,0.70831674
17147,0.87963283,0.86741954
17148,0.35147235,0.37357932
17149,0.50127584,0.4773017
17150,0.610533,0.604825
17151,0.27870774,0.33870912
17152,0.061653446,0.07879898
17153,0.97593236,1.0018315
17154,0.30028036,0.31533775
17155,0.622651,0.612255
17156,0.4760268,0.48669645
17157,0.9135966,0.96985584
17158,0.6980565,0.68500626
17159,0.63121796,0.61532325
17160,0.46243283,0.47702214
17161,0.50700206,0.49448153
17162,0.2389934,0.19183838
17163,0.21513948,0.23751362
17164,0.08536337,0.08348116
17165,0.95393556,0.96480036
17166,0.48499918,0.44967663
17167,0.17867206,0.17299365
17168,0.696259,0.66209626
17169,0.37148184,0.31927735
17170,0.8541468,0.8624997
17171,0.5311956,0.59405863
17172,0.83669007,0.8546973
17173,0.51650804,0.4518868
17174,0.6205985,0.5898513
17175,0.93000066,0.962037
17176,0.02637342,0.089845136
17177,0.91406214,0.9484236
17178,0.67515075,0.68432754
17179,0.31096482,0.26895848
17180,0.07238691,0.033422556
17181,0.97894526,0.9333532
17182,0.40963513,0.34688595
17183,0.05387013,0.029954132
17184,0.081534736,0.06618072
17185,0.64967924,0.6844874
17186,0.5147466,0.4910277
17187,0.87876916,0.9114623
17188,0.07779765,-0.006425429
17189,0.03743372,0.008783113
17190,0.71513325,0.7474993
17191,0.20860523,0.19676162
17192,0.067055605,0.029810619
17193,0.74492776,0.7553427
17194,0.56213456,0.57034725
17195,0.71047306,0.7380313
17196,0.49735782,0.43174508
17197,0.8318099,0.8168436
17198,0.016750528,0.058634367
17199,0.9493469,0.9899775
17200,0.5733204,0.5772023
17201,0.8910087,0.9046939
17202,0.9183591,0.920895
17203,0.6727229,0.6333559
17204,0.65778977,0.6428053
17205,0.8080246,0.8455338
17206,0.24313445,0.2907823
17207,0.18686226,0.21031003
17208,0.27328524,0.3437694
17209,0.52093136,0.47594184
17210,0.23997442,0.2560516
17211,0.10401874,0.13061975
17212,0.6435075,0.6080359
17213,0.527568,0.50661016
17214,0.05135657,0.08956154
17215,0.89661664,0.9529944
17216,0.08419946,0.06345229
17217,0.081492916,0.057905894
17218,0.7001307,0.6591252
17219,0.12055114,0.099733874
17220,0.52396524,0.44924575
17221,0.5082147,0.52420694
17222,0.97371364,0.89195836
17223,0.10513233,0.09010811
17224,0.3538131,0.38613907
17225,0.2623316,0.29936302
17226,0.9843061,0.9452425
17227,0.479533,0.49707642
17228,0.011977819,0.16141197
17229,0.7257075,0.7441662
17230,0.21913005,0.18569146
17231,0.96110934,0.97084004
17232,0.27947026,0.31392598
17233,0.6607785,0.5359153
17234,0.3905916,0.34444988
17235,0.35877562,0.35252726
17236,0.34633332,0.29795307
17237,0.0750588,0.07289801
17238,0.5957445,0.6148402
17239,0.32027513,0.33824706
17240,0.052342672,0.060814843
17241,0.24388288,0.26730615
17242,0.46746662,0.49386108
17243,0.78212416,0.85431916
17244,0.8106172,0.8421698
17245,0.3495836,0.4015723
17246,0.17562172,0.20007055
17247,0.54570436,0.508909
17248,0.68858176,0.6675148
17249,0.10302142,0.11454198
17250,0.22900094,0.24234371
17251,0.3618913,0.3378166
17252,0.5232919,0.4887396
17253,0.17370658,0.2505085
17254,0.21076515,0.23653845
17255,0.2932375,0.2585209
17256,0.11664783,0.12291292
17257,0.5560267,0.57422423
17258,0.2891797,0.30020982
17259,0.44968665,0.30470294
17260,0.8266257,0.81122
17261,0.7192991,0.7610833
17262,0.4665916,0.4871055
17263,0.65398765,0.6596193
17264,0.59928375,0.6065031
17265,0.8147356,0.8352057
17266,0.71055454,0.71775806
17267,0.022663878,0.028310105
17268,0.9366115,0.9116133
17269,0.23951064,0.30866778
17270,0.04805517,0.068620846
17271,0.13782632,0.14848943
17272,0.8290348,0.8751001
17273,0.11602918,0.07395509
17274,0.46792135,0.46036404
17275,0.9934988,1.0082047
17276,0.12613383,0.0918989
17277,0.67663276,0.6727262
17278,0.7832218,0.8101041
17279,0.86033154,0.8452394
17280,0.2846579,0.2712567
17281,0.5323385,0.5441064
17282,0.1633776,0.14006937
17283,0.18118359,0.19538261
17284,0.78495747,0.77166164
17285,0.1601735,0.16920458
17286,0.3900744,0.4376715
17287,0.5973014,0.61366206
17288,0.6402999,0.65044636
17289,0.9646124,0.97046876
17290,0.19641538,0.28649586
17291,0.6589373,0.62795424
17292,0.8154364,0.7793613
17293,0.15525056,0.108681634
17294,0.13124248,0.10476419
17295,0.8844855,0.88828427
17296,0.969593,0.94872326
17297,0.64055955,0.65939677
17298,0.41843298,0.37467292
17299,0.5960755,0.66377145
17300,0.6813716,0.63231325
17301,0.84312516,0.8264019
17302,0.77322376,0.7520046
17303,0.2769722,0.29442433
17304,0.0035776081,0.03578226
17305,0.070835166,0.088428095
17306,0.9745411,0.9512416
17307,0.555477,0.59041715
17308,0.11405831,0.0947974
17309,0.11364379,0.008602489
17310,0.3328106,0.32908836
17311,0.89916706,0.9185895
17312,0.9229398,0.9213363
17313,0.30114073,0.29572213
17314,0.16982965,0.16882725
17315,0.17183843,0.22364861
17316,0.69421136,0.67543656
17317,0.92154336,0.9616665
17318,0.88455564,0.89621514
17319,0.15681672,0.16482356
17320,0.15567836,0.13668977
17321,0.6674721,0.65176195
17322,0.91481555,0.9740026
17323,0.7802718,0.7578185
17324,0.14271648,0.11699574
17325,0.18445365,0.19211955
17326,0.77902335,0.80396247
17327,0.47960928,0.44734892
17328,0.42604446,0.4323759
17329,0.03967522,0.08927755
17330,0.6644265,0.67192787
17331,0.7758927,0.75840807
17332,0.010521274,0.040684063
17333,0.32733697,0.363317
17334,0.9314616,0.93545175
17335,0.6244742,0.62547666
17336,0.74493533,0.68319535
17337,0.067507036,0.15633832
17338,0.5109838,0.35449696
17339,0.16137323,0.1805376
17340,0.42249507,0.38756257
17341,0.60242116,0.6430754
17342,0.19334762,0.24613023
17343,0.44452307,0.43719384
17344,0.21891098,0.23806475
17345,0.4589959,0.4570061
17346,0.79326,0.78523284
17347,0.095140256,0.06523143
17348,0.5187939,0.47934714
17349,0.7953664,0.7797731
17350,0.20659208,0.24954392
17351,0.36423084,0.3091467
17352,0.16152674,0.20295261
17353,0.28049886,0.2761202
17354,0.8284176,0.878411
17355,0.6816417,0.7162712
17356,0.9761712,0.9593851
17357,0.7658968,0.78737783
17358,0.9650575,0.9730865
17359,0.4308217,0.43501577
17360,0.08527349,0.08836092
17361,0.03456249,0.090510264
17362,0.1600136,0.1578058
17363,0.30434382,0.27623105
17364,0.1624741,0.17118487
17365,0.8615053,0.8760203
17366,0.069293685,0.07072972
17367,0.7378741,0.7362774
17368,0.1536558,0.25336877
17369,0.7927904,0.83411723
17370,0.08414828,0.0942333
17371,0.41219583,0.36117268
17372,0.46239117,0.43172815
17373,0.46015948,0.40281045
17374,0.6431139,0.59920514
17375,0.011375681,0.02455447
17376,0.59763813,0.5814078
17377,0.46691027,0.41039723
17378,0.5653136,0.50928617
17379,0.5466752,0.54862773
17380,0.92341536,0.96088266
17381,0.21956764,0.22209024
17382,0.1691083,0.19149187
17383,0.69928545,0.74400145
17384,0.35443497,0.3288963
17385,0.6489128,0.6300253
17386,0.3402529,0.37282735
17387,0.68392664,0.64541376
17388,0.24684095,0.26078847
17389,0.06328984,0.026695216
17390,0.28733552,0.3071171
17391,0.8909972,0.91297936
17392,0.73409665,0.7098923
17393,0.33645618,0.352783
17394,0.7704055,0.7987887
17395,0.19946931,0.19790663
17396,0.73709726,0.75519556
17397,0.5090448,0.5039718
17398,0.4001379,0.370704
17399,0.7590628,0.7671516
17400,0.2547966,0.3132537
17401,0.253499,0.19847524
17402,0.5913377,0.56080264
17403,0.67285657,0.61960495
17404,0.9334744,0.97865367
17405,0.26295775,0.24480344
17406,0.062026404,0.1768401
17407,0.50184834,0.4882113
17408,0.958019,0.98366153
17409,0.14919609,0.12535784
17410,0.3207001,0.30264008
17411,0.28893408,0.28086314
17412,0.5436081,0.5194347
17413,0.11660018,0.14872864
17414,0.9105688,0.9411574
17415,0.5915118,0.55136955
17416,0.20109515,0.18783584
17417,0.7636154,0.75496644
17418,0.8480254,0.85192955
17419,0.9514256,0.9606054
17420,0.271765,0.31744274
17421,0.41151673,0.42949864
17422,0.029432612,0.018984031
17423,0.5664275,0.54897654
17424,0.76705515,0.72201914
17425,0.39292052,0.37725455
17426,0.72151315,0.7177716
17427,0.813358,0.847492
17428,0.97137076,0.9810432
17429,0.36871356,0.38962716
17430,0.65014446,0.64509344
17431,0.05227459,0.032895144
17432,0.5628753,0.5447484
17433,0.46502158,0.40477216
17434,0.5939056,0.62313956
17435,0.17575379,0.29143867
17436,0.5650781,0.5947255
17437,0.7450875,0.7264304
17438,0.9915064,1.0040555
17439,0.43216732,0.46296352
17440,0.71096617,0.742498
17441,0.011278764,0.12717776
17442,0.7335084,0.72458565
17443,0.44200352,0.45498186
17444,0.8819577,0.8965676
17445,0.7030644,0.7112913
17446,0.5781607,0.5666501
17447,0.10040929,0.10126214
17448,0.4671817,0.43663698
17449,0.5845661,0.55495894
17450,0.760355,0.7551974
17451,0.27199233,0.23905292
17452,0.19418105,0.19692712
17453,0.19609974,0.21244897
17454,0.6281875,0.52225745
17455,0.9548293,0.99537593
17456,0.44185454,0.4748806
17457,0.57400775,0.5603484
17458,0.3206565,0.3324706
17459,0.9668048,0.95235944
17460,0.89217746,0.8924653
17461,0.93222934,0.95787406
17462,0.1087537,0.16171661
17463,0.82835966,0.8101682
17464,0.803828,0.7686994
17465,0.26337656,0.28727275
17466,0.7131169,0.7174131
17467,0.69147664,0.6504744
17468,0.6604331,0.67872345
17469,0.06266479,0.0007944517
17470,0.23212667,0.23649082
17471,0.6024619,0.6128015
17472,0.7312134,0.72196925
17473,0.4888934,0.49478891
17474,0.96729445,1.017037
17475,0.965645,0.93965435
17476,0.019587532,0.007931825
17477,0.38503805,0.40790087
17478,0.52394235,0.57129973
17479,0.8931925,0.9002121
17480,0.71645063,0.7053568
17481,0.49670595,0.49649286
17482,0.7817196,0.8683438
17483,0.6087306,0.5889084
17484,0.55281204,0.46311623
17485,0.36722097,0.38614267
17486,0.921093,0.958069
17487,0.96715564,0.967187
17488,0.49606127,0.55136997
17489,0.25442812,0.21886905
17490,0.4666753,0.4895867
17491,0.23939912,0.26593006
17492,0.7324812,0.78595537
17493,0.36869425,0.37063736
17494,0.4623446,0.4537574
17495,0.9835185,0.9987129
17496,0.23318028,0.21896227
17497,0.287984,0.31229484
17498,0.7288852,0.72078127
17499,0.5741174,0.548736
17500,0.6285928,0.54883355
17501,0.44665712,0.4719751
17502,0.9837055,0.96983117
17503,0.19112344,0.2705263
17504,0.43203843,0.43530667
17505,0.8169395,0.8429894
17506,0.6703397,0.65000755
17507,0.44354263,0.44651306
17508,0.91385937,0.9658147
17509,0.5359442,0.5288431
17510,0.108606845,0.08104491
17511,0.7934503,0.79952997
17512,0.46687654,0.5016216
17513,0.7346486,0.67764086
17514,0.6518098,0.6685063
17515,0.7247332,0.73445916
17516,0.12176717,0.10702802
17517,0.76914626,0.7883264
17518,0.09699961,0.17024714
17519,0.52132374,0.6361931
17520,4.847662e-05,0.0807053
17521,0.75203913,0.77761585
17522,0.8981852,0.9152697
17523,0.26612338,0.24298541
17524,0.3619042,0.4102077
17525,0.49898848,0.42795324
17526,0.20077053,0.28038383
17527,0.6199545,0.57209146
17528,0.55877924,0.5588815
17529,0.3866592,0.4742996
17530,0.65595675,0.621436
17531,0.38555714,0.38092688
17532,0.9843827,0.99512106
17533,0.59022963,0.4998665
17534,0.9386911,0.9393421
17535,0.2589877,0.23011681
17536,0.34163982,0.33203948
17537,0.32232592,0.3436341
17538,0.36541978,0.35299927
17539,0.09634408,0.062294092
17540,0.75160956,0.7391718
17541,0.72408366,0.74827605
17542,0.5739015,0.5287175
17543,0.93652976,0.972142
17544,0.39423558,0.38395947
17545,0.7414827,0.73230815
17546,0.34414497,0.34756115
17547,0.033109937,0.037223954
17548,0.1205423,0.10210991
17549,0.083761565,0.009095471
17550,0.33568025,0.37830767
17551,0.058023006,0.014021607
17552,0.6635759,0.6331909
17553,0.30364385,0.29001418
17554,0.29868746,0.36511162
17555,0.12938139,0.11551428
17556,0.051656585,0.036344904
17557,0.4799498,0.4572668
17558,0.3247177,0.29920796
17559,0.95201856,0.98905385
17560,0.77722925,0.8008237
17561,0.7257063,0.6813679
17562,0.2793018,0.27869967
17563,0.61032975,0.5640975
17564,0.118646756,0.10871051
17565,0.9364641,1.0082372
17566,0.0034767776,0.0076563396
17567,0.025761388,0.008830383
17568,0.5369652,0.4652604
17569,0.0794329,0.10533868
17570,0.78302383,0.76391643
17571,0.5345263,0.5425191
17572,0.39309597,0.38540575
17573,0.24173388,0.2595398
17574,0.9744488,0.9530727
17575,0.041044828,0.045802224
17576,0.0042653494,0.038588393
17577,0.9278212,0.9629303
17578,0.3288787,0.35421965
17579,0.41224316,0.42026052
17580,0.15234411,0.096294284
17581,0.017293626,0.0764941
17582,0.1646043,0.13330185
17583,0.9442903,0.9308432
17584,0.7247188,0.6245606
17585,0.8147066,0.81371164
17586,0.17435388,0.18515763
17587,0.87598944,0.89845455
17588,0.47455993,0.5103616
17589,0.024675397,0.07432215
17590,0.117514044,0.11920416
17591,0.20895943,0.19858786
17592,0.9771591,1.0100893
17593,0.040147856,0.07542823
17594,0.025565172,0.018446553
17595,0.58799714,0.57084465
17596,0.6220932,0.55790126
17597,0.01792381,0.012918267
17598,0.940972,0.9479921
17599,0.867882,0.8863994
17600,0.9804517,0.94347554
17601,0.030379325,0.067546055
17602,0.7116406,0.7595228
17603,0.80554086,0.80676556
17604,0.5054174,0.47269732
17605,0.12937258,0.16338581
17606,0.7497761,0.78816175
17607,0.690574,0.67305005
17608,0.3641171,0.3749908
17609,0.7835572,0.77453494
17610,0.87910026,0.88423693
17611,0.5582425,0.5466986
17612,0.59248394,0.6226989
17613,0.070538886,0.094123006
17614,0.80375224,0.77606964
17615,0.7166707,0.7075937
17616,0.6426933,0.6075744
17617,0.37083548,0.30569848
17618,0.40614665,0.40015164
17619,0.9328541,0.9346602
17620,0.9821828,0.95182633
17621,0.14631756,0.14161612
17622,0.111298345,0.1062075
17623,0.085177824,0.022914508
17624,0.7624782,0.7379092
17625,0.21726173,0.2396512
17626,0.07965524,0.028612448
17627,0.5332052,0.5080633
17628,0.34557176,0.33077675
17629,0.4313129,0.40269494
17630,0.89710796,0.95906013
17631,0.9949521,1.0027454
17632,0.34617415,0.3710937
17633,0.16445641,0.12730111
17634,0.84583086,0.86094296
17635,0.14575554,0.08560531
17636,0.09332311,0.04906343
17637,0.21188419,0.17634667
17638,0.8172772,0.8293507
17639,0.47168797,0.4748478
17640,0.5195553,0.5973315
17641,0.71163136,0.6782911
17642,0.714606,0.7031673
17643,0.40952256,0.4232539
17644,0.35123485,0.38652095
17645,0.585797,0.5194355
17646,0.30071622,0.27186605
17647,0.86334205,0.8687573
17648,0.7455578,0.7711218
17649,0.6872196,0.6696281
17650,0.5826666,0.55669504
17651,0.4783003,0.47713944
17652,0.099460736,0.11876363
17653,0.7654979,0.69168484
17654,0.4125274,0.39119348
17655,0.5339542,0.55966824
17656,0.58548295,0.5905334
17657,0.845633,0.87017274
17658,0.21850453,0.19093883
17659,0.11796272,0.06159038
17660,0.5824548,0.5734299
17661,0.60305965,0.57009697
17662,0.9911468,1.0066315
17663,0.095215805,0.25115588
17664,0.2482892,0.25707376
17665,0.01704029,0.062285047
17666,0.4001195,0.49277097
17667,0.61860174,0.62661916
17668,0.18427984,0.16539459
17669,0.64316505,0.5818456
17670,0.71619445,0.69514245
17671,0.16458358,0.13961
17672,0.64082307,0.5777036
17673,0.8805838,0.8562703
17674,0.9524594,0.95514894
17675,0.39692968,0.40806904
17676,0.15266079,0.18311436
17677,0.5514949,0.45246863
17678,0.72183335,0.676136
17679,0.16331293,0.25124696
17680,0.71513623,0.7062464
17681,0.97404784,0.94696915
17682,0.2314502,0.21640101
17683,0.795461,0.80587506
17684,0.61165935,0.5762534
17685,0.777461,0.65216124
17686,0.05685898,0.070593864
17687,0.513445,0.4871398
17688,0.83726585,0.8592316
17689,0.76728916,0.7529221
17690,0.12944657,0.23751007
17691,0.86004937,0.86376154
17692,0.63465136,0.6244734
17693,0.532283,0.5418968
17694,0.75319433,0.70882994
17695,0.9302525,0.99839664
17696,0.6373282,0.6383377
17697,0.80319184,0.7882127
17698,0.9520376,0.97961414
17699,0.37997425,0.3142496
17700,0.17281689,0.26241413
17701,0.09502478,0.1222942
17702,0.027591834,0.14903866
17703,0.6326273,0.6202205
17704,0.31636,0.34563228
17705,0.022141656,0.09844555
17706,0.94491625,0.92451835
17707,0.98532903,1.0089643
17708,0.33825824,0.29958233
17709,0.4138723,0.41001073
17710,0.90377116,0.859959
17711,0.38108897,0.39118263
17712,0.7265522,0.7197831
17713,0.9508918,0.9746331
17714,0.5437254,0.5329152
17715,0.4161661,0.35176
17716,0.58447367,0.5708611
17717,0.89478457,0.9540106
17718,0.97550625,0.9582502
17719,0.548191,0.5527674
17720,0.530733,0.47689214
17721,0.53858006,0.50110906
17722,0.64552015,0.64699805
17723,0.685308,0.6694295
17724,0.49494204,0.51557755
17725,0.8801477,0.92817444
17726,0.23998505,0.24565549
17727,0.89913917,0.8935647
17728,0.96791965,0.9637303
17729,0.39778283,0.40801343
17730,0.6645109,0.6652294
17731,0.29315087,0.23851563
17732,0.016869215,0.14535262
17733,0.7093537,0.68318826
17734,0.27794194,0.33720535
17735,0.30063355,0.29194432
17736,0.7442618,0.5944138
17737,0.33591983,0.3403294
17738,0.08058444,0.09411719
17739,0.58597267,0.6056775
17740,0.51324874,0.52010435
17741,0.17963943,0.20269884
17742,0.17520642,0.19756839
17743,0.53291065,0.5351849
17744,0.45817557,0.46164137
17745,0.390189,0.33735752
17746,0.016177127,0.042749748
17747,0.81606036,0.8372192
17748,0.6881598,0.6747475
17749,0.27364212,0.32083637
17750,0.25453493,0.24638799
17751,0.24902004,0.24788438
17752,0.51661867,0.559311
17753,0.53288996,0.45701408
17754,0.5896748,0.5078455
17755,0.79159576,0.7146563
17756,0.7351717,0.7736355
17757,0.6307423,0.56940913
17758,0.9011929,0.90234274
17759,0.49419048,0.46971977
17760,0.902928,0.9191392
17761,0.8928386,0.92638975
17762,0.16379641,0.19760264
17763,0.60086286,0.57624143
17764,0.7635478,0.78538185
17765,0.857395,0.8682526
17766,0.019297238,0.101518646
17767,0.40868834,0.40330297
17768,0.4373359,0.45939463
17769,0.86901456,0.9157769
17770,0.51454693,0.5208316
17771,0.7956251,0.7617286
17772,0.29310757,0.25955653
17773,0.79520917,0.7695245
17774,0.38976,0.3799761
17775,0.5960113,0.61428803
17776,0.18762054,0.22032182
17777,0.8701727,0.90584964
17778,0.37204382,0.39348477
17779,0.10351502,0.11467307
17780,0.71484804,0.52095926
17781,0.4583396,0.4997949
17782,0.1770131,0.20214082
17783,0.4514443,0.4773007
17784,0.6506916,0.67837673
17785,0.730548,0.74208325
17786,0.13714126,0.17019874
17787,0.36736307,0.30650002
17788,0.34202412,0.28832418
17789,0.48841834,0.46774757
17790,0.18755604,0.23537074
17791,0.038571067,0.08537193
17792,0.5563654,0.51408875
17793,0.8623789,0.87991333
17794,0.6449844,0.6108162
17795,0.9396707,1.0319197
17796,0.17339744,0.19011834
17797,0.7752739,0.823591
17798,0.84744805,0.83431166
17799,0.57155037,0.49863622
17800,0.76005906,0.7662288
17801,0.12781286,0.12062536
17802,0.88307554,0.9315289
17803,0.39982334,0.34595037
17804,0.8278115,0.8456037
17805,0.026943332,0.034116406
17806,0.59126127,0.55717164
17807,0.6882742,0.6421067
17808,0.08224058,0.039193485
17809,0.58753216,0.5821339
17810,0.3239582,0.35309032
17811,0.65343595,0.618458
17812,0.6048266,0.57840717
17813,0.442224,0.47473288
17814,0.6463683,0.6211538
17815,0.37131774,0.32345065
17816,0.15086892,0.14901695
17817,0.03619058,0.010175694
17818,0.2951401,0.2875995
17819,0.687485,0.6483679
17820,0.21007344,0.278162
17821,0.2582032,0.23730707
17822,0.49803415,0.5050443
17823,0.036445606,0.04432926
17824,0.5937465,0.5667412
17825,0.207475,0.2170893
17826,0.7471836,0.77180755
17827,0.56168586,0.5305672
17828,0.09029553,0.08436178
17829,0.04697235,0.03416877
17830,0.27463478,0.2781899
17831,0.73438543,0.7014694
17832,0.67012274,0.6894845
17833,0.9343244,0.849337
17834,0.9442448,0.97228086
17835,0.674738,0.5968027
17836,0.9098472,0.8809997
17837,0.028437965,0.07291269
17838,0.9588895,0.90834516
17839,0.072854385,0.17509763
17840,0.39851072,0.40044406
17841,0.9312351,0.92740417
17842,0.63367987,0.61164427
17843,0.16205077,0.16291709
17844,0.88969946,0.8626147
17845,0.9460303,0.88424784
17846,0.7824467,0.7705661
17847,0.39777717,0.38615555
17848,0.62124395,0.6269312
17849,0.36796826,0.33792067
17850,0.24580276,0.2523083
17851,0.92301583,0.9540691
17852,0.14495347,0.18344775
17853,0.4145145,0.35495055
17854,0.55550915,0.5344209
17855,0.6605899,0.5481093
17856,0.43340927,0.40394574
17857,0.22247921,0.14913012
17858,0.24794573,0.40281928
17859,0.28812814,0.2589783
17860,0.3842798,0.43982923
17861,0.77712077,0.76529455
17862,0.38973355,0.29333067
17863,0.5693516,0.49585974
17864,0.6308498,0.62349653
17865,0.6261318,0.60556674
17866,0.1527518,0.06255236
17867,0.39683753,0.367611
17868,0.6222578,0.61481065
17869,0.6423818,0.59602696
17870,0.7076235,0.710962
17871,0.55159795,0.5321832
17872,0.88228023,0.84423
17873,0.43542102,0.37597162
17874,0.37673706,0.38965356
17875,0.024826197,-0.015590789
17876,0.61030465,0.601236
17877,0.06390092,0.049396783
17878,0.25497282,0.31626385
17879,0.8630462,0.91437244
17880,0.40241426,0.43026933
17881,0.88277656,0.9140359
17882,0.75175977,0.7179979
17883,0.5479543,0.5463466
17884,0.72112834,0.74375004
17885,0.044061147,-0.0017593447
17886,0.8928903,0.90455097
17887,0.76087356,0.72225296
17888,0.56104195,0.5142285
17889,0.35980484,0.37051946
17890,0.50030327,0.47498265
17891,0.6221755,0.58307016
17892,0.5651436,0.53606147
17893,0.2037282,0.23220481
17894,0.012432231,0.03394317
17895,0.36311883,0.35595027
17896,0.5768935,0.5356579
17897,0.7734937,0.6377983
17898,0.29797897,0.25032943
17899,0.29598734,0.36543518
17900,0.62795985,0.53826046
17901,0.051550396,0.09346184
17902,0.83679384,0.8372762
17903,0.07508285,0.055426337
17904,0.071445554,0.080345675
17905,0.8288059,0.86525303
17906,0.5027909,0.49174765
17907,0.39690563,0.39901325
17908,0.71325725,0.7413441
17909,0.09591538,0.09687674
17910,0.7766073,0.7715607
17911,0.56895214,0.5338988
17912,0.18442771,0.20478024
17913,0.78380173,0.76443046
17914,0.021255037,0.015275924
17915,0.818488,0.8111335
17916,0.4634792,0.41793978
17917,0.14434148,0.16309217
17918,0.6161263,0.60286504
17919,0.52405685,0.4494425
17920,0.23702711,0.2085309
17921,0.9549027,0.9317136
17922,0.41292775,0.3737583
17923,0.22938581,0.29771832
17924,0.38474977,0.37843713
17925,0.19304419,0.23664437
17926,0.60593486,0.5617416
17927,0.87884945,0.9286201
17928,0.15516797,0.14492126
17929,0.16855994,0.13596708
17930,0.8644732,0.87574136
17931,0.6205682,0.60101515
17932,0.037755128,0.051084977
17933,0.25918606,0.24842834
17934,0.7147414,0.69750136
17935,0.12551711,0.10934326
17936,0.9680188,0.95712155
17937,0.13242643,0.15322375
17938,0.02802522,0.038312625
17939,0.70318305,0.51110333
17940,0.8889264,0.896883
17941,0.79491043,0.857198
17942,0.13186689,0.17843041
17943,0.6204215,0.66328114
17944,0.31129682,0.29210314
17945,0.8775885,0.9012171
17946,0.81567377,0.8342623
17947,0.061038624,0.08208977
17948,0.7199246,0.6906661
17949,0.95658886,0.95183176
17950,0.44474208,0.5006841
17951,0.4474472,0.45001635
17952,0.5905731,0.60310084
17953,0.9417017,0.943426
17954,0.9393041,0.9504554
17955,0.7114762,0.7166625
17956,0.5193479,0.5269978
17957,0.11865015,0.07355504
17958,0.96727663,0.9745095
17959,0.6893939,0.6738879
17960,0.27403867,0.29008797
17961,0.1131756,0.13508897
17962,0.9352408,0.9951348
17963,0.49968505,0.47112045
17964,0.7879964,0.78232265
17965,0.9749309,0.94511306
17966,0.9121481,0.9295634
17967,0.78451985,0.7884929
17968,0.065360144,0.09175284
17969,0.080589905,0.08302209
17970,0.80939835,0.7824199
17971,0.0048000435,0.07571639
17972,0.93221086,0.9567771
17973,0.6586973,0.68228054
17974,0.58996266,0.6240726
17975,0.81891364,0.8236204
17976,0.014203999,0.07612075
17977,0.13170978,0.11719896
17978,0.18831521,0.23575066
17979,0.56031245,0.532797
17980,0.87362766,0.86064357
17981,0.76745987,0.77289915
17982,0.7162944,0.70633197
17983,0.040938605,0.028581511
17984,0.49539962,0.47430053
17985,0.06860391,0.0887333
17986,0.42514002,0.3998252
17987,0.85252225,0.8619977
17988,0.12982865,0.14493757
17989,0.86494184,0.8069674
17990,0.7842963,0.597914
17991,0.523364,0.52027524
17992,0.11024863,0.15408863
17993,0.21257304,0.22842659
17994,0.71861225,0.6017424
17995,0.7602227,0.79118687
17996,0.8835137,0.9074491
17997,0.5910572,0.58919096
17998,0.12459846,0.15669648
17999,0.058987588,0.08366889
18000,0.8958522,0.9321492
18001,0.40290225,0.40243807
18002,0.010827986,0.05920757
18003,0.4488118,0.46437454
18004,0.8815784,0.91984916
18005,0.16342047,0.1856181
18006,0.0018131768,-0.036003217
18007,0.21484375,0.2373857
18008,0.45267567,0.4265445
18009,0.41618925,0.40539938
18010,0.4331827,0.41175616
18011,0.27146462,0.36162823
18012,0.28527033,0.26399112
18013,0.36211082,0.4032569
18014,0.45062596,0.45504946
18015,0.3011049,0.2878104
18016,0.12843485,0.1590374
18017,0.86622435,0.8658968
18018,0.6761154,0.71149296
18019,0.18783136,0.18959863
18020,0.13854384,0.126858
18021,0.8471796,0.8739529
18022,0.59507376,0.49149883
18023,0.1213314,0.10840966
18024,0.9269426,1.000182
18025,0.19467957,0.15685241
18026,0.5532678,0.5176449
18027,0.16793358,0.21360832
18028,0.2100175,0.22015096
18029,0.56544054,0.54613787
18030,0.40224615,0.3995973
18031,0.085389294,0.116852656
18032,0.1097699,0.13825871
18033,0.8926641,0.80420315
18034,0.66168946,0.67600304
18035,0.93000233,0.98655844
18036,0.59282446,0.55115694
18037,0.6061126,0.63206345
18038,0.5135575,0.534919
18039,0.0057346215,0.08359221
18040,0.106520385,0.1694809
18041,0.51538914,0.50824475
18042,0.55517364,0.54094005
18043,0.33349603,0.38613242
18044,0.78930926,0.7855972
18045,0.331529,0.33050126
18046,0.75814295,0.73978007
18047,0.29749697,0.37138307
18048,0.21040799,0.31153953
18049,0.4326275,0.6584679
18050,0.0852311,0.03923489
18051,0.9470414,0.9668697
18052,0.69222724,0.63322735
18053,0.9471871,0.9192209
18054,0.1760799,0.16861586
18055,0.8312183,0.8479876
18056,0.99953,0.9912181
18057,0.65207624,0.60513437
18058,0.94261706,0.9064193
18059,0.20585783,0.18349655
18060,0.25279966,0.24702218
18061,0.4176479,0.42856604
18062,0.25868306,0.3124407
18063,0.89714634,0.9237317
18064,0.4148918,0.38671088
18065,0.9338587,0.9016502
18066,0.13268632,0.16636603
18067,0.20494387,0.17587717
18068,0.88294977,0.904645
18069,0.6731576,0.66952926
18070,0.6430068,0.6064057
18071,0.81995773,0.8321961
18072,0.055029403,-0.0028872825
18073,0.18026228,0.17290793
18074,0.54532415,0.50691986
18075,0.77924436,0.8064141
18076,0.6907825,0.64234436
18077,0.53012216,0.48089612
18078,0.36909288,0.3298028
18079,0.12922882,0.10536651
18080,0.45518622,0.55406266
18081,0.42179787,0.4259935
18082,0.97011316,0.9624065
18083,0.46870807,0.50587857
18084,0.24356292,0.16794296
18085,0.2013756,0.21992102
18086,0.23581028,0.29269952
18087,0.5128116,0.48368427
18088,0.9956349,0.9066779
18089,0.31909776,0.31706864
18090,0.6085781,0.60419834
18091,0.945021,0.97444046
18092,0.18633844,0.20565078
18093,0.35802627,0.3680207
18094,0.6397373,0.6061907
18095,0.03616367,0.088327184
18096,0.5468097,0.5069456
18097,0.10557236,0.09052141
18098,0.10812622,0.10945743
18099,0.60059106,0.5916767
18100,0.1533868,0.1475441
18101,0.1232847,0.048178393
18102,0.24094486,0.2312289
18103,0.05950929,0.069006816
18104,0.61112773,0.586099
18105,0.095825925,0.10679814
18106,0.21835752,0.23594111
18107,0.016730746,0.050383393
18108,0.43871143,0.44127005
18109,0.14076553,0.12811257
18110,0.94879436,0.9836815
18111,0.32651362,0.20807172
18112,0.0571985,0.005182747
18113,0.6995545,0.77155614
18114,0.053386517,0.11504687
18115,0.36787403,0.34352377
18116,0.28088614,0.3330109
18117,0.09670972,0.08192752
18118,0.5912071,0.5847111
18119,0.5112187,0.4920665
18120,0.9382344,0.9244993
18121,0.38296598,0.35192448
18122,0.5481772,0.548306
18123,0.7606042,0.6940973
18124,0.8976355,0.9104319
18125,0.802264,0.7744241
18126,0.08590944,0.05845298
18127,0.8986679,0.88882065
18128,0.7098276,0.69354486
18129,0.6627756,0.6187722
18130,0.26366755,0.2787
18131,0.10296665,0.16041496
18132,0.48000976,0.52816975
18133,0.4607387,0.45703048
18134,0.25862876,0.27561778
18135,0.4777646,0.44755816
18136,0.50062144,0.48191372
18137,0.66658896,0.5959678
18138,0.22485732,0.18239397
18139,0.73913276,0.6718172
18140,0.75579333,0.72283113
18141,0.27854025,0.26035866
18142,0.56934124,0.5021479
18143,0.2254854,0.25148332
18144,0.30047643,0.37028334
18145,0.04248153,0.00012361817
18146,0.46669424,0.46396875
18147,0.86372864,0.8729976
18148,0.6717779,0.63221896
18149,0.506685,0.46303862
18150,0.1410262,0.17860895
18151,0.23050326,0.23883352
18152,0.53451824,0.5232862
18153,0.6245729,0.5652404
18154,0.09434771,0.08735971
18155,0.23982395,0.25454596
18156,0.0068572084,0.0163988
18157,0.90194374,0.897393
18158,0.3340158,0.28330284
18159,0.3757587,0.37626436
18160,0.103012554,0.1311404
18161,0.40196759,0.42349046
18162,0.7285542,0.7384869
18163,0.3342011,0.30841234
18164,0.21352765,0.23587054
18165,0.8016588,0.8136388
18166,0.06742595,0.1026679
18167,0.18911931,0.18216223
18168,0.7684938,0.71416616
18169,0.88187385,0.8796073
18170,0.8215202,0.85343975
18171,0.0657695,0.06213948
18172,0.35128352,0.37689307
18173,0.6046442,0.5621985
18174,0.35057762,0.35930496
18175,0.7538516,0.83291984
18176,0.5784463,0.5597724
18177,0.8001443,0.80804634
18178,0.88398886,0.8767024
18179,0.1834915,0.19224186
18180,0.52996975,0.5192986
18181,0.2873902,0.28831914
18182,0.14016101,0.13025631
18183,0.24221958,0.21718147
18184,0.934704,0.9363985
18185,0.72870535,0.70781684
18186,0.8059459,0.86526185
18187,0.4787391,0.4542599
18188,0.0819528,0.10631706
18189,0.51425034,0.5229265
18190,0.7218255,0.74886674
18191,0.69871235,0.69056
18192,0.91369,0.936887
18193,0.38068599,0.3693574
18194,0.33539963,0.34148788
18195,0.6808115,0.6498105
18196,0.27326712,0.2879966
18197,0.9664778,0.9816189
18198,0.85714585,0.85747147
18199,0.9277943,0.95028603
18200,0.8807032,0.90434396
18201,0.42915928,0.41632682
18202,0.10689244,0.1538498
18203,0.38052475,0.3567337
18204,0.22410545,0.21669947
18205,0.41807407,0.42829278
18206,0.16102976,0.06641467
18207,0.74273264,0.7260118
18208,0.08060768,0.09480223
18209,0.19335786,0.19613437
18210,0.53742653,0.46017215
18211,0.06876189,0.053946357
18212,0.32816637,0.276156
18213,0.9125979,0.84431714
18214,0.2880362,0.30037484
18215,0.043706074,0.029724639
18216,0.9915835,0.9615358
18217,0.6386122,0.62499076
18218,0.5052559,0.46916705
18219,0.6640579,0.5998821
18220,0.57882994,0.5591661
18221,0.013921064,0.009496059
18222,0.9684519,0.988312
18223,0.12641317,0.13921572
18224,0.40916714,0.42894337
18225,0.34120604,0.34454408
18226,0.9552806,0.95408696
18227,0.8929966,0.90814424
18228,0.1711177,0.16300237
18229,0.43721017,0.4134931
18230,0.3813401,0.3574399
18231,0.95261794,0.9286723
18232,0.6070709,0.58450186
18233,0.47651845,0.46430463
18234,0.4292671,0.43206206
18235,0.55258864,0.54600245
18236,0.542365,0.4755123
18237,0.25882003,0.2615278
18238,0.17914611,0.15291451
18239,0.66330403,0.6293933
18240,0.7561869,0.7512087
18241,0.13913313,0.21320136
18242,0.75197834,0.7357603
18243,0.506338,0.4901436
18244,0.32363072,0.3359377
18245,0.20295365,0.27244422
18246,0.4114694,0.2892502
18247,0.5804392,0.57088935
18248,0.5892665,0.55748075
18249,0.89820915,0.90657866
18250,0.5131743,0.47397864
18251,0.73187184,0.7589491
18252,0.63723695,0.6429126
18253,0.38113546,0.36414343
18254,0.64219,0.6531381
18255,0.35572636,0.4417107
18256,0.87568754,0.88409966
18257,0.75731045,0.72556174
18258,0.36865568,0.35764796
18259,0.4589409,0.47138536
18260,0.46390915,0.4625817
18261,0.48191774,0.46788442
18262,0.3686428,0.3456747
18263,0.39529356,0.4073509
18264,0.12374583,0.12216289
18265,0.8618093,0.88151866
18266,0.078366995,0.056654826
18267,0.44222796,0.4817717
18268,0.8515489,0.8627049
18269,0.8372326,0.6672897
18270,0.27318174,0.32202178
18271,0.14110644,0.13757628
18272,0.26705837,0.27055854
18273,0.8912357,0.8969355
18274,0.3550018,0.35688335
18275,0.81406075,0.83635956
18276,0.60932523,0.6189645
18277,0.72577333,0.70337343
18278,0.13608745,0.113060094
18279,0.46674958,0.39920372
18280,0.15762053,0.16016142
18281,0.60973954,0.677508
18282,0.26645818,0.27296782
18283,0.70872045,0.7113997
18284,0.24439234,0.24547875
18285,0.33025074,0.30821383
18286,0.79473287,0.77788275
18287,0.3779405,0.37641484
18288,0.45922455,0.443514
18289,0.6941323,0.6650267
18290,0.42433387,0.46346933
18291,0.71970147,0.7105226
18292,0.74485695,0.73962116
18293,0.30407333,0.33862466
18294,0.64269716,0.64303267
18295,0.6106684,0.5747214
18296,0.38922122,0.38517457
18297,0.36625418,0.35922205
18298,0.5233185,0.5272307
18299,0.9955283,0.97227955
18300,0.93593884,0.9536995
18301,0.97134763,0.96802735
18302,0.1291547,0.2450715
18303,0.845064,0.8531126
18304,0.2815185,0.3046496
18305,0.34881693,0.3608633
18306,0.9402773,0.93702257
18307,0.34485525,0.30449665
18308,0.7515117,0.73179525
18309,0.051841468,0.057431
18310,0.82066786,0.7829697
18311,0.84954256,0.8399475
18312,0.046662163,0.09899363
18313,0.9143024,0.92229474
18314,0.9498815,0.9524374
18315,0.29529837,0.3030391
18316,0.015436597,0.013818476
18317,0.8435378,0.8613915
18318,0.3089409,0.32359985
18319,0.23036033,0.22007148
18320,0.22836843,0.23602086
18321,0.1199245,0.1519989
18322,0.18537332,0.22851048
18323,0.4967516,0.5029902
18324,0.8721746,0.8677684
18325,0.11602256,0.13519849
18326,0.60809225,0.6470459
18327,0.009102636,0.1505719
18328,0.16721451,0.18045479
18329,0.5998062,0.5727653
18330,0.94445944,0.9137116
18331,0.1362295,0.15941218
18332,0.5279574,0.4833659
18333,0.09688321,0.21728559
18334,0.86120355,0.6492183
18335,0.45145088,0.47664562
18336,0.74542785,0.72759324
18337,0.16947927,0.21526144
18338,0.2079029,0.21023692
18339,0.9590676,0.9911054
18340,0.5835797,0.52749527
18341,0.9822585,0.9842137
18342,0.5853394,0.5846771
18343,0.44220015,0.42112225
18344,0.9773578,0.9492885
18345,0.2464891,0.2468455
18346,0.55956054,0.55581427
18347,0.38096187,0.38613915
18348,0.7654189,0.7169215
18349,0.35931468,0.3558948
18350,0.8146252,0.8597206
18351,0.23731257,0.27113336
18352,0.9422836,0.9569738
18353,0.09748662,0.10313241
18354,0.68178445,0.6689298
18355,0.9306749,0.9149442
18356,0.6005888,0.55687475
18357,0.72456115,0.7489891
18358,0.6281256,0.6069595
18359,0.17013654,0.28412172
18360,0.0011098743,0.069636464
18361,0.084394984,0.12446442
18362,0.3824468,0.37697753
18363,0.3902507,0.38451928
18364,0.94765884,1.006391
18365,0.41686797,0.4091251
18366,0.7503627,0.72579217
18367,0.7318284,0.76085943
18368,0.36254895,0.34932262
18369,0.47317106,0.4860363
18370,0.5550535,0.4922847
18371,0.6497476,0.6386726
18372,0.50653666,0.4854006
18373,0.9527463,0.9576829
18374,0.30893442,0.34640425
18375,0.6320719,0.66160303
18376,0.8016772,0.7728604
18377,0.71354884,0.71162635
18378,0.5456125,0.46288282
18379,0.20467116,0.2900387
18380,0.26467672,0.28039408
18381,0.444919,0.4058079
18382,0.07647307,0.14849424
18383,0.15526651,0.1765752
18384,0.2530727,0.1769486
18385,0.50434464,0.47612175
18386,0.043895558,0.042370133
18387,0.2042719,0.2013751
18388,0.68118143,0.6954521
18389,0.33597457,0.36560237
18390,0.15552488,0.12765342
18391,0.55245346,0.55721897
18392,0.86804336,0.8366189
18393,0.50320035,0.5101952
18394,0.91647255,0.9219536
18395,0.7207082,0.7557893
18396,0.18296874,0.17580949
18397,0.09260833,0.09672841
18398,0.041146286,0.010747967
18399,0.59104365,0.54071426
18400,0.13836043,0.12163803
18401,0.0018980949,0.0028035175
18402,0.40280712,0.34266886
18403,0.15558058,0.15895233
18404,0.65256876,0.69693476
18405,0.8247933,0.82739794
18406,0.20223558,0.21873993
18407,0.7253867,0.751827
18408,0.27955452,0.24530283
18409,0.71660686,0.693095
18410,0.63388795,0.5951563
18411,0.18831779,0.1879232
18412,0.07649941,0.069307245
18413,0.19863309,0.111298904
18414,0.26876333,0.331071
18415,0.0267009,0.040812455
18416,0.49511656,0.49838367
18417,0.44202933,0.47240084
18418,0.5925536,0.50448537
18419,0.84921604,0.8284868
18420,0.69777894,0.7344131
18421,0.2644605,0.26767272
18422,0.29626113,0.31468108
18423,0.55184436,0.5092344
18424,0.7131378,0.6978315
18425,0.27879247,0.2735164
18426,0.35123485,0.37180358
18427,0.46253252,0.48473954
18428,0.49159476,0.5089328
18429,0.39993364,0.4294514
18430,0.0033584214,0.050465144
18431,0.4483774,0.4086519
18432,0.5458186,0.47916383
18433,0.6160196,0.5177834
18434,0.47258198,0.43265468
18435,0.25054353,0.25885016
18436,0.122048825,0.1631468
18437,0.15764208,0.1295728
18438,0.9630794,0.9826223
18439,0.21021141,0.22982939
18440,0.2867928,0.29849324
18441,0.1529455,0.2552962
18442,0.7504252,0.7928199
18443,0.97394687,0.98777366
18444,0.6466319,0.6700624
18445,0.9121247,0.96530783
18446,0.4468896,0.4617276
18447,0.51562726,0.4922434
18448,0.7605362,0.76906985
18449,0.4968319,0.48447478
18450,0.31647158,0.30653563
18451,0.6756033,0.6492449
18452,0.9585988,0.9592743
18453,0.082277596,0.38226566
18454,0.37173375,0.37166652
18455,0.93674374,0.9678249
18456,0.34643632,0.3845745
18457,0.971329,0.9940901
18458,0.8886915,0.88448274
18459,0.8996918,0.91427314
18460,0.7030949,0.6910617
18461,0.530841,0.51788276
18462,0.28518012,0.28805786
18463,0.7946777,0.7836919
18464,0.16784383,0.21053372
18465,0.6589706,0.68767965
18466,0.51644355,0.53153914
18467,0.2007585,0.20633312
18468,0.34881693,0.426273
18469,0.7349808,0.72927105
18470,0.5973991,0.6279277
18471,0.29768834,0.33406797
18472,0.0017443884,0.12796436
18473,0.82025295,0.80813944
18474,0.0003977351,0.1003453
18475,0.63599527,0.6446509
18476,0.9438369,0.98503685
18477,0.03283516,0.06884083
18478,0.49472496,0.5070033
18479,0.8978548,0.88909477
18480,0.15366557,0.13040042
18481,0.29133368,0.25502127
18482,0.9028993,0.9070907
18483,0.6941474,0.6953527
18484,0.6886075,0.48778218
18485,0.5946361,0.6159624
18486,0.09397453,0.06524478
18487,0.042478595,0.037406158
18488,0.15687619,0.17911123
18489,0.32023248,0.19646655
18490,0.27088818,0.2727173
18491,0.64317566,0.6693812
18492,0.1091828,0.11685239
18493,0.30921257,0.30165207
18494,0.13000672,0.102163345
18495,0.31946793,0.30703735
18496,0.33843777,0.38859606
18497,0.83713645,0.84838724
18498,0.48473912,0.4723649
18499,0.53453165,0.5427101
18500,0.4807039,0.49035048
18501,0.21418916,0.22687839
18502,0.5704817,0.49154276
18503,0.7435666,0.75405884
18504,0.36658278,0.41874117
18505,0.14625767,0.24081826
18506,0.6341372,0.63865244
18507,0.37216654,0.38114893
18508,0.07141594,0.059026908
18509,0.6527431,0.66011614
18510,0.84156394,0.81059664
18511,0.20106629,0.24513443
18512,0.11735082,0.11635353
18513,0.39899096,0.688928
18514,0.28849876,0.27316314
18515,0.5780717,0.6101388
18516,0.3522964,0.32366896
18517,0.67158794,0.7003143
18518,0.51463014,0.5149784
18519,0.11919348,0.1385169
18520,0.010724528,0.033145234
18521,0.42913404,0.44833982
18522,0.8487223,0.8814612
18523,0.331824,0.33186662
18524,0.6331572,0.6718489
18525,0.25333947,0.2937603
18526,0.7458646,0.7909512
18527,0.6186701,0.63434905
18528,0.09456798,0.15480919
18529,0.4065335,0.40606964
18530,0.12405754,0.15576215
18531,0.79794616,0.7711182
18532,0.77258587,0.8219828
18533,0.46068898,0.45260435
18534,0.5294869,0.53849703
18535,0.09652659,0.13247721
18536,0.8481674,0.81404704
18537,0.51900965,0.52785516
18538,0.50567657,0.5381342
18539,0.36159214,0.34521002
18540,0.6124226,0.6073761
18541,0.51268166,0.5068584
18542,0.2695819,0.3223976
18543,0.1361102,0.17258374
18544,0.82835656,0.8363018
18545,0.87054545,0.93919295
18546,0.86214143,0.8792221
18547,0.42195913,0.4293002
18548,0.79514736,0.7892344
18549,0.9349332,0.92543936
18550,0.6093874,0.597183
18551,0.15064001,0.13288538
18552,0.054355316,0.007471867
18553,0.4318773,0.39669815
18554,0.4133819,0.4036285
18555,0.5553331,0.5483663
18556,0.98375267,0.97420126
18557,0.69215626,0.71617675
18558,0.7642559,0.77096105
18559,0.9058727,0.89506394
18560,0.3844482,0.38136804
18561,0.53868705,0.4982468
18562,0.4105021,0.39322484
18563,0.08922835,0.07113011
18564,0.17202349,0.17538911
18565,0.8356677,0.8267225
18566,0.7764883,0.7942066
18567,0.8087663,0.7708307
18568,0.56212264,0.4995824
18569,0.4785646,0.44276065
18570,0.7639266,0.7928671
18571,0.3876059,0.3960421
18572,0.3931234,0.35686514
18573,0.90986323,0.90259624
18574,0.97800833,0.99754053
18575,0.7086802,0.6809849
18576,0.5612764,0.5229687
18577,0.55226594,0.6136846
18578,0.79286844,0.7711712
18579,0.33378983,0.3249493
18580,0.37470216,0.346769
18581,0.64020276,0.5751605
18582,0.54962367,0.50929695
18583,0.23636454,0.28806874
18584,0.37373817,0.37247658
18585,0.45816958,0.43126032
18586,0.51327854,0.49394804
18587,0.61629695,0.6228378
18588,0.7868375,0.83263195
18589,0.6131486,0.6053642
18590,0.26866645,0.23933987
18591,0.7750596,0.726633
18592,0.7114762,0.68694115
18593,0.2912894,0.28234452
18594,0.9366185,0.9714483
18595,0.97210026,0.94200385
18596,0.3371148,0.36117685
18597,0.10355074,0.13522397
18598,0.24226241,0.21515386
18599,0.89594483,0.9538106
18600,0.7802605,0.79576975
18601,0.48576656,0.46439093
18602,0.52437955,0.4546517
18603,0.5601848,0.5200378
18604,0.4814177,0.4361202
18605,0.5459198,0.4873436
18606,0.56350285,0.5208035
18607,0.23016858,0.2026083
18608,0.0991557,0.08073942
18609,0.55080545,0.5668834
18610,0.17312,0.18688108
18611,0.24007179,0.15644677
18612,0.082517855,0.077280775
18613,0.39652303,0.35037085
18614,0.99477756,1.0156391
18615,0.41618294,0.40834707
18616,0.57497084,0.46375763
18617,0.8263613,0.7078317
18618,0.7139733,0.7210885
18619,0.9675081,0.9444108
18620,0.47040462,0.4567275
18621,0.13232772,0.15690279
18622,0.7075861,0.73568636
18623,0.8076961,0.7685994
18624,0.43118426,0.44786853
18625,0.46689004,0.4456885
18626,0.17302273,0.18845034
18627,0.4250006,0.38722372
18628,0.2931642,0.29094765
18629,0.60701334,0.5808859
18630,0.64563173,0.61835116
18631,0.50147563,0.47706148
18632,0.28187004,0.2823648
18633,0.2135723,0.2184132
18634,0.099230655,0.041147858
18635,0.29443341,0.2707371
18636,0.15587467,0.18312635
18637,0.8069357,0.7915629
18638,0.03185057,0.13960755
18639,0.3150946,0.3241908
18640,0.92801994,0.93982255
18641,0.22842628,0.28782758
18642,0.13122232,0.044489413
18643,0.034733776,0.042179212
18644,0.5959383,0.59711355
18645,0.28499734,0.24448168
18646,0.29067135,0.36403835
18647,0.35640162,0.48334837
18648,0.085344106,0.03267418
18649,0.82029766,0.8281871
18650,0.69655126,0.7318802
18651,0.020187223,-0.030921573
18652,0.6830153,0.7134845
18653,0.62815154,0.63250947
18654,0.08551473,0.07765823
18655,0.25995308,0.32113644
18656,0.4208162,0.35509586
18657,0.46107003,0.44721878
18658,0.5560399,0.58824146
18659,0.10681721,0.04032909
18660,0.4662489,0.47963095
18661,0.47515607,0.40445268
18662,0.8214298,0.7957605
18663,0.49288487,0.4914321
18664,0.07800334,0.104096115
18665,0.8039524,0.7964834
18666,0.21680233,0.20798104
18667,0.51644796,0.45321667
18668,0.18928371,0.16656789
18669,0.10975909,0.08941666
18670,0.23193526,0.2257399
18671,0.7069516,0.6774572
18672,0.6600354,0.58932453
18673,0.58369935,0.541564
18674,0.61376435,0.58458084
18675,0.43053126,0.43667412
18676,0.24457996,0.3387472
18677,0.11710781,0.1125973
18678,0.1480309,0.11696885
18679,0.83277166,0.8057672
18680,0.15846376,0.18539722
18681,0.38294592,0.38804376
18682,0.5875469,0.49239972
18683,0.20046516,0.18967834
18684,0.45857123,0.43465513
18685,0.6380956,0.6614599
18686,0.7061081,0.6418608
18687,0.75138706,0.724658
18688,0.9096415,0.9867969
18689,0.20788227,0.2065248
18690,0.74381906,0.73147476
18691,0.26972196,0.25334594
18692,0.20808332,0.24676867
18693,0.8252585,0.79434186
18694,0.812735,0.80856323
18695,0.42152593,0.42964047
18696,0.16245444,0.14433494
18697,0.48055977,0.49111286
18698,0.5184596,0.55941266
18699,0.036386017,0.06591985
18700,0.60195005,0.5653217
18701,0.6508769,0.5931322
18702,0.6652188,0.66726625
18703,0.14448527,0.2726256
18704,0.76346815,0.79157144
18705,0.014150883,0.07089147
18706,0.17675053,0.18190843
18707,0.30818945,0.4071301
18708,0.8642451,0.8469381
18709,0.15264139,0.1459214
18710,0.687358,0.6424353
18711,0.12583576,0.11370312
18712,0.74904937,0.72067845
18713,0.7995041,0.80597866
18714,0.5598402,0.53044266
18715,0.21230663,0.31804097
18716,0.83250004,0.839223
18717,0.20879437,0.21892099
18718,0.77490443,0.7801769
18719,0.56827444,0.54348356
18720,0.012947461,0.07248412
18721,0.39801958,0.38152435
18722,0.044130623,0.05106106
18723,0.26554483,0.3327622
18724,0.24750854,0.26796767
18725,0.34417078,0.35718232
18726,0.6109998,0.62004846
18727,0.56552655,0.49396005
18728,0.64282835,0.6010219
18729,0.30047643,0.3061495
18730,0.24376719,0.2432782
18731,0.31168592,0.2768319
18732,0.5328131,0.52964634
18733,0.65073586,0.60540354
18734,0.15675126,0.16750245
18735,0.07454224,0.098355785
18736,0.6789202,0.6616781
18737,0.3191126,0.32773408
18738,0.23777854,0.29806656
18739,0.8961811,0.87486255
18740,0.5060056,0.53953815
18741,0.098666646,0.08452399
18742,0.10665222,0.09197308
18743,0.83373487,0.8043258
18744,0.9375505,0.9448678
18745,0.4967579,0.49615702
18746,0.4569126,0.52480567
18747,0.5781119,0.5125083
18748,0.5111619,0.54135746
18749,0.94395614,1.0056994
18750,0.03102414,0.058332603
18751,0.8990132,0.9536835
18752,0.9825667,0.898255
18753,0.052471947,0.10323243
18754,0.15583031,0.15187229
18755,0.58756167,0.59431994
18756,0.5912158,0.5427796
18757,0.20474534,0.25721562
18758,0.35208118,0.3747693
18759,0.79414886,0.8205319
18760,0.31999943,0.34959233
18761,0.02869145,0.14398469
18762,0.78001624,0.7750979
18763,0.7061704,0.7226721
18764,0.22859983,0.2615712
18765,0.90607065,0.9313906
18766,0.8883791,0.9340957
18767,0.17016782,0.1431211
18768,0.5299411,0.50414115
18769,0.78135633,0.7741154
18770,0.7945201,0.7709052
18771,0.49580836,0.5114124
18772,0.0847938,0.11651726
18773,0.11653001,0.15960103
18774,0.23008421,0.25847182
18775,0.6150105,0.6236393
18776,0.10211101,0.091595635
18777,0.3675863,0.42336482
18778,0.06957595,0.032888234
18779,0.8856743,0.93423796
18780,0.054832947,0.04780869
18781,0.8998728,0.93500495
18782,0.56215394,0.48967427
18783,0.7388327,0.75062394
18784,0.6414743,0.6180918
18785,0.6031274,0.6809294
18786,0.23397508,0.25962675
18787,0.273636,0.3084792
18788,0.73366743,0.68034595
18789,0.90523386,0.9424606
18790,0.9609408,0.94731337
18791,0.7466598,0.73789084
18792,0.126714,0.12653075
18793,0.30929664,0.2724858
18794,0.2747142,0.30083054
18795,0.43197984,0.4547819
18796,0.1440478,0.11782669
18797,0.8710768,0.86482286
18798,0.21804908,0.1917306
18799,0.4747687,0.4527995
18800,0.029734952,0.068067774
18801,0.35125476,0.34857064
18802,0.13103053,0.14420304
18803,0.4950676,0.5118178
18804,0.7924132,0.7841652
18805,0.5972699,0.593905
18806,0.93143713,0.9573415
18807,0.5557372,0.5361847
18808,0.753346,0.72827655
18809,0.16561377,0.16253017
18810,0.20461006,0.22665483
18811,0.925074,0.97300243
18812,0.6636351,0.6720008
18813,0.3621797,0.40478292
18814,0.5230443,0.4929226
18815,0.30992103,0.2619931
18816,0.38695008,0.38538933
18817,0.095728524,0.12914446
18818,0.5350331,0.5095401
18819,0.21256584,0.23964493
18820,0.1789329,0.10382511
18821,0.44257,0.43982732
18822,0.20347628,0.28278497
18823,0.025205301,0.016331632
18824,0.27763987,0.27996033
18825,0.010676309,0.05231758
18826,0.09548881,0.12333973
18827,0.5718475,0.5765712
18828,0.006835932,-0.011125844
18829,0.36991885,0.36686748
18830,0.110831976,0.12625468
18831,0.24375814,0.20395051
18832,0.71895534,0.6592181
18833,0.8424871,0.8585722
18834,0.0683406,0.083082885
18835,0.6370029,0.6444244
18836,0.53404397,0.549382
18837,0.8068528,0.821028
18838,0.9839571,0.9533247
18839,0.6099131,0.49776462
18840,0.9622305,0.9190327
18841,0.20093644,0.24602535
18842,0.17411964,0.24768798
18843,0.5925631,0.60134846
18844,0.5943258,0.5410046
18845,0.7557277,0.7562039
18846,0.72950137,0.73119783
18847,0.2654408,0.26804996
18848,0.21653442,0.25611162
18849,0.6396896,0.6368086
18850,0.9755967,0.96332717
18851,0.32447028,0.35491508
18852,0.945205,0.9011678
18853,0.54359007,0.5305152
18854,0.8066533,0.8073321
18855,0.28758895,0.2918831
18856,0.8871909,0.89141953
18857,0.35487312,0.32246393
18858,0.99100995,1.032901
18859,0.16927399,0.14528506
18860,0.6300713,0.5792192
18861,0.14583603,0.16832577
18862,0.452942,0.44930974
18863,0.58112556,0.5239804
18864,0.44959792,0.47634962
18865,0.44282755,0.45052207
18866,0.61756825,0.5809424
18867,0.80462897,0.80719745
18868,0.88988113,0.88562024
18869,0.89268017,0.94166386
18870,0.0157921,0.021753866
18871,0.18069048,0.123792276
18872,0.7912649,0.8476876
18873,0.9943271,0.93741804
18874,0.5304779,0.59514344
18875,0.38650164,0.38952583
18876,0.36557442,0.38214463
18877,0.976902,0.97745776
18878,0.5454809,0.54009855
18879,0.6042212,0.61253434
18880,0.58002317,0.5915874
18881,0.1794843,0.06654456
18882,0.7305531,0.716017
18883,0.22333376,0.294343
18884,0.019591574,0.057792824
18885,0.81737286,0.8525604
18886,0.10073378,0.18870352
18887,0.2081091,0.2357674
18888,0.24915819,0.20565794
18889,0.41395196,0.41931286
18890,0.65637004,0.6181073
18891,0.7945275,0.7921123
18892,0.5481594,0.55854505
18893,0.59565765,0.61482084
18894,0.00758313,0.1424956
18895,0.7030621,0.70998603
18896,0.79503846,0.7865147
18897,0.26350588,0.25767586
18898,0.35363206,0.36861193
18899,0.1292937,0.16647041
18900,0.2914966,0.2914293
18901,0.24617666,0.2700639
18902,0.3798217,0.40452743
18903,0.84479207,0.9362803
18904,0.74998426,0.7190016
18905,0.7077594,0.71429306
18906,0.11847781,0.09865742
18907,0.47083744,0.455096
18908,0.17420088,0.14300182
18909,0.038386714,-0.011923449
18910,0.5386081,0.5058496
18911,0.84402716,0.8355968
18912,0.6120815,0.67305744
18913,0.34382427,0.38766536
18914,0.31333107,0.33299568
18915,0.4907609,0.42956275
18916,0.50260925,0.5206502
18917,0.07495614,0.07353774
18918,0.20835705,0.18621911
18919,0.12740372,0.1489066
18920,0.3837433,0.334495
18921,0.58404934,0.58516985
18922,0.58674335,0.52289116
18923,0.6600412,0.6520765
18924,0.73321223,0.79536736
18925,0.73005664,0.7344811
18926,0.19251685,0.22668684
18927,0.74744225,0.7522845
18928,0.2974497,0.29906726
18929,0.1485432,0.19012786
18930,0.23280509,0.31703827
18931,0.7872585,0.8145119
18932,0.47803244,0.48121464
18933,0.21570574,0.18231824
18934,0.33990765,0.3680305
18935,0.6342516,0.60418105
18936,0.84519833,0.88547134
18937,0.81794906,0.80376244
18938,0.2639262,0.24377501
18939,0.30543736,0.31210056
18940,0.8999996,0.8870057
18941,0.20589404,0.1393184
18942,0.4733327,0.48775187
18943,0.72025996,0.59608203
18944,0.15728407,0.19575708
18945,0.017636988,0.08263107
18946,0.61841977,0.6481246
18947,0.03293644,0.052733544
18948,0.6254499,0.645991
18949,0.47651845,0.42636314
18950,0.36356685,0.334639
18951,0.3533377,0.3471297
18952,0.328761,0.3800626
18953,0.12387869,0.105587855
18954,0.6650807,0.6293372
18955,0.094820626,0.028219294
18956,0.06783413,0.08729148
18957,0.113067344,0.15718888
18958,0.5944139,0.57802206
18959,0.2806599,0.2908559
18960,0.90455323,0.9946365
18961,0.3259546,0.36382982
18962,0.045142204,0.031917047
18963,0.063625515,0.055734884
18964,0.37155613,0.37493834
18965,0.27760088,0.2687682
18966,0.078884,0.1332231
18967,0.33675486,0.35626352
18968,0.6861627,0.6514954
18969,0.49050826,0.44162005
18970,0.16795129,0.18257864
18971,0.04559938,0.04153372
18972,0.15971309,0.09790179
18973,0.5874035,0.50753677
18974,0.8591305,0.8740453
18975,0.44190022,0.39574274
18976,0.605564,0.6423762
18977,0.9480221,0.93663794
18978,0.053377405,0.04901133
18979,0.3744758,0.38643095
18980,0.08562861,0.099543825
18981,0.13716166,0.15847278
18982,0.8806826,0.88497627
18983,0.018098298,0.100800276
18984,0.5008231,0.50989556
18985,0.3772002,0.4049583
18986,0.5035076,0.49181342
18987,0.2890946,0.27910802
18988,0.562999,0.53832936
18989,0.32544866,0.3639592
18990,0.4419618,0.42351773
18991,0.8804519,0.8732138
18992,0.19849792,0.24187063
18993,0.15302815,0.17510568
18994,0.77676755,0.7214861
18995,0.44053447,0.4197668
18996,0.6653392,0.5813261
18997,0.6418847,0.642936
18998,0.46809188,0.47952193
18999,0.33527902,0.34078193
19000,0.93210447,0.97596544
19001,0.9679034,0.96236396
19002,0.7507717,0.7496476
19003,0.7556269,0.7593894
19004,0.1986866,0.34659174
19005,0.9497913,0.9825633
19006,0.42669842,0.38616058
19007,0.59101367,0.6219571
19008,0.6200788,0.6617728
19009,0.9466474,0.97640246
19010,0.6648897,0.68162805
19011,0.046535254,0.1490623
19012,0.94376254,0.92737657
19013,0.43335748,0.42127886
19014,0.46213377,0.4861201
19015,0.32343796,0.36258405
19016,0.6434081,0.65214175
19017,0.27924764,0.305247
19018,0.5111103,0.51807094
19019,0.72032654,0.68365544
19020,0.63203806,0.62850004
19021,0.4777791,0.49112815
19022,0.66308695,0.6716998
19023,0.7528679,0.76208985
19024,0.6627569,0.61886185
19025,0.74790865,0.7115294
19026,0.55116487,0.53954965
19027,0.53899014,0.514924
19028,0.029964695,0.06290825
19029,0.9923837,1.0309882
19030,0.26293933,0.3030997
19031,0.8635984,0.8682365
19032,0.5188797,0.4771707
19033,0.42203227,0.39574426
19034,0.7940745,0.84093666
19035,0.7947787,0.7970855
19036,0.4137494,0.3882143
19037,0.82216835,0.71542585
19038,0.79673344,0.7924635
19039,0.288365,0.28406215
19040,0.7518079,0.75819796
19041,0.87592757,0.815806
19042,0.41704723,0.43542695
19043,0.43814093,0.26759756
19044,0.19747816,0.2459645
19045,0.9994063,1.0401124
19046,0.7057226,0.6775996
19047,0.2544388,0.26208097
19048,0.31070074,0.30129308
19049,0.26282886,0.21745922
19050,0.1170728,0.16768965
19051,0.34146348,0.3602997
19052,0.71457887,0.7219711
19053,0.1807395,0.19431862
19054,0.07688302,0.04741144
19055,0.7234321,0.7714725
19056,0.28941166,0.2962553
19057,0.5546073,0.50935966
19058,0.23306625,0.42415845
19059,0.99396026,1.0012407
19060,0.8316566,0.8915241
19061,0.59539205,0.5921473
19062,0.00019305602,0.0069395155
19063,0.387524,0.40254003
19064,0.6982792,0.72449374
19065,0.7204874,0.7213432
19066,0.56295615,0.575702
19067,0.61494625,0.59872943
19068,0.009533969,0.0764797
19069,0.65849906,0.6896065
19070,0.26145783,0.26227078
19071,0.46028662,0.4752792
19072,0.24316722,0.24576774
19073,0.58344775,0.6195826
19074,0.4100173,0.44739842
19075,0.20168392,0.17056555
19076,0.266032,0.31523532
19077,0.37126353,0.29320538
19078,0.15569949,0.20435227
19079,0.67841965,0.6379657
19080,0.0480283,0.00915112
19081,0.48458868,0.38781932
19082,0.981148,0.9413897
19083,0.15261428,0.17027055
19084,0.33570078,0.33456844
19085,0.6749992,0.6491887
19086,0.97071356,0.93361837
19087,0.41373348,0.41391146
19088,0.7307571,0.73632294
19089,0.09929476,0.11626576
19090,0.6219213,0.5393101
19091,0.26003408,0.29488754
19092,0.45078656,0.47413456
19093,0.30384308,0.2639577
19094,0.15195283,0.14001065
19095,0.014547164,0.05304529
19096,0.39108786,0.38896742
19097,0.13760363,0.21073733
19098,0.21789348,0.3165516
19099,0.91732466,0.93471664
19100,0.086969644,0.10175452
19101,0.5723012,0.5566375
19102,0.7202111,0.6899322
19103,0.6385914,0.6739317
19104,0.17121932,0.13782093
19105,0.6191763,0.60299087
19106,0.95761037,0.9298765
19107,0.23583136,0.27577838
19108,0.28406867,0.2493608
19109,0.4469637,0.44810858
19110,0.09100093,0.050632127
19111,0.77510864,0.69449675
19112,0.22220862,0.20199223
19113,0.6308639,0.6133358
19114,0.9375683,0.8880127
19115,0.56338686,0.4920892
19116,0.22713871,0.31335336
19117,0.5255019,0.493697
19118,0.09877767,0.117592946
19119,0.23737484,0.2291787
19120,0.71317816,0.7158665
19121,0.42290133,0.4246171
19122,0.49732003,0.5201744
19123,0.6536364,0.6551753
19124,0.6229065,0.66170126
19125,0.9529751,0.96886265
19126,0.45776546,0.44704306
19127,0.9710992,0.96395385
19128,0.3696931,0.3662145
19129,0.7244458,0.649325
19130,0.9830528,1.0518408
19131,0.9607859,0.9911454
19132,0.25428393,0.2402883
19133,0.5600307,0.53838927
19134,0.027621372,0.001356218
19135,0.83621204,0.80128837
19136,0.49362648,0.5014108
19137,0.9480964,0.9669224
19138,0.95292497,0.94609404
19139,0.5635067,0.56099236
19140,0.19983032,0.24976099
19141,0.5636674,0.54214615
19142,0.4294942,0.4546878
19143,0.37057012,0.3140695
19144,0.55771184,0.51544553
19145,0.36019963,0.4279698
19146,0.89756626,0.77234185
19147,0.28508043,0.29321268
19148,0.19650923,0.1867317
19149,0.010264004,0.067108974
19150,0.75247186,0.7537584
19151,0.7950609,0.739284
19152,0.18805705,0.25029182
19153,0.40179124,0.377059
19154,0.090164006,0.2524974
19155,0.5363333,0.5096638
19156,0.3074742,0.34964037
19157,0.10513004,0.12727237
19158,0.27339503,0.25318846
19159,0.7281243,0.77649415
19160,0.84558326,0.8535398
19161,0.7155734,0.6545026
19162,0.53331774,0.51489854
19163,0.012315609,0.02019195
19164,0.15450048,0.15024972
19165,0.3347781,0.2761489
19166,0.1380193,0.18833211
19167,0.83273745,0.84585524
19168,0.96818846,0.9476168
19169,0.010938462,0.019029899
19170,0.2832907,0.24882627
19171,0.58624166,0.56302506
19172,0.91611433,0.94262207
19173,0.13697974,0.057176575
19174,0.1609377,0.1791416
19175,0.03463597,0.06336798
19176,0.6064748,0.58022034
19177,0.07388261,-0.027801568
19178,0.43316165,0.44467282
19179,0.877517,0.85572124
19180,0.38155338,0.35773647
19181,0.21690103,0.17708519
19182,0.7681576,0.7750087
19183,0.6185724,0.6080825
19184,0.78436494,0.7298308
19185,0.5515623,0.5311898
19186,0.5647606,0.5251223
19187,0.41389507,0.44219795
19188,0.11613211,0.07731222
19189,0.79355884,0.8515204
19190,0.33833745,0.28559995
19191,0.54590666,0.43567958
19192,0.0780562,0.12115966
19193,0.60556525,0.5683202
19194,0.83499664,0.84678537
19195,0.7123755,0.7015846
19196,0.61825097,0.6442912
19197,0.49102175,0.52815306
19198,0.3788738,0.3603008
19199,0.3240892,0.3183841
19200,0.18403828,0.10500561
19201,0.23575471,0.19736706
19202,0.7309424,0.69010806
19203,0.7778987,0.8253299
19204,0.30871776,0.31222564
19205,0.48034757,0.45652857
19206,0.4122404,0.3839222
19207,0.9388996,0.9069463
19208,0.9934097,1.0030847
19209,0.14023295,0.20996173
19210,0.9498122,1.0047355
19211,0.812868,0.79748446
19212,0.27381906,0.31168908
19213,0.83560365,0.8421271
19214,0.33721823,0.32944354
19215,0.035049994,0.028787356
19216,0.66862047,0.6370489
19217,0.68270475,0.6780552
19218,0.42906523,0.4250643
19219,0.5575455,0.56497574
19220,0.49584153,0.4925188
19221,0.43154624,0.38711318
19222,0.6405834,0.5901665
19223,0.593214,0.6176253
19224,0.9132209,0.9121625
19225,0.25606364,0.26920867
19226,0.60441256,0.59338146
19227,0.814043,0.8108239
19228,0.47955477,0.48171523
19229,0.11512789,0.057743352
19230,0.20851126,0.25083083
19231,0.9673225,0.9440021
19232,0.6701267,0.68943727
19233,0.9505898,0.9911644
19234,0.034606677,0.067799866
19235,0.3467826,0.3528133
19236,0.58969843,0.50508845
19237,0.3407103,0.33669862
19238,0.72057086,0.6833437
19239,0.22080593,0.2731617
19240,0.4168507,0.40532115
19241,0.8964591,0.9073994
19242,0.8636388,0.8941281
19243,0.45256913,0.46612102
19244,0.866308,0.87751144
19245,0.6109487,0.5961817
19246,0.98064095,0.9193379
19247,0.73189193,0.69928104
19248,0.83162874,0.8168
19249,0.35704365,0.20089538
19250,0.085524745,0.11731921
19251,0.6513442,0.626453
19252,0.1274631,0.10666609
19253,0.03859306,0.073058024
19254,0.28281587,0.29063302
19255,0.41560835,0.38812685
19256,0.78856874,0.8035541
19257,0.9583251,0.9703179
19258,0.03661157,0.013973381
19259,0.7199036,0.7263019
19260,0.95288014,0.9241996
19261,0.20115526,0.22116326
19262,0.0453716,0.2016135
19263,0.57168126,0.5126503
19264,0.6322374,0.59314346
19265,0.5941435,0.59906936
19266,0.79561496,0.73573875
19267,0.31749105,0.35606977
19268,0.3411715,0.34559515
19269,0.8541508,0.8353797
19270,0.20846549,0.1869271
19271,0.786509,0.82439667
19272,0.6633358,0.60644126
19273,0.2867667,0.3233176
19274,0.5465399,0.5543043
19275,0.8481529,0.84170437
19276,0.5570831,0.5556644
19277,0.81739825,0.77412045
19278,0.12359946,0.31220567
19279,0.17692615,0.13785416
19280,0.49000162,0.5098882
19281,0.41794118,0.42049038
19282,0.51302135,0.55364686
19283,0.52223706,0.5024721
19284,0.6722973,0.6483376
19285,0.1476274,0.19418909
19286,0.055665113,0.102338985
19287,0.79536253,0.8130602
19288,0.6905168,0.69531304
19289,0.6329842,0.6352519
19290,0.731861,0.7306239
19291,0.7379476,0.7717132
19292,0.60497284,0.618435
19293,0.47410867,0.48924005
19294,0.5832159,0.61927915
19295,0.4718984,0.46442282
19296,0.64529175,0.6706206
19297,0.54086274,0.5049336
19298,0.36576504,0.36942393
19299,0.6945565,0.7378658
19300,0.10878439,0.11990099
19301,0.4766981,0.4673534
19302,0.6957445,0.6393334
19303,0.6702391,0.6741809
19304,0.6206437,0.6429437
19305,0.27873138,0.26597005
19306,0.94693094,0.9863998
19307,0.7799949,0.80637723
19308,0.7478789,0.78329736
19309,0.8174305,0.83063275
19310,0.037341528,0.051271483
19311,0.8181072,0.815513
19312,0.21862993,0.2648464
19313,0.4903238,0.47985238
19314,0.08824875,0.074153975
19315,0.2753341,0.27478266
19316,0.4837003,0.45162106
19317,0.33417398,0.34627903
19318,0.71484804,0.6654266
19319,0.05132294,0.08494367
19320,0.11479519,0.11695696
19321,0.7241756,0.7574062
19322,0.7341684,0.7980315
19323,0.40402725,0.32420826
19324,0.85655147,0.87273186
19325,0.86172336,0.8277425
19326,0.31493363,0.38723356
19327,0.3217024,0.28807342
19328,0.13529025,0.26495022
19329,0.555477,0.44343662
19330,0.65026486,0.6420692
19331,0.57073754,0.5126884
19332,0.22304729,0.24405123
19333,0.59991896,0.61348
19334,0.48680133,0.41930372
19335,0.049738053,0.10791686
19336,0.20729457,0.19764647
19337,0.82365644,0.7835124
19338,0.7024877,0.6830993
19339,0.0066041853,0.060197596
19340,0.40836018,0.38179097
19341,0.8181219,0.80259055
19342,0.23621657,0.25680435
19343,0.7484895,0.71892756
19344,0.8095794,0.81275374
19345,0.29620054,0.28277978
19346,0.05586541,0.05802879
19347,0.85250115,0.90845466
19348,0.35526377,0.33539653
19349,0.8114032,0.8382999
19350,0.29443786,0.32216385
19351,0.7573022,0.73037446
19352,0.022864154,0.04653826
19353,0.5016928,0.5196326
19354,0.93803895,0.91721934
19355,0.36600602,0.3195173
19356,0.21350375,0.20426665
19357,0.89472973,0.8380347
19358,0.099480174,0.083082154
19359,0.33496052,0.34179348
19360,0.86238265,0.8365179
19361,0.9805418,0.95799226
19362,0.6472715,0.62392807
19363,0.8501291,0.85402596
19364,0.41767082,0.37688172
19365,0.5668789,0.52084464
19366,0.12616044,0.0858576
19367,0.78004193,0.7519704
19368,0.8889627,0.87612915
19369,0.93202794,0.9206059
19370,0.6049704,0.5513683
19371,0.8959726,0.8830525
19372,0.96378976,0.96006906
19373,0.44959092,0.43748572
19374,0.32881752,0.320453
19375,0.23896426,0.23929164
19376,0.4664269,0.44519114
19377,0.5203402,0.485771
19378,0.11413201,0.12478547
19379,0.3934852,0.40300453
19380,0.12762001,0.114751264
19381,0.946137,0.946731
19382,0.9649241,0.9411408
19383,0.8380655,0.81027836
19384,0.26426107,0.25405422
19385,0.6035802,0.56688774
19386,0.9853117,0.9741487
19387,0.36145657,0.34728646
19388,0.9284439,0.8675361
19389,0.32222888,0.30483544
19390,0.16904697,0.1444702
19391,0.4871985,0.46512923
19392,0.89400667,0.9237881
19393,0.3741475,0.37128142
19394,0.37587416,0.32165015
19395,0.35645133,0.35421574
19396,0.56178427,0.51416266
19397,0.7619301,0.7721377
19398,0.61524224,0.6260996
19399,0.22971626,0.21169238
19400,0.954767,0.95811105
19401,0.8351636,0.8957361
19402,0.792369,0.7478728
19403,0.57484496,0.5435377
19404,0.38706607,0.32935128
19405,0.3243799,0.31834066
19406,0.5963297,0.5615394
19407,0.8684815,0.8236358
19408,0.70197517,0.634869
19409,0.5323411,0.549222
19410,0.48108217,0.44257498
19411,0.5841146,0.58442944
19412,0.41334826,0.37572926
19413,0.6610221,0.64616966
19414,0.06337353,0.11859435
19415,0.85511005,0.8610175
19416,0.09275567,0.16055445
19417,0.74106836,0.80724937
19418,0.32055905,0.29007688
19419,0.6388076,0.6035358
19420,0.25019106,0.23167363
19421,0.24407992,0.24545395
19422,0.48608682,0.4824748
19423,0.5631949,0.523896
19424,0.75124574,0.78509444
19425,0.2720111,0.2944591
19426,0.8708544,0.8350657
19427,0.5439599,0.49830443
19428,0.14973798,0.2936531
19429,0.1719194,0.19024505
19430,0.99494296,0.96735543
19431,0.89390147,0.868953
19432,0.97230613,0.9783727
19433,0.35528368,0.36499596
19434,0.6170193,0.5527189
19435,0.8930093,0.90418375
19436,0.6947045,0.66710174
19437,0.44612765,0.44933435
19438,0.45079535,0.48334405
19439,0.028624881,0.021908296
19440,0.7383128,0.7559019
19441,0.41569883,0.40035903
19442,0.20294385,0.21792723
19443,0.80112475,0.8183806
19444,0.38460228,0.38464335
19445,0.67775255,0.6752232
19446,0.1311546,0.10615456
19447,0.508854,0.4935224
19448,0.3577376,0.30665654
19449,0.7213508,0.6826359
19450,0.2082149,0.19011115
19451,0.5786986,0.54752433
19452,0.8721582,0.8575073
19453,0.53091675,0.5233347
19454,0.7742881,0.72309995
19455,0.8281332,0.80985504
19456,0.9917953,0.9301653
19457,0.38770086,0.37570968
19458,0.9932108,1.0118338
19459,0.43094254,0.43146816
19460,0.19006804,0.24620464
19461,0.16665494,0.16691978
19462,0.67249733,0.66095185
19463,0.80970764,0.8287828
19464,0.30778986,0.29523924
19465,0.8192224,0.8093513
19466,0.52660006,0.5231015
19467,0.5235364,0.53982586
19468,0.02970795,0.0642536
19469,0.37201476,0.37282488
19470,0.3227021,0.37581506
19471,0.07202366,0.079625264
19472,0.09584313,0.06336968
19473,0.4726039,0.47480333
19474,0.8330388,0.65444124
19475,0.25013626,0.22247685
19476,0.48782453,0.52636635
19477,0.9291412,0.9690887
19478,0.6549618,0.563468
19479,0.821838,0.8139011
19480,0.9677793,0.9684048
19481,0.87204623,0.8777248
19482,0.11667976,0.19617672
19483,0.090885,0.20238478
19484,0.06535207,0.061345395
19485,0.2932375,0.25703576
19486,0.11466711,0.077678084
19487,0.4654775,0.45858732
19488,0.5062112,0.49937227
19489,0.43878725,0.4438932
19490,0.35692355,0.37795874
19491,0.7869068,0.7348368
19492,0.097218014,0.1333992
19493,0.66627955,0.68178374
19494,0.2018025,0.21714737
19495,0.9123523,0.87893
19496,0.24288747,0.32582843
19497,0.8708369,0.8889914
19498,0.7614485,0.6866014
19499,0.66933805,0.6680884
19500,0.172744,0.19049627
19501,0.42851466,0.42414826
19502,0.9559321,0.95851314
19503,0.14859538,0.11402777
19504,0.76222503,0.75709486
19505,0.37401217,0.38818634
19506,0.23743068,0.1556631
19507,0.9701793,0.94453937
19508,0.51215243,0.523565
19509,0.7739157,0.78793424
19510,0.22203182,0.15286775
19511,0.04939943,0.04945491
19512,0.05292633,0.02347764
19513,0.5157874,0.48713043
19514,0.8167297,0.79875267
19515,0.013973415,0.05666293
19516,0.6777115,0.67890346
19517,0.021275014,0.14622076
19518,0.5746508,0.57952565
19519,0.19724523,0.21180964
19520,0.469662,0.49016464
19521,0.21472651,0.21896379
19522,0.97811306,0.9505818
19523,0.8981068,0.9131564
19524,0.9722214,0.97077185
19525,0.38836533,0.38830793
19526,0.45708457,0.46841168
19527,0.91742057,0.8706771
19528,0.037207045,0.008932706
19529,0.8498025,0.897218
19530,0.5331658,0.61912316
19531,0.7337395,0.746323
19532,0.44420078,0.43608764
19533,0.53755194,0.62261254
19534,0.7628813,0.80719924
19535,0.5363363,0.53459567
19536,0.11898738,0.11218406
19537,0.09817254,0.08885257
19538,0.9008778,0.91100854
19539,0.34540632,0.30270833
19540,0.6169407,0.6721758
19541,0.9418257,0.88513875
19542,0.71201974,0.71954155
19543,0.7499283,0.7617468
19544,0.51317704,0.5219672
19545,0.577733,0.56257814
19546,0.29776633,0.34055567
19547,0.6142249,0.6642788
19548,0.006013689,0.052331492
19549,0.27555126,0.27714735
19550,0.34540322,0.50468385
19551,0.41483593,0.451721
19552,0.05954946,0.118477926
19553,0.5795387,0.5781946
19554,0.8946441,0.9260506
19555,0.563458,0.5243424
19556,0.9973256,0.98869914
19557,0.7856041,0.7986128
19558,0.7899553,0.80375415
19559,0.43447697,0.46539515
19560,0.52966225,0.4697525
19561,0.22664319,0.28740972
19562,0.040446497,0.066875026
19563,0.17886385,0.22769018
19564,0.25431597,0.30233622
19565,0.09149411,0.076908946
19566,0.7796818,0.7544022
19567,0.33217242,0.34333813
19568,0.361717,0.36732388
19569,0.4883356,0.5097736
19570,0.13160422,0.19915171
19571,0.14415616,0.09825595
19572,0.117567606,0.19088973
19573,0.026302282,0.04022412
19574,0.4714281,0.44777805
19575,0.9172063,1.0145075
19576,0.22014226,0.34923
19577,0.13889621,0.13626814
19578,0.5301248,0.57644993
19579,0.004608069,0.09269381
19580,0.47374877,0.4835527
19581,0.99042386,0.96465975
19582,0.25433734,0.27142912
19583,0.48621687,0.51868045
19584,0.76303416,0.7402421
19585,0.08426675,0.044114515
19586,0.71972495,0.72819436
19587,0.75075936,0.79148483
19588,0.96002907,0.89405733
19589,0.420634,0.43190104
19590,0.28391725,0.275425
19591,0.23166259,0.22417258
19592,0.32061034,0.42477757
19593,0.7287259,0.6782967
19594,0.93179035,0.9409071
19595,0.66073656,0.62176
19596,0.6052253,0.64479977
19597,0.13428411,0.14669093
19598,0.86306906,0.93348265
19599,0.6281755,0.66012657
19600,0.33325505,0.33794686
19601,0.42605525,0.3410061
19602,0.33341467,0.34739143
19603,0.15905446,0.1309722
19604,0.31071582,0.2957024
19605,0.03313229,0.07788421
19606,0.8570882,0.8564916
19607,0.13674077,0.20797999
19608,0.7267754,0.6816588
19609,0.28654665,0.32081425
19610,0.656686,0.64909506
19611,0.30812564,0.2979702
19612,0.5909266,0.58476764
19613,0.9521407,0.96348965
19614,0.80826586,0.74387735
19615,0.9969837,0.9578826
19616,0.5468142,0.46258277
19617,0.74509615,0.7577619
19618,0.8575388,0.9078581
19619,0.07343026,0.070783004
19620,0.011924287,0.0032359846
19621,0.1956159,0.10857572
19622,0.6426026,0.62654805
19623,0.33521718,0.33060104
19624,0.4124366,0.37359434
19625,0.9286461,0.94148517
19626,0.7945075,0.7791264
19627,0.72772557,0.7116977
19628,0.8932744,0.9364115
19629,0.18061522,0.14974947
19630,0.8274236,0.790922
19631,0.87766176,0.88175374
19632,0.6763427,0.69232374
19633,0.87695426,0.88474977
19634,0.47322038,0.41938648
19635,0.27203405,0.24621952
19636,0.6191797,0.59834015
19637,0.70150524,0.70683086
19638,0.78827834,0.75254077
19639,0.57482374,0.5857415
19640,0.20331469,0.24652101
19641,0.08129754,0.13357851
19642,0.6173587,0.5639834
19643,0.08498564,0.110438645
19644,0.73884135,0.74541926
19645,0.76444775,0.7001035
19646,0.26497442,0.29755613
19647,0.64037496,0.5896931
19648,0.938609,0.8734908
19649,0.57662517,0.60158324
19650,0.37478113,0.38861436
19651,0.96662235,0.9799211
19652,0.4540166,0.4886434
19653,0.10957404,0.19645418
19654,0.43385598,0.38136977
19655,0.8726774,0.908222
19656,0.23088439,0.17376654
19657,0.17538393,0.1656767
19658,0.10807997,0.089062825
19659,0.82597625,0.86693
19660,0.019631626,0.064138636
19661,0.023729544,0.095980644
19662,0.20147479,0.20770541
19663,0.08169701,0.03486065
19664,0.45988593,0.42191836
19665,0.6637993,0.659416
19666,0.2741302,0.28987646
19667,0.76624936,0.7643716
19668,0.53704363,0.5178266
19669,0.3156464,0.31776834
19670,0.56792325,0.5883895
19671,0.6539508,0.6175282
19672,0.6383383,0.58580697
19673,0.263462,0.23219672
19674,0.7757708,0.7892349
19675,0.496517,0.44438428
19676,0.07618584,0.008466197
19677,0.6918691,0.71554375
19678,0.4678962,0.4444498
19679,0.31543627,0.3104739
19680,0.078793086,0.0028072055
19681,0.8654262,0.80970937
19682,0.26379687,0.23996499
19683,0.77421415,0.8440098
19684,0.22640154,0.14571747
19685,0.6836645,0.7512579
19686,0.6160623,0.6046591
19687,0.5292041,0.50209624
19688,0.15276018,0.17991087
19689,0.13209642,0.15707079
19690,0.14846691,0.17319308
19691,0.29545996,0.2796601
19692,0.06245814,0.030477254
19693,0.7359065,0.71576345
19694,0.36673236,0.35196882
19695,0.64759487,0.67222047
19696,0.7806616,0.780653
19697,0.12996988,0.13203977
19698,0.20393842,0.20817214
19699,0.9484826,0.93986446
19700,0.21687989,0.1702177
19701,0.83592457,0.8661455
19702,0.16441777,0.1795446
19703,0.2050246,0.16666898
19704,0.4056714,0.3411336
19705,0.84038115,0.818614
19706,0.17321698,0.17469858
19707,0.5633732,0.4891859
19708,0.42186162,0.4951868
19709,0.61514294,0.5794021
19710,0.2662198,0.24425751
19711,0.40984252,0.4035611
19712,0.06261162,0.07651372
19713,0.8202534,0.8062545
19714,0.017643306,0.029437851
19715,0.079470485,0.04450622
19716,0.9590535,0.95514727
19717,0.9476312,0.97871304
19718,0.13586853,0.1108672
19719,0.79548156,0.80798125
19720,0.4388244,0.48037156
19721,0.8669233,0.870481
19722,0.55348223,0.5120951
19723,0.8203358,0.8581281
19724,0.6022814,0.63480073
19725,0.28634152,0.31500772
19726,0.06053674,0.04615177
19727,0.8271372,0.839903
19728,0.774242,0.7711251
19729,0.53085065,0.51836675
19730,0.5291931,0.5201947
19731,0.844761,0.8755064
19732,0.094566725,0.123021945
19733,0.0954611,0.05882358
19734,0.9650473,0.954773
19735,0.63863474,0.6857183
19736,0.98313046,0.98131746
19737,0.8190666,0.8334082
19738,0.23137154,0.21270546
19739,0.80954164,0.75790155
19740,0.8073594,0.82235914
19741,0.9684667,1.0361023
19742,0.8170202,0.7842841
19743,0.5955235,0.5917212
19744,0.7816878,0.75035095
19745,0.10518564,0.089796424
19746,0.60590786,0.57765937
19747,0.9657806,0.953634
19748,0.5657931,0.57341117
19749,0.96811765,0.974822
19750,0.24040602,0.30446038
19751,0.31483644,0.33427736
19752,0.74160695,0.698208
19753,0.5608075,0.59450936
19754,0.05550717,0.10992299
19755,0.7289618,0.7670357
19756,0.69913703,0.6962431
19757,0.8414975,0.8554386
19758,0.39435607,0.40487903
19759,0.7601993,0.7106285
19760,0.68206096,0.65965635
19761,0.8236005,0.8410465
19762,0.07445623,0.11610423
19763,0.03288371,0.010151278
19764,0.74053854,0.7683566
19765,0.40425387,0.4033775
19766,0.49027422,0.53343904
19767,0.95630676,0.9764203
19768,0.9669713,0.9640094
19769,0.022322355,0.110936046
19770,0.001094219,0.040513363
19771,0.16758037,0.20729293
19772,0.74892616,0.7039922
19773,0.18094169,0.17658637
19774,0.3416451,0.33095863
19775,0.681006,0.6673526
19776,0.83887285,0.8412789
19777,0.946484,0.94858843
19778,0.24387385,0.24303173
19779,0.16942564,0.20838295
19780,0.31945089,0.32967344
19781,0.59829336,0.6566622
19782,0.8313719,0.82510304
19783,0.6884674,0.67095655
19784,0.4796556,0.47934258
19785,0.79546696,0.78602934
19786,0.81421185,0.8521047
19787,0.7306648,0.69339377
19788,0.40022573,0.42597026
19789,0.3958242,0.42487508
19790,0.17233814,0.24707015
19791,0.2142336,0.23709951
19792,0.81455463,0.8054643
19793,0.8568927,0.88119644
19794,0.58699644,0.5770881
19795,0.7632205,0.78373384
19796,0.23055983,0.24385335
19797,0.6358342,0.60966694
19798,0.64290744,0.65646434
19799,0.5942223,0.6008312
19800,0.23619549,0.27017933
19801,0.09878797,0.18989325
19802,0.49134028,0.51580274
19803,0.48351482,0.46923196
19804,0.8740718,0.8837896
19805,0.54669344,0.50423133
19806,0.8715213,0.8866054
19807,0.11670917,0.13624096
19808,0.49487606,0.46262658
19809,0.5784908,0.59347254
19810,0.42045015,0.4323449
19811,0.92924446,0.99024683
19812,0.28989935,0.27737394
19813,0.64320266,0.62060285
19814,0.15087736,0.17666273
19815,0.2586453,0.20364727
19816,0.5781894,0.56063527
19817,0.77988034,0.8085794
19818,0.46752444,0.45083547
19819,0.7977854,0.8160398
19820,0.33017087,0.38544405
19821,0.38676655,0.4188149
19822,0.39633977,0.41928637
19823,0.1404475,0.19541228
19824,0.78747684,0.7709183
19825,0.7998799,0.852297
19826,0.501439,0.4819005
19827,0.44844493,0.45496088
19828,0.64442503,0.5622949
19829,0.62306154,0.67678154
19830,0.558384,0.5643169
19831,0.5772086,0.55783445
19832,0.8654796,0.8948197
19833,0.28051803,0.2551455
19834,0.29004905,0.38900566
19835,0.8651762,0.8969253
19836,0.4827376,0.4597664
19837,0.14940704,0.16168396
19838,0.7194416,0.74510974
19839,0.7556571,0.69511
19840,0.66976273,0.7076016
19841,0.5610477,0.5956098
19842,0.7544188,0.76715046
19843,0.19003446,0.21338575
19844,0.09015996,0.11941783
19845,0.83826536,0.8371053
19846,0.7177275,0.722953
19847,0.5098448,0.49262065
19848,0.63944095,0.63141406
19849,0.35470152,0.34963328
19850,0.853052,0.8331928
19851,0.24204473,0.2444291
19852,0.46586615,0.47022134
19853,0.8712077,0.883866
19854,0.042454388,0.028118841
19855,0.66045725,0.6842125
19856,0.14831685,0.22088343
19857,0.8042074,0.79057026
19858,0.18745932,0.3498563
19859,0.5166497,0.4748535
19860,0.914735,0.9098215
19861,0.20893171,0.16593924
19862,0.32520303,0.31450957
19863,0.7406102,0.7405341
19864,0.5540379,0.5334619
19865,0.2903427,0.26539898
19866,0.96439254,0.9715029
19867,0.16370909,0.13716505
19868,0.5235676,0.56791085
19869,0.98932683,0.97750556
19870,0.5649613,0.50767183
19871,0.062047638,0.14193587
19872,0.795196,0.79771453
19873,0.50657934,0.45686156
19874,0.91119987,0.9705782
19875,0.13905415,0.1206841
19876,0.76830065,0.7970253
19877,0.19956712,0.18475679
19878,0.88926256,0.9051957
19879,0.5011017,0.507406
19880,0.9514054,0.94950354
19881,0.2730565,0.23319983
19882,0.10224464,0.11810842
19883,0.9237381,0.95710766
19884,0.8496227,0.81400514
19885,0.20825465,0.19807209
19886,0.8205601,0.83002365
19887,0.57928336,0.55250347
19888,0.24455999,0.31301546
19889,0.19781765,0.23517887
19890,0.9278686,0.93195236
19891,0.9209155,0.95642465
19892,0.95234066,0.95902765
19893,0.33785924,0.37850544
19894,0.53892136,0.53130186
19895,0.6484179,0.60510445
19896,0.4942788,0.51166505
19897,0.2641918,0.3398564
19898,0.76281434,0.6775943
19899,0.08548717,0.08707352
19900,0.8407351,0.81450856
19901,0.65670455,0.64290315
19902,0.19304925,0.21289141
19903,0.13644958,0.15697235
19904,0.5508665,0.5739836
19905,0.9885887,0.9742263
19906,0.48443022,0.47673994
19907,0.6012079,0.5754975
19908,0.753128,0.67089707
19909,0.1639944,0.14335124
19910,0.17258516,0.11357735
19911,0.87460077,0.8389206
19912,0.75385803,0.73543084
19913,0.16690083,0.17905504
19914,0.7126474,0.68635654
19915,0.52521855,0.5512116
19916,0.36686698,0.36065206
19917,0.19802581,0.16939017
19918,0.9799264,0.9531018
19919,0.65042394,0.63938177
19920,0.9723539,0.9755434
19921,0.093581565,0.13118261
19922,0.7907583,0.7253611
19923,0.5063654,0.51068544
19924,0.6214478,0.613019
19925,0.53700894,0.4867967
19926,0.5502221,0.5209627
19927,0.41689387,0.41139236
19928,0.6590606,0.6395817
19929,0.78348285,0.6917234
19930,0.81948954,0.8184383
19931,0.6982733,0.69639456
19932,0.6604831,0.664312
19933,0.36315757,0.35968703
19934,0.56874204,0.50883883
19935,0.37625435,0.3391013
19936,0.17877187,0.19815329
19937,0.29214317,0.2814687
19938,0.5280997,0.33915168
19939,0.51135296,0.40478233
19940,0.7608069,0.79057485
19941,0.3444335,0.32833847
19942,0.7480966,0.7256185
19943,0.35763687,0.3242403
19944,0.4673721,0.47555345
19945,0.28749952,0.29122886
19946,0.20919435,0.18456875
19947,0.55057716,0.49533314
19948,0.21477714,0.18836065
19949,0.55161035,0.5843237
19950,0.8390311,0.83129406
19951,0.15656596,0.17115933
19952,0.7161768,0.7402994
19953,0.18714634,0.22526354
19954,0.6256861,0.57084405
19955,0.5788003,0.51667386
19956,0.68994033,0.6078987
19957,0.46443966,0.5061447
19958,0.87876,0.89093286
19959,0.82498753,0.7757611
19960,0.56255645,0.5408468
19961,0.19383305,0.22371711
19962,0.65296555,0.6337592
19963,0.29600754,0.3114612
19964,0.53204536,0.5075405
19965,0.44100997,0.46788466
19966,0.38036084,0.38442498
19967,0.5913319,0.5864113
19968,0.1456209,0.17003113
19969,0.17646404,0.22871207
19970,0.9480221,0.94344485
19971,0.67888665,0.658727
19972,0.59772205,0.60695857
19973,0.37075275,0.38483694
19974,0.033664815,0.079135105
19975,0.9258718,0.93798584
19976,0.63585454,0.5582
19977,0.43487287,0.43673366
19978,0.85804087,0.8931013
19979,0.17672108,0.3427605
19980,0.6401842,0.6693146
19981,0.19708888,0.1783308
19982,0.559009,0.52513224
